:020000041004E6
:1000000000600020497E0410317D041011040410AA
:10001000AA5555AA45554C420000000000000000BA
:100020000000000000000000000000003167041024
:100030000000000000000000E16604102D650410BF
:100040004D440410357D0410000000000000000045
:100050002D360410397D04100D100410517D04104C
:100060000000000000000000000000000000000090
:1000700000000000557D0410597D04105D7D0410C2
:10008000000000003D7D0410417D0410457D0410FA
:10009000497D04104D7D0410657D0410617D0410C0
:1000A0000000000000000000000000000000000050
:1000B0000000000000000000000000000000000040
:1000C000EFF31482EFF309811C4880F31488BFF327
:1000D0006F8FF0B543464C4655465E466746F8B4CA
:1000E000174CEFF30883236006B4164C2068164CB7
:1000F0002060164C2068164C2060164C2068164C68
:100100002060164C276800202060BFF34F8F30BF5F
:1001100027600B4C246884F3088882B003BCF8BCC9
:100120009846A146AA46B346BC46F0BC04BC80F340
:10013000098881F31488BFF36F8F10470000000017
:100140000800002004ED00E06C23002024ED00E016
:100150006823002000E200E0642300200800204023
:10016000002934D00123002210B488422CD301246A
:100170002407A14204D2814202D209011B01F8E7FF
:10018000E400A14204D2814202D249005B00F8E7B8
:10019000884201D3401A1A434C08A04202D3001BE4
:1001A0005C0822438C08A04202D3001B9C08224317
:1001B000CC08A04202D3001BDC082243002803D055
:1001C0001B0901D00909E3E7100010BC704701B515
:1001D000002000F00BF802BD0029F8D003B5FFF7AE
:1001E000C1FF0EBC4243891A1847C0467047C0463B
:1001F000844608006146FFE71FB508F07AFC002836
:1002000001D40021C8421FBD10B508F00FFC4042C8
:10021000013010BD10B508F06CFC002801DB002097
:1002200010BD012010BDC04610B508F062FC0028CA
:1002300001DD002010BD012010BDC04610B508F042
:100240001AFC002801DC002010BD012010BDC046B2
:1002500010B508F010FC002801DA002010BD0120C4
:1002600010BDC046002B11D1002A0FD1002900D1AA
:10027000002802D00021C943080007B4024802A1A7
:100280004018029003BDC04665FFFFFF03B46846F7
:1002900001B5029808F0ECF8019B9E4602B00CBC38
:1002A0007047C04602B4714649084900095C4900DC
:1002B0008E4402BC7047C04603B4714649084000F2
:1002C0004900095A49008E4403BC7047D0400B00D6
:1002D000D1409C46203AD340184352426346934053
:1002E000184370479140030090409C46203A934049
:1002F000194352426346D340194370478446100065
:1003000062468C461900634600E0C0461FB50AF0FD
:100310002DFB002801D40021C8421FBD10B50AF0F2
:100320007FFA4042013010BD10B50AF01FFB0028D3
:1003300001DB002010BD012010BDC04610B50AF041
:1003400015FB002801DD002010BD012010BDC046B6
:1003500010B50AF0A7FA002801DC002010BD01202A
:1003600010BDC04610B50AF09DFA002801DA002041
:1003700010BD012010BDC0461C2101231B04984262
:1003800001D3000C10391B0A984201D3000A083926
:100390001B09984201D30009043902A2105C4018DD
:1003A0007047C04604030202010101010000000081
:1003B0000000000010B5002903D1FFF7DDFF203059
:1003C00002E00800FFF7D8FF10BDC0460023C25C62
:1003D0000133002AFBD1581E7047000003B4714658
:1003E000490840004900095E49008E4403BC70473B
:1003F00010B503F0F3FC054803F01AFE00F00EF808
:1004000000F016F805F042FCFEE7C046FC1D0610A1
:10041000802010B5C00106F0FDFFFEE710B500F02A
:1004200099F802F07DFB01F0DDFE00F089FF10BDC0
:1004300010B51B4B84B002931A4B80220193022308
:100440001949009352000023184805F0A9FA012425
:10045000C022174B17490293174B00940193520087
:100460000023164805F09CFA8022154B154902938B
:10047000154B0094019352000023144805F090FAA4
:10048000134BC0220293134B1349019303235200D1
:1004900000931248002305F083FA04B010BDC04653
:1004A00040180020401400202C1E0610110A0410D1
:1004B000DC130020301E0610DC0D0020252B04105C
:1004C000780D0020381E06107809002089240410B9
:1004D0001409002014030020401E061029170410E0
:1004E00070B5040001E005F0F9FF00F02DFC1828BC
:1004F000F9D900F071FD7D2003F0ECF901E005F081
:10050000EDFF012003F016FA0128F8D1260000F0D3
:100510006FFD1C360E4D01E005F0E0FF00F014FC0D
:100520000028F9D000F058FD2800216803F0EAF90E
:1005300001E005F0D3FF012003F0FCF90128F8D118
:10054000043400F055FD0435B442E7D170BDC04617
:1005500000E8071030B5224C0025220083B02300AC
:10056000202150320820009504F074F8AA22AC2112
:10057000043C5200A552563AFF3A490062500C31F1
:10058000625020600C3117486550043160500431CE
:10059000625010316250144C2378002B0ED1237816
:1005A000002B0BD01148FFF79BFF114803F0F6FC1E
:1005B0002078C0B203F0EAFC03B030BD62680D4B96
:1005C0009A42EFD8A0680021FFF742FE0028E9D048
:1005D000A0680949FFF728FE0028E9D1E2E7C046F4
:1005E000A8180020000080BF00E80710003A06109D
:1005F000441E06103F420F000000C842022310B5FF
:1006000088B00093094B01AA13CB13C213CB13C2BA
:100610001B68694613600122054B5242186800238B
:1006200004F07EF8002008B010BDC046003A061065
:10063000A4180020014B98687047C04600E80710D6
:1006400070B500218AB0051C0190FFF701FE00285B
:100650002BD01749281CFFF7E7FD002825D0154CA3
:10066000281CA168FFF7D0FD002802D000200AB0A6
:1006700070BD0223029303AB45CC45C345CC45C3B3
:10068000226802A91A6001220B4B5242186800230B
:10069000CD6004F045F800F047FB0028E6D10422C5
:1006A00001A9043000F0AEFBE0E701204042DEE7A4
:1006B0000000C84200E80710A4180020014B586849
:1006C0007047C04600E8071070B5124B050088B0AF
:1006D00098421CD8104C6368834215D000F042FB4E
:1006E000002814D10223009301AB45CC45C345CC6F
:1006F00045C3226869461A600122084B52421868B5
:100700000023029504F00CF8002008B070BD012011
:100710004042FAE73F420F0000E80710A41800200B
:10072000014B1878C0B2704700E8071070B50F4B46
:1007300004001A7888B0824214D00222009201AAE2
:1007400061CB61C261CB61C21B6869461360012243
:10075000074B5242186800230C7103F0E1FF2000A0
:1007600003F014FC002008B070BDC04600E807107C
:10077000A4180020004870470CE8071030B50100AD
:1007800089B0002815D0022300930B4B01AA31CB6E
:1007900031C231CB31C21B6804A8136010220AF0A9
:1007A000FFF90122054B694618685242002303F005
:1007B000B7FF09B030BDC04600E80710A4180020FC
:1007C00010B5034803F0EAFB03F004FE10BDC04679
:1007D000741E0610B223012270B5AA25504C5B008E
:1007E0005242E2506D00635DDA071CD402221A42C5
:1007F00008D05621FF31615C0A423CD05622FF32BC
:10080000A35470BD082210211A40194212D0002AA8
:100810004AD15B0741D5FA220321C820520001F0DA
:10082000F3FC635DEAE700220121002001F0ECFC0B
:10083000635DE3E75623FF33E35C1940002A22D0CF
:10084000002947D005F092FAB8235B00E358C01A9C
:10085000FA235B0098425DD8324B9968BA235B005B
:10086000E058FFF7E1FC00283CD1C8220421C82051
:1008700001F0CAFC3BE0FE220221C820920501F0F3
:10088000DDFC635DBAE7002200291DD0FA200021BB
:10089000000101F0B9FC635DB0E70321C820224AE2
:1008A00001F0CCFC635DA9E71E4B9968BA235B009D
:1008B000E058FFF7B9FCC822002825D00821C8203D
:1008C00001F0A2FC635D99E70021C82001F09CFCC7
:1008D000635D93E703F00CFD124B9968FFF7A4FCEE
:1008E0000028C2D0C8220821C82001F08DFC2000B9
:1008F000B2230E4A69305B00FF30E25005F056FB30
:10090000AA235B00E35C79E70421C82001F07CFCAA
:10091000635D73E764220121002001F0ABFCE6E790
:10092000A418002000E80710CDCC4C3EC8AF000052
:1009300070B5AA240A4D64002B5DDB060BD509486F
:1009400003F02CFB03F032FD04222B5D13432B55E7
:10095000FFF740FF70BD044803F020FBFAE7C046F4
:10096000A41800208C1E0610A41E061070B580204E
:1009700006F048FD244C012814D0C2235B00E35C40
:10098000002B0ED17933FF33E358013304D0AA256D
:100990006D00635D9B0723D5BC2301225B0052429F
:1009A000E25070BDAA2502266D00635D1E420DD087
:1009B000C42301225B0052420020E25000F0F8FD07
:1009C000635DB3436355FFF705FFEAE72000BC23EF
:1009D00096227D305B00FF30E25005F0E7FAE0E759
:1009E000012000F0E5FD0222635D13436355FFF72C
:1009F000F1FE2000C423054A8D305B00FF30E25039
:100A000005F0D4FAC8E7C046A4180020B80B0000CF
:100A1000F0B5DE46574645464E46E0B5AC2791B0A8
:100A200004229F49042000F0EDF9012003F000FDAD
:100A300008AB98469B4B9C4C04939C4B7F000593C2
:100A40009B4B01939B4B02939B4B03939B4B0093BC
:100A5000C4235B0099464B46B226BC25E15876007C
:100A60006D0045E0E359013309D0210020005931E0
:100A70005D30FF31FF3005F0B9FA00287CD1A35971
:100A8000013309D02100200065316930FF31FF308A
:100A900005F0ACFA002866D16359013324D0BE2397
:100AA0005B0021009A467931A2445046FF3105F09F
:100AB0009DFA002818D001235B4263518633FF332F
:100AC0009B46E35C002B5AD100F08CFD502278232A
:100AD0000721002001F0CEFB1E235046635105F094
:100AE00065FA01235A46A3544B46E1584B1C4FD19B
:100AF000A259E359934200D9130062599A4200D98E
:100B00001A008A4200D90A004146206804F052F8CF
:100B10000128A7D143461B78012B5BD0022B52D072
:100B2000002B9FD143461B799A46002B72D0012B94
:100B300098D103F073FC8346002800D19CE0049810
:100B400003F02CFA524606ABDA71D91D01220120BE
:100B500000F058F9AA2208215200A35C0B43A354C9
:100B6000FFF738FE7EE7012300225B4200210020D0
:100B7000A35101F049FB8FE703F044FA7FE700231C
:100B80005A46A35403F03EFA4B46E1584B1CAFD0F3
:100B90002100200089318D30FF31FF3005F026FA29
:100BA000002800D157E701234A465B420020A350AA
:100BB00000F0FEFCAA2202215200A35C8B43A35446
:100BC000FFF708FE44E709A8FFF78AFC009803F046
:100BD000E5F947E743461B79012B2CD0022B1CD0AB
:100BE000002B00D03EE7019803F0D8F98020C00127
:100BF00006F010FC2000324B5D30FF30E35105F071
:100C0000D5F9AA2201215200A35C0B43A354FFF79C
:100C1000E1FD27E7FFF7AAFE24E7039803F0BEF9FA
:100C200003F0ACFBAA2214215200A35C8B43A35413
:100C3000FFF7D0FD16E7029803F0B0F9C4230122B4
:100C40005B005242E25005F091F8B8235B00E0509F
:100C500003F000FB082804D003F04AFBBA235B0032
:100C6000E050AA2202215200A35C8B4310210B43C7
:100C7000A354FFF7AFFDF5E6059803F08FF95A4648
:100C800006ABDA71D91D0122012000F0BBF8AA22BF
:100C900008215200A35C8B43A354FFF79BFDE1E6C0
:100CA00008E80710241F0610A41800203C1F061097
:100CB000D01E0610081F0610EC1E0610541F06104A
:100CC000B80B0000F0B50B4B05001E680C0089B096
:100CD000002E0CD06F4620220021684609F02EFF1E
:100CE00000232200694630003D7103F0B9FE09B0CF
:100CF000F0BDC046A418002030B589B00500202200
:100D00000021684609F01AFF6C4601230122237076
:100D1000044B6946186852420023257103F000FD18
:100D200009B030BDA418002010B505F0BDF90028A9
:100D300006D0044B1B68181A43425841C0B210BD7C
:100D40000020FCE7381A0020BC22054B10B59C5847
:100D500010F044FA0100200010F03AFA10BDC0462D
:100D6000381A0020012300B587B0049300230293B2
:100D700010330193093B03900093012200230121CA
:100D800001200CF0E5FB03000020002B01D107B08F
:100D900000BD044A9B009958034803F0FFF8012066
:100DA0004042F4E7983A0610701F0610012130B552
:100DB000114D83B004004942286E04F061F86A4680
:100DC00000232100D01DD3710CF0A0FB00280AD114
:100DD0006B46DC79002300220021286E03F0A0FC82
:100DE000200003B030BD0124044B8000C1580448EA
:100DF00003F0D4F86442EDE7381A0020983A061060
:100E0000941F0610F0B54746CE4680B504000F008B
:100E100015008DB0042800D976E03D4A8300D358F0
:100E20003C4E9F46CC23F35A99463B4B994500D103
:100E30006AE000239846002D20D00121306E4942FF
:100E400004F01EF8C423F15A043BF05AEBB20293AB
:100E500043460193ABB2039700934A4601230CF03B
:100E600046FCBA27F055012C28D0A84600281BD1F3
:100E7000002300220021306E03F052FC40460DB0EA
:100E8000C0BCB946B046F0BDCE23F35A9946CCE774
:100E9000C623F35A9946C8E7C823F35A9946C4E7CC
:100EA000CA23F35A9946C0E71C4B8000C1581C481E
:100EB00003F074F801235B429846D9E7FFF75AFC28
:100EC0001021814609F080FE04AB984604001B22E5
:100ED000002105A809F032FE124B049303F09EFA9C
:100EE000434642461871631C537117200923494633
:100EF000937168442200073409F0B1FE4146E0B224
:100F000010F0CAF8F05DB0E701235B429846B5E700
:100F10001C3A0610381A0020FFFF0000983A06100D
:100F2000BC1F0610042DFFFFF0B510218DB0060088
:100F300009F04AFE0121244D04004942286E03F0C5
:100F40009FFFB623EA5A023BE95AE3B20293002319
:100F5000A4B201930396009400200CF0C8FBFFF7A5
:100F600009FC1021070009F02FFE1B2204000021BC
:100F700005A809F0E3FD154B04AE049303F04EFA07
:100F8000631C3071172073710923220039006844F3
:100F90000734B37109F063FE3100E0B210F07CF861
:100FA000002300220021286E03F0BAFBBA23EB5C79
:100FB000002B01D10DB0F0BD054A9B0099580548A2
:100FC00002F0ECFFF6E7C046381A0020042DFFFFC0
:100FD000983A0610E01F0610044B10B5186E002852
:100FE00003D00121494203F04BFF10BD381A002005
:100FF000054B10B5186E002804D0002300220021F4
:1010000003F08EFB10BDC046381A002010B5002436
:1010100082B0019410F0E8FE6B466946DC70084B24
:1010200001AA58680331002303F01AFD019B002B2D
:1010300003D08022034B52051A6002B010BDC04697
:10104000381A002004ED00E0F0B5C64600B592B0B5
:10105000FFF790FB1021050009F0B6FD8023504AF0
:101060005B05995C08AA11704E490600595C002086
:1010700051704D49595C91704C49595CD170FF21B8
:10108000C900595C11714A495B5C062153710CF02F
:1010900043FB041E04D0200012B080BCB846F0BD53
:1010A000072101200CF034FB041EF4D141480FF05D
:1010B000D3FF041EEFD1FF200FF0F6FD041EEAD18E
:1010C0000CF007FB041EE6D13B4F10223B1D0193A1
:1010D000BB1C009302213B0001200CF021FA041EEE
:1010E000D9D1B4235B429846B8447A884346B427A2
:1010F000D95BF3B2B6B202930190002300200395AE
:1011000000960CF0F4FA1E23E1226B44D2001A8000
:101110004146B822895A4246D05B009300220223FE
:101120000CF0DBFA041EB6D100200CF05BFA041EB2
:10113000B1D1FFF7C3FA012304930F330193093BA5
:1011400003900294009301220023012101200CF05E
:10115000FFF9041E9FD1FFF70DFB1021070009F0D6
:1011600033FD1B22050000210BA809F0E7FC134BFF
:101170000AAE0A9303F052F96B1C30712F20737181
:1011800009232A0039006844B37109F068FDE81D9D
:101190003100C0B20FF080FFBA234246D0547AE744
:1011A000F4070000F5070000F6070000F70700004D
:1011B000F907000010250020EC1A0020042DFFFF85
:1011C000F0B54E4645465746DE46E0B55A4B9FB011
:1011D00006A918000A0070C870C200680AAC106046
:1011E0001A0020001032E0CAE0C0126802601A0043
:1011F0000EA82032E0CAE0C0126802601A0012A8ED
:101200003032E0CAE0C0126802601A0016A840320C
:10121000E0CAE0C01268503302601AAA904661CB5F
:1012200061C21B6802201360444B0122994600935F
:101230000C230CF02DFA002806D01FB0F0BCBB46E2
:10124000B246A946A046F0BDC4235B424B449B4630
:10125000C4239A465B4652469B5A38219C464B46CD
:10126000023305931023C33A049008301E00039301
:10127000029201910090220060460F3B36390CF03B
:10128000E8F90028D9D15C465546645B0221A446A2
:101290004C46231D0593330007240233049002902B
:1012A0000093604603960194113B0EAA0CF0D1F90D
:1012B0000028C2D157465D46ED5B4F46BB1D01225B
:1012C00038210593330004900830170002920191F1
:1012D0000090039628000F3B12AA36390CF0B9F99A
:1012E0000028AAD15946554604234D5B494602932E
:1012F0000831023B059104900093022128000396D7
:101300000194023316AA0CF0A4F9002895D15B468B
:1013100051465C5A4B460A3305933F230193353BB4
:10132000049000934246200003960297063BC23980
:101330000CF08FF981E7C046241D0610FC1A00202E
:1013400030B5284C0023220083B025005032012103
:1013500000930820230003F07DF92100083D686018
:101360005C31012003F03AFB28661F480CF01AFAA2
:10137000BA242855002810D1FFF766FEBA251B4C69
:101380006055002814D1FFF71BFFBA2560550028CF
:101390001DD1174802F002FE08E0164B8000C1582C
:1013A000154802F0FBFD2B5D002BE5D003B030BDEE
:1013B000104B8000C158114802F0F0FD635D002B16
:1013C000F4D1FFF7FDFEBA2560550028E1D0094BA6
:1013D0008000C1580A4802F0E1FD635D002BD8D0BF
:1013E000E4E7C046401A0020983E0610381A002054
:1013F0003C200610983A0610042006101C20061007
:101400005C200610F0B5C64600B5ACB06B4602A92C
:10141000D81D0CF07BF81E4B04009846BA234246B8
:10142000D05400280CD01B4BA400E1581A4802F0FD
:10143000B5FD0020FFF760FC2CB080BCB846F0BDC5
:101440006B46DF7902AD17AE002F0CD02B7801343C
:101450003370701C691C0622E4B209F000FC0735E9
:101460000736BC42F2D10CF04DF8BA254346041EB3
:101470005855D8D16B46D8790028DDD0012217A95C
:1014800002F082FB4346041E5855D5D0CBE7C04638
:10149000381A0020983A06107C200610F0B5C6468F
:1014A000C226402200B53C4C88B0A35D05009343A2
:1014B000A3555BB2002B52DB0CF09CF8BA23E0542E
:1014C00000280ED046280CD0344B8000C158344838
:1014D00002F064FD0020FFF70FFC08B080BCB846A6
:1014E000F0BDFFF747F91021804609F06DFB0600BB
:1014F0006F461B22002101A809F020FB294B009315
:1015000002F08CFF731C7B71092332004146387155
:101510000736F81DBB7109F0A2FBF0B269460FF067
:10152000BBFDBA26A0550028CED1002D25D08021A4
:101530000130002302228900FF300CF065F8A0552D
:101540000028C1D1C2224021A35C17480B43A354F9
:1015500002F024FDBA23E05C0028BED0B4E7C0232B
:101560001321E05A0CF05EF8BA23E054002DB4D0F9
:101570004022A35D1343A355AFE7B421F02003231A
:101580000222C90080000CF03FF8A05500289BD132
:10159000064802F003FDDDE7381A0020983A0610ED
:1015A000DC200610042DFFFFA0200610C42006102A
:1015B000012170B50A4D04004942286E03F060FC19
:1015C000C223EB5C5B06DB0FA34202D02000FFF7D7
:1015D00065FF286E00230022002103F0A1F870BDF2
:1015E000381A0020012170B5134C4942206E03F0D7
:1015F00047FC0BF083FFBA23E054002813D10F48B7
:1016000002F0CCFCFFF7FEFEC223E05C00254006A2
:10161000C00FFFF743FF002300220021206E03F0DC
:101620007FF8280070BD0125054B8000C158054892
:1016300002F0B4FC6D42EEE7381A00202C210610AF
:10164000983A06100021061030B5C2250223334C0B
:1016500085B0605D03420DD10423034218D10123FC
:1016600003421ED10823034227D1202303423CD149
:1016700005B030BD98436055BE33E05A0BF0CEFF45
:10168000BA23E05400283ED1605D04230342E6D033
:10169000C22598436055FFF7B5FE0123605D034204
:1016A000E0D00200C22540069A43C00F6255FFF702
:1016B000F5FE0823605D0342D7D0C22598436055EC
:1016C00002F016FECC230390E15A083BE05A03AB2C
:1016D0000022009304230CF000F8C023E05A0BF022
:1016E000F2FF2023605D0342C2D0C22598436055BB
:1016F000A033E05A0BF0FEFE0028B9D14022635D12
:1017000013436355B4E7064B8000C158054802F007
:1017100045FC0020FFF7F0FA605DB6E7381A0020BC
:10172000983A06105021061030B583B004F0BCFC86
:10173000BA23214C2060E35C002B38D10121206EBC
:10174000494203F09DFBFFF75DFE0020FFF7A6FE78
:10175000002300220021206E02F0E2FF6B46DD1D17
:1017600005E0002300220021206E02F0D9FF0122B3
:1017700029005242606803F01DFA0121206E49429F
:1017800003F07EFB2B78002BEBD18020C00105F00D
:1017900041FE03E00BF0C4FFFFF756FF1FF03AFBDA
:1017A0000028F7D08020C00105F038FED9E70020DE
:1017B000FFF7A2FAC2E7C046381A002070B506004B
:1017C0000D0014000D4802F0E9FB31000C4802F056
:1017D000E5FB29000B4802F0E1FB21000A4802F07A
:1017E000DDFBC2217F23094A505C034001200343F3
:1017F00002205354FFF780FA70BDC04678210610CE
:101800009C210610AC210610C8210610381A0020B1
:10181000F0B5DE4657464E464546E0B50D0087B06A
:101820001F0010AB10CB05901B8837489B4612ABAE
:101830001B8816009A4613AB1B88994614AB1B787D
:10184000984602F0ABFB0599304802F0A7FB29004F
:101850002F4802F0A3FB002E4CD12E492E4802F057
:101860009DFB002F4CD12D492D4802F097FB267887
:10187000E37822796179029666782A480196A478FD
:10188000009402F08BFB584607F062FC08F016FF4C
:101890000022254B08F0E8F908F0DEFE234B01009A
:1018A000180002F07BFB5146214802F077FB4B46C3
:1018B000990049441F48490002F070FB4346072B3A
:1018C00020D81D4A9B0099581C4802F067FBC02293
:1018D000C2211B4B9D52585C3F3AFF3A0243012004
:1018E0005A54FFF709FA07B0F0BCBB46B246A94606
:1018F000A046F0BD1349084802F050FB002FB2D0BB
:101900001149B1E71149DFE7182206109C210610A2
:10191000AC210610D82106103C220610E821061042
:1019200048220610602206100000F43F80220610B4
:1019300098220610B0220610783A0610D02206101F
:10194000381A0020E021061000220610281E06107A
:10195000F0B5DE4657464E4645468846E0B589B066
:101960001F0015AB1B8805909B4616AB1B884C4887
:10197000079317AB1B880692994618AB1B78129EEB
:101980009A46139D149C02F009FB0599454802F004
:1019900005FB4146444802F001FB069B002B67D142
:1019A0004249434802F0FAFA002F67D0012F6FD066
:1019B000022F69D0032F6FD03778F378327971799D
:1019C000029777783B480197B678009602F0E6FADE
:1019D0002E78EB782A79697902966E7836480196E6
:1019E000AD78009502F0DAFA2578E378227961790A
:1019F0000295657831480195A478009402F0CEFAFA
:101A0000584607F0A5FB08F059FE00222C4B08F0C1
:101A10002BF908F021FE2B4B0100180002F0BEFA52
:101A20000799294802F0BAFA4B46990049442748D9
:101A3000490002F0B3FA5346072B23D8244A9B00EF
:101A40009958244802F0AAFA4146C022224B9952E2
:101A5000C2213F3A585CFF3A024301205A54FFF733
:101A60004BF909B0F0BCBB46B246A946A046F0BD52
:101A70001A490F4802F092FA002F97D1184802F045
:101A80008DFA99E71749DCE7174802F087FA93E7E0
:101A9000164802F083FA8FE7154802F07FFA8BE7C9
:101AA000EC2206109C210610AC210610D82106104D
:101AB0003C22061060220610D82306100C240610C3
:101AC0000000F43F8022061098220610B022061073
:101AD000783A0610D0220610381A0020E0210610AD
:101AE00018230610281E0610702306104423061023
:101AF000A023061070B505001C480E00140002F06B
:101B00004DFA29001A4802F049FA052E0BD9194955
:101B1000194802F043FAC223184AD35C40218B4390
:101B20008231535470BD164BB200D158124802F0A6
:101B300035FA022E0FD1013CE4B20B2C09D8114B1F
:101B4000A400E158104802F029FAC2230B4AD35CE2
:101B5000E4E70849F6E7C223084AD35C002EDDD14A
:101B60005906DBD504210B43D8E7C04640240610B4
:101B7000AC210610281E061064240610381A002016
:101B8000603A0610303A061074240610F8B50700C3
:101B90000C0016001D00214802F000FA3900204810
:101BA00002F0FCF921001F4802F0F8F931001E484C
:101BB00002F0F4F929001D4802F0F0F90D2C0AD8C2
:101BC0000123A3401A4A134204D1072C03D10698DB
:101BD000FEF7D4FDF8BDC623164AD35A01339C4202
:101BE00015D0CA23D35A01339C4209D0CE23D35AED
:101BF00001339C42EED1069B1868FEF721FDE9E710
:101C0000069B1B78012BE5D1FEF7DAFDE2E7069B88
:101C10001B78012BDED1FEF78BFEDBE78424061058
:101C2000AC210610A8240610BC240610CC240610F3
:101C3000042A0000381A002070B506000D001400B8
:101C40000A4802F0ABF93100094802F0A7F929006F
:101C5000084802F0A3F92100074802F09FF9C221C9
:101C60000820064B5A5C02435A5470BDE424061007
:101C7000AC21061008250610BC240610381A0020D6
:101C8000BC21014B5A507047381A002010B5034848
:101C900002F084F90020FFF72FF810BD242506106C
:101CA00070B505000C00084802F078F929000748D3
:101CB00002F074F92100064802F070F9054906485F
:101CC00002F06CF970BDC046402506109C2106103C
:101CD000AC210610602506108C25061010B50248B0
:101CE00002F05CF910BDC046A825061010B50248E8
:101CF00002F054F910BDC046E025061010B50248A8
:101D000002F04CF910BDC0460826061010B5024876
:101D100002F044F9002010BD3426061010B5024828
:101D200002F03CF910BDC0464C260610F0B5C64680
:101D300000B580461C006B460F00160014481D8B32
:101D400002F02CF94146134802F028F939001248F4
:101D500002F024F9300007F0FBF908F0AFFC002294
:101D60000E4B07F081FF08F077FC0D4B01001800C7
:101D700002F014F921000B4802F010F9A9004919EA
:101D80004900094802F00AF980BCB846F0BDC046D7
:101D9000702606109C210610AC2106100000F43FAE
:101DA0008022061098220610B022061010B50248B4
:101DB00002F0F4F810BDC0469C26061010B502488B
:101DC00002F0ECF810BDC046D026061010B502484F
:101DD00002F0E4F810BDC046F826061010B502481F
:101DE00002F0DCF810BDC0461C27061010B50248F2
:101DF00002F0D4F810BDC0465027061010B50248B6
:101E000002F0CCF810BDC0467827061010B5024885
:101E100002F0C4F810BDC046A427061010B5024851
:101E200002F0BCF810BDC046CC27061010B5024821
:101E300002F0B4F810BDC046EC27061010B50248F9
:101E400002F0ACF810BDC0461028061010B50548C9
:101E500002F0A4F8C2212020034B5A5C02435A54DA
:101E600010BDC0463C280610381A002010B50248A4
:101E700002F094F810BDC0465828061010B502486C
:101E800002F08CF810BDC0467828061010B50C0082
:101E9000034802F083F82100024802F07FF810BDE9
:101EA0009C280610C828061010B5024802F076F8E3
:101EB00010BDC046DC28061010B5024802F06EF8CE
:101EC00010BDC0460429061010B5024802F066F89D
:101ED00010BDC0462429061010B5024802F05EF875
:101EE00010BDC0464829061010B5024802F056F849
:101EF00010BDC0466829061010B5024802F04EF821
:101F000010BDC0469029061010B5024802F046F8F0
:101F100010BDC046B429061010B5024802F03EF8C4
:101F200010BDC046D029061010B5024802F036F8A0
:101F300010BDC046F029061010B5024802F02EF878
:101F400010BDC046142A061010B5024802F026F84B
:101F500010BDC0463C2A061010B5024802F01EF81B
:101F600010BDC046602A061010B5024802F016F8EF
:101F700010BDC046802A061010B5024802F00EF8C7
:101F800010BDC0469C2A061010B5024802F006F8A3
:101F900010BDC046BC2A061010B5024801F0FEFF75
:101FA00010BDC046DC2A061010B5024801F0F6FF4D
:101FB00010BDC046F82A061010B5024801F0EEFF29
:101FC00010BDC046282B061010B5024801F0E6FFF0
:101FD00010BDC0464C2B061010B5024801F0DEFFC4
:101FE00010BDC046742B061010B5024801F0D6FF94
:101FF00010BDC046982B061010B5024801F0CEFF68
:1020000010BDC046C02B061010B5024801F0C6FF37
:1020100010BDC046EC2B061010B5024801F0BEFF03
:1020200010BDC046182C061010B5024801F0B6FFCE
:1020300010BDC046382C061010B5024801F0AEFFA6
:1020400010BDC046602C061010B5024801F0A6FF76
:1020500010BDC046842C061010B5024801F09EFF4A
:1020600010BDC046A42C061070B5144C251D2100CF
:10207000280003F0BBFF002800D170BD0223280018
:102080002600236003F092FF9C24B423413EFF3ED0
:1020900064005B00F158305906F06AFA084D30517F
:1020A00002F0E0F83059291CFEF7D2F80028E4D0FD
:1020B0009A2300225B003551F250DEE7481C0020D5
:1020C0000000C84210B5154C2100201D03F08EFF02
:1020D000002815D0AE23413CFF3C5B00E25C002AA7
:1020E0000FD10122E254B0235B00E2580C48203BA0
:1020F000E250083BE05002F0B5F80A4803F056FF02
:1021000010BD00220020E2540833E258243BE25084
:10211000083BE05002F0A6F8EFE7C046481C00205C
:102120000000C8424C1C0020F8B5284C251D210099
:10213000280003F05BFF002800D1F8BD022328002F
:102140002600236003F032FF03F010FEAC23413E73
:10215000FF3E5B000700F05808F0B0FA1C4A1D4B28
:1021600007F082FD00221C4B07F07EFD00221B4B76
:1021700007F0F4FA040038000D0006F0E9FF08F05B
:102180009DFA02000B002000290007F06DFDAA2334
:102190005B000400F0580D0008F090FA02000B00FC
:1021A0002000290007F012F808F0CAFA09F08AFEA8
:1021B000011CFE20800506F0D3FD094906F0D8FC7D
:1021C0009C235B00F05002F04DF8B6E7481C00205D
:1021D000182D4454FB2119400000344000408F402A
:1021E0000000484210B5074C0023220082B0009343
:1021F0001C2123005032082002F02CFA043C2060FD
:1022000002B010BD0C1B0020F0B589B001AC070076
:102210000E00150000211822200008F08FFC01227A
:10222000054B210018685242002302972672079539
:1022300002F076FA09B0F0BD081B0020F0B589B0B5
:1022400001AC07000E00151C00211C22200008F024
:1022500075FC012301222370054B210018685242AE
:10226000002302972672049502F05AFA09B0F0BDD5
:10227000081B0020F0B5C64600B588B080460F00A8
:10228000160000211C2268461D006C4608F056FC12
:1022900002232370434601220193074B69461868C5
:1022A0005242002327720496059502F039FA08B0CD
:1022B00080BCB846F0BDC046081B0020F8B54746B4
:1022C000CE4680B5AC27A623634E7F00F0515B005D
:1022D000F35C0C00002B69D13933FF33F05898467A
:1022E00008F0ECF9A0225D4B120609F04BFE08F055
:1022F00027FA08F0E3F9A022594B120609F020FE54
:1023000008F01EFA4346F05003F030FD8146F059C4
:1023100008F0D4F9534A544B07F0A6FC0022534B63
:1023200007F0A2FC0022524B07F018FA04004846BE
:102330000D0006F00DFF08F0C1F902000B002000AF
:10234000290007F091FC80231B06CD1843460400AA
:102350004849F05806F088FAFE21890506F000FD8C
:1023600009F066FD08F0AAF902000B002000290020
:1023700007F0A0FE3B4A404B06F028FF08F0E0F9CA
:10238000011C041C06F06EFE002862D165006D0879
:102390003A49281C06F066FE00284FD13749281C10
:1023A000FDF742FF002849D1354C47E003F0DEFC41
:1023B0003222050000232000002106F003F8FA2253
:1023C00000239200FDF74EFF06F0C2FE9C235B0047
:1023D000F15806F0CDFB2A4906F046FA041C280005
:1023E00006F0B6FE011C201C06F0C2F808F066F9E3
:1023F0000400F0590D0008F061F91A4A1A4B07F071
:1024000033FC0022194B07F02FFC0022184B07F079
:10241000A5F902000B002000290007F025FC80230D
:10242000C0221B06C918D205134B07F043FE0D4A04
:10243000114B06F0CBFE08F083F9041CAA239A2264
:102440005B00F4500F4B5200B350C0BCB946B046CD
:10245000F8BD0024F2E7C046081B002099F9584057
:102460009999B93F182D4454FB211940000034407C
:1024700000408F4000004842FB210940FFFF7F7F62
:102480000000C84229210410F0B54546DE465746F3
:102490004E466F4BE0B59B466E4BA6269A46A02350
:1024A00089B05B0000226D4698466B4C760057E081
:1024B00068682F7A002800D190E006F049FE67494D
:1024C00006F0D2F9011C664806F0CEF9A8235B009D
:1024D000E050143B9946E35C2000FA1A511E8A41F1
:1024E000591E8B411340A355424600234530FF300F
:1024F000A35003F05BFDA35D002B0CD14B46E35CC6
:10250000BB4208D09C2300205B00E05001F0AAFEF3
:10251000380001F0E3FD9E235B00E7542B78012B8C
:1025200000D187E0022B5BD0002B1FD1A8690028C7
:1025300000D18BE006F00CFE484906F095F9011C2D
:10254000474806F091F9B4235B00E0505B469A22BD
:102550005200A350A25D002A12D198474346E25888
:102560002900206802F026FB0128A1D09A2301222D
:102570005B00E3585242002BF2D0A25D002AECD05F
:102580002700210045374131FF373800FF3103F084
:102590002DFD0028E2D0424602233800A3509C279C
:1025A00003F004FDA8237F005B00E158E05906F02A
:1025B000D7FBE05101F056FE0023E059191C994663
:1025C000FDF732FE0028C9D04B46E3510023A35546
:1025D0003D33FF33E05C01F081FDBFE7204875E744
:1025E000322200232869002105F0ECFEFA220023A4
:1025F0009200FDF737FEB0236F695B00E050322296
:1026000000233800002105F0DDFEFA2200239200AD
:10261000FDF728FEB2235B00E0504346E050200067
:102620004530FF3003F0C2FCAE2300225B00E254D1
:1026300053468CE76968E868FFF740FE9A23012259
:102640005B00E3585242002B97D189E704487AE7B0
:1026500069200410C5200410081B0020000020423F
:102660000000C84210B5034A0349044801F0E0FCE9
:10267000002010BD103306101C3306102433061042
:10268000F8B5094C094E2700094D903721683000F4
:1026900001F0CEFCA16828000C3401F0C9FCBC425A
:1026A000F4D10020F8BDC046303F0610303306108C
:1026B0003420061010B501282DD0022826D14C68F0
:1026C0001A48210008F042FA002816D021001848C4
:1026D00008F03CFA002810D02100164808F036FA1D
:1026E000002805D02100144808F030FA002818D13D
:1026F0000020FEF71BF8114903E00120FEF716F851
:102700000F49104801F094FC002010BD0E4801F064
:102710008FFC0120F9E7FEF703F80028F0D1074904
:10272000EFE70A4801F084FC0120EEE7543306107D
:10273000203306105C33061064330610483306104D
:1027400040330610C0330610983306106833061065
:1027500030B587B004000D001122002101A808F057
:10276000EDF9012C1FD0022C18D16C682000FDF768
:102770002DFE01380F281ED81022210001A808F0D4
:102780000FFA2000FDF7FAFF6868FEF7CDFB0D4851
:1027900001A901F04DFC002007B030BD0A4801F04E
:1027A00047FC0120F8E7FDF7E5FF1022010001A832
:1027B00008F0F6F9EBE71021044801F039FC01209C
:1027C000EAE7C0461434061098330610D0330610DA
:1027D00000B583B001281AD0022812D1124B4868E4
:1027E00001AA190008F026F9002815D00198FDF774
:1027F0006BFF002814DB01990C4801F019FC002044
:1028000003E00B4801F014FC012003B000BDFDF70C
:1028100055FF01000190EFE7064801F009FCF3E7DE
:10282000054801F005FCEFE7283406107034061067
:10283000983306102C3406105034061070B501F091
:1028400057FD07F03BFF0E4A0E4B06F0BFFC07F0AA
:1028500077FF051C06F01AFC040006F079FC011C49
:10286000281C06F07DFA084906F082F905F0CCFD37
:10287000064B02002100180001F0DAFB002070BDB9
:102880009A9999999999A93F000020417C340610A2
:1028900030B50C0083B0012858D0022851D14D68C2
:1028A0002E21280008F09BF9002805D04378002B42
:1028B00002D000238370656800236A460093019369
:1028C0002800274901AB08F0B5F80138012833D8B2
:1028D000019806F03DFC234905F0C6FF041C009852
:1028E00006F036FC011C201C05F042FE041CFDF71E
:1028F000A7FE00282ED1201C07F0E0FE1A4A1B4B31
:1029000006F064FC07F01CFF051C06F0BFFB04008A
:1029100006F01EFC011C281C06F022FA114906F0E4
:1029200027F905F071FD124B02002100180001F09B
:102930007FFB002003B030BD0E4801F079FB012081
:10294000F8E70D4801F074FB0120F3E7FDF772FE94
:10295000041CD0E7094801F06BFB0120EAE7C04600
:1029600094340610000020419A9999999999A93FA9
:10297000F43406109C34061098330610BC3406104C
:10298000F0B5CE46474680B59BB005A8FEF70EFAD7
:10299000061E36DD1D4801F04BFB1D4BF500994628
:1029A0001C4BAD1B05AC98461B4F1C4E65190AE02D
:1029B000012B02D1404601F03BFB3000073401F00F
:1029C00037FBAC4217D0607823796279A179029005
:1029D000A0780190E0780090380001F029FB23787E
:1029E000002BE5D1484601F023FB0734300001F00D
:1029F0001FFBAC42E7D100201BB0C0BCB946B046BB
:102A0000F0BD074801F014FBF5E7C0462835061075
:102A1000643506106C350610443506106C1F061020
:102A20001435061010B5FEF7DDFD054801F000FB7A
:102A3000142003F0DDF801F0E5FA002010BDC046D7
:102A40007435061010B5FDF7D9FDFEF7CBFD05482E
:102A500001F0EEFA142003F0CBF801F0D3FA0020D5
:102A600010BDC0469035061030B5012387B001284F
:102A700002D0180007B030BDFDF752FE00283BD051
:102A80001E491F4801F0D4FAFDF718FE1D4B010046
:102A9000180001F0CDFAFDF7CDFD07F00FFE1A4A40
:102AA0001A4B06F093FB07F04BFE051C06F0EEFAFE
:102AB000040006F04DFB011C281C06F051F91449D6
:102AC00006F056F805F0A0FC124B02002100180099
:102AD00001F0AEFA1122002101A808F02FF8FDF74D
:102AE00049FE1022010001A808F05AF80A4801A97D
:102AF00001F09EFA0023BCE70849C2E74033061004
:102B0000C0330610703406109A9999999999A93F83
:102B100000002041F4340610143406104833061027
:102B20007047C046F0B54E46DE4657464546E0B5CE
:102B3000C5B034AB9946E24B370008932EAB9846AC
:102B4000E04B0393E04B0C93E04B0B93E04B0D9366
:102B5000E04B0493E04B0A93E04B0193E04B10935E
:102B6000E04B1193E04B0693E04B0793E04B0E9341
:102B7000E04B0293E04B0F93E04B1D93E04B099326
:102B8000E04B1293E04B1393E04B1493E04B1593FF
:102B9000E04B1693E04B1793E04B1893E04B1993DF
:102BA000E04B1A93E04B1B93E04B1C93E04B1E93BE
:102BB000E04B1F93E04B2093E04B2193E04B2C9391
:102BC000E04B2D93E04B2293E04B2393E04B249377
:102BD000E04B2593E04B2693E04B2793E04B289363
:102BE000E04B2993E04B2A93E04B2B9300239B4629
:102BF0004B465A4608981A7001F01AFA002300252D
:102C00009A4600260DE0DA4A934200D123E1D94AE0
:102C1000934200D125E108235E460137BB4276414D
:102C2000F6B20120404201F035FA0400002E00D136
:102C3000F1E14346DC551B68CF4A9342E3D1002DB6
:102C4000E9D00398013D01F0F3F90120404201F081
:102C500021FA3E0004002300083BDBB2132B03D80B
:102C6000019A9B00D3589F4653463F2B00D885E1DD
:102C70000120404201F00EFA0400ECE72EAB0722DF
:102C80000021581C07F05AFF01201B2342464042F6
:102C9000137001F0FFF901270400CAE7099801F059
:102CA000C7F937004B4656465A469B191A70002EF4
:102CB0009EDD4B46202148469A55309307F062FF2F
:102CC000002800D17EE15B46202103700130319065
:102CD00007F058FF002800D181E15B4620210370F6
:102CE0000130329007F04EFF002800D179E15B46B9
:102CF00004240370013033904846149907F026FFEE
:102D0000002800D166E14846159907F01FFF00280A
:102D100000D16AE14846169907F018FF002800D153
:102D200065E14846179907F011FF002800D160E1DE
:102D30004846189907F00AFF002800D15BE1484691
:102D4000199907F003FF002800D158E148461A9965
:102D500007F0FCFE002800D14FE148461B9907F020
:102D6000F5FE002800D14EE148461C9907F0EEFE22
:102D7000002800D145E148461E9907F0E7FE0028EB
:102D800000D144E148461F9907F0E0FE002800D139
:102D90003BE14846209907F0D9FE002800D138E1F0
:102DA0004946219801F044F922E75346002B00D10F
:102DB0005EE70E9F05963C00903726684946300036
:102DC00007F021FF002803D03100029801F030F90C
:102DD0000C34BC42F1D149460F98059E01F028F908
:102DE000554500D144E753461D98591B01F020F981
:102DF0003EE7069801F01CF94946079801F018F9DA
:102E000036E7002D00D133E76B1E52461C00571EDB
:102E100005934C44BB4205D229002000521B494473
:102E200007F07AFE4B465A46DB191A70109801F0EB
:102E3000FFF8119801F0FCF82100049801F0F8F86F
:102E40000A9801F0F5F80120404201F023F9BA4652
:102E50000400059DFFE6554500D3DCE60C980135DE
:102E6000F1E643461B79002B00D0D4E6554500D34C
:102E7000D1E65346681C5E1E864207D95246A91CFD
:102E8000023A521B4944484407F046FE4B465A4614
:102E90009B191A700B9801F0CBF80D9801F0C8F847
:102EA0004B460498591901F0C3F80A9801F0C0F88C
:102EB0000120404201F0EEF8B24604003E00CAE6AE
:102EC000C0350610D4350610D8350610E435061086
:102ED000F0350610F4350610F8350610CC3E061015
:102EE0000436061010360610183606102036061066
:102EF000303F0610343606103C36061054360610A5
:102F00006C1F06105C360610603606106C36061014
:102F1000743606107C360610843606108C36061081
:102F200090360610943606109C360610A43606100D
:102F3000AC360610BC360610C4360610C83606106D
:102F40006526041081260410B526041051270410AC
:102F5000D12704103D28041091280410692A041078
:102F600081290410252A0410452A0410AD320410CA
:102F70001B5B43001B5B337E1B5B4400554532D219
:102F80005A1B4B466F1C5919D81907F0C5FD012271
:102F900094462B004A46E2444B4452441C7005932D
:102FA00013005A460B981A7001F042F805990498DC
:102FB00001F03EF8129801F03BF813983D0001F043
:102FC00037F855E648461499012407F0BFFD00285C
:102FD00000D098E62C9B200030A9984708E60224F0
:102FE0008AE6032488E66F1CD1E72D9BF3E7229B3A
:102FF000F1E7239BEFE7249BEDE7269BEBE7259B7F
:10300000E9E7289BE7E7279BE5E72A9BE3E7299B7E
:10301000E1E72B9BDFE73E001DE6C04670B5037B72
:1030200004000D00002B0AD061682C4801F000F864
:10303000237B042B4ED82A4A9B00D3589F4629480D
:1030400000F0F6FFF0E7284800F0F2FF216927487A
:1030500000F0EEFFA16A264800F0EAFF002D36D00E
:10306000A06906F075F8234905F082FD041C2800CC
:1030700006F06EF8011C201C05F0F6FB051C06F09E
:1030800005F8040006F020F8011C281C05F068FE75
:10309000194905F06DFD05F0F9FF0200174B2100FD
:1030A000180000F0C5FF164800F0C2FF70BD1548BB
:1030B00000F0BEFFCAE7144800F0BAFFC6E71348A5
:1030C00000F0B6FFC2E7124800F0B2FFBEE70022F0
:1030D0000024E3E70F4800F0ABFFB7E7FC3606102B
:1030E0001C3F0610F43606103437061064370610FD
:1030F0006C3706100000C8420000204178370610E7
:10310000843706104437061014370610243706108B
:103110000437061054370610F0B5CBB008AC02F0F7
:103120002BFE0621200001AA03F09CF802AD061E2A
:103130002ED0029401281ED013AB6B60022841D020
:103140001EAAAA60032809D029AAEA60042805D08B
:1031500034AA2A61052801D03FAA6A61A169626C7C
:10316000701E914235D36968AB688C699A69944244
:1031700021D3022832D14C4800F05AFF0024019993
:1031800001CD0134FFF74AFFA642F8D84BB0F0BD9D
:1031900002996A6888699469844256D8AB689F69C5
:1031A000A74219D96B60AA60B84215D201204042EB
:1031B00069600293DDE7A96002996B608C69A242A5
:1031C000D7D9F5E7A169626C9142D4D202936C60C1
:1031D000D1E702936C60C6E701204042AB68E96822
:1031E0009C698A6994424ED30328C4D0EB6829694C
:1031F0009C698A6994422DD30428BCD02A696969E4
:1032000090698B698342B6D9E8686A6182692961ED
:10321000934202D91A002861E960A968E8688B69BD
:10322000934202D21300E960A8606968A8688A69BD
:10323000934202D91A00A9606860029B6968986984
:10324000824298D96B60029195E7012002926960F1
:10325000404288E7AC682B61A369E9609A4202D9D1
:103260001300EC60A9606968AC688A69934202D96E
:103270001A00A9606C60029B69689C69A242BBD974
:103280006B600291B8E76C68EB60A369A9609A4231
:1032900002D91300AC606960029A69689469A3421C
:1032A000A2D96A6002919FE79037061070B50E4868
:1032B00000F0BEFE0D4E0E4D0E4C300000F0B8FE7C
:1032C000FFF72AFF280000F0B3FE200000F0B0FE58
:1032D000FA20800000F0DEFE0328EED1064800F060
:1032E000A7FE002070BDC046D0370610D8370610A4
:1032F000E4370610FC3706106C1F061010B507F0F7
:1033000099FC0C2303600120404210BD30B504003D
:10331000080085B02060200011001A00184B1C30F6
:103320001C6001F0FBF8099A0899201D01F0F6F8DD
:10333000032523000022002138330095012001F0ED
:1033400089F923000022606300218C33009501205D
:1033500001F080F988230021E050606B01F090FDBE
:103360000121082004F0A8F8064B03A81A8802805F
:103370009B78837004F092FC002005B030BDC046FD
:10338000741C0020841D061030B585B008AC25786B
:103390000191072A45D011D8052A46D00121062AD5
:1033A00008D101AC21716171012B0FD0022B3AD0F1
:1033B000002B0CD00120404205B030BD0321082A6B
:1033C000F8D101AC21716171012BEFD10223E371BE
:1033D000002D01D0012DEDD1436AA5715A1E9341F4
:1033E000C2685B002372002A02D0012213432372B9
:1033F0000023002063720133A37204F0DFF8200081
:1034000004F0EAF8062004F0DDF9002004F0CEF91B
:103410000121102004F08CF9012004F0CFF80020E5
:10342000CAE70221BDE70123D1E70021B9E7C04681
:10343000F0B5C64604000E001700002000B5002AB3
:1034400002D180BCB846F0BD81200021400104F0CB
:103450006FF90021606B01F013FD8120400104F041
:103460009FF90EE0002D28D0E36A226A1878013314
:10347000E362934201D3E369E362013D256304F013
:1034800063F9202004F070F9256B0028EAD00023AE
:103490009846002D11D0200031003A001C3001F078
:1034A00047F8236B05000121002B18D18020400133
:1034B00004F03EF928004044C3E7002505E0BD4282
:1034C00011D0705D04F040F90135202004F04CF972
:1034D000A84673190028F2D01E007F1BDBE72020CE
:1034E00004F026F9E6E700271E00D4E770B50500D2
:1034F0004B1C0BD0322200230800002104F062FF95
:10350000FA2200239200FCF7ADFE0100686B01F087
:10351000B7FC0400012802D00024200070BD02F096
:10352000E9FF082004F020F9002803D0002402F06D
:10353000EDFFF2E7002300220021686B01F0F0F8B4
:10354000F5E7C046F8B504000F0016000020002A79
:1035500000D1F8BD0021103004F0EAF83200390043
:10356000201D01F011F80500864206D822E004F083
:10357000F3F878550135AE421CD9102004F0F4F868
:103580000028F4D0102004F0EFF8A369002817D128
:10359000E2689A4214D004F0DFF8236918702369B6
:1035A000A26801332361934201D363682361A36955
:1035B0000133A361102004F0D7F8A3690028E7D0F5
:1035C000002B05D01020012104F0B2F82800C0E73C
:1035D00088330021E05801F053FCF3E770B5050093
:1035E0000C004B1C0BD0322200230800002104F0F9
:1035F000E9FEFA2200239200FCF734FE040088263C
:10360000002004F0DFF82100A85901F039FC01285E
:1036100004D0062004F0D6F8A86970BD002300226B
:103620000021A85901F07CF8F3E7C0463E4B10B5E5
:103630001C68002382B02020019304F0A7F8012821
:1036400013D08020400104F0A1F8012858D01020A8
:1036500004F09CF8012831D0019B002B03D080227C
:10366000324B52051A6002B010BD314B1B8F9B06C6
:10367000E7D51F3004F094F80EE0002A14D0E36A76
:10368000216A18780133E3628B4201D3E369E36274
:10369000013A226304F058F8202004F065F8226B08
:1036A0000028EAD0002ACCD10021202004F040F8E4
:1036B00080200121400104F03BF8C2E71C4B1B8F26
:1036C000DB06C9D50F3004F06BF80EE004F044F8C7
:1036D000236918702369A26801332361934201D3DF
:1036E00063682361A3690133A361102004F03CF8EF
:1036F0000028EBD0882301A9E05801F00FFAABE7CE
:1037000080220B4B52011B8F1342A0D0100004F0FB
:1037100047F880200021400104F00AF8606B01A9FD
:1037200001F0FCF993E7C046741C002004ED00E0B2
:10373000000030400D4B70B505000C0099420CD0D4
:103740000B4B99420FD180200121400103F0B4FEC0
:10375000002300202C606B6070BD802001210001DF
:1037600003F0AAFEF4E701204042F5E70000D04054
:103770000000E04070B504001A480D00002682B039
:103780000902814208D8FCF7EBFC80235B009842D9
:1037900025D845430138C6B229001248FCF7E0FCA1
:1037A0006060684604F064F880236D465B002B80FF
:1037B0000023AB70AB8063686946013B2068EB80F7
:1037C000EE7004F00DF801222068002104F062F888
:1037D0002068012104F052F8002002B070BD1800EA
:1037E000D7E7C0460048E80170B50C1C0600002170
:1037F000201CFCF70FFD00281CD10F49201CFCF7F2
:103800001DFD002800D00C4C7568280005F0A0FCB8
:10381000211C05F0ADF906F051FF0022074B05F021
:103820009DFF04F009FE33682D1AADB282B29A8072
:103830001D8170BD0024E7E70000C8420000594028
:10384000002203681A807047002310B501600371DD
:1038500080204000012103F02FFE002010BDC04653
:1038600000B583B000230171684603700133FF3354
:103870004380FE3B4170037104F022F8012004F004
:103880009DF8012004F086F8002003B000BDC0467A
:1038900070B505000424012004F05EF8042004F053
:1038A0009BF80028FAD0013C04F0DAF9002CF2D1A0
:1038B0002879022104F098F870BDC04610B507F0D1
:1038C000CEF910BD10B507F039F910BD10B507F0ED
:1038D00015F910BD084B1A68084B9A420AD13F23CC
:1038E000074A40061381000C2E3B90611380138A17
:1038F000DB07FCD57047C04614000020CCBCECFCB4
:1039000000001040084B1A68084B9A420AD13F2326
:10391000074A800813810C3B906111641380138A5D
:10392000DB07FCD57047C04614000020CCBCECFC83
:1039300000001040034B1B8A1840431E9841C0B240
:103940007047C04600001040C02380211B061A6843
:103950000A431A601A688A431A607047C02301211B
:103960001B061A680A431A601A688A431A6070476D
:10397000C0231B0618688007C00F7047054B1B78D3
:10398000002B05D1044B1868431E9841C0B2704704
:103990000120FCE7781C0020000400C0F0B5534B68
:1039A00091B01C006A46E0CCE0C2E0CCE0C260CC42
:1039B00060C22033E0CBE0C270CB70C230CB30C2EB
:1039C000012857D002281CD0032850D16A46202352
:1039D0004C1E551E03E0013B002B00D17CE0E05C57
:1039E000EA5C861A9042F6D0414B1A78002E00DB32
:1039F00074E0022082433F481A700C1D02003E4BC7
:103A000050E06A4620234C1E551E02E0013B002B6D
:103A10005CD0E05CEA5C861A9042F7D0344B1A78AE
:103A2000002E55DA012082431A700C1D4B0759D124
:103A3000324BCB18002B55D00C684D68304B1C60B6
:103A40005D60304B8C68CD681C605D602E4B0C69EE
:103A50004D691C605D602D4B8869C96918605960AB
:103A60002B4B2FE0224B1A7804210A431A700120B5
:103A700011B0F0BD1F2520234C1E6D4402E0013B18
:103A8000002BEFD0E05CEA5C861A9042F7D0184B2E
:103A90001A78002EE8DA042082431E481A700200C9
:103AA0001D4B0C1D0D680560206850608868906093
:103AB000C868D06008691061486950618869906180
:103AC000C969D161002200201A60D1E7084B1A7839
:103AD00001210A431A70CAE7054B1A7802210A43EA
:103AE0001A70C4E706480A4B0200DBE7881D06107F
:103AF000781C0020B40400C0D40400C074FBFF3F55
:103B0000900400C0980400C0A00400C0A80400C035
:103B1000B00400C06C0400C08C0400C0431E10B58B
:103B2000022B1DD8C200164B12189200D31888071A
:103B300018D114481018081A022813D91A680A60F4
:103B40005A684A609A688A60DA68CA601A690A61C3
:103B50005A694A619A698A61DB69CB61002010BDAC
:103B60000120FCE70800521A2030054C8B18A446AF
:103B700063441B780B7001318842F6D1EEE7C046F2
:103B8000480400C0490400C010B514F0C1FB10BDCA
:103B900010B511F0F1F810BD10B510F0A5FC10BD76
:103BA00010B510F0ABFF10BD70B584B06E466C461A
:103BB0006D46B68D248CAD8C03960A9E01950296B7
:103BC000009411F0CBF904B070BDC04670B584B05C
:103BD00008AC20CC0AAE2478367801940296009581
:103BE00011F0FCF804B070BD10B50AF0EFF910BD8B
:103BF00010B512F08DFC10BD0120704710B509F012
:103C0000C3FF10BD10B514F0F9FD10BD10B512F0D2
:103C100043FB10BD10B515F0BBFE10BD10B50AF08A
:103C2000ABF910BD10B50AF0AFF910BD10B50EF02C
:103C30006FFA10BD10B517F0E3FE10BD10B517F008
:103C400003FC10BD10B517F063FF10BD10B517F0E1
:103C500022FC10BD10B510F039F910BD10B510F0F0
:103C600045F910BD10B510F04DF910BD10B511F0AB
:103C7000CDFA10BD10B50EF021F810BD10B511F041
:103C800005FD10BD10B511F011FB10BD10B511F000
:103C90003FFC10BD0120704710B50DF0BBF810BD02
:103CA00010B51AF00BF810BD10B519F0DBFF10BD00
:103CB00010B519F0BFFF10BD10B51AF099F910BD7D
:103CC0000120704710B51AF019FA10BD10B51AF09E
:103CD000DBF910BD10B518F0D3FB10BD10B518F00E
:103CE000E9FB10BD10B518F063FC10BD10B518F05D
:103CF00059FB10BD10B518F06DFB10BD10B518F0D4
:103D00008BFB10BD10B518F0EBFB10BD10B518F013
:103D100001FC10BD10B517F0F3FB10BD10B517F086
:103D2000C3FB10BD10B517F0B3FF10BD10B517F0F1
:103D3000ABFE10BD70B504000DF050FA050002F0A6
:103D400091F901281CD072B602F08CF9002812D02B
:103D50001A4B19781A4B1A78022808D0022002F060
:103D600033FD184B1B78002B1CD162B670BD01309F
:103D700002F02AFDF9E762B603300DF053FAF5E7D9
:103D800002300DF04FFA6001001B80000019322153
:103D9000C000FCF7E5F9010003200DF028FA0DF052
:103DA000D3FAD0E70DF01AFA29000DF011FA142118
:103DB000FCF7D6F901F0E6FFD7E7C0467A1C0020F1
:103DC000791C00200C000020024B1870024B197067
:103DD0007047C0467A1C0020791C0020F0B5C6460A
:103DE00000B58AB004F0F0F9604C0120210000F029
:103DF000F5FD5F4B0121E6185E4B0027F0500120D6
:103E000003F05AFB04A803F0F7FA802304936B46EF
:103E100004A81F7503F00CFA80235B0104936B4622
:103E200004A81F7503F004FA4023062504936B468B
:103E300040201D7503F0F2FA04A803F0F9F9802080
:103E40006B46C0011D75049003F0E8FA04A803F066
:103E5000EFF92023984604936B4620201D7503F04C
:103E6000DDFA04A803F0E4F90F2304936B460F2056
:103E70001D7503F0D3FA04A803F0DAF910230493B4
:103E80006B4610201D7503F0C9FA04A803F0D0F9A1
:103E900080231B0104936B46053D04A81D7503F0A8
:103EA000C7F980235B0004936B4604A81D7503F0DB
:103EB000BFF9314B03A81A88013502809B788370C3
:103EC00003F0ECFE8022002306A8069207930895D3
:103ED00003F0B0FA80220023520106A8069207934D
:103EE000089503F0A7FA8420400103F0D9FA842052
:103EF0000121400103F0C8FA4146019121008023CD
:103F00001E4A2439A218009130001D49DB00FFF73A
:103F1000FDF92500E12100230822503530000097EB
:103F20004902FFF731FA28001649FFF703FC642124
:103F30002800FFF71FFC812160342000C905FFF72E
:103F400083FC02212000FFF78BFC0121802003F07D
:103F5000B3FA0D4803F090FE03F094FE0821082008
:103F6000FFF732FF0AB080BCB846F0BD182A002027
:103F700000FBFFFFFC040000C81D0610DCFBFFFF78
:103F8000000030400000D040FD7F0700014B024A96
:103F90009854704718250020690500000FB4F0B54B
:103FA000144B154D0024EB5C83B0002B05D1200091
:103FB00003B0F0BC08BC04B0184701210F4E09AF94
:103FC000A8594942019700F05BFF80210C4C3B004F
:103FD000089A2000490006F085FD21000200280013
:103FE000FFF726FA0023040000220021A85900F060
:103FF00097FBDCE76905000018250020FC040000A1
:104000007C1C002010B50748FFF7C8FF012001F015
:10401000EFFDBFF34F8F044B044ADA60BFF34F8FBD
:10402000FEE7C046E839061000ED00E00400FA059E
:104030000FB4F0B5C646012100B582B0124C08AEEF
:10404000124F08CEE05949429846019600F018FFF9
:1040500080210F4D330042462800490006F042FD02
:10406000290002002000FFF7E3F9050000230022E9
:104070000021E05900F054FB280002B080BCB84693
:10408000F0BC08BC04B0184718250020FC04000050
:104090007C1C002070B582B06B46DD1D00230D4CEA
:1040A000010020002B70FFF799FA01210A4E4942C6
:1040B000A05900F0E5FE290001222000FFF742FA96
:1040C000002300220021A05900F02AFB287802B02A
:1040D00070BDC04618250020FC040000F0B5C6469F
:1040E000AB2600B5504CF60082B0A75D0500A05588
:1040F0000F2003F093F94D4B4D49E358181C984697
:1041000004F02EFE06F0DAFA4A4A4B4B05F0ACFDFD
:1041100006F016FB07F0ACFE06F0D0FA474A484B13
:1041200005F0A2FD0022474B05F09EFD464B474A95
:1041300005F0C0FF06F004FBA35D011C082B03D0B3
:104140003B4804F00DFE011CAA23DB00E018FFF73A
:104150004BFB4246354BE250043BE35CBB4204D090
:10416000AA23DB00E018FFF76BFB082D58D8384B6B
:10417000AD005B599F46012003F04CF9042003F089
:1041800049F9022003F046F9002F0FD1684603F0E9
:1041900033F910236A4600930B3B6846137103F012
:1041A00047F8202003F02EF900280CD002B080BC84
:1041B000B846F0BD012003F02DF9042003F02AF9E0
:1041C000002FE3D0F2E70121202003F02BF9052096
:1041D00001F00EFDEAE7082003F01CF9002FD5D00E
:1041E000E4E70021202003F01DF9684603F004F9FC
:1041F00010236A4600930A3B6846137103F018F8CF
:10420000D4E7012003F006F9002FBFD0CEE701204C
:1042100003F000F9022003F0FDF8002FB6D0C5E747
:10422000002FC3D1B2E7C046182500205C0500006E
:104230000000C8429A9999999999A93FD2847F2DF3
:10424000C91BF03F000059402BB5E53FE1C39F8BF0
:10425000C03F0610AB22024BD200985C7047C046AC
:104260001825002070B51849041C04F079FD06F0EB
:1042700025FA164A164B05F0F7FC06F061FA07F02E
:10428000F7FD06F01BFA134A134B05F0EDFC002274
:10429000124B05F0E9FC124B124A05F00BFF06F039
:1042A0004FFAAB23104DDB00EB5C011C082B03D055
:1042B000054804F055FD011CAA23DB00E818FFF7B0
:1042C00093FA0A4BEC5070BD0000C8429A99999934
:1042D0009999A93FD2847F2DC91BF03F0000594016
:1042E0002BB5E53FE1C39F8B182500205C0500003E
:1042F00070B5202003F086F8002826D01B4C022140
:104300002000FFF7ADFA2000FFF7C2FA184B051C9A
:104310009C46AB236444DB00E35C002B10D02020E0
:1043200003F070F8002818D0281C124904F020FC73
:10433000114904F099FA011C0E4804F011FD70BDFA
:104340000021202003F06EF8EEE70121203003F079
:1043500069F8052001F04CFCD0E70121203003F082
:1043600061F8052001F044FCDEE7C046782A002011
:10437000A0FAFFFF0000C8423333534010B582B0AB
:104380006A46084B03CB03C2402003F047F8684657
:1043900002F04EFFAD220121034BD200995402B02E
:1043A00010BDC046CC1D061018250020402310B5B6
:1043B00082B06A460024009300236846938094717B
:1043C00002F036FFAD22024BD2009C5402B010BD69
:1043D0001825002010B582B06A460E4B6C4603CB00
:1043E00003C2684602F024FF402003F013F80720C0
:1043F00001F0FEFB402003F011F8AD22064BD20085
:104400009B5C002B01D002B010BD6846237102F006
:104410000FFFF8E7CC1D061018250020802010B5EE
:10442000400102F0EFFF013843425841C0B210BDD5
:104430008022012300B585B05201029068460092A7
:10444000019302F0F7FF05B000BDC04600B5802023
:1044500085B003F029F8012807D08020400103F03F
:1044600023F8012815D005B000BD7F3003F018F8FF
:1044700069460020FCF726FC009B002BEDD0802233
:104480008020144B52051A60400103F00DF80128FA
:10449000E9D18020400102F0B5FF802201235201C2
:1044A000013800920193431E98410290684602F041
:1044B000C1FF8020400102F0F3FF69460120FCF7B4
:1044C00001FC009B002BCED08022024B52051A60CB
:1044D000C9E7C04604ED00E010B50E4803F0CCFB80
:1044E00001F044FC952801D8012010BD0A4C0021A0
:1044F0002000FEF7FBFF0028F6D08020400102F0EC
:1045000081FF0128F0D0AB23DB00E35C002BEBD173
:104510000320EAE7FD7F07001825002000238260C2
:104520008A1801604260C160016143617047C04602
:10453000F0B5C6468568436904000E0000B5ED1A63
:10454000954200D91500E06867683F1ABD420DD258
:104550002A00310006F083FBE268521963692800E3
:104560005B19E260636180BCB846F0BD3A0031007F
:1045700006F075FBEB1B98461A002068F11906F04F
:104580006EFB22684244E9E7F0B5C646456904007F
:104590000E0000B5954200D91500216967687F1AA1
:1045A000BD420DD22A00300006F059FB2269521993
:1045B000636928005B1B2261636180BCB846F0BD63
:1045C0003A00300006F04BFBEB1B98461A002168BE
:1045D000F01906F044FB22684244E9E770B5160082
:1045E000026C0400856B002A06D1066801350020A4
:1045F000002E25D0A56370BD002E0ED1406806F0B8
:104600002EFB6368226C01359B18A268636093429D
:1046100001D3236863600020ECE7C06806F01FFB4D
:10462000226CE36851429B1A2268E360934202D2F3
:10463000A3685B18E360022E07D000200135D9E79C
:10464000A06801F081FDA660D4E7002DF5D0002020
:10465000D0E7C04670B582B01C006B461D7E002CB2
:104660000ED000280AD0002A0CD0002906D05023F2
:104670000193019B502B3CD072B6FEE772B6FEE769
:1046800072B6FEE70029F9D150230193019B502B0C
:10469000F2D12200019B46230126E6542260E0630A
:1046A0002164020C0B0C002A35D1002B23D101F020
:1046B00021FF216CE36B22684B43D018A0600020DF
:1046C0005B1A6260D218E260FF234422A0632000DC
:1046D000A3540132A354103002F03CF820002430DF
:1046E00002F038F801F012FF4C232000E55402B02C
:1046F00070BD019BCFE784461A1C89B20B0061464E
:1047000080B2434389B292B24A431B0CD3181B0CAC
:10471000CDD072B6FEE7002BFBD18C46EDE7C0464C
:10472000F0B5CE46474680B585B0041E884699460A
:10473000019200D102E1002900D19DE04B46022BFD
:1047400000D19FE001F0D6FEA26BE36B9A427FD3CB
:104750004A460023022A7BD026002436019A002AEA
:1047600000D1F5E0002B00D1E4E001F0CFFE01F034
:10477000E7FA01F0BFFE4422A35C5BB2013301D132
:104780000023A3544522A35C5BB2013301D1002373
:10479000A35401F0BBFE01A902A801F027FC0028E8
:1047A00000D0D9E001F0A6FEA26BE36B9A4200D1E3
:1047B0006EE001F0ABFE01F09DFE4523E55C6DB2BD
:1047C000002D05DC13E0013DEBB26DB2002B0ED0E5
:1047D000636A002B0BD0300001F074FB0028F2D08C
:1047E000013D01F039FCEBB26DB2002BF0D1452355
:1047F000FF22E25401F08AFE01F07CFE4423E55CD6
:104800006DB2002D16DD2700103704E0013DEBB23C
:104810006DB2002B0ED02369002B0BD0380001F0B5
:1048200051FB0028F2D0013D01F016FCEBB26DB255
:10483000002BF0D14423FF22E25401F067FE01F087
:1048400087FA01F057FEA16BE26B0123914285D2FA
:104850004A4641462000FFF7C1FE636A002B00D0A4
:1048600071E0002800D06BE001F050FE012005B09F
:10487000C0BCB946B046F0BD036C002B00D15DE76B
:1048800072B6FEE7E36B012B00D15BE772B6FEE781
:104890002700103701F03AFE3800019901F0C2FA02
:1048A00001F028FE4523E55C6DB2002D05DC13E028
:1048B000013DEAB26DB2002A0ED0636A002B0BD024
:1048C000300001F0FFFA0028F2D0013D01F0C4FBF6
:1048D000EAB26DB2002AF0D14523FF22E25401F082
:1048E00015FE01F007FE4423E55C6DB2002D05DCEA
:1048F00013E0013DEAB26DB2002A0ED02369002B0D
:104900000BD0380001F0DEFA0028F2D0013D01F0B2
:10491000A3FBEAB26DB2002AF0D14423FF22E25495
:1049200001F0F4FD01F014FA002800D089E701F04D
:10493000D5FD86E702A801F04DFB16E772B6FEE74B
:1049400001F0CCFD90E72000243001F0BBFA88E7AD
:1049500001F0DCFD00208AE701F0CCFD4523E55C99
:104960006DB2002D12DD2600243604E0013DEAB2CE
:104970006DB2002A0AD0636A002B07D0300001F024
:10498000A1FA0028F2D001F067FBEFE74523FF22F0
:10499000E25401F0BBFD01F0ADFD4423E55C6DB2D6
:1049A000002D12DD2600103604E0013DEAB26DB2A2
:1049B000002A0AD02369002B07D0300001F082FAC8
:1049C0000028F2D001F048FBEFE74423FF22E25435
:1049D00001F09CFD01F0BCF9002048E770B505002E
:1049E0000C0082B0002938D050230193019B502B3A
:1049F00001D072B6FEE700264622019B01238B54AC
:104A00002160CB630E6401F075FD216CE36B2268BD
:104A10004B43D0185B1A6260D218E260FF23442235
:104A2000A0602000A663A3540132A354103001F00B
:104A300091FE2000243001F08DFE01F067FD4C2333
:104A40000022E554002100232000A6602660E660D5
:104A5000FFF766FE200002B070BD72B6FEE7C046EA
:104A6000F0B54F464646D6460400C0B51D000F00BF
:104A70001600002837D0002918D0022D04D1E36B8E
:104A8000012B18D072B6FEE701F022FE0021A26BC6
:104A9000E36B804689469A4211D3404601F01CFEE2
:104AA0004846E0BCBA46B146A846F0BD036C002BB0
:104AB000E3D072B6FEE701F00BFE8046A36B452300
:104AC0009A46E35C2A005BB2994639002000A36B4A
:104AD000FFF784FD4B46013307D1636A002B12D1E7
:104AE00001239946D9E772B6FEE701F045F9814501
:104AF000F6D24B467F2B04D0524601335BB2A3540F
:104B0000EEE772B6FEE72000243001F0DBF9002862
:104B1000E6D0002EE4D001233360E1E7F0B5C646CD
:104B200004000D0000B500281BD0036C002B01D041
:104B300072B6FEE70368002B15D001F0C9FDA36B28
:104B4000E26B06009A4213D94522A75C01337FB27B
:104B50009046A3637B1C13D1636A002B1CD10124F4
:104B600007E072B6FEE78368002BE6D072B6FEE778
:104B70000024300001F0B0FD200080BCB846F0BD3C
:104B800001F0FAF88742EAD27F2F11D0434601376D
:104B90007FB2E7540124ECE72000243001F092F9C1
:104BA0000028DCD0002DDAD0012301242B60E0E7BF
:104BB00072B6FEE7F0B54746CE4680B585B0041E16
:104BC0008846019200D138E1002900D12FE101F09F
:104BD00091FCA56B002D00D031E1019B002B00D191
:104BE000D0E0260002A801F0F5F94427243601F0B0
:104BF0008DFC01F0A5F801F07DFCE35D5BB20133B3
:104C000001D10023E3554522A35C5BB2013301D1FE
:104C10000023A35401F07AFC01A902A801F0E6F9EF
:104C200000285AD101F066FCA36B002B00D0B1E044
:104C300001F06CFC24239946A1444846019901F0F7
:104C4000F1F801F057FC4523E55C6DB2002D05DC61
:104C500013E0013DEAB26DB2002A0ED0636A002B68
:104C60000BD0484601F02EF90028F2D0013D01F0AA
:104C7000F3F9EAB26DB2002AF0D14523FF22E254E3
:104C800001F044FC01F036FC4423E55C343B9946DA
:104C90006DB2A144002D05DC13E0013DEAB26DB216
:104CA000002A0ED02369002B0BD0484601F00AF9E8
:104CB0000028F2D0013D01F0CFF9EAB26DB2002A2E
:104CC000F0D14423FF22E25401F020FC01F040F82F
:104CD00000284ED101F002FC4BE001F00BFC452313
:104CE000E55C6DB2002D05DC13E0013DEAB26DB26A
:104CF000002A0ED0636A002B0BD0300001F0E2F8DE
:104D00000028F2D0013D01F0A7F9EAB26DB2002A05
:104D1000F0D14523FF22E25401F0F8FB01F0EAFB59
:104D200010239946E55DA1446DB2002D05DC13E02A
:104D3000013DEAB26DB2002A0ED02369002B0BD0E0
:104D4000484601F0BFF80028F2D0013D01F084F997
:104D5000EAB26DB2002AF0D1FF23E35501F0D6FB91
:104D600000F0F6FF01F0C6FBA36B002B0AD001F0A8
:104D7000CDFB01F0BFFBA56B002D60D1019B002B8B
:104D800000D034E701F0C2FB002005B0C0BCB9463A
:104D9000B046F0BD01F0BAFB01F0ACFB4523E55C89
:104DA000213B99466DB2A144002D05DC13E0013D85
:104DB000EAB26DB2002A0ED0636A002B0BD04846CF
:104DC00001F080F80028F2D0013D01F045F9EAB287
:104DD0006DB2002AF0D14523FF22E25401F096FB88
:104DE00001F088FB4423E55C343B99466DB2A14455
:104DF000002D05DC13E0013DEAB26DB2002A0ED0B1
:104E00002369002B0BD0484601F05CF80028F2D053
:104E1000013D01F021F9EAB26DB2002AF0D144233C
:104E2000FF22E25401F072FB00F092FFA1E7036C55
:104E3000002B00D1CBE672B6FEE772B6FEE7226C1D
:104E4000002A0AD0E168A3688918E160994201D379
:104E50002168E160404605F002FF2369013DA5633A
:104E6000002B03D101F052FB01208EE7200010300F
:104E700001F028F80028F5D001F030FBF2E7C04639
:104E8000F0B5CE46474680B585B0041E019100D1ED
:104E9000EFE0036C002B00D094E001F02BFBA36B40
:104EA000002B00D053E1019B002B00D13EE102A872
:104EB00001F090F80023260098464427243601F09C
:104EC00025FB00F03DFF01F015FBE35D5BB2013314
:104ED00001D10023E3554522A35C5BB2013301D12C
:104EE0000023A35401F012FB01A902A801F07EF8EF
:104EF000002869D101F0FEFAA36B002B00D0BDE0C1
:104F000001F004FB2368002B00D117E1242399460C
:104F1000A1444846019900F085FF01F0EBFA4523D2
:104F2000E55C6DB2002D05DC13E0013DEAB26DB227
:104F3000002A0ED0636A002B0BD0484600F0C2FF57
:104F40000028F2D0013D01F087F8EAB26DB2002AE4
:104F5000F0D14523FF22E25401F0D8FA01F0CAFA59
:104F60004423E55C6DB2002D17DD343B9946A14426
:104F700004E0013DEAB26DB2002A0ED02369002B95
:104F80000BD0484600F09EFF0028F2D0013D01F012
:104F900063F8EAB26DB2002AF0D14423FF22E25452
:104FA00001F0B4FA00F0D4FE002800D1B3E001F023
:104FB000A1FAA36B002B00D0C9E0019B002B00D00D
:104FC0007DE7B3E072B6FEE701F094FA4523E55CB5
:104FD0006DB2002D05DC13E0013DEAB26DB2002A8E
:104FE0000ED0636A002B0BD0300000F06BFF00285E
:104FF000F2D0013D01F030F8EAB26DB2002AF0D1F2
:105000004523FF22E25401F081FA01F073FAE55DD5
:105010006DB2002D17DD10239946A14404E0013D37
:10502000EAB26DB2002A0ED02369002B0BD048469D
:1050300000F048FF0028F2D0013D01F00DF8EAB27F
:105040006DB2002AF0D1FF23E35501F05FFA00F0C2
:105050007FFE01F04FFAA36B002B0CD101F056FA42
:105060004346002B5AD1002005B0C0BCB946B0461B
:10507000F0BD72B6FEE701F049FA98E701F046FA92
:1050800001F038FA4523E55C6DB2002D17DD213BB8
:105090009946A14404E0013DEAB26DB2002A0ED067
:1050A000636A002B0BD0484600F00CFF0028F2D0BA
:1050B000013D00F0D1FFEAB26DB2002AF0D14523E4
:1050C000FF22E25401F022FA01F014FA4423E55CD5
:1050D0006DB2002D17DD343B9946A14404E0013D3B
:1050E000EAB26DB2002A0ED02369002B0BD04846DD
:1050F00000F0E8FE0028F2D0013D00F0ADFFEAB27A
:105100006DB2002AF0D14423FF22E25401F0FEF9EF
:1051100000F01EFE4BE701F0E1F948E701F0EAF983
:10512000616A002905D1A06801F04CF801F0EEF9A0
:1051300099E70421236B1B68C91AF4E701F0DAF937
:10514000A06800F0B7FF804601F0E0F9DEE6013B21
:10515000A3632368002B0FD02369002B03D101F038
:10516000D5F9012080E72000103000F0ABFE0028C8
:10517000F5D001F0B3F9F2E701F06AF8A060EBE7CF
:10518000F0B5C64600B5040001F0B4F9384A394E0E
:105190001368013313603368002B35D0364BE26A55
:1051A00098461B68002B29D0344D35490B680133D4
:1051B0000B60A364334B1968914200D21A609300CC
:1051C0009B189B00E9184A689068A260844667466D
:1051D000E060201D78609060EA5861610132EA5019
:1051E00001F094F943461B68002B04D03368DA6A57
:1051F000E36A9A4211D380BCB846F0BD3368DB6ADB
:105200009342D1D83460CFE734601368012B07D0C4
:10521000194BE26A9846194DC7E701F05FF9EAE7D2
:10522000164D280001F096FA2800143001F092FA89
:105230002800283001F08EFA28003C3001F08AFA6C
:10524000114B9846180001F085FA104F380001F014
:1052500081FA0F4801F07EFA0E4801F07BFA4246CF
:105260000D4B1A600D4BE26A1F60034B98469CE79A
:1052700010220020BC220020042200206C220020EA
:10528000F42100200822002058220020442200207F
:105290002822002014220020402200203C2200204E
:1052A00000222C4B70B51A600BF098FF2A4B2B4A4A
:1052B0001B68C01A2A4B186019681068814239D8D7
:1052C000284C1B68284D13602A68284993009818B9
:1052D0008000085800281ED1002A33D0501E8300B9
:1052E0001E18B6008E59002E31D100282AD0901EEB
:1052F00083001E18B6008E59002E28D1002821D018
:10530000D01E83001E18B6008E59002E1FD1043AFD
:105310009300002816D09B189B00CE1870680833A5
:105320004068C918706088420ED0C36823602A6044
:10533000236870BD0B4C1E682568A96D091A891970
:10534000A965BEE772B6FEE7F0687060EDE702009F
:10535000E1E7C046FC210020E0210020E8210020F8
:10536000E4210020BC220020082200206C22002022
:10537000F8B55746DE464E464546E0B50F68002F65
:105380003FD008239946CE688944B1454DD0284B7B
:105390000400984602239B46264B00279A46F56850
:1053A000002D35D02B00296B34336360EB6AE1614B
:1053B00023612B68256023626B6C6362AB6CA36016
:1053C0002B6D6361AB6DA36143461B689D4222D088
:1053D0005B46237301F08EF8AB6A534522D001F08F
:1053E00095F8296B0B78A52B1AD100230133CA5CE1
:1053F000A52AFBD09B087668A36201372C34B145FF
:10540000CDD13800F0BCBB46B246A946A046F8BD97
:1054100043461D68C6E7002323730B78A52BE4D011
:105420000023E8E701232373D9E70027E9E7C04613
:10543000BC22002028220020F0B5DE4657464E460A
:1054400045465B4BE0B51A6883B0013294461A605A
:10545000002A5FD057490B689C4562D3564B99464A
:105460001B681B68002B00D19CE000239846534B1F
:10547000534E9B46534B01919A4639E000215961A6
:105480001168013911609A6A002A0ED0D969186A28
:10549000556888604160190018318D4200D171E073
:1054A000002199621168013911605246D96A126867
:1054B000914201D9524611608A0052189200B518E3
:1054C000686887689860DF607C6084605D61B3585D
:1054D0000133B3505B461B684246DB6A8B429B41FB
:1054E0005B421A434B461B6890461B68002B54D006
:1054F0004B461B68DB68DB685A6894454AD35A6997
:105500009868D9681C1D816048605068A042B5D178
:105510005160B3E7284B1A681268002A20D072B68F
:10552000FEE700239846254B254E9B465B4601200F
:105530001B68254AD96A12688B005B189B00F358D8
:105540009842804113005A1E9341404218434346FB
:10555000184303B0F0BCBB46B246A946A046F0BD16
:105560001A4A196810681860116019490A680132EE
:105570000A601A681268002A06D101230D495B42AD
:105580000B6068E750608BE71B680A49DB681B68A3
:105590000B6060E701990A60C8E7019901235B424B
:1055A0000B60C3E79846054B054E9B46F6E7C046A1
:1055B0000C220020F021002040220020BC220020EC
:1055C0006C22002008220020FC2100203C22002028
:1055D000F8210020F0B5DE4657464E464546544C6D
:1055E000E0B5236883B0013B23602368002B00D023
:1055F00081E0504B1B68002B7DD04F4B9C461B68B5
:10560000002B00D190E04D4B4D4D98464D4B0194F1
:1056100099464D4B9A4600239B466346DB68DB6800
:10562000D869196A9A6A816048601800566818300B
:10563000864200D172E059469962116801391160C1
:105640005A699868D968566881604860181D864212
:1056500062D01168013911604146DA6A09688A42EC
:1056600001D941460A60910089188C002E19716891
:105670008F689960DF60786088605E612B590133C4
:105680002B514B461B68DB6A9A423FD95346012295
:105690001A6063461B68002BBFD12C4B019C1A6813
:1056A0001268002A3CD01B68DB681A68284B1A6015
:1056B000284E3568002D14D0012708E0FFF7BCFE06
:1056C000002801D053461F60013D002D08D02368FB
:1056D000002BF3D03368013D01333360002DF6D148
:1056E000356053461B68002B05D0164B01241B6800
:1056F00000F0F4FE00E0002400F008FF200003B0FA
:10570000F0BCBB46B246A946A046F0BD63461B6846
:10571000002B00D081E7C0E751609AE751608AE72B
:105720000B4B013A1A60C3E7074B9A46C0E7C046E5
:10573000EC21002010220020282200200822002036
:105740006C220020BC220020FC21002040220020EE
:10575000F021002000220020404BF0B5D6469A46AA
:105760003F4B4F46464699463E4BC0B598463E4F46
:105770003E4C3F4D3E68012E18D82368002B4BD17C
:105780002B68DB6A002B1AD03A682368002B41D1C2
:105790002B68DB6A002BF8D1012A1DD92368002B66
:1057A00038D12B68DB6A002BEFD1F7E700F096FECB
:1057B0002368002B32D12B68DB6A002BDAD13B68DF
:1057C000012B41D9012EDFD9D4E72368002B21D149
:1057D0002B68DB6A002BD8D1534649461B68096801
:1057E0005B1A012BF1D9434642461B680133136013
:1057F00053461A684B461B689A422DD32368002BE8
:1058000011D02B6800F076FE43461B68002B07D1B1
:1058100072B6FEE72B68B8E72B68B5E72B68A9E7F7
:10582000FFF7D8FEA6E72B68DB6A002BEAD13B68BE
:10583000012BE7D8534618684B461B68C01A01284D
:10584000E0D9FEF777FADDE753464A461B6812684F
:105850009B1A012BC7D8B5E772B6FEE7F0210020EE
:105860000C220020EC2100206C22002008220020C5
:10587000BC220020F8B5CE46474604000D0080B596
:10588000414B002830D02100343120686960E16A42
:105890002C602961216B2862606CE9616862A06CF0
:1058A000A860206D6861A06DA861052A31D01B68D1
:1058B0009C421BD02A73032A1BD000F01BFE334BE3
:1058C000A26A9A424DD000F021FE216B0B78A52BE5
:1058D0004DD100230133CA5CA52AFBD09B08AB62E3
:1058E000C0BCB946B046F8BD1C68CCE700232B739A
:1058F000ECE7274E336801333360A36A002B3BD0BB
:1059000002232B7300F0F6FD3368002B2CD172B606
:10591000FEE71A680023944221D000F0EBFD1D4BF6
:1059200066691B68A76A98461B4B1B68994600F07E
:10593000EDFD164B216B9F4223D0464519D04E45B5
:1059400017D0164A0123964209D1A26A0133002AD0
:1059500005D15E33E35C013B5A1E934102332B7346
:10596000B4E701232B73AEE7FFF734FEA5E700236E
:10597000B5E702232B73A9E76023E35C012BBFD0BB
:10598000C0E701232B73A1E7BC22002028220020BE
:10599000EC210020402200203C2200201422002084
:1059A000F0B54746CE4680B583B098460B9B0700BE
:1059B0000D0014000C9E002B0AD0002E06D064238C
:1059C0000193019B642B05D072B6FEE772B6FEE729
:1059D00072B6FEE7642200213000019B05F0AEF8AC
:1059E0000B9B022233636123A400F254A521220001
:1059F0000B9805F0A3F8336B043C1C1907239C4358
:105A00007464002D4BD034222B78B354002B43D038
:105A10006B780132B354002B3ED0AB780132B354D3
:105A2000002B39D0EB780132B354002B34D02B79D2
:105A30000132B354002B2FD06B790132B354002BB9
:105A40002AD0AB790132B354002B25D0EB79013247
:105A5000B354002B20D02B7A0132B354002B1BD02F
:105A60006B7A0132B354002B16D0AB7A0132B354A7
:105A7000002B11D0EB7A0132B354002B0CD02B7BCE
:105A80000132B354002B07D06B7B0132B354002B8F
:105A900002D04223AA7BF25443230022F2540A9BF1
:105AA000032B01D972B6FEE7351DF362336528007A
:105AB00000F05CFE3000183000F058FE04230A9A13
:105AC00039009B1AB361424620003661766200F0CD
:105AD0004BFD306000F00EFD394B3A4F1A68013231
:105AE0001A603A68002A34D0374BF26A98461B682D
:105AF000002B04D13B68DB6A9A4200D33E60334CF2
:105B000033490B6801330B60B364324B196891421F
:105B100000D21A6093009B189B00E1184A689068B5
:105B2000B260F06045609560E25871610132E25008
:105B300000F0ECFC43461B68002B04D03B68DA6A9B
:105B4000F36A9A420ED3300003B0C0BCB946B046E7
:105B5000F0BD3E601B68012B07D01B4BF26A9846D4
:105B60001A4CCDE700F0BAFCEDE7184C200000F02D
:105B7000F1FD2000143000F0EDFD2000283000F091
:105B8000E9FD20003C3000F0E5FD134B994618007C
:105B900000F0E0FD114A1000904600F0DBFD1048D7
:105BA00000F0D8FD0F4800F0D5FD4A460E4B1A60B4
:105BB00042460E4B1A60044BF26A9846A0E7C04674
:105BC00010220020BC220020042200206C22002091
:105BD000F421002008220020582200204422002026
:105BE0002822002014220020402200203C220020F5
:105BF000F0B5C64600B5040082B000280CD01D4D9B
:105C00002B6801332B602B68012B0BD072B6FEE79B
:105C1000FFF7E0FC002801D100F060FC02B080BC7E
:105C2000B846F0BD144B154E1F68154BE4191B68A0
:105C30009846144B1B6830680193043000F0B2FDA5
:105C4000336831685C600431A74209D9019800F0DB
:105C500091FD00F04FFC2B68002BD9D172B6FEE706
:105C6000404600F087FD084B1A689442F1D21C6050
:105C7000EFE7C046EC2100200C220020BC220020CF
:105C8000402200203C220020F0210020642330B577
:105C900083B00193019B642B01D072B6FEE7204CC8
:105CA000642200212000019B04F048FF61230222AE
:105CB000E25480221B4DA521D2002800256304F068
:105CC0003DFFFF239B009C46072365449D43164BE5
:105CD000201D6363656400F049FD2000183000F06A
:105CE00045FD0423002211492800A3612461646258
:105CF00000F03AFC20602000FFF742FA72B6012261
:105D00000B4B52421A600B4B02321A6000220A4BB4
:105D10001A6000F079FC094B1B6803B030BDC04627
:105D20007C2100207C1D002049444C45595704101B
:105D3000F0210020042200200C220020E43F061065
:105D4000024A1368013313607047C046EC210020FB
:105D500010B500F0CFFB044B1B68002B01D172B6CD
:105D6000FEE7FFF737FC10BDEC210020014B18685F
:105D70007047C0460C220020014B18687047C0468F
:105D80001022002070B5124D124A2B6811681B18A2
:105D90000400994201D272B6FEE712689A4203D01B
:105DA0002B681B192B6070BD0B4B1B68002B01D19E
:105DB00072B6FEE7002801D172B6FEE700F09AFB4A
:105DC000064A013C13680133136000F09FFBE7E7CC
:105DD0000C220020F0210020EC21002000220020D5
:105DE000064B10B51B68002B02D1FFF725FB10BD39
:105DF000034A0020136801331360F8E7EC21002008
:105E000000220020054B10B51B68002B03D0012297
:105E1000034B1A6010BDFFF743FAFBE7EC210020AB
:105E2000FC210020F0B5C6460C0000B5002821D0AA
:105E30001E4D2968183100F09DFC1D4B1E681D4B3E
:105E40001F681D4B1B6828689846043000F0AAFCA8
:105E5000631C11D02B682968A4195C600431A64228
:105E60001FD8380000F086FC144B1A68944215D2F3
:105E70001C6013E072B6FEE7114B29685A688A600D
:105E800090682968C8602968043141602968043134
:105E900091602A6853611A6801321A6080BCB84662
:105EA000F0BD404600F066FCF8E7C046BC2200208A
:105EB0000C220020402200203C220020F021002063
:105EC00014220020C368F0B5DB68002B54D0D869D9
:105ED000196A9A6A816048601800546818308442D0
:105EE00048D000219962116801391160274AD96AA6
:105EF0001268002A15D0264A5468A568DC611D6224
:105F00006860A0609A62136801331360214B00201F
:105F10001B68DB6A8B4203D201221F4B01301A60DF
:105F2000F0BD5A699C68D8681D1DA0604460546823
:105F3000AC4229D0106801381060184A10688842B5
:105F400000D211608A0016485218920086187468B0
:105F5000A7689C60DF607D60A5605E618358013347
:105F60008350104B1A681268002A07D10E4B013A71
:105F70001A60CBE75160B4E772B6FEE71B68DB68D6
:105F80001A68094B1A60C1E75060D3E7EC21002082
:105F900028220020BC220020FC2100200822002012
:105FA0006C22002040220020F021002010B5041EA9
:105FB0000AD000F09FFA054B1B682360044B1B6856
:105FC000636000F0A3FA10BD72B6FEE7F82100206E
:105FD0000C220020034B1B680360034B1B684360CB
:105FE0007047C046F82100200C220020F0B5C646BC
:105FF00004000D0000B500281CD0002918D000F0C6
:1060000079FA134A2B681168581C1FD0114E60682A
:106010003768B846276847450ED088420CD8002319
:1060200001242B6000F072FA200080BCB846F0BD5D
:1060300072B6FEE772B6FEE70F1ABB42EFD95B1AE3
:106040001B182B6033682360136863600024E9E742
:106050000C220020F82100200122014B1A60704719
:10606000FC2100200B4B00201B68002B03D10A4BA6
:106070001B68002B00D07047084B1B68002BFAD11F
:10608000074B084A1B681068013BC01A434258413D
:106090000130F0E728220020FC210020002200200F
:1060A0001022002014220020014B18687047C046BF
:1060B000BC220020F8B5041E21D0204DC26A2B68F6
:1060C000DB6A9A4214D28369002B04DB2B68D96AFD
:1060D00004235B1A836193009B18194E9B0062692D
:1060E000F3189A420DD02B680120DB6AE36205E0C9
:1060F0002B68006DDB6A984280414042F8BD002069
:10610000FCE7271D380000F04DFB2B68DA6A0D4BC9
:10611000E26219688A4200D91A6093009B189B00BA
:10612000F1184A689068A260E06047609760F25892
:10613000616101320120F250E0E7C046BC2200203C
:106140006C2200200822002070B5041E10D01A4BCB
:106150001B68834201D072B6FEE75B6D002B09D04D
:10616000C16A026D013B4365914201D0002B03D00F
:10617000002070BD72B6FEE7051D280000F012FB7E
:106180000423226D9B1AA3610C4BE26219688A42B8
:1061900000D91A6093000A499B189B00C8184268EE
:1061A0009668A260E66075609560CA5860610132C9
:1061B0000120CA50DDE7C046BC2200200822002092
:1061C0006C22002070B5041E0DD0436D002B01D150
:1061D00072B6FEE7026D8A4200D20A00E16A91427D
:1061E00001D0012B00D070BD164B1B68A34227D0F5
:1061F000A369E262002B02DB04239B1AA3618B00DC
:10620000114D5B189B006269EB189A42EBD1261D79
:10621000300000F0C7FA0D4BE26A19688A4200D9D3
:106220001A6093009B189B00E9184A689068A26066
:10623000E06046609660EA5861610132EA50D2E758
:1062400072B6FEE7BC2200206C220020082200204B
:10625000034B1868002802D0436D01334365704733
:10626000BC220020F0B54E464546DE465746E0B516
:10627000734D87B02B689146013301902B60714BB1
:106280001B688B4218D900226F4B00241A600AF059
:10629000A5FF6E4B186000F02DF92B68002B01D183
:1062A00072B6FEE7FFF796F9200007B0F0BCBB46D8
:1062B000B246A946A046F0BD44239A460023029365
:1062C000634B644A9846644B16009B464B46924487
:1062D00004930595F36B002B45D0B76C574542D01E
:1062E0002C24029B00255C43019B03969C460123C2
:1062F00099466444FE68002E00D198E03300316B6B
:1063000034336360F36AE16123613368266023629A
:10631000736C6362B36CA360336D6361B36DA3612F
:1063200043461B689E427BD04B46237300F0E2F845
:10633000B36A5B457ED000F0E9F8316B0B78A52B92
:1063400073D100230133CA5CA52AFBD09B087F6868
:10635000A36201352C345745CCD1029B039E9C4649
:10636000AC446346029314235B429C463B4B143E71
:10637000E2449E42AED1029C2C262000019F049B49
:10638000BC4670439946364B60441968059DFEF73C
:10639000EFFF04193000BC466043324B604419687B
:1063A0000197FEF7E5FF304B04191A68002A19D04F
:1063B0001A00DF680832974214D0019923008846FA
:1063C0006643B04444460026924698462100F86849
:1063D0000322FFF74FFA7F6801362C345745F5D179
:1063E0004446A4194B46002B27D00AF0F7FE174F5E
:1063F0003B68C01A4B4618600022134B1A600AF023
:10640000EDFE3860002C00D145E72C2100206143CF
:10641000019B59181A682C3390659942FAD13AE7D2
:10642000002323730B78A52B8BD000238FE74346E3
:106430001E6863E74B4623737DE7044FDCE7C046E5
:10644000EC21002010220020E8210020E021002083
:10645000BC2200206C220020282200201C220020C8
:10646000402200203C22002014220020002382B081
:106470000193064B1B68013301D072B6FEE772B67A
:10648000019B002BFCD002B07047C046842A00203C
:106490000A4B0B4A00211A601A220A4B1A600A4B57
:1064A00044321A60094B5A3A1A60094A1160094A83
:1064B0000949116007221A607047C046C8220020AF
:1064C00000C40900C4220020C022002010E000E027
:1064D00018E000E014E000E0FFC309008022044B54
:1064E00052051A60BFF34F8FBFF36F8F7047C046DE
:1064F00004ED00E072B6044A136801331360BFF381
:106500004F8FBFF36F8F7047842A0020064B1A68A5
:10651000002A01D172B6FEE71A68013A1A601B68B8
:10652000002B00D162B67047842A002010B500F01D
:10653000CFF80400FFF754FC002803D08022034B5F
:1065400052051A60200000F0C7F810BD04ED00E00D
:1065500010B58369023B1B78642B01D072B6FEE74D
:1065600000F096F810BDC04610B58024031F6404E7
:106570001C60043B19601749043B19601649043B31
:1065800019601649043B19601549043B1960154907
:10659000043B1960043B1A60134A043B1A60134A17
:1065A000043B1A60124A043B1A60124A043B1A6008
:1065B000114A043B1A60114A043B1A60104A043B1A
:1065C0001A60104A043B1A60032344385B4203609C
:1065D00010BDC0466D6404101212121203030303AF
:1065E000020202020101010111111111101010101B
:1065F0000909090908080808070707070606060623
:106600000505050504040404194B30B51A68194B37
:10661000D16A83B0994201D072B6FEE7164B926BF5
:106620009A4201D072B6FEE7FF22144B1204196899
:1066300000240A431A60FF22196812060A431A60EE
:106640000F4B1C60FFF724FF0E4D2C6000F038F854
:10665000FFF7D8FB01942B68013301D072B6FEE737
:1066600072B6019B002BFCD0002003B030BDC046A9
:1066700008ED00E031670410E166041020ED00E051
:106680001CED00E0842A0020000000000000000053
:10669000074A1168086804C8022181F31488203071
:1066A00080F30988BFF36F8F1047C046C046C046CD
:1066B000BC220020000000000000000000000000DC
:1066C00062B6BFF34F8FBFF36F8F64DFC046C04623
:1066D000EFF3108072B6704780F310887047C046A1
:1066E000EFF309800E4A1168243808607346F8C039
:1066F00044464D4656465F46F0C072B6FFF782FBF1
:1067000062B6074A116808681430F0C8A046A94666
:10671000B246BB4680F309882438F8C81847C046FB
:10672000BC2200200000000000000000000000006B
:1067300004207146084203D0EFF30980044B184748
:10674000EFF30880024B1847C046C046C046C0461B
:10675000516504100300083301224360C3600361E4
:1067600000235242826003607047C04600230361E9
:106770007047C046030030B50D6808336A1C0DD061
:106780001C005B681A68AA42FAD94B6099600368DA
:106790008C60013361600861036030BD0469636827
:1067A000F3E7C0460369416882688A6051605968AE
:1067B000814205D0002202611868013818607047D4
:1067C0005A60F7E703207047F0B54546DE46574666
:1067D0004E46E0B5EA4C0500A54402911400EFF3E3
:1067E000108A72B6E74B1A000393002313701AF055
:1067F00011FB06002800FFF7E5FF07002800FDF762
:106800006BFE331CBE4200D93B1CDAB2AA4200D94F
:106810002B1CDAB2824200D9031CD8B2DA4A8100BA
:106820008B58019001338B50002800D151E2012890
:1068300000D15AE2D54D6FA82C70029B8AAF2B7104
:1068400001F05EFD2B7ADBB20593D14B9B889BB2A6
:106850000693D04B1A680792C02292009A5854921D
:10686000C12292009A585592C22292009A5856928A
:10687000C32292009A585792C42292009A58769254
:10688000C52292009A587792C62292009A5878921E
:10689000C72292009B587993BF4B1B680893BF4B4C
:1068A0001B6A09938023DB051A680A925A680B92C7
:1068B0009A680C92DA680D921A690E925A690F92D0
:1068C0009A691092DA691192DA6A12921A6B13922B
:1068D0005A6B14921A8F5B6C92B21693B04B15924E
:1068E000DA6817921A7FD2B218929A8C92B21992E1
:1068F00028229A5CD2B21A922C229A5CD2B21B92B3
:106900001A6B1C9234229A5CD2B21D921A8F92B2E8
:106910001E9248229A5CD2B21F9250229A5CD2B246
:10692000209254229A5CD2B2219258229A5CD2B21E
:1069300022925C229A5CD2B2239260229B5CDBB2F0
:106940002493984B1A6825925A6826921A7CD2B2E0
:1069500027921A7DD2B2289224229A5CD2B229922E
:106960001A8D92B22A92DA6A2B921B8E9BB22C93CA
:106970008D4B1A685B925A685D929A8B5F921A8C63
:1069800061929A8C63921A8D6592DA6A67924C22B0
:10699000995A6991196D6B919B6D6D93834B196831
:1069A0005C9159685E91998B6091198C6291998C78
:1069B0006491198D6691D96A68919A5A82A96A92EE
:1069C0001A6D89466C929B6D7AA96E93B0231B0653
:1069D0001B6888462D93764B49465A682E929A68D2
:1069E0002F921A8A92B230929A8A92B231929A690E
:1069F00032921A7FD2B233921A8E92B234925A6B7A
:106A000035929A6B3692DA6B37921A6C38925A6CCE
:106A10009B6C39923A93674B9A8892B23B921A894F
:106A200092B23C921A7CD2B23D921A7DD2B23E9280
:106A30001A8B92B23F921B7FDBB240935E4B9A88D7
:106A400092B241921A8992B242921A7CD2B2439285
:106A50001A7DD2B244921A8B92B245921B7FDBB25E
:106A60004693564B1A685B6847924893544B1A6892
:106A700049921A7AD2B24A92C02212019B585A1EE7
:106A80009341504A5B4213404F4A944663445393A8
:106A90004E4B5A6882921A687A929A688A92DB6898
:106AA00092AA92934A4B93465A684A6041461A68A2
:106AB0004A609A6849467A605A46DB685360454B9B
:106AC0005A688A6041461A688A609A684946BA607C
:106AD0005A46DB689360404B5A68CA6041461A6860
:106AE000CA609A684946FA605A46DB68D3603B4BF5
:106AF0005A680A6141461A680A619A6849463A61C9
:106B00005A46DB681361364B5A684A6141461A6837
:106B10004A619A6849467A615A46DB685361314B4B
:106B20005A688A6141461A688A619A684946BA6118
:106B30005A46DB6893612C4B5A68CA6141461A6811
:106B4000CA619A68FA615A46DB68D3618123DB0522
:106B50005A684B921A7BD2B24C925A8B92B24D9297
:106B60001A8B92B24E925A6A4F929A6A1B8850922E
:106B70009BB25193C0231B069B685293019B35E047
:106B800094FDFFFF0C000020CC22002000002040DC
:106B90000000104000E100E020ED00E00000904027
:106BA00000003040000040400000A0400000B04025
:106BB0000000F0400000D0400000E04010E000E0A5
:106BC00000007040AF1A33E551E5CC1A080000A070
:106BD0001C0000A0300000A0440000A0580000A04D
:106BE0006C0000A0800000A0940000A0032B06D140
:106BF0009022C023D20551689B050B4353603F4B45
:106C00003F4D1B682C001E00643E049332002B0095
:106C1000643402CA02C3A342FBD13A4B049A58938C
:106C20001A60394B1A7919788023DB051B685B0AD7
:106C30004B409A434DD1552156205AAB5B185AA967
:106C40001B78091809781B010B43112B00DD7AE230
:106C50009023DB055B682D4A01201360599201F0F7
:106C600059F8F9F72DFA002001F054F8039B1B782E
:106C7000002B59D18021264A490053585B0617D46E
:106C8000244B5458586A244B1B68984200D171E237
:106C90008023224A5B0311680909C81C984200D26C
:106CA00057E21F4B9C46614413681B098B42FBD182
:106CB000552256215AAB9B185AAA1B7852181278A3
:106CC0001B011343112B00DD7FE2019B032B00D13D
:106CD00049E28AF3108800209B239B009D44F0BC6E
:106CE000BB46B246A946A046F0BD00210D4B1A7A1C
:106CF0001972D2B230BF1A72EBE7C046000004101E
:106D0000E0220020DC2200200000204018000020AB
:106D100000E100E000ED00E06823002010000048E2
:106D20000400F0FF000070400122EB4B1A830022A8
:106D30009A811A6108CD08C6A542FBD1589B049AD6
:106D400054991A60069AE54B40259A80079AE44BBD
:106D50001A60C02292009950559904329950569960
:106D600004329950579904329950769904329950C7
:106D7000779904329950789904329950799904326C
:106D80009950089AD74BD8491A60099B0A9A0B6206
:106D90008023DB051A600B9A5A600C9A9A600D9A50
:106DA0001798DA60109A1A9C9A610F9A5A610E9A93
:106DB0001A61119A9A62DA61129ADA62139A1A6364
:106DC000149A5A63159A1A87169A5A64C74AD06059
:106DD0001898107719989084282014541B9C04301C
:106DE00014541C98106334201D9C14541E981F9C2E
:106DF000108748201454209C08301454219C0430DF
:106E00001454229C04301454239C04301454249CA5
:106E1000043014542598B64A299C10602698506076
:106E20002798107428981075242014542A981085D7
:106E30002B98D0622C9810865B98AE4A10605D98B3
:106E400050605F9880B29083619880B2108463989C
:106E500080B29084659880B210856798D0624C208B
:106E6000699CA4B214526B9C14656D9C94655C9CE7
:106E7000A14A14605E9C54605AAC248B94835AAC33
:106E8000248C14845AAC248D94845AAC248E14859A
:106E9000689CD4625AAC6419248814526C981065AA
:106EA0006E989065B0222D98120610604898934A0B
:106EB00050600020906047981060914A2E98506072
:106EC0002F9890603098108231989082329890611B
:106ED0003398107735985063369890633798D0631D
:106EE00038981064399850643A98906434981086B1
:106EF0003B98844A90803C9810813D9810743E984D
:106F00003F9C1075402084431483409C1477419C1F
:106F10007D4A9480429C1481439C1474449C147553
:106F2000459C84434698148310774998774A539C2C
:106F300010604A981072C020000114508298744A60
:106F400050607A9810608A9890609298D0604A4613
:106F50005068704A506040464068106078689060A1
:106F600058464068D0604A4690686B4A5060404638
:106F700080681060B868906058468068D0604A4663
:106F8000D068664A50604046C0681060F8689060FB
:106F90005846C068D0604A461069614A5060404611
:106FA000006910603869906058460069D0604A46B0
:106FB00050695C4A50604046406910607869906052
:106FC00058464069D0604A469069574A50604046EA
:106FD00080691060B869906058468069D0604A4600
:106FE000D069524A50604046C0691060F8699060AC
:106FF0005846C069D06081224B98D20550604C98A9
:1070000010734D9850834E9810834F98506250984B
:10701000906251981080C0225298120690600A7AAD
:10702000002A2ED1029A002A2BD02B4A118909223C
:107030000A40092A00D1CFE0274B1A8911231340B7
:10704000112B00D1CDE0244B1A8921231340212B91
:1070500000D1CDE0204B1A8941231340412B00D1B0
:10706000CDE01D4B1A8981231340812B09D1802348
:10707000DB05DB699B0404D580230121184A5B00F2
:10708000D150019B032B00D191E0294B059A00219F
:1070900000201A7200F080FF059BDB0700D418E681
:1070A00000F016FA5AAB588002331B885B0546D4B1
:1070B000204B1B881B0742D59021599BC9050A69A3
:1070C0001B689B1A1B021B12DA179B185340202BBC
:1070D00035DC0A692D322FE0000010480000104016
:1070E00000E100E020ED00E00000904000003040B2
:1070F000000040400000A0400000B04010E000E070
:107100000000F0400000D0400000E040000070406F
:10711000080000A01C0000A0300000A0440000A057
:10712000580000A06C0000A0800000A0940000A007
:1071300000002040C00000200B699A42FCD21522BA
:10714000324B1A70C5E5324B00201A6000F004FF84
:107150007EE513681B09984200D8A9E513681B094E
:107160009842F6D8A4E59022D205536829490B40ED
:107170005360AEE5284B51581B688B4204D012680F
:107180005C40224200D083E52449254B4A681B68B5
:107190005A40D20000D57BE54A6853405B0100D4D9
:1071A00086E5204B1B689B0700D481E570E59022A3
:1071B000D2055368174900200B4053601A4B059ABB
:1071C00001211A7200F0E8FE66E7012000F0C4FE1B
:1071D0000F4B164A1A6078E5DB699B0500D54BE733
:1071E0002AE78023DB05DB695B0500D544E72AE756
:1071F0008023DB05DB691B0500D53DE72AE78023FB
:10720000DB05DB69DB0400D536E72AE70000C04078
:1072100014000020FFFFFFCF6423002000ED00E0FA
:107220006C23002010E000E000002040CCBCECFC0F
:10723000F0B54F46D6464646C0B507798446046841
:1072400082B0002F00D08DE08022D2055368A34386
:1072500053600027E30706D580220F21D205D36AA9
:107260008B433B43D362A30707D58021F020C90598
:10727000CA6A3B0182431343CB62630707D580226E
:10728000D205D36A57490B4039020B43D362230717
:1072900007D58022D205D36A53490B4039030B43EB
:1072A000D362E30607D58022D205D36A4F490B404B
:1072B00039040B43D362A30607D58022D205D36AD3
:1072C0004B490B4039050B43D362630607D5802237
:1072D000D205D36A47490B4039060B43D3622306D4
:1072E00007D58022D205D36A39071B011B090B433E
:1072F000D3620F2240218025002301269146494276
:10730000ED051A0020000832D04006420ED0DAB255
:10731000072B38D9083A072A4CD9484688402A8F83
:10732000824338008840024392B22A8701330431F5
:10733000122BE6D1634680225B79D205012B1ED049
:10734000D368A343D360634680229B79D205012B87
:1073500011D09368A343936002B0E0BCBA46B14633
:10736000A846F0BD062F00D074E78022D2055368EE
:10737000234353606DE7936823439360ECE7D3683E
:107380002343D360DFE78020C005026B980092465C
:107390000F22019082405046904382463A00019865
:1073A000013382405046104302008020C005026332
:1073B0000431A6E78020C005426B92462022904609
:1073C00088444046113A824001905046904382469C
:1073D0003A00019882405046104302008020C005C8
:1073E0004263A3E7FFF0FFFFFF0FFFFFFFFFF0FF88
:1073F000FFFF0FFFFFFFFFF0002303608371838017
:107400007047C0468023DB051B681840431E984127
:10741000C0B270478023DB05D86370478023DB054B
:10742000186470478023DB05012901D01864704778
:10743000D863FCE7802142680368C905012A1FD090
:107440000A699A430A618268012A10D0002A05D08D
:107450008021C9054A6913434B6170478022D205D8
:10746000916999439161516999435161F5E780228E
:10747000D205916919439161516999435161ECE7D2
:107480000A691A430A61DEE78022D205D36900291E
:1074900002D00343D36170478343D361FBE7C04607
:1074A0008023DB05986270478023DB055B6A184008
:1074B000431E9841C0B27047044A136A012902D0A2
:1074C00083431362704703431362FBE7000090405D
:1074D000374B197A374BCAB21B899BB2002905D0AA
:1074E000022A33D00220042A2BD1704709201840E9
:1074F000093842425041112240011A40112A27D036
:1075000021221A40212A29D041221A40412A2BD077
:1075100081221A40812A2DD002221900FF32114007
:10752000914230D01900244A1140914233D00522B3
:107530001A40052A36D0DB439B07D6D108231843CF
:10754000D3E7083A53425A419000CEE70120CCE7F6
:107550002F32104321221A40212AD5D15F32104305
:1075600041221A40412AD3D1BF32104381221A400E
:10757000812AD1D18032FF32104302221900FF321A
:1075800011409142CED180221900D20010430A4A04
:1075900011409142CBD180221201104305221A40A2
:1075A000052AC8D1DB430B3210439B079DD1C5E7A9
:1075B000000090400000104801040000054A01212D
:1075C000136B002802D00B43136370478B43136384
:1075D000FBE7C0460000304070B54E4B04001B6B0B
:1075E00001681B0700D56FE04B480901F8F7B8FDAB
:1075F000484AC3099BB29384484B034001335B085C
:107600009BB23F2B02D93F223F3B13402821414AE6
:10761000DBB253540323602625790431505C1D40AE
:107620006D01B043284350546579107F2B40B0431F
:107630005B01034313770123A579505C2B40082598
:10764000DB00A84318435054107FA843034313772B
:10765000E379002B3DD10220535C83435354137FC5
:1076600083431377012215002A4B217A186B2C4E85
:107670000D406D02304028431863186B294D4908AE
:10768000284015001140090201431963617A186B03
:10769000254E0D403040AD0328431863186B234D31
:1076A000490811402840C90301431963A07A2C24DA
:1076B00002401020195D1201814311431955197FB1
:1076C00081430A431A7770BDC9001348F8F748FD93
:1076D0008EE7022B0ED002250420535C2B4353541B
:1076E000535C03435354137F2B431377137F03439C
:1076F0001377B7E702250420535C2B435354535CA4
:1077000083435354137F2B431377137F83431377A0
:10771000A8E7C046000030400000127A7F0080FFDA
:10772000FFFDFFFFFFFEFFFFFFBFFFFFFF7FFFFF2C
:10773000044A138F002902D0034313877047834301
:107740001387FBE700003040024BC005C00D1880D6
:107750007047C04600003040FF20024B1B88184095
:107760007047C04600003040074B002805DB1B8BEC
:107770001840431E9841C0B270475B681840431ED2
:107780009841C0B2F8E7C04600003040034B9B8FE1
:107790001840431E9841C0B27047C04600003040B8
:1077A0004423014AD052704700003040342210B5C3
:1077B0000724034920408B5CA34303438B5410BD33
:1077C000000030403421072210B5044C1040635CA7
:1077D0003132C00093430343635410BD0000304076
:1077E0001022038B10B593430383038B1032934312
:1077F0000383037D193A93430375037D3132934329
:1078000003750B78802B27D00324028B2340A243DF
:1078100013430383038B154A134003838022CB78E1
:107820000374038B1343802203838B888380CB886C
:107830000381038B9343038307234C78027D1C4011
:107840009A43224302758978027D0B403821DB0080
:107850008A431343037510BD038B353A9343038367
:107860008023028B5B0013430383D7E7FFFEFFFFF8
:107870000023038043808380C3807047038B0129EA
:1078800003D08022934303837047802213430383F2
:10789000FAE7C046002908D1038B01310A400F31B5
:1078A00012018B431343038370470129FCD1038BDF
:1078B0000A401F3152018B4313430383F4E7C04650
:1078C0000321812310B50478DB052140C0245A68C8
:1078D0008901A2430A435A6044780F2C29D05A6880
:1078E0001A490A40072121400E245A605A6849006B
:1078F000A2430A435A60032281210479C905224028
:1079000030244B681201A34313434B608378082B48
:1079100015D04B680E4A13404B6081210322C0787A
:10792000C9054B6802400B481202034013434B60E9
:1079300010BD80225968D2030A435A60DBE78023D6
:107940004A681B0113434B60E7E7C046FFFFBFFFD8
:10795000FFF7FFFFFFFCFFFF012806D08122102167
:10796000D20513880B43138070478123DB055A68C7
:10797000520205D58022198852000A431A80F3E783
:1079800004211A880A4301211A801A880A431A809E
:10799000EAE7C04601280AD081234021DB051A8886
:1079A0000A4302211A801A888A431A80704781226A
:1079B0000221D20513880B431380F7E78122D205F9
:1079C0001388012803D080218B43138070478021C6
:1079D0000B431380FAE7C0468123DB051B7C18406C
:1079E000431E9841C0B27047F8B58123DB055A6841
:1079F0000500520350D4D88A80B28123DB055B682E
:107A000000B29B059E0F01F05FFB041C072D41D8BF
:107A1000894BAD005B599F468123DB055B685B03A7
:107A200000D5F3E0854D300001F092FB8122D205B4
:107A30005368061C1B069B0F012B03D053681B06C3
:107A40009B0F06D18123DB055B685B0300D5EDE06E
:107A50007B4D291C201C00F007FF7A4901F088F8B3
:107A600002F02CFE02000B007748784902F022FB5E
:107A70000D00FE2104008905301C00F079FD02F0A4
:107A80001DFE02000B002000290002F0EDF802F0BC
:107A900057FE041C201CF8BD988A80B2ADE78123F4
:107AA000DB055B685B0300D5B9E0644F300001F093
:107AB0004FFB8122D20553681B069B0F012B03D07D
:107AC00053681B069B0F06D18123DB055B685B03B4
:107AD00000D5A7E05A4FFE21890500F049FD391C69
:107AE000051C201C00F0C0FE011C281C01F040F801
:107AF000544901F03DF8041CCCE78123DB055B68A9
:107B00005B0300D588E04D498122D20553681B06EE
:107B10009B0F012B03D053681B069B0F06D18123BB
:107B2000DB055B685B0300D584E04549201C00F061
:107B30009BFE444901F01CF802F0C0FD02000B005E
:107B40004148424902F0B6FA02F0FAFD404901F01C
:107B50000FF8404901F004F9041C9BE78123DB0581
:107B60005B685B0355D435498122D20553681B06F7
:107B70009B0F012B03D053681B069B0F05D181235C
:107B8000DB055B685B0353D42D49201C00F06CFEC1
:107B90002C4900F0EDFF02F091FD02000B002A4895
:107BA0002A4902F087FA02F0CBFD2B4900F0E0FFF2
:107BB000041C6FE78123DB055B685B0323D41F4D47
:107BC000300001F0C5FA8122D2055368061C1B065D
:107BD0009B0F012B03D053681B069B0F05D18123FC
:107BE000DB055B685B031FD4154D291C201C00F0CE
:107BF0003BFE144900F0BCFF02F060FD124A134B3B
:107C000001F0E4FA34E78E25ED05D9E78E25ED0580
:107C100009E78E21C905A7E78E21C90574E78E27DC
:107C2000FF0543E70D4F56E70C4DDEE70B4D10E720
:107C30000A49AAE7094979E7E83F061000720A47AE
:107C4000002C21479A991940333333333333E33FC0
:107C50000080C843008085431F858B400003154783
:107C60008123DB055A68520302D4D88A80B2704758
:107C7000988A80B2FBE7C046014B18607047C04647
:107C8000000070400121044B1A7A0A4302211A7243
:107C90001A7A0A431A727047000070401F2170B5AB
:107CA0000124037819408C4081785A09002904D1B5
:107CB0002032164B9200D45070BDFF2603213500B0
:107CC000407819408001C90006408D408E4058B26E
:107CD000ED43310000280BDB0C489B088446C02094
:107CE0009B00634480001E5835400D431D50E0E763
:107CF0000F2003400648083B84469B089B006344D2
:107D0000D86928400143D961D3E7C04600E100E0CB
:107D100000ED00E0054A04211369002802D00B435E
:107D2000136170478B431361FBE7C04600ED00E031
:107D30007047C0467047C0467047C0467047C0464F
:107D40007047C0467047C0467047C0467047C0463F
:107D50007047C0467047C0467047C0467047C0462F
:107D60007047C0467047C046012130B52E4A85B0E5
:107D7000137A03240B43137200222C4B1A606B46B8
:107D80009D1CFFF7A5FB28802B88002B03D1013C0D
:107D9000E4B2002CF5D12B881F2B02D8012005B0AE
:107DA00030BD2B885B0524D401AC200000F0A8FA7C
:107DB0006278A37812011A431D4B1B681B0725D557
:107DC00090211C48C9050C690368283B1B1B1B023A
:107DD000002B0EDD112A08DD8022174B52029BB2C8
:107DE0001343CB60CB681342FCD190230268DB05C0
:107DF0005A600122114B1A70F8F78BF9BFF34F8FBD
:107E00000F4B104ADA60BFF34F8FFEE7112AF0DD07
:107E100080219022084B49029BB20B43D205D360CC
:107E2000D3680B42FCD1E4E700002040140000209E
:107E3000C0000020180000201C0000200C000020C2
:107E400000ED00E00400FA0510B5FFF78DFF1B48B8
:107E50001B4B984207D2013B1A1A9208013219496A
:107E6000920002F0FCFE1848184B984207D2013BE2
:107E70001A1A920801321649920002F0F0FE1548D3
:107E8000154B984207D2013B1A1A92080132002181
:107E9000920002F053FE1148114B984207D2013B69
:107EA0001A1A920801320021920002F047FE0D4B8F
:107EB00083F30888F8F79CFA10BDC046B824002068
:107EC000D82A0020D04806100800002034000020E6
:107ED000A4480610C0000020CC020020D0020020E0
:107EE000B8240020006000201723F621962070B5EA
:107EF00001250024174A82B0FF31938100021583C7
:107F00001461138B002BFCD013690139019389B2E2
:107F1000019B002914D08342F1D8012600250D4A87
:107F200016831561138B002BFCD0136901989842BE
:107F30000DD20198181A019C0193A40A844201D31E
:107F400002B070BD013989B20029E9D1F8E7019882
:107F5000C01AF0E700001048802330B50D4C5B02DA
:107F60002204120C1A43002806D09021C905CA60C9
:107F7000CA681A42FCD130BD0425A078A178C0B2ED
:107F8000A943A1709021C905CA60CA681A42FCD1F0
:107F9000A070F0E71C000020F0B54F464646D646DC
:107FA000C0B58AB003AC22007B4B05000E0083CB2A
:107FB00083C283CB83C21B78684613706F4600F080
:107FC0009FF9002D33D044230121744AA373137AFF
:107FD0000B4313726C23E372513B2375704B714A50
:107FE0001B68190C91424FD06F4B6E4A1B68190CDD
:107FF000914258D06D4B6B4A1B68190C91423AD094
:108000000422E37A9343E3727878BB780001184343
:10801000112858DC802190222404240C49020C43AE
:10802000D205D460D3680B42FCD111286BDC604AC6
:10803000138B002BFCD00123138316339381002371
:108040001361002E09D090221021D2051069136906
:1080500043401942FBD0FFF747FF002D02D0152205
:10806000544B1A70544B554A1A600AB0E0BCBA46D9
:10807000B146A846F0BD0322E17D9143E175E17D63
:108080001A400A43E275BBE77022E17D1B01914370
:10809000E175E17D1A400A43434BE2751B68414A92
:1080A000190C9142A6D1302261791B019143617173
:1080B00061791A400A433D4B62711B68394A190CB9
:1080C00091429DD1D7E7E37D1343E375E37DDBB2B6
:1080D0009C463B4B1A78002A50D0002100229A5C23
:1080E00001328A18D2B29F5C1100002FF7D11C2AEE
:1080F00034D90222334B1A7033325A7062469A7066
:108100000022DA7086E72E4B1A78002A3DD0002133
:1081100000229A5C01328A18D2B2985C11000028C1
:10812000F7D11C2A00D982E799188846571C941C5D
:10813000D01C022199542122DA55193A1A550022ED
:108140001A544346802190221B041B0C49020B4306
:10815000D205D360D3680B42FCD168E7511C884636
:10816000D11C8A46971C02219954352241465A5403
:1081700062465146DA5500225A54BAE70322924623
:10818000023A904602270022EDE798460320022497
:1081900001270022CDE7C046D41D06100000204074
:1081A000E807001055AA0000E4070010B00700100F
:1081B000000010480000C04014000020CCBCECFCC3
:1081C000442300201C000020F0B50822D6464F466C
:1081D0004646C021434BC0B59A80434A434D136A7B
:1081E00009042B4089460B43C0211362136A090618
:1081F0001B021B0A0B431362C022FF209200904611
:108200003B4B84469A58474682433F388246024356
:1082100040461A501A58C020364E000232400243DF
:10822000DA51C122644692009F58A743544627431F
:108230009F509C582700374007439F509C58270069
:108240002F409F509C582402240A27000F439F5020
:108250000832904644469A58324002431A511A59FD
:108260004C462A40224344461A511A591202120A15
:108270000A431A51C4229200904644469A5832400A
:1082800002431A511A594C462A40224344461A5175
:108290001A591202120A0A431A51C52292009C5816
:1082A00027006446A7433C00574627434C469F504F
:1082B0009F583E40304398509858284004439C5063
:1082C00098580002000A0143995001200121FFF74C
:1082D00063FE094B094A1A6262B6E0BCBA46B1466F
:1082E000A846F0BD0000104000ED00E0FFFF00FFD9
:1082F00000E100E0FF00FFFF0000904066000E007C
:1083000010B51249124CCB691B061A0FCB691B071B
:108310001B0F83700F4B196801234160A14208D1E4
:108320000D490E4B8C461B68634459424B415B0020
:1083300002330370131CD2B2002A00D10123437010
:10834000074B9B8A01339B00836010BD0000904067
:1083500041A0000228009040BC5FFF0D1C000010EF
:1083600000001040F0B5114B114D0400D869DB69D5
:10837000104E2F6800061B070125000F1B0FB74288
:108380000AD10D4F0D4EBC4636686644771EBE417D
:108390007642AE4335000435094EB68A2570C4B224
:1083A000002C00D1012008701370F0BD0000904037
:1083B0002800904041A00002BC5FFF0D1C0000108F
:1083C00000001040F7B5040C0D0091B20F0061439E
:1083D0008C460600019383B2100C5F43444358431C
:1083E0003B0C60441B18994202D980214902641851
:1083F000019955437143180C04191B04BFB2491964
:10840000D819091903B0F0BD9E2110B5C905041C87
:10841000F7F71EFF00280AD09E21201CC90500F096
:108420009FFC00F033FE80231B06C01810BD201CEB
:1084300000F02CFEFAE7000070B500220B4B0400A0
:108440000D00F7F78FFF00280BD0084B002220000B
:10845000290001F02FFE02F0FFF880231B06C01850
:1084600070BD2000290002F0F7F8F9E70000E041B4
:10847000F0B587B006000F00059204938B4200D937
:1084800066E001D1824263D804990598F7F792FF1C
:10849000390001903000F7F78DFF019B04991B1AFA
:1084A0001A0005980193F7F71DFF04000D00B9426B
:1084B00046D801D1B04243D801200021019AF7F7F4
:1084C00011FF361BAF4102900391019B002B2ED070
:1084D000E90762080A4301996B088C4601240025CC
:1084E000BB4232D801D1B2422FD830003900801AB5
:1084F0009941001849410019694106000F00012106
:1085000049428C4461460029EAD1029C039D300017
:108510003900019AF7F7DAFE019AA4197D410600A5
:108520000F00F7F7DFFE241A8D41029403950C9B90
:10853000002B01D01E605F600298039907B0F0BD68
:108540000022002302920393BFE7B6197F41D6E7CA
:108550000023002402930394E9E74278037812028F
:108560001A438378C0781B041343000618437047EE
:10857000F0B543025A0A85B044004F0003924A0204
:10858000240EC50F3F0E500A01909B09C90F920996
:10859000E01B8D4200D096E0002836DD002F13D17D
:1085A000002A07D0461E012802D101249B181EE094
:1085B000FF2810D1DB08FF2861D1002B5FD080227B
:1085C000D203FF2013435AE0FF2C00D13FE180216A
:1085D0000600C9040A4301211B2E07DC2020801B52
:1085E00011008240F140501E824111435B185A0134
:1085F00000D413E1601CFE2C00D1D8E00122974981
:108600001A405B080B4013435BE0002820D0381B66
:10861000002C08D1002B04D0441E0128C5D0FF280F
:1086200008D11300C6E7FF2F00D109E18021040023
:10863000C9040B4301211B2C07DC2020001B19005F
:108640008340E140581E834119433C008B18CEE71C
:10865000FE21601C084230D1002C1BD1002B00D120
:10866000ECE0002A00D1E0E09A1880211000C90453
:108670000840D3080A4202D00120794A1340FF2261
:10868000C005D2055B0210405B0A1843ED07284382
:1086900005B0F0BD002B00D1D4E0002A00D1D2E01B
:1086A00080210398C903884203D30198884200D2ED
:1086B0001300DB080193029580E0FF2877D09B1818
:1086C0005B080400AAE0002827DD002F1DD1002A46
:1086D00000D16FE7461E012802D19B1A01240EE04B
:1086E000FF2800D166E701211B2E07DC2020801B1C
:1086F00011008240F140501E824111435B1A5A0121
:1087000000D48BE09B019E096FE0FF2C00D19EE01E
:108710008021C90406000A43E5E7002824D0381B5D
:10872000002C0BD1002B07D0441E012802D10D00D4
:10873000D31AD3E7FF2808D10D0072E7FF2F00D12D
:1087400083E08024E4042343040001201B2C07DC85
:1087500018002025E0402C1BA3405C1EA3411843B9
:108760003C000D00131ACAE7671CFE26BC463740C2
:1087700002976746374233D1002C1AD1002B06D11D
:108780001D00002A00D17AE70D00019B77E7002A3F
:108790004BD09C1A660106D50D00D31A00208342E7
:1087A00000D16CE78DE7231E00D003E7050000230E
:1087B00065E7002B05D1002A4BD00291019B029D59
:1087C000FDE6002A3FD08020039CC003844200D2F3
:1087D0006FE7019C844200D36BE713000D0068E74C
:1087E0009E1A770114D50D00D61A3000F7F7C4FD94
:1087F00033000538834084420DDC2022001B013009
:10880000121A19009340C1405A1E93410B43C5E709
:10881000002ECBD0E9E7134A241A13405A0704D09C
:108820000F221A40042A00D004335A010FD5601CCD
:10883000FE2CBCD00A4ADB08134020E71300ADE74A
:108840003800EEE61300FF20B4E6380074E720009D
:10885000B0E68023DB030193B0E7C046FFFFFF7D56
:10886000FFFF7F1FFFFFFFFBF0B5C30F85B0440282
:1088700045000391640A2D0E01932ED0FF2D39D0AF
:108880008023E400DB047F3D1C4302950027039B0B
:108890005D025E00DB0F6D0A360E039330D0FF2EB3
:1088A0003BD08023ED00DB041D4333007F3B0021E0
:1088B0000398019A42400298D2B2C31AB800084302
:1088C00001380E2842D8F7F7EDFC6CA87EA89DA8C9
:1088D0007E6C6C9D7E2E2E2E720001270294002C41
:1088E000D5D02000F7F748FD773F431F9C403B1A47
:1088F0000293CBE703270295002CC8D1013FC6E7BE
:108900002B000121002DD3D02800F7F735FD431FA0
:108910009D4076235B421B1AC9E733000321002DDB
:10892000C6D10139C4E73900019A022939D0032997
:1089300000D170E00025280001291ED16D026D0ACA
:10894000C0052843D207104305B0F0BD64016D0196
:10895000AC4228D31A200121641B012627004900BC
:108960006400002F01DBA54201D8641B31430138AC
:108970000028F3D1601E84410C4318007F3000288A
:1089800024DD610704D00F212140042900D00434E4
:10899000210103D58033180023490C40E508FE2847
:1089A000CCDD00250DE01B200021013BD5E7802315
:1089B000DB031C4201D01D4229D08025019AED0322
:1089C0002543FF20BAE72C00039AAEE701210025DA
:1089D000091A28001B29B1DC9E3325009C40CD409C
:1089E000631E9C4125436B0704D00F232B40042BAF
:1089F00000D0043580232800DB0418401D420FD12D
:108A0000ED089BE7002380240193E403D5E7039B53
:108A10002C000193D1E70192CFE7002528008DE7D4
:108A2000002501208AE7C046FFFFFFF770B54B0025
:108A3000440245004E02C20F640A01202D0E760A40
:108A40001B0EC90FFF2D06D1002C13D1FF2B11D106
:108A5000002E06D00EE0FF2B0CD09D420AD1B4426E
:108A600008D100208A4205D00130002D02D120001B
:108A7000431E984170BD30B5420245004C02C30F01
:108A80004800520A2D0E640A000EC90FFF2D01D1B5
:108A9000002A19D1FF2801D1002C15D1002D20D199
:108AA000002813D1002A1ED1002C21D0012000293A
:108AB0001ED102381CE08542F8DBA2420CD800200F
:108AC000A24215D20130F2E7022008E0002AEDD0E0
:108AD00099420AD18542EEDD0120002908D04042AA
:108AE00006E00028F4D1002CF2D10120002BF6D1B1
:108AF00030BD30B5420245004C02C30F4800520A57
:108B00002D0E640A000EC90FFF2D01D1002A19D1C4
:108B1000FF2801D1002C15D1002D20D1002813D120
:108B2000002A1ED1002C21D0012000291ED102389C
:108B30001CE08542F8DBA2420CD80020A24215D2EC
:108B40000130F2E7022011E0002AEDD099420AD16B
:108B50008542EEDD0120002908D0404206E00028D1
:108B6000F4D1002CF2D10120002BF6D130BD000051
:108B7000F0B5C30F85B04702440003917F0A240E6D
:108B800002930AD0FF2C71D080227F3C2600002364
:108B9000FF00D204174301930CE001233E1E019312
:108BA00008D03800F7F7E8FB7626431F9F4076424F
:108BB000361A0194039B5C025D00DB0F640A2D0EE4
:108BC00003935AD0FF2D64D080232800E400DB04F7
:108BD0001C437F380023019986198800721C1843B2
:108BE0000A2800DD7EE00299039D69400291022877
:108BF00055DC0138012864D9B9B20D003B0C200CBA
:108C0000A4B2654341435C43434309191F002B0C45
:108C10005B189C4202D9802149027F181904ADB229
:108C20004D19AC01611E8C411B0CAD0EDB192C43A0
:108C30009B011C431B0167D5012361081C400C43A9
:108C400010007F30002861DD630704D00F2323402C
:108C5000042B00D00434230103D5803210003F4B95
:108C60001C40E108FE2834DD00214BE003232600F0
:108C70000193002F9ED1013B8DE720000123002CA2
:108C8000A9D0F7F779FB431F9C4076235B42181A63
:108C9000A0E728000323002C9DD1013B9BE7012185
:108CA0008140A6200D00C000054001421ED1902049
:108CB0008000014246D1B938FF3801429CD0039967
:108CC0000291022BD0D0032B42D000210800012BAF
:108CD000B6D1029B4902490AC0050843DB07184385
:108CE00005B0F0BD0F2804D00B28E8D03C00019B54
:108CF000E7E78023DB031F4201D01C4226D08021FE
:108D0000C9033943FF20E4E7320099E7012300213A
:108D10001B1A08001B2BDCDC9E3221009440D9403A
:108D2000631E9C4121434B0704D00F230B40042BAF
:108D300000D0043180230800DB041840194209D117
:108D4000C908C6E780270295FF03D8E7039B029373
:108D50002700D4E700210120BBE7C046FFFFFFF753
:108D6000F0B543025A0A85B04F02440002924E0009
:108D70007A0A9446C50F0092240E9B09360EC80F3E
:108D8000D200FF2E02D10100002A01D10121414071
:108D9000A01BA94200D093E0002836DD002E13D19D
:108DA000002A07D0461E012802D101249B181EE08C
:108DB000FF2810D1DB08FF285ED1002B5CD0802279
:108DC000D203FF20134357E0FF2C00D13DE1802167
:108DD0000600C9040A4301211B2E07DC2020801B4A
:108DE00011008240F140501E824111435B185A012C
:108DF00000D411E1601CFE2C00D1D5E0012296497F
:108E00001A405B080B40134358E0002820D0301B69
:108E1000002C08D1002B04D0441E0128C5D0FF2807
:108E200008D11300C6E7FF2E00D107E1802104001E
:108E3000C9040B4301211B2C07DC2020001B190057
:108E40008340E140581E8341194334008B18CEE71C
:108E5000FE21601C08422DD1002C18D1002B00D11E
:108E6000EAE0002A00D1DEE09A182000D30852017F
:108E700002D50120794A1340FF22C005D2055B02CA
:108E800010405B0A1843ED07284305B0F0BD002BE6
:108E900000D1D5E0002A00D1D3E080210298C90397
:108EA000884203D30098884200D21300DB089C4616
:108EB000019580E0FF2877D09B185B080400ABE0A9
:108EC000002827DD002E1DD1002A00D172E7461EA2
:108ED000012802D19B1A01240EE0FF2800D169E786
:108EE00001211B2E07DC2020801B11008240F14055
:108EF000501E824111435B1A5A0100D48CE09B0141
:108F00009E096FE0FF2C00D19FE08021C90406007C
:108F10000A43E5E7002824D0301B002C0BD1002B9E
:108F200007D0441E012802D10D00D31AD3E7FF2831
:108F300008D10D0075E7FF2E00D184E08024E40401
:108F40002343040001201B2C07DC18002025E040EF
:108F50002C1BA3405C1EA341184334000D00131AC0
:108F6000CAE7FE27661C03963E400196039E3E42DA
:108F700033D1002C1AD1002B06D11D00002A00D1BC
:108F80007AE70D00009B77E7002A4CD09E1A770104
:108F900006D50D00D31A0020834200D16CE78DE77F
:108FA000331E00D006E72500002365E7002B05D11E
:108FB000002A4CD001916346019D00E7002A40D071
:108FC0008020029CC003844200D26FE7009C844250
:108FD00000D36BE713000D0068E79E1A770114D5E4
:108FE0000D00D61A3000F7F7C7F933000538834073
:108FF00084420EDC2022001B0130121A190093401B
:10900000C1405A1E93410B43C5E7002EEAD105002B
:10901000CAE7134A241A13405A0704D00F221A40F1
:10902000042A00D004335A010FD5601CFE2CBBD09B
:109030000A4ADB0813401FE71300ACE73000F0E6F4
:109040001300FF20B6E6300073E72000B2E680236D
:10905000DB039C46AFE7C046FFFFFF7DFFFF7F1F9E
:10906000FFFFFFFB42024B0240004900520A5B0A2D
:10907000090E000EFF2802D1FE38002A05D100207B
:10908000FF2902D11800431E984170474102430056
:10909000C20F490A00201B0E7E2B03DD9D2B02DD33
:1090A000084BD0187047802000040843952B05DD3D
:1090B000963B9840002AF5D04042F3E79621CB1A20
:1090C000D840F7E7FFFFFF7F70B503000400051EDF
:1090D0000ED0C21785185540C40F2800F7F74CF979
:1090E0009E231B1A962B0ADC08282BD008388540B3
:1090F0006D026D0AD8052843E407204370BD992B03
:109100001BDD020029001B3291400A00511E8A41DA
:109110000521091ACD4015430B4A2A4069070FD093
:109120000F210D40042D0BD00432D508510107D575
:109130009F23064A1B1A1540DAE7421F9540EBE7CA
:10914000D508D5E79623D3E7FFFFFFFBFFFF7F1F7F
:10915000002310B50400984209D0F7F70DF99E23BB
:109160001B1A962B08DC082829D008388440640292
:10917000D805640A204310BD992B1BDD0200210095
:109180001B3291400A00511E8A410521091ACC4028
:1091900014430C4A224061070FD00F210C40042CCD
:1091A0000BD00432D408510107D59F23064A1B1A5D
:1091B0001440DCE7421F9440EBE7D408D7E796233E
:1091C000D5E7C046FFFFFFFBFFFF7F1FF7B5DF0FAF
:1091D000BC460D034C001E03C90F00916D0A410FE0
:1091E000760A570F294337435D00009E640D6D0DCD
:1091F000C000D200631B664500D02EE1002B00DCCE
:109200007AE0002D3CD13D0015431ED05D1E012BA0
:1092100018D1821882428041C919404209181000B1
:109220000A0200D402E1BA4A0133934200D18AE231
:10923000B84C42080C40012101400A43E0071043AA
:109240006108F3E0B24EB34222D14C07CA08B049DC
:10925000C00804438B4206D12100114300D175E2BE
:10926000802109030A432000AB4C1B051203234055
:10927000120B1343009AD2071343190003B0F0BD39
:10928000A34DAC4200D1DDE180252D042F431D000C
:10929000382D2CDC1F2D19DC20233E005B1B9E404B
:1092A000B44616000193EE4063461E43019BEF4017
:1092B0009A4013005A1E934133431B188342804146
:1092C00079184042091818002300A9E72B003E0036
:1092D000203BDE400023202D03D040335B1B9F400A
:1092E0003B0013435A1E934133430027E5E73B00FD
:1092F00013435A1E9341F8E7002B50D02B1B002C30
:1093000012D10C0004430CD05C1E012B06D1801836
:1093100090429241C9195242891881E77C4EB3426A
:109320000AD13900100090E7794CA54200D104E23F
:109330008024240421431C00382C2BDC1F2C18DC37
:1093400020230E001B1B9E40B44606000193E640FE
:1093500063461E43019BE14098400300581E834131
:109360003343981890429241C91952422B008918F0
:1093700056E723000E00203BDE400023202C03D0C4
:1093800040331B1B99400B000343591E8B41334351
:109390000021E6E70B000343591E8B41F8E75F4DC0
:1093A000631C2B4234D10B000343002C14D1002B3F
:1093B00000D1BDE13B00134300D11EE1821882427F
:1093C0008041C919404209180B0200D4B1E1514B48
:1093D00010001940012338E7002B00D1ADE13C001B
:1093E0004B4B144300D130E74B07C0081843CB0860
:1093F000802109030B4206D0FC080C4203D1230054
:10940000D0087F073843410FDB001943C00019E142
:109410003F4CA34200D196E1821882428041CF198D
:1094200040423F18F807520810437908420709D014
:109430000F220240042A05D0021D82428041404290
:10944000091810000A0200D4FFE6314A01339342A2
:1094500000D178E12F4A1140F7E6002B60DD002DA6
:1094600036D13D00154300D1EFE65D1E012B0DD135
:10947000821A90428041C91B4042091A10000A0218
:10948000D4D549021C004D0A019008E1204EB34298
:1094900000D1DAE6382D35DC1F2D22DC20233E00FA
:1094A0005B1B9E40B44616000193EE4063461E438C
:1094B000019BEF409A4013005A1E93413343C31A55
:1094C00098428041C91B4042091A18002300D6E780
:1094D0000F4DAC4200D1B5E080252D042F431D0077
:1094E000D8E72B003E00203BDE400023202D03D098
:1094F00040335B1B9F403B0013435A1E9341334351
:109500000027DCE73B0013435A1E9341F8E7C046AF
:10951000FF070000FFFF7FFF0000F07FFE07000055
:10952000002B54D02B1B002C15D10C0004430FD062
:109530005C1E012B09D1101A824292416346791AAE
:1095400052420093891A012399E7814EB3420AD10E
:1095500061460091E5E67E4CA54200D1EBE0802417
:10956000240421431C00382C2CDC1F2C19DC202364
:109570000E001B1B9E40009333000600E6401E4376
:10958000009BE14098400300581E83413343D01AAA
:1095900082429241791A5242891A62462B00009205
:1095A0006DE723000E00203BDE400023202C03D07B
:1095B00040331B1B99400B000343591E8B4133431F
:1095C0000021E4E70B000343591E8B41F8E7614E8D
:1095D000651C354250D10E003D0006431543002C5A
:1095E00028D1002E0FD1190018000093002D00D1B2
:1095F0002BE6390010006346009303000B4300D1B3
:109600009EE0002312E7002DF7D0851AA842B6414C
:10961000CC1B7642A41B260206D5101A8242924128
:10962000791A5242891AE6E7280020435CD02100CB
:109630002800E2E7002E07D1002D7CD18021180000
:109640000093C903424B00E6414B002D00D1FCE5DD
:109650004B07C0081843CB08802109030B4200D1F7
:10966000D1E6FC080C4200D0CDE6D00862467F0768
:10967000230038430092C6E6851A0195A842AD4101
:109680006D422E00CD1BAD1B2E022AD5131A9A4215
:109690009241019363467F1A5242BD1A0093002DF6
:1096A00025D02800F6F768FE0300083B2022019928
:1096B0000198D21A9D40D140984029439C4233DC06
:1096C0001B1B5A1C1F2A1EDC20230D009B1A0400A2
:1096D00098409D40D440431E98412543D1402843A3
:1096E0008BE701982843DAD101000090ADE501989D
:1096F000F6F742FE030018331F2BD7DD0199083817
:1097000081402800DAE70C001F3BDC400023202AC0
:1097100003D040339B1A99400B0003435A1E9341D8
:1097200020000021184368E70B4AE31A11407DE648
:109730003900100061E7634600933900100081E7AB
:109740001900180081E5002108007EE50A008AE57D
:10975000FF070000FE070000FFFF7FFFF0B589B0A4
:10976000009201930D034B00CA0F060004002D0B5D
:109770005B0D039245D0644A93426BD0420FED00DB
:109780001543802212042A430292604AC4009F18A3
:109790000026019B019A1D03D20F5B0000982D0B40
:1097A0005B0D069266D0584A934200D189E0ED00E5
:1097B0005649420F2A4380255B189C462D041543C9
:1097C000C2000021069B03985840C3B2059363462C
:1097D000B0000843FB1A013804930E2800D999E021
:1097E000F6F76AFD8E002D02D3012D021E022D0216
:1097F000D3018E008E001E02D3017E007E007E000B
:10980000C5012B00034302932CD0002D15D0280056
:10981000F6F7B2FD010003000B391D22521A310088
:109820001800D140083885400A002A433500854099
:109830000292374F2C00FF1AAAE7F6F79DFD0100B0
:109840000300153120331C29E7DD3200083882403F
:109850000292EEE702002A43029207D114001F0091
:10986000022696E7029C0126270092E71F000326A6
:1098700002958EE7009A2A432AD0002D15D02800A1
:10988000F6F77AFD010002000B391D2310005B1A68
:10989000009908388540D9402943009D85401C4BDC
:1098A0009B1A9C462A000D008BE7F6F765FD010028
:1098B0000200153120321C29E7DD0099083881406B
:1098C000EDE7009A2A4307D115009C46022179E76B
:1098D00015009446012175E702009C46032171E7BB
:1098E0003100039B0593022900D1ACE1032900D18B
:1098F000A2E1012900D001E100242300220026E199
:1099000000231C00004A22E1FF07000001FCFFFFCA
:109910000DFCFFFF029B9D4204D300D022E1A24236
:1099200000D91FE1029BE607D907630819430C0021
:10993000029B5B08029313022D02170E00932B0C5F
:109940002F4306930699BBB202980393F6F744FCA3
:10995000BBB243430A04210C050011438B4207D9D3
:10996000C919013D8F4203D88B4201D9851EC919FF
:10997000C81A0699F6F730FCBAB242430904A4B2F9
:1099800003000C43A24207D9E419013BA74203D8C4
:10999000A24201D9831EE4192D041D43A41A009B81
:1099A000009A1B0C12040393120CABB207925A4399
:1099B00007980292039A290C484353435143029A51
:1099C0001B18120C94466344984202D9802252021A
:1099D0008918029A180C12041B04120C40189A18C9
:1099E000844203D302951ED196421CD26B1E029371
:1099F000009BF6189E429B415B42DB19E418A7428C
:109A000003D310D1009BB3420DD8A04202D80AD193
:109A1000B24208D9AB1E0293009BF6189E429B41AE
:109A20005B42DB19E418B51AAE42B641201A764201
:109A3000801B874200D1ADE00699F6F7CDFBBBB2A3
:109A400043430A04290C040011438B4207D9C91966
:109A5000013C8F4203D88B4201D9841EC919C81A10
:109A60000699F6F7B9FBBBB243430904ADB2020055
:109A70000D43AB4207D9ED19013AAF4203D8AB42CF
:109A800001D9821EED19ED1A2304039E1343079991
:109A900007981C0C9AB251436043724374431218E6
:109AA0000E0CB218904202D9802040022418100CEB
:109AB00009041204090C00195118854204D31C0032
:109AC000854219D1002919D07D195C1EBD420ED3E3
:109AD000854203D310D1009A8A420AD29C1E009B71
:109AE0005A009A429B415B42DB19ED180092854275
:109AF00002D1009B994201D001231C43049B554A8B
:109B00009A18002A49DD63070BD00F232340042B4A
:109B100007D0231DA342A4410299644209191C00E5
:109B20000291029BDB0108D54B4B029A1A4080231D
:109B3000DB009C460292049A6244484B9A4200DD44
:109B400081E0029BE4085B071C43029BDB081B03CC
:109B500012051B0B1343059A2000D207134319006B
:109B600009B0F0BD049B0026013B0493E3E680238B
:109B700002991B03194201D01D4258D08023029A3A
:109B80001B031343039A0592BCE6069B140005933E
:109B90000295A8E601246442B0E70121891A382918
:109BA00000DDA9E61F2926DC2D4A049B9446634468
:109BB00020009C40029AC8409A4023000243581E4D
:109BC00083411A43029B1400CB40620709D00F2245
:109BD0002240042A05D0221DA242A44164421B193E
:109BE000140080211A0009040A400B422ED1E1081A
:109BF0005C070C43AAE71F235B429B1A029ADA40D8
:109C00000023202906D01749049B8C4602996344FF
:109C100099400B001C43631E9C4100231443D4E76E
:109C200000231C00039380231B030293A6E7069BDB
:109C3000140003930295A1E7059B03939EE700237D
:109C40001C001A0083E7002423005BE600230122A6
:109C50001C007CE7FF030000FFFFFFFEFE07000083
:109C60001E0400003E040000F0B58BB0009201938A
:109C70000D034B00CA0F06002D0B5B0D039200D1A4
:109C800011E1CE4A934200D135E1ED00420F2A4363
:109C900080252D041543CA4AC4009B181F000023C9
:109CA0000293019B00981E035A00DB0F360B520DE6
:109CB000049300D12EE1C14B9A4200D150E1430FF1
:109CC000F60033438026BE4936041E43C3005018B5
:109CD0000022C119069101310091029988001043B8
:109CE0000A2800DD76E10399049F79400391022858
:109CF00000DD44E10138012800D853E1190C9BB282
:109D000002911900220CA4B2514320008C46029FFC
:109D1000029958435143674305916744010CC9199F
:109D200004908C4505D9802040028446059F6744F5
:109D30000597080C84466846008A090409180991A9
:109D4000310CB6B2049130003100049F614350439E
:109D50007C437A4324180F0C3C19A04202D980207E
:109D600040021218200C8218240489B2079262184B
:109D70000892089962468C46290CADB22800029FD1
:109D800058436F434B4362449446029CFF18020CB5
:109D9000D2194C43934202D980235B02E418130C7E
:109DA0001B1902932B0080B21204121804987343FB
:109DB00045434E434143A8191D0C2D18AE4202D90C
:109DC000802040020918059F089867448742B641E1
:109DD000BF189742924128049BB2C018079B764255
:109DE000C01853420493029B84199C46A4446346C2
:109DF000049AB442A4419B18079A6442904280415D
:109E0000029A4042044394458041049A2D0C9342A7
:109E100092414042524210436419099A241864182E
:109E2000790211434A1E9141FF0DDE0D6402394350
:109E30005B0226430B43E40100D4DEE001215A0813
:109E40000B401A43F307CE401343009A5D49521862
:109E5000002A00DCD4E0590709D00F211940042959
:109E600005D0191D99429B415B42F6180B00F10188
:109E700006D58021C9008C46534A1640009A624498
:109E800052498A4200DD07E17407DB081C43F608EB
:109E900013053603039A360B3343D20713432000CE
:109EA00019000BB0F0BD2C0004432BD0002D16D0B0
:109EB0002800F6F761FA040002000B3C1D23300075
:109EC0001B1B1100D84008398D4003002B4335007F
:109ED0008D403F492C008A1A17001D00DFE6F6F777
:109EE0004BFA04000200153420321C2CE6DD33004E
:109EF00008388340EDE704002C4307D11F002500FC
:109F00000223CDE6250027000123C9E61F00040037
:109F10000323C5E6009B334329D0002E14D0300024
:109F2000F6F72AFA010003000B391D221800521A15
:109F3000009908388640D1403143009E864024482D
:109F4000C01A33000E00C3E6F6F716FA010003004C
:109F5000153120331C29E8DD009908388140EEE7EF
:109F6000009B334307D110001E000222B1E61E0001
:109F700018000122ADE6030010000322A9E601212A
:109F80008140A6200F00C0000740014226D190204A
:109F90008000014276D1B938FF38014200D1ADE6E8
:109FA00004990391022A77D0032A72D0012A00D0A3
:109FB0004BE70026340032006AE7C046FF07000086
:109FC00001FCFFFFFF030000FFFFFFFEFE07000094
:109FD0000DFCFFFF0F2805D00B28E1D02E00230039
:109FE000029ADFE780221203154201D016424ED0BA
:109FF000802636032E432C4A4AE7069A009224E72D
:10A000000120801A3828D4DC1F2827DC2749009A31
:10A010008C461C006244310093409140C4401A00B9
:10A020002143531E9A410B00C64013435A0709D0DF
:10A030000F221A40042A05D01A1D9A429B415B4206
:10A04000F618130080213000090408400E4226D182
:10A050007407DB0802001C43F60819E71F21494278
:10A060008A1A3100D1400022202805D01048009AD9
:10A07000844662449640320013435A1E93410026A0
:10A080000B43D3E780253C0003972D03B0E7049AE8
:10A09000039235001C00ABE700263400ABE7002636
:10A0A00001223400F4E6C046FF0700001E04000051
:10A0B0003E040000F0B585B002920393CB0F0D0370
:10A0C0000193039B4C006D0A410F1F032943DE0FD0
:10A0D0005D00029B7F0A5B0F029A3B43BD4F640DFC
:10A0E000C0006D0DD200BD4203D11F00B44617431E
:10A0F00002D101277740BC46019E671BB44500D0C2
:10A100002DE1002F00DC7AE0002D3CD11D0015432D
:10A110001ED07D1E012F18D1821882428041C9189D
:10A120004042091810000B0200D401E1A94B01378D
:10A130009F4200D185E20122A74B0240194043080B
:10A140001343C80718434908F2E0A24EB74222D190
:10A150004A07CB089F49C00802438F4206D111002D
:10A16000194300D170E2802109030B4310009B4A80
:10A170003F051B0317401B0B1F43019BDB071F43BE
:10A18000390005B0F0BD934DAC4200D1D8E1802537
:10A190002D042B433D00382D2CDC1F2D19DC2026EF
:10A1A0001F00761BB740BC4617000296EF4066467C
:10A1B0003743029EEB40B2401600721E96413E436A
:10A1C000361886428041591840420918270030004D
:10A1D000A9E72E001F00203EF7400026202D03D0C7
:10A1E0004036761BB3401E001643731E9E413E430D
:10A1F0000023E5E713431E00731E9E41F8E7002F7E
:10A2000050D02F1B002C12D10C0004430CD07C1E0C
:10A21000012F06D1801890429241C91852428918E4
:10A2200081E76C4EB7420AD11900100090E7694CE3
:10A23000A54200D1FEE18024240421433C00382CB7
:10A240002BDC1F2C18DC20260F00361BB740BC4629
:10A2500007000296E74066463743029EE140B04061
:10A260000600701E86413E43B01890429241C918C4
:10A2700052422F00891856E726000F00203EF74073
:10A280000026202C03D04036361BB1400E0006437A
:10A29000711E8E413E430021E6E701430E00711E10
:10A2A0008E41F8E74E4D671C2F4233D10D00054318
:10A2B000002C14D1002D00D1B7E11C00144300D1B3
:10A2C00019E1821882428041C918404209180B02E4
:10A2D00000D4ABE1404B10000127194038E7002DB6
:10A2E00000D1A7E11C00144300D129E14C07C008AC
:10A2F00020438024C9082403214206D0DD082542DA
:10A3000003D12900D0085B071843CA00410F11434D
:10A31000C00015E12F4CA74200D192E18218824281
:10A320008041CB1840421B18D807520810435908E7
:10A33000430709D00F230340042B05D0031D83429C
:10A3400080414042091818000B0200D400E7214B5D
:10A3500001379F4200D174E11F4B1940F8E6002FEE
:10A360005FDD002D3ED11D00154300D1F0E67D1EBE
:10A37000012F0DD1821A90428041C91A4042091A18
:10A3800010000B02D4D549023C004D0A029003E1B3
:10A39000104EB74200D1DBE6382D3DDC1F2D2ADC04
:10A3A00020261F00761BB740BC4617000296EF40E0
:10A3B00066463743029EEB40B2401600721E96413D
:10A3C0003E43861BB0428041C91A4042091A270009
:10A3D0003000D6E7FF070000FFFF7FFF0000F07F9F
:10A3E000FE070000994DAC4200D1A9E080252D0464
:10A3F0002B433D00D0E72E001F00203EF7400026F3
:10A40000202D03D04036761BB3401E001643731E2A
:10A410009E413E430023D4E713431E00731E9E411A
:10A42000F8E7002F51D02F1B002C14D10C0004434F
:10A430000ED07C1E012F08D1101A82429241591A67
:10A440005242891A634601939BE7804EB7420AD174
:10A4500061460191E8E67D4CA54200D1E8E0802408
:10A46000240421433C00382C2ADC1F2C17DC202636
:10A470000F00361BB74001963E000700E740374308
:10A48000019EE140B0400600701E86413E43901B95
:10A4900082429241591A52422F00891AD2E726006D
:10A4A0000F00203EF7400026202C03D04036361BFC
:10A4B000B1400E000643711E8E413E430021E6E787
:10A4C00001430E00711E8E41F8E7614E651C354256
:10A4D0004FD11D000E0015430643002C28D1002E3D
:10A4E0000FD1210020000194002D00D130E6190089
:10A4F00010006346019303000B4300D19DE0002749
:10A5000016E7002DF7D0851AA842B641CC1A76423C
:10A51000A41B260206D5101A82429241591A5242B1
:10A52000891AE6E7280020435BD021002800E2E7F3
:10A53000002E07D1002D7BD1802138000197C9035F
:10A54000424F05E6002DFBD04C07C0082043802475
:10A55000C9082403214208D0DD08254205D15B0744
:10A56000D0081843634629000193CB00410F1943DB
:10A57000CEE6851A0295A842AD416D422E00CD1A55
:10A58000AD1B2E022AD5101A824292415B1A52420A
:10A590009D1A634602900193002D25D02800F5F7FF
:10A5A000EBFE08380700202302990298DB1BBD4010
:10A5B000D940B8402943BC4233DC3F1B7A1C1F2AD8
:10A5C0001EDC20230D009B1A040098409D40D440BF
:10A5D000431E98412543D14028438CE702982843E5
:10A5E000DAD101000190B3E50298F5F7C5FE070046
:10A5F00018371F2FD7DD0299083881402800DAE785
:10A600000C001F3FFC400023202A03D040339B1A3C
:10A6100099400B0003435A1E934120000021184328
:10A6200069E70C4BE71B194082E61900100062E74E
:10A63000614601911900100082E7190018001F00FF
:10A6400086E50021080083E50B008FE5FF07000089
:10A65000FE070000FFFF7FFF0B0070B5114E0C03DB
:10A6600049000200240B0020490DDD0FB14204DD3A
:10A670000D48814202DD0D4BE81870BD802040037B
:10A6800020430B4C641A1F2C08DC0A4EE240891947
:10A6900088401043002DF0D04042EEE7064B5B1A95
:10A6A000D840F7E7FE0300001D040000FFFFFF7F16
:10A6B00033040000EDFBFFFF13040000FE2270B521
:10A6C0004400240E4302611C5D0AC60F11420DD0E6
:10A6D000E0229200A4181B0B6D071B031B0B240523
:10A6E000F6071C4334432800210070BD002C18D10C
:10A6F0002300002DF1D02800F5F73EFE0A280ADCE1
:10A700000B232A001B1ADA40130002001532954071
:10A71000094C241AE1E703000B3B9D402B00250068
:10A72000F6E7002D06D01A0B80231B036D07134399
:10A73000024CD2E72B00FBE789030000FF07000073
:10A740000A03F0B5520A4B00460F5B0D1643304A20
:10A750005D1CCC0FC700154241D02E4A9D18FE2D1E
:10A7600054DC002D32DC2A0017324BDB8021090437
:10A7700031431E26761B1F2E16DC274A9B183A00F3
:10A780009F409940781E8741F2400F433A4300238F
:10A79000510739D00F211140042935D0043251011D
:10A7A00032D50133002228E0022208005242521B17
:10A7B000D04002000020202E03D018481B189940DA
:10A7C00008003843431E98410243E0E78201531ECC
:10A7D0009A41F6007F0F32432B003A43D8E73A0004
:10A7E0003243002B03D1002A07D00122D6E7FF23F2
:10A7F000002A02D08022D2033243D8051043E40756
:10A800002043F0BD0023F0E7D208F6E7FF23C9E7B5
:10A81000FE07000080FCFFFF82FCFFFFA2FCFFFFA1
:10A82000F0B50F0087B006000490F80F03901803EE
:10A83000000B5C000290600D0190D80F8446184810
:10A840000D0349002D0B490D0592814207D12C00C3
:10A85000012034431FD1019C8C421CD102E0019C99
:10A86000844204D1029802430120002A13D1019BA3
:10A87000012099420FD1029B9D420CD1049B059A65
:10A88000934208D1039B634507D0002903D12800D8
:10A890003043431E984107B0F0BD0020FBE7C0469F
:10A8A000FF070000F0B587B0009001910099019872
:10A8B000049101992C4F0903090B8C460199C50F8E
:10A8C0004900490D1C03580003910592240B400DCB
:10A8D000DE0FB94203D1674600990F4335D12249B3
:10A8E000884202D1270017432FD100270399B9428C
:10A8F00005D16146009F0F4339004F424F41002868
:10A9000025D12243002F06D0002A2AD00120002E74
:10A9100027D1023825E0002A1BD10120002D20D0AC
:10A9200040421EE0039B8342F0DBA445F5D808D1EA
:10A93000049B059A9342F0D8049B059A0020934209
:10A940000FD20120002D0CD1E3E70220E8E7002F11
:10A95000DCD1AE42E1D1039B8342E3DD0120002E36
:10A96000DED107B0F0BDC046FF070000F0B587B0EC
:10A970000090019100990198049101992C4F0903CD
:10A98000090B8C460199C50F4900490D1C0358005D
:10A9900003910592240B400DDE0FB94203D16746A7
:10A9A00000990F4335D12249884202D1270017432D
:10A9B0002FD100270399B94205D16146009F0F436B
:10A9C00039004F424F41002825D12243002F06D0A5
:10A9D000002A2AD00120002E27D1023825E0002AA3
:10A9E0001BD10120002D20D040421EE0039B83425A
:10A9F000F0DBA445F5D808D1049B059A9342F0D822
:10AA0000049B059A002093420FD20120002D0CD107
:10AA1000E3E7022009E0002FDCD1AE42E1D1039B45
:10AA20008342E3DD0120002EDED107B0F0BDC04639
:10AA3000FF0700000EB48123F0B500269CB021ADC5
:10AA400002AC9B0080CDA3811B9602900690F5F787
:10AA5000BDFC0B4B03900B930123079009485B420D
:10AA6000E3813A002B00210000680F9614960195AF
:10AA700000F0BEFB1CB0F0BC08BC03B01847C046D9
:10AA800089AA0410882A00200020704770B50600AB
:10AA9000140008001A009AB0002C05DA8B2301205C
:10AAA000336040421AB070BD8223694600259B0086
:10AAB0008B81199500900490AC4200D0651E012353
:10AAC0005B42CB8130001E9B8D604D6100F030FAFF
:10AAD000431C01DA8B233360002CE3D00022009B5F
:10AAE0001A70DFE713B5044C009313000A0001004D
:10AAF0002068FFF7CBFF16BD882A002030B5002460
:10AB00000139A24201D1002005E0035D01340D5D51
:10AB1000AB42F6D0581B30BD10B5884202D98B1815
:10AB2000984208D300239A4207D0CC5CC454013326
:10AB3000F9E78B5C8354013AFBD210BD0300821805
:10AB4000934200D1704719700133F9E7F0B5002244
:10AB5000040003270A4EA35CF05C3840012800D1B2
:10AB60002033885C355C3D40012D00D120301D1A1A
:10AB7000834203D101320028EDD1F0BD2800FCE76B
:10AB800009400610C9B20378002B04D08B4200D1D3
:10AB900070470130F7E74B42594149420840F7E717
:10ABA000030030B51D00002A06D00C78013A0133AD
:10ABB0002C700131002CF5D100219A18934200D15C
:10ABC00030BD19700133F9E7030041188B4202D000
:10ABD0001A78002A01D1181A70470133F6E770B5C8
:10ABE0000024CDB2C9B2A14206D12900FFF7CAFFA5
:10ABF000040006E01C00581C2900FFF7C3FF031ED9
:10AC0000F8D1200070BD0A7830B5002A0CD130BDD3
:10AC10009A4208D10123CC5C002CF8D0C55CA54237
:10AC200001D10133F7E701300378002BF0D1180090
:10AC3000EDE70000014B18687047C046882A0020E5
:10AC40007047704710B500F00AF810BD10B5FFF757
:10AC500063FF10BD10B5002200F08EFF10BD002371
:10AC600010B59A4200D110BDCC5CC4540133F8E752
:10AC700070B505000C1E10D0043C2368002B00DAD0
:10AC8000E418280000F0E0F81D4A1368002B05D1F5
:10AC900063601460280000F0DFF870BDA34208D99B
:10ACA000206821188B42F3D119685B68091821606C
:10ACB000EEE71A005B68002B01D0A342F9D91168B6
:10ACC0005018A0420BD12068091850181160834217
:10ACD000E0D118685B68411811605360DAE7A04260
:10ACE00002D90C232B60D5E7206821188B4203D1B1
:10ACF00019685B680918216063605460CAE7C04640
:10AD0000B424002070B50F4E0D00316804000029F6
:10AD100002D100F01FFF30602900200000F01AFF70
:10AD2000431C03D101256D42280070BD0323C51CBF
:10AD30009D43A842F8D0291A200000F00BFF0130F3
:10AD4000F2D1EFE7B0240020F7B50322CB1C9343E8
:10AD5000083305001F000C2B34D20C27B94233D81E
:10AD6000280000F071F8374E33681C00002C2FD1FA
:10AD700039002800FFF7C6FF0400431C5FD1346888
:10AD80000094009B002B4AD1002C52D0236828004D
:10AD9000E3180099019300F0DDFE019B834248D146
:10ADA00023682800FF1A3900FFF7ACFF013040D0BC
:10ADB0002368DB19236033685A68002A33D1009B6B
:10ADC000336019E0002BC9DA0C232B600020FEBD94
:10ADD0002168C91B20D40B290AD9E2192760A34294
:10ADE00004D1326063681160536005E05A60F9E78E
:10ADF0006268A3420ED13260280000F02DF82000D6
:10AE000007220B30231D9043C21A9842DFD01B1A31
:10AE1000A350DCE75A60EFE723006468A6E7009CD4
:10AE200063680093ADE71A005B68A342FBD100237F
:10AE3000DAE70C2328002B6000F00EF8C6E7076065
:10AE4000DAE7C046B424002010B50248FFF7F8FE48
:10AE500010BDC046AC24002010B50248FFF7F1FE3B
:10AE600010BDC046AC240020F0B58E6885B01F0030
:10AE70000C00330002900392BE4254D80C22885E2C
:10AE80009022D20010422CD00322096923685B1A59
:10AE9000019363695343019ADD0FED187B1C6D101C
:10AEA0009B182A00AB4201D91D001A00400527D586
:10AEB00011000298FFF748FF061E2AD0019A216967
:10AEC000FFF7CDFEA289194B1A4080231343A381BB
:10AED000019B2661F618266065613E00ED1A3B0075
:10AEE000A5601F003A0003992068FFF715FE0020B7
:10AEF000A3689B1BA3602368DB19236005B0F0BD2A
:10AF0000029800F04BFE061EE2D121690298FFF77D
:10AF1000AFFE0C230120029A40421360A289343311
:10AF20001343A381EAE73E00DCE7C0467FFBFFFF57
:10AF3000F0B59FB002901C008B890E0015001B0617
:10AF400011D50B69002B0ED14021FFF7FDFE3060BB
:10AF50003061002805D10C23029A13600120404281
:10AF6000D4E0402373610023292102AA52180B93D5
:10AF700020331370013102AA103352181370059454
:10AF80002C002378002B01D0252B48D1671BAC4225
:10AF90000BD03B002A0031000298FFF765FF01301B
:10AFA00000D1AEE00B9BDB190B932378002B00D173
:10AFB000A7E00122532100235242079202AA52180D
:10AFC000651C06930993089313701C93554F2978B9
:10AFD0000522380000F0D7FD6C1C069906AB00284E
:10AFE0001FD1CA0604D55327202202A8C019027017
:10AFF0000A0704D553272B2202A8C01902702A7809
:10B000002A2A15D02C0000200A27DA682178651C2E
:10B010003039092950D9002811D009920FE00134A4
:10B02000AFE70123C01B83400B4325000693CDE708
:10B03000059A101D12680590002A37DBDA60227825
:10B040002E2A0CD162782A2A3BD1059A0234111D8E
:10B0500012680591002A01DA012252425A60324DEB
:10B0600003222800217800F08EFD06AF002806D0CC
:10B070004023401B8340069A0134134306932178F2
:10B0800006222A48651C397600F07DFD00283FD055
:10B09000274B002B29D10722059B07339343083305
:10B0A00005930B9B03995B180B9369E75242DA6097
:10B0B00002220A430692C2E77A432C00012052186A
:10B0C000A4E700220A205A601100130001342278FC
:10B0D000651C303A092A03D9002BC0D00791BEE77E
:10B0E00041432C0001238918F1E705AA0092390099
:10B0F0003200104B029800E000BF0390039B013325
:10B10000CFD1B3890B985B0600D527E71FB0F0BD00
:10B1100005AA009239003200064B029800F03AFA74
:10B12000EBE7C046094106100F4106101341061017
:10B130000000000069AE041070B514004B1C03D170
:10B1400001256D42280070BD938920229343626BD4
:10B15000A381CEB26368CDB2002A10D0A26B9A420E
:10B1600007DD2368013B23601E7063680133636061
:10B17000E8E7210000F0B0FC0028F2D0E0E7216908
:10B180002268002907D0914205D2511E0878A842B2
:10B1900001D12160EAE7236423004433636303237E
:10B1A000A36323004633E2631E7023600123DEE7BE
:10B1B00010B50C00496B00290ED02300443399428E
:10B1C00001D0FFF755FD0020236C6063636083426C
:10B1D00002D0E36B236010BD2369012023600023AC
:10B1E000A289636020331343A3814042F3E7000048
:10B1F000F0B5AA4C0D000021A5440190BE20489155
:10B20000499105A94A91A64945AC40002150A5495C
:10B2100004302150049313780293002B00D13BE1BA
:10B22000A14E0820F15C0823571C0B4001421CD0A2
:10B230006B68002B10DD08212B681A78B25C0A427B
:10B2400001D13A00E7E722690133013222616A68DD
:10B250002B60013A6A60EBE7C0235B002900E358EA
:10B26000019898470028E6D0EBE70299252962D19A
:10B27000A360236053782A2B02D11A3B2360971CCA
:10B280003E000A223178771C0B00303B092B1FD976
:10B29000864B03221800039300F075FC002807D0AA
:10B2A000039B3E00C01A012383402268134323609E
:10B2B0003378771C782B06D8572B10D8252B3AD00B
:10B2C00034D8002B55D00323A3610733636077E0A4
:10B2D000A3683E005343303B5B18A360D2E71800DD
:10B2E00058382028EFD8F5F779F84B00EEFFEEFF3D
:10B2F0006000EEFFEEFFEEFFEEFFEEFFEEFFEEFF73
:10B3000089005E00240024002400EEFF5500EEFFBB
:10B31000EEFFEEFFEEFF910059004700EEFFEEFF5B
:10B320008F00EEFF5E00EEFFEEFF4B00453B022B71
:10B33000C9D8052335E06B68002B0EDD2B68029918
:10B340001A788A4200D0A7E001336A682B6023692B
:10B35000013A01336A60236173E7C0235B0029006F
:10B36000E358019898470028E8D04898002800D072
:10B370008AE0012040428BE0202221680A432260BB
:10B380008022216892000A432260102246926E2B8E
:10B3900006D801E000234693032302E008234693E6
:10B3A00004234B930CE00A22F0E7390005A800F0D3
:10B3B00059FB402322680700134323600123A36144
:10B3C0006B68002B31DD23685B0608D4C02676004D
:10B3D0002B6835491A788A5C08210A422ED14B9B8A
:10B3E000022B3DDC2A002100019804AB00F0DEF9BD
:10B3F000012851D0022800D023E7B6E74023226875
:10B40000134323600023DAE70223CAE72268D30646
:10B4100000D516E7049B2169181D04901B68D60708
:10B4200001D519800DE719600BE7C0235B002900E7
:10B43000E358019898470028C5D096E72269013261
:10B4400022616A68013A6A60002A02DD01332B60DA
:10B45000BEE72900A359019898470028B8D084E78F
:10B46000042B06DC2A002100019804AB00F0FEF951
:10B47000BEE70F4B002B00D1E3E62A002100019824
:10B4800004AB00E000BFB3E7AB895B0600D570E713
:10B49000A7239B009D44F0BD4898F9E764FDFFFF9A
:10B4A00039B10410B1B10410094006100F41061063
:10B4B00000000000F7B5160001938A680B690C00C4
:10B4C0000090934200DA1300220033604332127876
:10B4D000002A01D00133336023689B0602D533680C
:10B4E000023333602268062315001D401A4227D01C
:10B4F000230043331B785A1E93412268920630D4AE
:10B50000220001990098089D4332A847013025D0B8
:10B510000622236800251340042B05D13368E56813
:10B52000ED1AEB43DB171D40A3682269934201DD4E
:10B530009B1AED180026B54220D1002010E00135FD
:10B54000E36832689B1AAB42D2DD220001230199E5
:10B550000098089F1932B8470130F0D101204042CD
:10B56000FEBD3020E1184331087021005A1C4531DE
:10B570000978A218433202331170C1E72200012377
:10B5800001990098089F1A32B8470130E6D0013679
:10B59000D1E70000F0B58BB006920A004332079362
:10B5A000059003920A7E0C00109B782A09D8622A23
:10B5B0000BD8002A00D1BAE07A490491582A00D168
:10B5C0008EE0250042352A7022E0100063381528ED
:10B5D000F7D8F4F703FF16001F00F6FFF6FFF6FF9B
:10B5E000F6FF1F00F6FFF6FFF6FFF6FF9F0036009E
:10B5F0007E00F6FFF6FFB000F6FF3600F6FFF6FF1E
:10B60000820025001A684235111D196013682B70DD
:10B6100001239EE018680968021D0D060BD5066817
:10B620001A60002E03DA2D23039A764213705D4BC5
:10B630000A27049318E006681A604906F1D536B265
:10B64000EFE70868196840C9050602D4400600D52E
:10B65000B6B21960534B0A2704936F2A00D1023FF8
:10B660002300002243331A706368A360002B06DBBB
:10B6700004212268039D8A43226033430CD0039D3A
:10B6800030003900F4F7A8FD049B013D5B5C2B7092
:10B69000330006009F42F3D9082F09D12368DB0746
:10B6A00006D5626823699A4202DC3023013D2B7083
:10B6B000039B5B1B2361079B210000930598069B5E
:10B6C00009AAFFF7F7FE013048D1012040420BB034
:10B6D000F0BD202209680A43226078223249049191
:10B6E000210045310A701968226840C9100602D449
:10B6F000500600D5B6B21960D30702D520231343F4
:10B700002360002E01D01027AAE72022236893434C
:10B710002360F8E71A680D68101D496918601368FE
:10B720002E0601D5196002E06D06FBD519800023B5
:10B73000039D2361BFE71A68111D19601568002178
:10B740002800626800F01FFA002801D0401B6060EA
:10B75000636823610023039A1370ACE72A0023690E
:10B7600006990598079DA8470130AED023689B072E
:10B7700015D4099BE0689842A9DA1800A7E72200CF
:10B78000012306990598079E1932B04701309CD0D5
:10B790000135E368099A9B1AAB42F0DCE9E7002522
:10B7A000F7E7C0461A4106102B410610F7B5150001
:10B7B0008A680C000190002A04D18A69002A17D1F6
:10B7C0000132A2602268D20603D41A68111D1960E2
:10B7D00017680026A069002816D001280BD12B6815
:10B7E00062691B78D35C002B0ED1002E3BD029E080
:10B7F00001225242E5E7022824D12B681A4A1B781D
:10B80000D35C082213421DD1102223680136134253
:10B8100003D12B681B783B7001372A686B680132B3
:10B820002A60A268013B013A6B60A260002A09D03D
:10B83000002BCFDCC0235B002900E3580198984718
:10B840000028C7D022681023110019401A4206D1DF
:10B85000E3680133E360A369002B00D03970002056
:10B8600023699B192361FEBD09400610F0B58BB01A
:10B870000193764B1600049007AAA1CBA1C2744A8B
:10B880008B690C000592032B01D1724B0593AE22FC
:10B890000020A3685200591E0390914205D95E3BD7
:10B8A000FF3B03935E23FF33A36023001C3300930D
:10B8B000D023002722681B0113432360009B0293BF
:10B8C000336807A81978BB000222185800F05BF90A
:10B8D000002829D0012F5DD16368002B06D10833E1
:10B8E00022686360F933FF331343236023685A4AA5
:10B8F00013402360A3685A1EA260002B14D0336843
:10B900005A1C32601B78029A13707368551C013BF5
:10B910007360002B07DCC0235B003100E358049800
:10B92000984700287DD102950137032FC8D163685D
:10B93000002B01D10A336360002748496069C91AA6
:10B9400000F090F8029DA36820680293002B3FD07E
:10B95000316863690A789B5C002B39D0302A28D182
:10B9600080231B01184224D0039B0137002B05D0F4
:10B970001A00029B013A01330392A3607368013BF2
:10B980007360002B1CDD336801333360A368013B17
:10B99000A360D8E7022FADD1C02380212268DB004D
:10B9A000134089008B42C2D110236360F0331343EC
:10B9B0009FE72B4B034023600B782B700135DDE7AD
:10B9C000C0235B003100E358049898470028DDD07D
:10B9D0002368DB050ED5009B9D4207D9BE23013DA0
:10B9E0005B0032002978E35804989847009B0120B7
:10B9F0009D4228D0216810230A001A4019421BD109
:10BA00002A70636800990498059EB047019B2168DD
:10BA10001B681A1D8E0606D501990A601B681860FE
:10BA200007E00027D4E7CE07F6D501990A601B6826
:10BA30001880E3680133E3600020009BED1A23695E
:10BA4000ED195B1923610BB0F0BDC046F01D061067
:10BA500019BE041011BD0410FFFAFFFF4C4106107F
:10BA6000FFF6FFFF70B50B7804005E2B19D04D1C5C
:10BA700000212200601CFF30117001328242FBD194
:10BA8000681E002B26D001264E402800E65401787F
:10BA9000451C2D2909D05D291BD000291AD00B0087
:10BAA000F3E74B788D1C0121E3E742785D2AF6D05D
:10BAB0009342F4DC19000230013166548A42FBDC07
:10BAC000934203DB00220133D318E0E7D21A013A94
:10BAD000F9E7280070BD00000B00F7B54D6B44334B
:10BAE0000C009D421CD18026F6003100FFF72CF996
:10BAF000002802D101204042FEBD23006063A663FE
:10BB000046331A78104BC254230045331A780F4B32
:10BB1000C2542A780E4BC254C01820600020EBE7B4
:10BB20008E6B290073001A00019300F037F8051E90
:10BB3000E0D08719010032003800FFF790F8019B30
:10BB400027606563A363E9E7FF030000FE030000CD
:10BB5000FD030000002370B5064D040008002B60B3
:10BB6000F7F7CCFB431C03D12B68002B00D02360DC
:10BB700070BDC046A82400200B0010B511001A00AB
:10BB8000FEF7DCFF10BDC9B28218904201D100203F
:10BB9000704703788B42FBD00130F6E7F7B506001B
:10BBA0000C001500002905D11100FFF7CDF80400A5
:10BBB0002000FEBD002A03D1FFF75AF82C00F7E75A
:10BBC00000F02EF90700854202D84308AB42EFD3BC
:10BBD00029003000FFF7B8F80190002801D1019C3E
:10BBE000E6E72A00BD4200D93A0021000198FFF79C
:10BBF00036F821003000FFF73BF8F0E7F0B585B0EC
:10BC000017001E0003900191242B23D80C00012B58
:10BC100020D03D4B08229C46230061461D7801340C
:10BC2000485D010011401042F6D12D2D19D1257823
:10BC30009C1C012300931022330093431DD1302D0F
:10BC400015D1202123788B43582B10D165780234ED
:10BC5000102612E0FEF7EEFF16230360002005B069
:10BC6000F0BD00912B2DE6D125789C1CE3E7002E3A
:10BC7000EED10A36302D00D1023E244A009B944674
:10BC80006344310018000293F4F7A6FA00228446B8
:10BC900010002B00303B092B11D81D00AE421DDDDA
:10BCA000531C09D001225242844505D301D1A94237
:10BCB00011DB01227043281825780134E9E72B00B5
:10BCC000413B192B01D8373DE8E72B00613B192B8D
:10BCD00004D8573DE2E701225242EDE7531C08D158
:10BCE0002223039A02981360002FB8D0631E019399
:10BCF00007E0009B002B00D04042002FAFD0002A6D
:10BD0000F4D1019B3B60AAE709400610FFFFFF7FCB
:10BD100010B5FFF773FF10BDF0B51E003D4B1700C7
:10BD20000C009C46082285B00390009123006146D8
:10BD30001D780134485D010011401042F6D12D2DCF
:10BD400012D125789C1C01230293102233009343C7
:10BD500016D1302D0ED1202123788B43582B09D1B9
:10BD60006578023410260BE002912B2DEDD1257859
:10BD70009C1CEAE7002EF5D10A36302D00D1023E98
:10BD8000012031004042F4F7EBF90190012031002D
:10BD90004042F4F721FA002318002A00303A092A19
:10BDA00012D81500AE421EDD5A1C0AD00123019A9A
:10BDB0005B42824205D301D1A94211DB01237043CA
:10BDC000281825780134E8E72A00413A192A01D8D1
:10BDD000373DE7E72A00613A192A04D8573DE1E7E1
:10BDE00001235B42EDE75A1C07D122220399180078
:10BDF0000A60002F09D105B0F0BD029A002A00D0D8
:10BE00004042002FF7D0002B01D0631E0093009B0F
:10BE10003B60F0E70940061010B5FFF77DFF10BD4D
:10BE20000B1F1B68181F002B01DA0B58C018704736
:10BE300070B5041C00F048FA211C051C201CFDF7FD
:10BE400011F9002810D1201C00F076F8FE21890598
:10BE5000F4F7F4F9002807D0FEF7ECFE2123036085
:10BE6000024800F0EDF8051C281C70BD281E0610C5
:10BE700070B5041C00F08AFB051C201C00F0D8F8EB
:10BE800000280BD00D49201CF4F7D8F9002807D161
:10BE90000B49201CF4F7BEF9002808D1281C70BDFE
:10BEA000FEF7C8FEFF252223ED050360F6E7FEF747
:10BEB000C1FE222300250360F0E7C0461772B1429D
:10BEC000B5F1CFC210B51B4A430082B05B08934264
:10BED00018D9FF22D205934204D3011CFCF740FF7E
:10BEE00002B010BD694600F075FC032301990340C0
:10BEF0000098012B11D0022B08D0002B15D100F097
:10BF0000A3F8EDE7002100F09FF8E9E700F09CF8C6
:10BF100080231B069C466044E2E7012200F05CF9A6
:10BF200080231B069C466044DAE7012200F054F9A6
:10BF3000D6E7C046D80F493F400040087047C0468A
:10BF4000F8B506000F0014001D0000F03DF80028B1
:10BF500002D129002000F8BD2000290000F034F8AB
:10BF6000002807D022002B0030003900F4F7F0F948
:10BF7000002802D034003D00EBE726002F003400FB
:10BF80003D00E6E7F8B506000F0014001D0000F0C4
:10BF90001BF8002802D129002000F8BD200029004C
:10BFA00000F012F8002807D022002B0030003900E2
:10BFB000F4F7BAF9002802D034003D00EBE7260080
:10BFC0002F0034003D00E6E70B00010030B5020011
:10BFD00083B019431ED0802109068B4216D0114828
:10BFE000590049080D181048854215D980250320AD
:10BFF0006D03AB4208D3802424061C19AC4203D342
:10C000000A4C0020A14209D003B030BD431E984124
:10C010000230F9E70220F7E70420F5E750425041EB
:10C02000F2E7C0460000F0FFFFFFDF7F0000F07F77
:10C03000FF234000DB0540089842804140427047A2
:10C04000004870470000C07FF8B54746CE46C82379
:10C05000460080B5051C0F1C76089B059E4248D201
:10C06000FDF714F8002800D19FE0291C281CFCF7DC
:10C070007FFD4F49041CFCF77BFD4E49FCF778FA25
:10C08000211CFCF775FD4C49FCF76AFE211CFCF7EE
:10C090006FFD4A49FCF76CFA211CFCF769FD484921
:10C0A000FCF75EFE211CFCF763FD4649FCF760FAD5
:10C0B000211CFCF75DFD8046FC21201C8905FCF756
:10C0C00057FD4146061C201CFCF752FD391C041C80
:10C0D000281CFCF74DFD011C201CFCF741FE011C37
:10C0E000301CFCF73DFE011CFE208005FCF738FEED
:10C0F00053E0011CFCF73CFD2D49041CFCF738FD06
:10C100002C49FCF735FA211CFCF732FD2A49FCF7D3
:10C1100027FE211CFCF72CFD2849FCF729FA211CDD
:10C12000FCF726FD2649FCF71BFE211CFCF720FD31
:10C130002449FCF71DFA211CFCF71AFD224B80460E
:10C140009E42B9D9214B9E422BD8FF231B069C4609
:10C15000FE206644311C8005FCF702FE8146FC216E
:10C16000201C8905FCF704FD311CFCF7F9FD414654
:10C17000061C201CFCF7FCFC391C041C281CFCF7CA
:10C18000F7FC011C201CFCF7EBFD011C301CFCF72C
:10C19000E7FD011C4846FCF7E3FDC0BCB946B046CC
:10C1A000F8BD0B4B0B4E9946D9E7FE208005F4E70E
:10C1B0004ED747ADF6740F317CF29334010DD03772
:10C1C000610BB63AABAA2A3D9999993E0000483FC7
:10C1D0000000383F0000903EF8B54746CE4680B597
:10C1E0001700C8224300041C0E1C5B0892059342F2
:10C1F00005D2FCF74BFF0300201C002B32D0211C82
:10C20000201CFCF7B5FC051C011C201CFCF7B0FC35
:10C2100027498046281CFCF7ABFC2649FCF7A0FD0B
:10C22000291CFCF7A5FC2449FCF7A2F9291CFCF702
:10C230009FFC2249FCF794FD291CFCF799FC20493E
:10C24000FCF796F98146002F10D1011C281CFCF741
:10C250008FFC1C49FCF784FD4146FCF789FC211C3E
:10C26000FCF786F9C0BCB946B046F8BDFC21301CCD
:10C270008905FCF77DFC4946071C4046FCF778FC25
:10C28000011C381CFCF76CFD291CFCF771FC311CEF
:10C29000FCF766FD0B49051C4046FCF769FC011CD8
:10C2A000281CFCF765F9011C201CFCF759FDD9E797
:10C2B000D3C92E2F342FD7321BEF3836010D50390A
:10C2C0008988083CABAA2A3EFE22F8B5430001004B
:10C2D000041C5B089205934211D00AD8FC229205F7
:10C2E000934211D28C229205934200D97EE0984865
:10C2F00004E0FCF735FD011CFCF7B6FAF8BD0020A0
:10C30000002CFBDC9348F9E7002800DAC1E0FE20AE
:10C310008005FCF725FDFC218905FCF729FC041CA0
:10C3200000F0F6FB8C49061C050B201CFCF720FCDA
:10C330008A49FCF71DF9211CFCF71AFC8849FCF717
:10C340000FFD211CFCF714FC8649FCF711F9211C98
:10C35000FCF70EFC8449FCF703FD211CFCF708FCEC
:10C360008249FCF705F9211CFCF702FC8049071CF7
:10C37000201CFCF7FDFB7F49FCF7F2FC211CFCF7BD
:10C38000F7FB7D49FCF7F4F8211CFCF7F1FB7B4936
:10C39000FCF7E6FC211CFCF7EBFBFE218905FCF712
:10C3A000E7F8011C381CFCF75FFA311CFCF7E0FBD6
:10C3B0002D03071C291C281CFCF7DAFB011C201C80
:10C3C000FCF7CEFC291C041C301CFCF7D1F8011C26
:10C3D000201CFCF749FA011C381CFCF7C9F8291C81
:10C3E000FCF7C6F8011CFCF7C3F887E7FCF7C0FBB5
:10C3F0005949051CFCF7BCFB5849FCF7B9F8291C46
:10C40000FCF7B6FB5649FCF7ABFC291CFCF7B0FB6C
:10C410005449FCF7ADF8291CFCF7AAFB5249FCF77C
:10C420009FFC291CFCF7A4FB5049FCF7A1F8291C30
:10C43000FCF79EFB4E49061C281CFCF799FB4D4956
:10C44000FCF78EFC291CFCF793FB4B49FCF790F89A
:10C45000291CFCF78DFB4949FCF782FC291CFCF7E1
:10C4600087FBFE218905FCF783F8011C301CFCF7D3
:10C47000FBF9211CFCF77CFB011C4148FCF770FC1C
:10C48000011C201CFCF76CFC011C3E48FCF768FCFE
:10C4900034E7FE218905FCF76BF8FC218905FCF7E0
:10C4A00067FB2D49041CFCF763FB2C49FCF760F883
:10C4B000211CFCF75DFB2A49FCF752FC211CFCF710
:10C4C00057FB2849FCF754F8211CFCF751FB26497F
:10C4D000FCF746FC211CFCF74BFB2449FCF748F811
:10C4E000211CFCF745FB2249051C201CFCF740FBE6
:10C4F0002049FCF735FC211CFCF73AFB1E49FCF7F0
:10C5000037F8211CFCF734FB1C49FCF729FC211CE3
:10C51000FCF72EFBFE218905FCF72AF8061C201CDF
:10C5200000F0F6FA311C041C281CFCF79DF9211CB4
:10C53000FCF71EFB1249FCF713FC211CFCF718F852
:10C54000011CFCF715F8011C0F48FCF709FCD5E6A7
:10C55000DB0FC93FDB0F494008EF1138047F4F3A2A
:10C560004611243DA80A4E3E90B0A63EABAA2A3EF4
:10C570002EC69D3D6133303F2D57014039D11940C2
:10C580006821A233DA0FC93FDA0F4940F0B5FF2224
:10C59000D6464F46464643000100C0B5041C5B0822
:10C5A000D20593426AD8C60F934200D1C3E0794ABC
:10C5B000904200DDB3E0002800DAB4E0764A93420E
:10C5C00063D9764A934200D9C1E0754BB500E9586A
:10C5D000201CFCF7C5FB734B071CEB580125984644
:10C5E0007540AD1B4146381CFCF7BAFB011C041C0E
:10C5F000FCF7BEFA6C49061CFCF7BAFA6B49FCF76B
:10C60000AFFB311CFCF7B4FA6949FBF7B1FF311CF1
:10C61000FCF7AEFA6749FCF7A3FB311CFCF7A8FA5C
:10C620006549FBF7A5FF311CFCF7A2FA011C201C91
:10C63000FCF796FB011C8246061C201CFCF798FAAE
:10C640008146002D54D08020311CC005FCF788FBAA
:10C65000011C4846FCF708F9011C4046FCF780FB2A
:10C66000391CFCF77DFB011CFE208005FCF778FBE4
:10C670002B007D3363DBED05281801E0FBF778FF25
:10C68000E0BCBA46B146A846F0BDD022920593421E
:10C6900009D24A49201CFBF76BFFFE218905F3F7FD
:10C6A000CDFD002870D1211C201CFCF761FA3E4909
:10C6B000051CFCF75DFA3D49FCF752FB291CFCF711
:10C6C00057FA3B49FBF754FF291CFCF751FA39494B
:10C6D000FCF746FB291CFCF74BFA3749FBF748FFF0
:10C6E000291CFCF745FA011C201CFCF739FB82468B
:10C6F0005146201CFCF73CFA8021051CC905504618
:10C70000FCF72EFB011C281CFCF7AEF8211CFCF7E3
:10C7100027FB011CFE208005FCF722FBB0E7002070
:10C7200000F0F0F9ACE7264A934200D846E7002033
:10C7300000F0E2F9A4E7002EA2D00020A0E7D82163
:10C740006435ED0528180905FCF712FA98E71D492C
:10C75000201CFCF70DFA1C4BB600F158FBF708FF44
:10C76000FCF794FC0500FCF7AFFC1849061CFCF72D
:10C77000FFF9011C201CFCF7F3FA1549071C301CBB
:10C78000FCF7F6F980462DE7FE21201C8905FBF712
:10C79000EFFE75E71772B1421872B13E9115853FF1
:10C7A00060410610584106104CBB31330EEADD35AE
:10C7B00055B38A38610B363BABAA2A3ECAF249719F
:10C7C000B5F1CF423BAAB83F684106108071313FB6
:10C7D000D1F71737F0B545464E46DE465746E0B529
:10C7E000AB4B45000E00804689B0041C6D089D428D
:10C7F00000D874E0A74B9D4222D8A74DA749054019
:10C80000002800DC1DE1FCF7ABFAA54B041C9D429F
:10C8100000D170E0A349FCF7A3FA011C051C201C01
:10C82000FCF79EFA9F49FCF79BFA01273560706080
:10C83000380009B0F0BCBB46B246A946A046F0BDE0
:10C84000994B9D4267D9FF23DB059D424CD2EC15E5
:10C85000863CE705EF1B381CFCF718FCFCF734FCA2
:10C86000011C0590381CFCF77BFA8721C905FCF7F1
:10C870007FF98146FCF70AFCFCF726FC011C0690B8
:10C88000071C4846FCF76CFA8721C905FCF770F9CC
:10C890000021079005ADF3F7B7FC002800D1CEE0EA
:10C8A0000021381CF3F7B0FC4342434101337F4A77
:10C8B00031000192022228000092220000F09EF92D
:10C8C00043460700002BB3DA8022120694463368F1
:10C8D000474263443360736863447360A8E700238E
:10C8E000002708604B60A3E7011CFCF739FA00271A
:10C8F000706030609CE76E49FCF732FA6D49041CA9
:10C90000FCF72EFA011C051C201CFCF729FA6949CA
:10C91000FCF726FA89E7FFF70FFB67498146FCF72A
:10C9200027F9FC218905FBF723FEFCF7AFFB070085
:10C93000FCF7CAFB59498346FCF71AF9011C484623
:10C94000FCF70EFA574982465846FCF711F9011CCC
:10C9500002905046FCF704FA81461F2F20DC574A0C
:10C96000791E8900564B8A582340934218D04B4673
:10C97000494633605046FCF7F3F90299FCF7F0F9A9
:10C9800043467060002B00DB52E780231B064B44BC
:10C99000336080231B069C46604470607F4247E7FB
:10C9A0004B46FF24DB0DED152340EB1A082BDEDD93
:10C9B0003F495846FCF7DCF88146011C5046FCF71D
:10C9C000CFF9011C03905046FCF7CAF94946FCF721
:10C9D000C7F9814637495846FCF7CAF84946FCF77B
:10C9E000BFF9039B0290011C181C9A46FCF7B8F98A
:10C9F000C30D1C4081462D1B192DB8DD3149584609
:10CA0000FCF7B6F8039D041C011C281CFCF7A8F9D0
:10CA1000011C8246281CFCF7A3F9211CFCF7A0F995
:10CA20002949041C5846FCF7A3F8211CFCF798F987
:10CA3000011C02905046FCF793F9814697E70323C7
:10CA400035E7FBF795FD164B071C9D420FD01549A6
:10CA5000FBF78EFD011C041C381CFCF781F9114901
:10CA6000FBF786FD0127346070607F42E0E61049E5
:10CA7000FBF77EFD0F49051CFBF77AFD011C041C2A
:10CA8000281CFCF76DF90B49FBF772FDEAE7C0467D
:10CA9000D80F493FE3CB1640F0FFFF7F800FC93F1F
:10CAA000D00FC93F43443537800F4943F04106104A
:10CAB0000044353708A3852E84F9223F70410610C3
:10CAC00000FFFF7F00A3852E32318D2470B50D004D
:10CAD000041CFEF7AFF80560201C70BD10B50B1CE0
:10CAE000002802D080231B06CB18181CFCF740F846
:10CAF0002221FFF7EBFF10BD802110B54905FFF79C
:10CB0000EDFF10BDE02110B5C905FFF7E7FF10BD2F
:10CB1000F0B5FF21C6464300020000B5041C5B08C7
:10CB2000C9058B4251D2002B4CD0002856DBC315CF
:10CB3000014208D180210023090452001C00013366
:10CB40000A42FAD0634280241E005202520A240490
:10CB50007F3E1443DB073FD58022192100270025A3
:10CB6000761064005204A8182300A04202DC851845
:10CB7000231ABF1801395C0052080029F3D1002B99
:10CB800019D01C4C1C4D2068296823689846FCF776
:10CB9000E7F8011C4046F3F747FB00280BD020685C
:10CBA0002968FBF7E5FC2468011C201CF3F732FB25
:10CBB00000281AD00237FC239B059C467F1067444F
:10CBC000F005C01980BCB846F0BD011CFBF7D0FFD2
:10CBD000211CFBF7CDFCF5E76400BDE7011CFCF769
:10CBE000BFF8011CFBF740FEECE7012301379F4330
:10CBF000E1E7C0460C45061008450610F0B5DE46D4
:10CC000057464E464546E0B5DFB0039018000B91FD
:10CC100068990893D94B14000D928A00D1580300EB
:10CC2000013B8B4622000293231D00DAC8E2072352
:10CC3000033AD1170B409B18DB1006930133DB003E
:10CC40000C930C9A0D9B9B1A0493069A029BD41A80
:10CC50005A46D6180ED40136699F22AD36190020E7
:10CC6000002C03DBA300F858FCF72EFA013401C5B1
:10CC7000B442F4D15B464AAD002B1ADB029B22A9D9
:10CC8000884699469F00089BB8445B440593039BE4
:10CC900000219C462A0040464B4604376744029CCC
:10CCA000002C00DBC4E1059C013302C20430A34226
:10CCB000F5D15B460DAA9B00D2180A920EAA9446A3
:10CCC000699A083B63449446089A0993069B960028
:10CCD000039A9B00634494465A46DA469B46664450
:10CCE000059206955346069A9B00D45801935346E5
:10CCF000002B26DDA24BB14653449B00D7180EAB48
:10CD000090461E00EE21201C8905FBF731FFFCF741
:10CD1000BDF9FCF7D9F98721C905051CFBF728FFE8
:10CD2000011C201CFCF71CF8FCF7B0F9396801C69F
:10CD3000281CFBF71DFC3B00041C043F9845E1D177
:10CD40004E46049F201C390000F028FBF82189057D
:10CD5000051CFBF70DFF00F083FB8221C905FBF7E3
:10CD600007FF011C281CFBF7FBFF051CFCF78EF9D5
:10CD70008146FCF7A9F9011C281CFBF7F1FF80464E
:10CD8000002F78DD53465A1E92000EAB98580821AA
:10CD90000300C91B0B4199448B400EA9C31A8B5049
:10CDA00007211800C91B08410790002800DDCEE0CC
:10CDB00000214046F3F728FA00286FD0059B9A45DA
:10CDC0000FDD0EAA944600226D4B0A9853449B0037
:10CDD00063441968043B0A438342FAD1002A00D015
:10CDE00049E1012353449846059B0EAA013B9B0051
:10CDF000D358002B00D019E10122099B1968043B8C
:10CE000001320029FAD0524491460699089B8C467B
:10CE100053449B0022ADEA18019B63449A46434663
:10CE2000904601935A46019B9B00D058FCF74CF961
:10CE300043461860029B002B1BDB45460027039CE2
:10CE4000296801CCFBF794FE011C381CFBF790FB12
:10CE5000043D071CB442F3D10422534694465F605C
:10CE6000019BE04401330193E2444B45DADDCA46BD
:10CE700038E70027F0E7049B002B00D1BBE0FC2142
:10CE80008905F3F7E5F9002800D09EE10023002191
:10CE900040460793F3F7B8F900288FD14B46089323
:10CEA000059B0D9A9B460C9B4046991A069D00F0E7
:10CEB00075FA8721C9055746041CF3F7C9F90028FC
:10CEC00000D11BE2EE21201C8905FBF751FEFCF787
:10CED000DDF8FCF7F9F88721C905061CFBF748FEC9
:10CEE000011C201CFBF73CFFFCF7D0F8019A0EABAD
:10CEF0009850049B3C000833301C0493FCF7C6F8A0
:10CF00000134A7000EABD851FE200499800500F033
:10CF100045FA002C00DBD4E0689B022B00DD23E205
:10CF2000002B00DD28E2689B0020002B05D1079B29
:10CF3000002B00D0F7E10B9B18600720089B1840DE
:10CF40005FB0F0BCBB46B246A946A046F0BD012189
:10CF50008C465146E144002900DCF4E10EAB180098
:10CF6000002152460E9D002D3ED092468022520056
:10CF7000521B02605446FF2007E0C0463C450610A5
:10CF8000FFFFFF3F1A68821A1A60013104338C4296
:10CF9000F8DCA2460125049B002B0DDD012B00D1FE
:10CFA00004E1022B08D15346013B9B000EAAD15845
:10CFB0003F220A400EA9CA50079B022B00D0F7E679
:10CFC000FE2041468005FBF7CBFE8046002D00D1B8
:10CFD000EEE6FE200499800500F0E0F9011C4046D1
:10CFE000FBF7BEFE8046E3E6013104338A4240DDB2
:10CFF00018001D68B7E75346013B0EAA9B00D358A3
:10D00000DA1107927F2B00DCD2E601239C465346BF
:10D01000E144002BA2DC079B022B00D0C8E6FE20D7
:10D0200041468005FBF79CFE8046C1E6C146ECE622
:10D0300099469046AA4601900025019E039C3168BE
:10D0400001CCFBF795FD011C281CFBF791FA043E6F
:10D05000051CBC42F3D1434601C39846019B0433EF
:10D06000019301239C46059BE1449945E4D1554633
:10D070001FE692468FE74A4653460892059A5C1E81
:10D0800019009346A300049A0EA8C358083A069DB7
:10D090000492002B0DD10B00BE498C46634484469C
:10D0A0009B0063441968043B013C083A0029F9D00D
:10D0B0000492FE200499800500F070F9002C00DA3B
:10D0C0002AE7A3000EAA1E009446EF183D00A046D2
:10D0D00003936644041C3068FBF7F6FF211CFBF742
:10D0E00047FDEE2128608905201CFBF741FD0EAAB3
:10D0F0003300041C043E043D9A42ECD136AB994601
:10D1000002930023444698465A464B4641460194B2
:10D11000002A00DA91E099469F4BCB468846B946F3
:10D120009A461700049443460024B846002500267A
:10D130001F000EE04B46195953461859FBF718FDCE
:10D14000011C281CFBF714FA0136051C0434B045F9
:10D1500001DBB742EEDA3B00474698465B4620C308
:10D160009B4601239C46053BE0449C46019BE144D1
:10D17000013B01D30193D6E7049C689B022B65DC3D
:10D18000002B2CDC00D0D8E6029B00209C46039E9E
:10D1900066443168FBF7ECF9029A3300043E9A4288
:10D1A000F7D1079B002B00D1C5E6BCE05346013BFD
:10D1B0009B000EAAD1587F220A400EA9CA50FBE656
:10D1C00008230C93002306933BE501239C4601337F
:10D1D00007935346E144002B00DDBFE61FE7029BA7
:10D1E00000259C46039E369F6644281C3168FBF749
:10D1F000BFF9029A3300043E9A42F7D1079B051CFF
:10D20000002B00D082E0011C381CFBF7A9FD0B9B12
:10D210001D60002C0ED0012537AE02CE0135FBF784
:10D22000A7F9AC42F9DA079B002B03D080231B0639
:10D230009C4660440B9B58607FE6002001C3019828
:10D240000131043F013898D3019061E7689B032BBB
:10D2500000D072E6002C00D18CE0029B03991A00EA
:10D260008C4662449C460D1F654490462E00A9469C
:10D27000A24617683368381C191C9B46FBF778F9DF
:10D280003C1C011C071C5846FBF76AFD211CFBF7E0
:10D290006FF9029B350070603760043EAB42E9D104
:10D2A00054464D46012C65D043461C682F68201C0F
:10D2B000391CFBF75DF9261C011C041C381CFBF70C
:10D2C0004FFD311CFBF754F9029B2E0068602C6067
:10D2D000043DAB42EAD1444600202168043CFBF700
:10D2E00047F9A642F9D1029B0799369A5B68002953
:10D2F0001ED10B990A604B6088601EE6201CFBF76C
:10D30000C5FE019A0EAB3C009850D2E680230B9AE2
:10D310001B06C318011C1360381CFBF721FD002CF1
:10D3200000D078E782E780231B069C46604402E633
:10D33000802109068C460B996244634460440A606C
:10D340004B608860F9E5049901290BD0022900D0CF
:10D3500061E63F210B400EA98B50079B022B00D0AA
:10D3600026E55CE67F21F5E736AB0293689B032B4D
:10D3700000D0E2E50020B6E7079B3698002B04D0EA
:10D3800080230B9A1B06136050E700230B9A13604F
:10D3900050E7C046FEFFFF3F10450610420070B543
:10D3A000031C0C0006005508002A1AD0FF21C905ED
:10D3B0008D4217D2014219D19821C905FBF7D8FB3C
:10D3C000204A031C94422CDB42001F49120E060027
:10D3D000193A8C420EDD1D48002B1DDB1B49FBF763
:10D3E000C7FB70BD011CFBF7C3F8FAE71649120E24
:10D3F0008C42F0DC1119FE29EDDC002915DC0A0055
:10D40000163217DB1931C805CC21114B89051E4096
:10D410003043FBF7ADFBE4E70C490E48FBF7A8FBF4
:10D42000DFE70D49FBF7A4FBDBE70948C9053040FE
:10D430000843D6E70848002B00DA08480649FBF7FE
:10D4400097FBCEE7B03CFFFF50C30000CAF2497122
:10D45000FFFF7F80CAF249F16042A20D6042A28DB7
:10D46000F0B5C64644006708240E7F3C060000B5B0
:10D47000051C162C1CDC8046002C22DB1A4F274191
:10D48000074211D01949FBF773F80021F2F7D6FED5
:10D49000002809D0002D04DA80231B04234198467C
:10D4A000A8444346BB431E00301C80BCB846F0BDB8
:10D4B000FF23DB059F42F7D3011CFBF759F8061C3D
:10D4C000F2E70A49FBF754F80021F2F7B7FE00280B
:10D4D000EAD0002D01DB0026E6E7002F02D18026EE
:10D4E0003606E1E7024EDFE7FFFF7F00CAF249712F
:10D4F000000080BF10B50FF0E9FB10BD10B50CF0B7
:10D50000C9FF10BD10B50CF0CFFE10BD08B500224C
:10D510006B461A700346FA2268460DF05DFA08BDA4
:10D520007CB5069D079C002805D0860705D14607D7
:10D5300003D4060701D442207CBD002903D0012971
:10D5400001D00229F7D10095019400F041FB7CBD88
:10D55000FFB583B003980C9D1E4614460F46002865
:10D5600004D0012802D0422007B0F0BD002F01D026
:10D57000012FF8D1E81F0A28F5D20D981028F2D80B
:10D58000A842F0D30E98002801D00128EBD114490D
:10D590000F988842E7D81098002801D00128E2D1DE
:10D5A000F6F78EFB012804D02046304305D0112029
:10D5B000DAE7022CD7D8012ED5D868460399017036
:10D5C00047708472C67285700D99C1700E99017290
:10D5D0000F9801906846109941720FF0C7FDC3E79C
:10D5E0003F420F0010B5042801D9422010BD0FF0B2
:10D5F000D1FD10BD10B500F07BFC040002D101206C
:10D600000AF0CCFE204610BD10B5002B03D0032B32
:10D6100001D0422010BD00F081FC10BD10B50DF00E
:10D6200033FD10BD10B50AF049FF10BD70B51C46A2
:10D6300013460D46012C03D0022C03D0422070BDAE
:10D64000022200E010221946F6F738F92C7000206B
:10D6500070BDF0B587B01C460B46054600A90231E7
:10D6600001A80C9F0D9EFFF7E1FF00280ED1684630
:10D67000058084828775C6750E9901760F9941766B
:10D68000109981766946119801F0A4FC07B0F0BDAD
:10D6900070B586B014461D460A4603466946881C86
:10D6A0000A9EFFF7C3FF002804D1012C04D0022CEE
:10D6B00002D0422006B070BD23462A466946304655
:10D6C00001F0D2FEF6E710B50022114601F07CFF12
:10D6D00010BD10B502F0C4F910BD38B56D46049CFC
:10D6E0002A806B8023466A4602F070FC38BDF0B594
:10D6F00085B084460AA8F0C868468581C68103A81B
:10D70000019002970094604602F094FC05B0F0BDD1
:10D7100010B503F0DDF910BD10B503F0FBF910BD35
:10D7200010B503F011FE1D4C41212068490141183C
:10D73000097F00290DD1A0300079C00705D100F084
:10D74000B7FB02F025F80DF0D5FB03F01DFB10F040
:10D7500019FD00F001F92068014640310A78C979C5
:10D760008A4319D13E21095C002915D10C490A8848
:10D77000120711D50922D2061269497A836AC900B3
:10D7800059181123DB01C018806A801A00020012A8
:10D79000814201DA0CF020FB10BD000004250020BE
:10D7A000C000002010B5837F01220024920241684E
:10D7B000082B03D94224914202D310E0914201D2B6
:10D7C00042240CE0014634220648F6F777F800F0D0
:10D7D00083F8002801DA482401E000F02DF9204602
:10D7E00010BD0000E00200203EB5174D1548296825
:10D7F000827F0846A0310A730024603004764476A4
:10D800008476E122C276802202770222427730209B
:10D8100008704C7002AA01A96846FAF7A3FD684691
:10D820000078A22201016846007A891C00020143A7
:10D83000684600790003014328681152A030047142
:10D840003EBD0000E00200200425002070B503F07A
:10D8500061FD0BF0EDFC0AF057FA11F07BFA03F0D2
:10D860003DFF1A4C1A4920681A4D401881101320A8
:10D870002A68C0011018C162616889080163A16843
:10D88000890841630FF062F929681F208001228B0B
:10D8900008188280628B0F23C280DB01A28BCB1819
:10D8A000DA87628C028022462032127882703D2212
:10D8B000520100208918087300F088FA03F074FA06
:10D8C00003F0FAF910F0E4FC70BD0000E002002063
:10D8D0000000FCEF0425002070B50025ED43F6F7AD
:10D8E000D9F901282ED0002318490322888BFF2460
:10D8F000401E10438A7F593462438218088B2824C3
:10D9000060431218488B30246043121808462030B8
:10D9100040782C24604310180D4A18188418486960
:10D92000A0420DD10B4884420AD90D69F6F7B2F92D
:10D93000C1B2284608F07EFE08F0B8FF401B251A49
:10D94000284670BDFF23B533CEE70000E00200207B
:10D9500089190000B8090000F8B52C4F3C68206E0A
:10D960005C34401C002814D0002529480023C07BCB
:10D9700000283ED00926F6062648002D1CD000219E
:10D980000A460B464169521C994204D1002902D033
:10D9900004E00125E9E7204B9A42F2D321600069B7
:10D9A00060603069A1680002090E000A090601439F
:10D9B000A16000F033F81DE03169A2680902090A8C
:10D9C000150E08D0018BC90712D04169216000698A
:10D9D0006060E37210E0881A00027D2300121B03CE
:10D9E000984205DD100E00060843A06000F016F80E
:10D9F000F8BD6360002DFBD003CC0CF013F9FA20C6
:10DA00000CF000F939688862F8BD00000425002098
:10DA10000003002000001048881300000449002083
:10DA200008610448012100686030C171704700003E
:10DA30000000104804250020F8B50626324840258D
:10DA40000560324800270780A9050920C00641600B
:10DA50002F4A9160016801602E48032104694269E0
:10DA6000601E08433946401CF5F72CFFF6F712F903
:10DA7000C1B2204608F0DEFD08F018FF08F022FFD2
:10DA8000F6F7D4F8244917208881244C20684219DD
:10DA900001465770FA20886228201070F6F7ACF81B
:10DAA000012805D12068102240300178114301700F
:10DAB000F6F706F9012805D1206880224030017868
:10DAC00011430170206801464030027832430270F1
:10DAD0000020C0430866F5F737FFFFF785FEFFF724
:10DAE000B5FE206801212030017707214177012010
:10DAF00002F0EEFF06F032FCFFF72EFF02488038FE
:10DB0000056002210160F8BD80E100E0C000002056
:10DB100040000048E00200200000104804250020DA
:10DB200038B5184A14682246BA32AE34A378DD07F5
:10DB300001D001290AD05B070CD501290AD021792F
:10DB400049070BD5E17A002905D007E0E07880216C
:10DB50000843E07038BD0121E17250802079410610
:10DB6000090FF7D0782108406946087000204870F6
:10DB70006A460221422000F063FB20798721084099
:10DB8000207138BD0425002038B5104800210468F4
:10DB90000846AE3407F0F4FD694648702079C107A5
:10DBA00004D001216A46117088432071C0B28107F8
:10DBB00005D502216A461170FD210840207102211D
:10DBC0006A46084600F03CFB38BD000004250020F2
:10DBD000FFB50C4678A103C995B0019100900021D2
:10DBE00008A801730321C90268464186012108A8DB
:10DBF000734E017435681746AE3513F091F900285D
:10DC000008D17049306840180AF064FCA8780028F0
:10DC100002D0462019B0F0BD0BA81599F5F7FEFF0C
:10DC20000028F7D1072010A90871012C05D0022C7B
:10DC30000AD0002C0ED04220ECE708A8017B10206F
:10DC4000014308A8017305E011A90BA8F5F7CCFF63
:10DC50000028DFD110A8027901230CA9284601F081
:10DC600003FC00287ED1022229461898F5F726FEEB
:10DC7000298868468181152149020182078401268D
:10DC800086734E2108A881700024C4700671072194
:10DC90004171867103A902A801F09CF9002861D1A5
:10DCA000022202A91E98F5F709FE082F02D2684643
:10DCB000478502E008206946488569460C850B4681
:10DCC00028880AAA098902F081F900286DD13E4905
:10DCD000684601820227078408A8847103A902A864
:10DCE00001F078F9002860D1022202A91F98F5F707
:10DCF000E5FD68460470694644704F850B462888E8
:10DD00000AAA098902F062F900284ED108A8007B0E
:10DD1000C00723D02C496846C91C01820821018410
:10DD200008A88770047103A902A801F053F900281C
:10DD30003BD1FF216846C1718171C1708170417012
:10DD40000170447104716946082048850B46288893
:10DD50000AAA098902F03AF9002826D108A8007B0E
:10DD6000800600E021E022D5298868468181164995
:10DD7000A53101820684867308A88770C470047177
:10DD800007214171847103A902A801F023F9002839
:10DD90000BD169460E700C854E850B4628880AAA61
:10DDA000098902F013F9002801D0472032E708A8BA
:10DDB000007BA87000202DE7626C75656E7267218C
:10DDC0000425002033070000012A00000348002139
:10DDD0000068AE30C17081707047000004250020DB
:10DDE00070B50D4B1C68AE342379DD0612D45B0789
:10DDF00010D533280ED1E07A02280BD10420107000
:10DE000000205070C9B2022000F01AFA2079FB21DC
:10DE10000840207170BD00000425002038B502467E
:10DE2000174801240068AE30022A1FD0052A03D00B
:10DE3000072A07D00B2A20D1084609794088FFF726
:10DE40006FFE1AE000790024020600D50124820743
:10DE500003D1C20601D480060FD5084600216A46C8
:10DE60001170694600F0D4F8044606E0817849074D
:10DE700003D50179FB2211400171204638BD000015
:10DE80000425002010B509480468AE34E078800706
:10DE90000BD500200BF044F8022000F0A9F9E0783F
:10DEA00001210843FD210840E07010BD0425002039
:10DEB0001FB50E480468AE34E078010612D5A1788B
:10DEC000C9070CD0800708D5042069460873684646
:10DED00003F014FB022000F08BF90020E0704006F4
:10DEE000400EE070F5F79EFE1FBD000004250020E7
:10DEF000002000B58DB00A900B9008900990059015
:10DF0000069007900490009001900290034602460C
:10DF10000146039000F0B2F80DB000BD10B51446F4
:10DF20008CB000220B9206920A92089209920592F6
:10DF3000079204920292019303920B4602460094C8
:10DF40000021052000F09AF80CB010BD0949B2225A
:10DF500009681423525CBA311A4208D04988000576
:10DF60000905090D000D814201D1012070470020F3
:10DF7000704700000425002002780907090F0A43B2
:10DF8000027000207047000030B50E4885B005686B
:10DF90002C46AE352879BA34400711D5E87A0128E5
:10DFA0000ED1152149026846418001210170608827
:10DFB0006B46054A00F0A4FA002801D10220E8725D
:10DFC00005B030BD04250020FFFF00007CB50446ED
:10DFD000E1200D46800005F067FF0BA103C900900A
:10DFE0000191684603F038F801200BF0F1FE00289B
:10DFF00001D047207CBD20782021084320700920D3
:10E00000287000207CBD00001F02000000000000FE
:10E0100030B5194B047A1B68C268AE331B799D0674
:10E02000AD0F04D10078042801D000200EE00120BB
:10E0300030BD155C002D0BD0401C80B2155C012D4D
:10E0400008D01518203DED7F281880B2A042F0D3EB
:10E05000087830BD401CDD07012480B2002D02D0BD
:10E06000105CC00703E09B07F2D5105C8007002816
:10E07000EED00C70ECE7000004250020FFB595B051
:10E080000E46054620210CA8FCF7E4FD0020049074
:10E09000564800270468681EAE34042802D8A078C9
:10E0A000C0070BD0062D02D0002D0AD002E0A078C8
:10E0B000800703D5E0784006800E0AD0462019B0CC
:10E0C000F0BDA0788007F9D0E0784006800EF5D04A
:10E0D0000FE0002D0DD0012D20D0022D28D0062DCF
:10E0E00033D0032D33D0042D37D0002E3BD0422027
:10E0F000E5E700200AF014FF0028E0D1E07880076F
:10E1000008D5042069460873684603F0F7F9022031
:10E1100000F06EF80120E0700020D0E7012EE6D07C
:10E12000042EE4D01F980028E1D10627042008E03F
:10E13000012EDCD0042EDAD01F980028D7D1052775
:10E140000220E0700120049010E040200DE0022E3B
:10E1500001D0032ECBD1082007E0012E01D0042EE0
:10E16000C5D1102001E004272020E07000230BAA75
:10E1700019461E9809F06AFF030002D000F0E0F88B
:10E1800032E01022002107A8F5F79CFB07A86C4697
:10E19000279B269A1F990FC42B463046189A179929
:10E1A00000F088F80300E9D108A8017BC170259828
:10E1B00003AC049B289A29990FC422AB07CB029287
:10E1C0000091019039460CA8209B219A00F0C2F8DA
:10E1D0000300D3D107A80BF0BFF90300CED1012073
:10E1E0000AF09EFE0300C9D1184668E70425002006
:10E1F00010B50446C1061148006803D51522BF2199
:10E200000C4006E0392149014118897BC90710D02B
:10E2100012222107890E08180121C9024018C06C7A
:10E220000023214610F074F8010004D0204610F0BD
:10E230005BF8002010BD072010BD00000425002061
:10E24000F8B5891ECDB20646A81C03210843401C20
:10E250008308174817460068F10603D51C22BF2122
:10E260000E4008E0392149014118897B090601D493
:10E270000020F8BD19223107890E08180121C902B2
:10E280004018C06C314610F043F804000ED03978C5
:10E29000217179786171A5712A46B91CE01DF5F7E5
:10E2A0000DFB2146304610F01FF8E1E70720F8BDCE
:10E2B00004250020F8B5204B204D1B6801265B1972
:10E2C000069CB6030093002814D0042812D002281C
:10E2D00013D0032811D006252B46012810D00F4655
:10E2E00017430DD0914203D8202901D3B2420AD955
:10E2F0004220F8BD30256023EFE7A025F023ECE7AE
:10E300002580638001E02180628020710798A071E0
:10E31000089820720998002805D001462046062258
:10E320000930F5F7CBFA0720607100982030807B28
:10E3300060710020F8BD000004250020580800008E
:10E34000034881220068A030417C1140417470472D
:10E3500004250020F8B505463E481E460068079F84
:10E360000024AE301346002905D002222A70012273
:10E370006A70A9700324002E10D080788006800F68
:10E380000CD13019401C1F2854D82E55641C281954
:10E3900032461946F5F792FAA019C4B2002F0DD0F3
:10E3A0003819401C1F2845D82F55641CE4B2281981
:10E3B0003A460699F5F782FAE019C4B26846008C2D
:10E3C00000281BD06846808C002817D0601D1F28AD
:10E3D00030D805202855641CE0B212212954401C75
:10E3E000C4B228190646022208A9F5F767FAB01C3C
:10E3F000022209A9F5F762FA241DE4B20C9800285C
:10E4000012D0E01C1F2815D802202855641CE0B249
:10E410000A212954401CC4B268460BF0B9FB684677
:10E4200000782855641CE4B20B9800280CD0001921
:10E430001F2801D94220F8BD28190B9A0A99F5F72F
:10E440003DFA0B982018C4B2214628460AF0E0FF96
:10E45000F8BD00000425002000B500F009F80028F0
:10E4600005D0852201699201114200D0002000BD33
:10E4700010B50D4900050B68092109025918CA6E2B
:10E480000021000DA0331B7B0AE04C01145B240526
:10E49000240D844202D14801801810BD491CC9B224
:10E4A0008B42F2D8002010BD04250020FEB58C68F8
:10E4B000CD88267B012E01D00020FEBD4126052DF2
:10E4C00001D01E7019E0247C0A2C00D01E70002A96
:10E4D0000DD08968052268460C31F5F7EFF96D1EFD
:10E4E00000AAA9B232200132FFF77AFC05E00088C9
:10E4F0000A460146022000F0FDF94120FEBD000061
:10E50000FFB589B0074646251E781022991C05A83C
:10E51000FCF798FB012E04D0022E02D042200DB051
:10E52000F0BD3846FFF798FF040024D0202239467A
:10E53000002009F0C7FB07001CD005AD04960FCDE5
:10E540006D460FC5394620460B9B0A9A09F043FDDC
:10E55000050004D00021384609F010FC0BE0012131
:10E5600020694903084320610448A061384600F04F
:10E5700051FC00E064252846D1E7000081E5041045
:10E5800010B5502100F001F810BDF0B58BB00D466C
:10E5900004460020694608710490E669002E16D0F2
:10E5A000A806800F03D02088FFF7D0FC049001ABB1
:10E5B00031462046049AFFF779FF412865D0E807E5
:10E5C00008D021883246022000F018F95DE0412091
:10E5D0000BB0F0BD680705D521883246022000F057
:10E5E000D3F852E0A80739D5F0886188814205D96F
:10E5F00021883246022000F08DF846E0206941066D
:10E6000004D5012189020843206180E0218820226D
:10E61000002009F057FB05001ED021883246022059
:10E6200000F078F8A068801C00F0D0F96188401EE6
:10E63000401886B2A06800F0C9F902463346294660
:10E64000204609F0A4FC284600F0E4FBA06831460F
:10E65000801C00F0B7F954E04520B9E7E80614D56E
:10E66000F088412702280ED9B168801E4D7B80B208
:10E67000854201D9012016E0002D04D02946F1F78A
:10E68000ABFD00290FD068460771012021694003C6
:10E6900081432161049800282DD001AA0121312055
:10E6A000FFF79EFB2DE002900220002703901EE062
:10E6B000049800280DD0039805AB001D81B22A46AE
:10E6C000304609F0BFFA05AA29463320FFF788FB38
:10E6D00007E003980096C2B22B462188022000F082
:10E6E000C7F80398401980B27F1CBFB2039002980C
:10E6F0008742DDD3C9E7684602792188022000F00D
:10E7000035F90121E06909F039FB0020E0610020C2
:10E710005EE70000F7B5064690790321401EC5B2BA
:10E72000E81C0843401C8308164817460068F10699
:10E7300003D52C22BF210E4008E0392149014118A0
:10E74000097C090601D40020FEBD29223107890E6B
:10E7500008180121C9024018C06C31460FF0D8FDDD
:10E7600004000DD00198A080A5712A4605213846E5
:10E77000E31D09F067FA214630460FF0B5FDE2E7E8
:10E780000720FEBD04250020F7B506469079032139
:10E79000401EC5B2E81C0843401C830816481746B3
:10E7A0000068F10603D52D22BF210E4006E0392175
:10E7B00049014118497CC90719D02A223107890E1D
:10E7C00008180121C9024018C06C31460FF0A0FDA5
:10E7D00004000ED00198A080A5712A460521384674
:10E7E000E31D09F02FFA214630460FF07DFD002091
:10E7F000FEBD0720FEBD000004250020F7B506463B
:10E8000090790321401EC5B2E81C0843401C8308D0
:10E81000164817460068F10603D52B22BF210E408B
:10E8200008E0392149014118097C490601D400203A
:10E83000FEBD28223107890E08180121C90240189F
:10E84000C06C31460FF064FD04000DD00198A0802B
:10E85000A5712A4605213846E31D09F0F3F9214642
:10E8600030460FF041FDE2E70720FEBD0425002001
:10E87000FFB59B1E0646DDB2681D03210843401C00
:10E8800083081B4881B000681746F10603D536227D
:10E89000BF210E4009E0392149014118897C8907CF
:10E8A00002D4002005B0F0BD33223107890E0818CC
:10E8B0000121C9024018C06C31460FF029FD040047
:10E8C00014D00298A0800A98234680682A4608300F
:10E8D000C0190079E0802572B91D09330A9809F042
:10E8E000B1F9214630460FF0FFFCDAE70720D9E7FF
:10E8F00004250020F8B5044690680F4601461546E9
:10E90000467B0E3102226846F4F7D8FFA86802233E
:10E91000057C1548E10603D53522BF210C4009E0EE
:10E920003922016852018918497C090601D4002066
:10E93000F8BD322221070068890E08180121C9029A
:10E940004018C06C21460FF0E3FC010009D08F8015
:10E950008E716A4612880A818D7220460FF0C4FCBF
:10E96000E5E70720F8BD00000425002070B50E463D
:10E9700001230446C10612481546006803D5342217
:10E98000BF210C4006E0392149014118897CC907A3
:10E9900011D031222107890E08180121C90240181F
:10E9A000C06C21460FF0B4FC010006D08E808D7142
:10E9B00020460FF099FC002070BD072070BD0000BC
:10E9C000042500200170090A4170704701784078E1
:10E9D000000208437047F8B5069C1F4615460646D8
:10E9E000002C13D0A06802220D30F4F767FFE81E58
:10E9F00082B23B460721204609F014FAE580A06860
:10EA0000012E05D01D2101730020F8BD4720F8BD5F
:10EA10001B21F8E7F1B5FFB001248BB0600205902F
:10EA20000027CC4807970168CB48C94D08180390C8
:10EA30008A980AAA0005000D05A90BF0CDFE0690E4
:10EA4000002872D104260AA805994218203AD27FDC
:10EA50000B2A23D00026002004900AA88119022244
:10EA600001A80291F4F72AFF6846818809AB08AA39
:10EA7000039801F0A7FC012817D002287ED0684631
:10EA80008088854200D30546844200D9204604464A
:10EA900002988078012872D013363CE1491E761E18
:10EAA00036040591360CCFD1D5E708980090002F99
:10EAB00066D10099022228310298F4F707FF002856
:10EAC0001ED100982030017B02988078814217D1B6
:10EAD000012808D10098029902220830C91CF4F7D5
:10EAE000F5FE002815D002988078022808D10098F9
:10EAF000029910220830C91CF4F7E8FE002808D05B
:10EB00000098008DA84200D80546A04200D22046B9
:10EB1000044602990AA88978012907D01336059975
:10EB2000B6B28E4204D3012707E006E1761DF6E770
:10EB30008119022201A8F4F7C1FE03990098083157
:10EB40008E462FE084466946026A8B8820300DE0AD
:10EB5000918B994203D3012F7ED199427CD9A9424E
:10EB600000D80D46A14200D30C4612688242EFD174
:10EB70000498002804D16046006802E015E0BFE078
:10EB80008AE070450ED0018D994203D3012F09D13F
:10EB9000994207D98D4200D30D468C4200D80C46CD
:10EBA000012F59D17045CDD1BAE008980090002FBF
:10EBB00072D1009902221C310298F4F787FE0028D6
:10EBC0001ED100982030C17802988078814217D1F8
:10EBD000012808D10098029902220830C91CF4F7D4
:10EBE00075FE00281AD002988078022808D1009873
:10EBF000029910220830C91CF4F768FE00280DD0D5
:10EC00000098808BA84200D80546A04200D220463A
:10EC1000044602988078012826D003E00298807884
:10EC2000012805D013360798B6B201281ED021E07E
:10EC300000984A490089884216D18A98FFF718FC43
:10EC40000146009800F08CF80099098C484300991F
:10EC500089694018022200E038E00299491DF4F762
:10EC60002DFE01200790D4E7761DDCE7B61C0020BE
:10EC7000B6B207900598864201D3012705E00AA89D
:10EC80008119022201A8F4F719FE039A00990832AB
:10EC900009980968944630E01AE086466A469388E7
:10ECA00020300DE08A8B9A4203D3012F0ED19A4275
:10ECB0000CD9AA4200D81546A24200D314460968CE
:10ECC0008142EFD1049800282AD102E0012004906B
:10ECD00026E07046006860450FD0028D016A9A42B6
:10ECE00003D3012F09D19A4207D9954200D3154683
:10ECF000944200D81446012FE8D16045CDD10FE0F1
:10ED00000298C078022805D102980079292801D1FB
:10ED1000B61CB6B2761D0598B6B2864200D301275E
:10ED20000598811B042902D3864200D293E60498F9
:10ED30000028FBD1A54203D906987FB00CB0F0BDE6
:10ED4000224629468A9801F083FB0690F5E70000E9
:10ED5000FFFF0000042500206407000002290000D6
:10ED600030B5024623239B5C0020012B1AD1128967
:10ED70000D4B9A4216D10D4A092312681B02D31873
:10ED8000A032DB6E127B0AE045010C885D5B240536
:10ED90002D05240D2D0DAC4204D0401CC0B2824282
:10EDA000F2D8002030BD0000022900000425002018
:10EDB000064909220968120289188008C96E4001B3
:10EDC00008180188002900D1002070470425002080
:10EDD00010B50446022000F033F80D480021026807
:10EDE000092000021018A032C36E107B05E04A0112
:10EDF0009A5A002A04D0491CC9B28842F7D810BDDB
:10EE000048011C52C018026904210A43026110BD66
:10EE10000425002010B504460146042002F094FDAC
:10EE2000002808D0044805490068401821463C30B5
:10EE300010F0ACF8432010BD04250020640700004A
:10EE400004490A683D21490151180A7B02430A73AB
:10EE5000704700000425002000B51138C0B2FFF74C
:10EE6000A7FF002804D00122016952051143016166
:10EE700000BD0000F3B597B00D8848880590081DC7
:10EE80001DC80DAE1DC68C8ACE8A087E1390C86937
:10EE90002031019008780090487804908878039099
:10EEA000C87802900F7900F0BFFD002817D101202B
:10EEB000400284425FD8B4425DD8002F01D1B442F1
:10EEC00059D114A9284601F0ABFA002806D115AA99
:10EED0001499059801F094FA002802D0602019B026
:10EEE000F0BD149D11A92846183009F047FB10A861
:10EEF0008088002810D0284612A9203009F03EFB57
:10EF000010A8838800892A8D1818696A10188A8BBE
:10EF1000904203D16120E2E74820E0E715982C4BAE
:10EF200002899A4227D12322125C012A23D1006848
:10EF300000681690139801281FD16846808E2922F8
:10EF40001202801A030001F07CFD06041804040775
:10EF50000A18022C0FD110E0072C0CD10DE0042C64
:10EF600009D3E00707D1012F07D1A64203D3042E0E
:10EF700001D3F00701D04220B1E702980B90039B28
:10EF8000049A0A9309920098019A0C9708900696A1
:10EF9000059407920DA81DC8019002A81CC01398E3
:10EFA0000B4600902A461699179800F0B1F90028F0
:10EFB00095D168460649808EFF31884205D0179862
:10EFC000018800200A4601F043FA002087E700008C
:10EFD00003280000F3B5A5B008881A9088780C467D
:10EFE00011901022091D13A8FBF72CFEA08A109087
:10EFF000A17D68460172E07D0F90207E2090677EA3
:10F00000A07E1F90002006460146129020A8018194
:10F010000F20BB4C2390BB4920684018199000F08A
:10F0200003FD00280BD101211098490288425FD8C6
:10F0300021A91A9801F0F4F9002802D0602027B025
:10F04000F0BD2198179009F03DFA1A9988420CD129
:10F0500002A801901698009013AD0ECD119809F0FA
:10F06000F5F9002801D06320E9E76846017A8806AF
:10F07000800F05D0012012902068A030007B460050
:10F08000C80703D01298401CB61C1290080603D57E
:10F090001298401CB61C129017980DA918301D909C
:10F0A00009F06CFA6846129C808EA41CA04237D3EB
:10F0B00017980EA92030019009F060FA6846018F78
:10F0C00000290DD01798179A6B46406A9B8E128DB7
:10F0D0005918808B5118081AA04201D26120AEE75E
:10F0E0001798846911982568012803D0022803D055
:10F0F0004220A4E7052000E01320E0832A46394699
:10F100000F9809F0F1F9422899D0199FE28B403706
:10F11000788B398B411A109810188019814201DAC6
:10F1200048208CE70EA9019809F028FA6846008F5C
:10F130000028179802D0406A808B00E0008D259946
:10F14000401C0880259801210088A0832598022270
:10F150000088401CA8836C482081204620301790EE
:10F16000C1700021817081711998398B406D4018F0
:10F170006946A061097A0170A06929461C31401CCA
:10F18000F4F79CFB11980128A0697DD0102213A9E7
:10F19000C01CF4F793FB2846102213A90830F4F79B
:10F1A0008DFB388B133038832E4620361198F07043
:10F1B0001098E8831F98B0701098208410982884C5
:10F1C0001998398B406D4018A8610021109AF4F706
:10F1D00079FB398B1098081838831799012008712A
:10F1E00017990020487130716846007A810701D56F
:10F1F0000121317101070227002902DA31793943EF
:10F200003171410703D53179042211433171400630
:10F2100003D530790821084330710F987071209818
:10F22000B07121461D9809F0D2F92146019809F0E4
:10F23000AFF929461D9809F0CAF92946019809F045
:10F24000A7F91298002841D068461A998181A18BAC
:10F25000C18107844784012408A8047122A80A9068
:10F2600008A88473239941730F993820014008A896
:10F2700001730721C173002505746846007AC00731
:10F2800008D02248694600E02BE0088203A924A8A0
:10F29000FFF7F0FD6846007A8006800F07D01B4814
:10F2A0006946401E088203A924A8FFF7E3FD6846CB
:10F2B000007A00060AD5292109026846018208A8B9
:10F2C0004473057303A924A8FFF7D4FD259801888A
:10F2D0001298401C081882B2002001F0B9F80020F2
:10F2E000ADE6022213A9C01CF4F7E8FA2846022270
:10F2F00013A90830F4F7E2FA388B401D53E70000F9
:10F3000004250020640700000328000003290000F2
:10F31000FFB55248524A006887B08218069210AA78
:10F32000109B0126169F9288012B04D14D4B9A42C7
:10F3300001D1A030067B069D34464035688B2B8B6F
:10F340007C43C31A099820300390A34222DA482054
:10F350000BB0F0BD2320405C012819D108896C4610
:10F36000208098420CD03F4C641EA04208D0641C00
:10F37000A04205D0641CA04202D0A41CA04207D128
:10F38000384CFF3CA04201D0904201D16220DFE71F
:10F39000096801E029231B0203988142DAD1099808
:10F3A0001B9984691898224609F09EF84228CFD00C
:10F3B0001C98012804D11598874201D24220C7E742
:10F3C0001598E083204620301C9905908170278491
:10F3D0000A98808B401CA0831098012814D02046E6
:10F3E000102211A90830F4F769FA05991098C8702D
:10F3F0000698298B406D4018A061298B38467043D0
:10F400000818288300250FE011A80FC808340FC47E
:10F41000183CEAE72846A16978430818159A179915
:10F42000F4F74CFA6D1CEDB2B542F3D30599189878
:10F43000487105991998087105991A988871099861
:10F440002146183009F0C3F82146039809F0A0F8C6
:10F450000798A18B018000207AE700000425002096
:10F460006407000002290000FFB58FB014460E7833
:10F47000102205A8891CFBF7E5FB4F484F4900689F
:10F48000451800F0D1FA00281ED1002C57D0012ECB
:10F4900009D16846808A4A49884204D12846A96829
:10F4A000083081424BD128461030296903908142AF
:10F4B00009D00AA9284609F061F86846018D601E46
:10F4C0000D90814202D2482013B0F0BD284608308A
:10F4D0000CA9049009F052F86846008E002814D058
:10F4E000EF680AA93846183009F048F83846203045
:10F4F0000CA909F043F86846398D008D0918684653
:10F50000008E401C081887B200E00127012000048B
:10F51000C01BA04201D26120D6E72C692868019067
:10F520001298012802D0022803D008E00520C0026A
:10F5300000E024486085012E03D0022E05D0422031
:10F54000C2E720460830022202E02046083010229E
:10F5500005A9F4F7B3F92046314620300646017379
:10F560000F98214607802785039809F030F8214637
:10F57000049809F00DF827461837E7616662A7611D
:10F5800026620D9884B20BE02846019909F01FF815
:10F590003846019908F0FCFF2868641EA4B2019067
:10F5A000002CF1D10F9801880D98081882B2002024
:10F5B00000F04EFF002087E70425002064070000CC
:10F5C0000118000001280000F7B5064636480F462E
:10F5D0000068364982B044183046FEF749FF0500FE
:10F5E00060D02046243000900FF0E6FC002859D16E
:10F5F0002869000356D500980FF098FC04464FE0A8
:10F60000A088B0424BD120223146002008F05AFB9E
:10F61000060018D0A068002F017B427B15D033462E
:10F62000049810F0A3F8002001222969D204914324
:10F63000296100282AD0692802D03046FFF7EAFB6A
:10F64000002005B0F0BD6420FBE70A2906D00C2994
:10F650000AD00E290ED0082912D023E032462146C6
:10F66000284611F03FF9DFE732462146284610F0E0
:10F6700073FDD9E732462146284611F069F8D3E7F1
:10F6800032462146284610F0F9FECDE72146009883
:10F690000FF099FC0121204608F070FBCDE72468AB
:10F6A000002CADD14120CCE70425002064070000E8
:10F6B000024608480849006841188868083103E094
:10F6C000038D934202D200688842F9D1884200D16A
:10F6D000002070470425002064070000034610B591
:10F6E0000E480F49006841188868083103E0148DFE
:10F6F0009C4203D8104602688A42F8D18A420CD153
:10F70000018D994209D20146026A20318A4203D012
:10F71000416A898B994200D2002010BD0425002047
:10F7200064070000024610B50B4812050168092065
:10F7300000020818C36E0020120DA031097B07E0FB
:10F7400044011C5B2405240D944203D0401CC0B22C
:10F750008142F5D810BD000004250020F7B505460C
:10F76000174601980FF0E2FB2E050446360D0CE01B
:10F77000A0882568B04207D1214601980FF023FCEC
:10F780003946204608F0FAFA2C46002CF0D1FEBD8E
:10F79000F0B58BB000206349029063480A681418E2
:10F7A00072B610464030C57902231D43C57162B65A
:10F7B00025464035287AC0077DD009200002101860
:10F7C0000026C76E49E071017A5A002A43D0C91950
:10F7D000069109694A021ED48A0226D502210491A3
:10F7E0000699012309880905090D03913921490169
:10F7F0004118097C89070ED5D90208304018232208
:10F80000C06C02210EF084FD010004D0039A8A80AE
:10F8100004980EF069FD069800880090069800F0A4
:10F8200085F800980DF0E6FA15E0480713D506981C
:10F8300000880005000D0DF06EFA002805D106982D
:10F8400000880005000DFFF7E5F806990420096916
:10F85000814306980161761CF6B23248AC210068FB
:10F86000095CB142AFD800F01BFF204624300646A9
:10F870000FF0A2FB012802D0012000F015FE204667
:10F8800018300FF099FB012802D0002000F00CFE88
:10F890003C3420460FF090FB01280FD002A92046EF
:10F8A0000FF0B3FB0420029902F04EF80028F0D0CC
:10F8B0002046029900E032E00FF055FB287A00065E
:10F8C0002DD530460FF078FB012828D1002008F014
:10F8D000D5F9A98B23314909491CC9B2F0F77CFC41
:10F8E00000281CD00F4D044628680123D902083097
:10F8F000401842263822C06C31460EF009FD010046
:10F900000DD000228A80CC8030460EF0EDFC3D21E7
:10F910002A68490151180A7B802082430A730BB080
:10F92000F0BD00000425002064070000F0B5044687
:10F930003B483C49006885B04518218A890419D59F
:10F9400002210491392149014118897C41262788E7
:10F950000123C9070ED0D902083040183122C06CEB
:10F9600002210EF0D5FC010004D08F808E71049826
:10F970000EF0BAFC2946208801221831FFF7EEFE6E
:10F980002946208801223031FFF7E8FE29462088E9
:10F9900001222431FFF7E2FE2946208800223C3173
:10F9A000FFF7DCFE20880005000DFFF7BBFE850099
:10F9B000294611316846017301F0A0FD2946123134
:10F9C0006846017301F09AFD2946133168460173B8
:10F9D00001F094FD68461435057301F08FFD208811
:10F9E00000F03CFA208801050D48090D026813203B
:10F9F000C0011018028A914201D100210182E06900
:10FA0000002802D0012108F0B9F920220021204667
:10FA1000A568F3F757FF1720A560608005B0F0BD1B
:10FA2000042500206407000010B50B480B4900684E
:10FA300044184034207AC00709D0002008F01EF98D
:10FA4000217A890701D5002803D0002010BD472066
:10FA500010BD642010BD00000425002064070000D4
:10FA6000F0B55FA099B000685E4915905E4A0868DD
:10FA70008418092212028218D26E2546403514924B
:10FA80002A7AD20702D0622019B0F0BDAA8B0123D6
:10FA90005B029A4201D9AB8303E0172A01D21722F5
:10FAA000AA83149AA0301392067B0DE0761EF6B25C
:10FAB000139871010F18B8680F9038462022002162
:10FAC000F3F700FF0F98B860002EEFD12046083002
:10FAD000E0606460A0602460083013906061206181
:10FAE000FF22002108300FF036FA2046FF220021C5
:10FAF00024300FF030FA2046AA7F002130300FF07A
:10FB00002AFA2046FF2200213C300FF024FA00227E
:10FB10002A7210461721334B05E0149E4701BE1987
:10FB2000401C7180C0B21E68A036367B8642F4D875
:10FB3000002028832F8C688C0026149008E0282051
:10FB4000E16C70430918204608F022FD761CB6B21D
:10FB5000BE42F4D3002608E03020216D704309181E
:10FB6000139808F015FD761CB6B214988642F3D3AC
:10FB70000120FFF765F90124684604701B494180A4
:10FB80002346042269460CA8FFF76EFC002822D108
:10FB90006846018E81821649018304260685847594
:10FBA000202108A881720024C472047307214173C4
:10FBB000847305A90DA8FFF70DFA00280BD168463C
:10FBC00004874687818E15AB0EAA008E00F0FEF9E1
:10FBD000002800D158E700202872472054E7000091
:10FBE0000000FFFF0425002064070000011800004A
:10FBF000052A0000F8B5044683480E46006883498C
:10FC000047184820C05DC0076FD0B088FEF730FCB1
:10FC10000546012C02D0002C68D0F3E0002D04D062
:10FC20002869410703D54520F8BD0121C7E0B26826
:10FC3000F188147B0029F0D062060AD568888842D2
:10FC4000F3D3D22C01D0522CEFD1384631461830A4
:10FC500048E0A106890E1E2949D81E2C20D1010793
:10FC60001ED50821884328612988012008F078FCE6
:10FC70000121304608F082F8634801230068D90268
:10FC80000830401842242D883922C06C21460EF0DD
:10FC90003FFB010003D08D8020460EF025FBB1E034
:10FCA000E1070BD01D2C1AD01B2C18D0410533D4E2
:10FCB000012189020843EE612861A3E0C00606D550
:10FCC0002B4602220321422000F07EFEADE7298868
:10FCD000002008F033FC29691020014329613846CF
:10FCE000314624300FF052F98CE015E016E02988F7
:10FCF0002022002007F0E6FF05000DD0012130464C
:10FD000008F03CF82B460022214606200FF02EFD7D
:10FD10002846FFF77FF875E04120F8BDB068047B06
:10FD20001D2C3CD01B2C43D00021304608F026F877
:10FD3000002D67D0032C46D0052C44D0072C42D090
:10FD4000092C40D00B2C3ED00D2C3CD00F2C3AD09F
:10FD5000112C38D0132C36D0172C34D0192C32D08B
:10FD6000012C30D0022C35D0042C33D0062C31D0CD
:10FD7000082C2FD00A2C2DD00C2C2BD00E2C29D0B7
:10FD8000102C27D0122C25D0162C23D0182C21D0A3
:10FD9000522C1FD0D22C1DD01E2C2FD032E0002D83
:10FDA00003D02988012008F0C9FB3146022001E078
:10FDB0003146012000F052FD002823D000213046BA
:10FDC00007F0DCFF1EE029691020814329612988A2
:10FDD000002015E02869402188432861010511D5DC
:10FDE000FF210131084328612988022008F0A6FB81
:10FDF00001202969C0028143296103E02988032089
:10FE000008F0AEFB0020F8BD0425002064070000C8
:10FE100010B5104A104B1268D2184032127AD2072D
:10FE200006D002280AD0052804D00B2810D101E002
:10FE3000412010BD4888FEF7CBFF09E04888FEF757
:10FE400017FB002804D001220169920511430161CA
:10FE5000002010BD0425002064070000F1B5FFB0AC
:10FE600085B04720019000206946088053485449D6
:10FE7000006847188498FEF7FBFA0290002874D0B7
:10FE8000B96808374FE0684600880D4604AC201872
:10FE90006B460222283100F0C5FD684600882946DD
:10FEA00020186B4601222C3100F0BCFD2E46203676
:10FEB000307B69460128098804A809D040186B46A0
:10FEC00010222946083100F0ADFD01902C6A27E090
:10FED00040186B460222F4E76946098804A84018D6
:10FEE00021466B4602221C3100F09CFD69460988C0
:10FEF00004A8401821466B460122233100F092FDF0
:10FF00002320005D69460128098804A830D04018E4
:10FF100021466B461022083100F084FD01902468D0
:10FF2000B442D9D12968B942ADD1019800281CD179
:10FF30006846008881070AD0224A011D11406A469E
:10FF400011800A1A04A908180B21F3F7BBFC0298C8
:10FF500000880CF0E0FE002807D18498694600056F
:10FF6000000D04AA09880AF06FFB7FB006B0F0BD4F
:10FF7000401821466B460222083100F053FD0190E3
:10FF8000208911498842CAD120460299FEF7E8FE2D
:10FF90004000A16903906A460918128804A88018D5
:10FFA0006B46022200F03EFD0190A16903980222F7
:10FFB00008180021F3F786FCB1E7000004250020B3
:10FFC00064070000FCFF000002290000F0B50746AE
:10FFD00017480E4600683D2149014018007B85B056
:10FFE0001D461446C00706D003A9384600F018FA8B
:10FFF00000280AD102E0472005B0F0BD04AA30462F
:020000041005E5
:10000000039900F0FDF9002801D06020F4E704997D
:10001000228860880968002A00D0088C32466E4623
:1000200031C603233946002000F004F8E4E700005D
:1000300004250020FFB5002099B0239A0B90129060
:1000400005461490064615901C46DB480B46006892
:10005000DA49229F411803910021089109915188A2
:10006000069111880A913D2149014018007BC00783
:1000700006D00FA9184600F0D3F900280AD102E0F3
:1000800047201DB0F0BD10AA0F991B9800F0B8F9D9
:10009000002801D06020F4E71998002803D06007F9
:1000A00001D5012000E000201390A007800F1C90D4
:1000B000109817902030C078012840D11798C04B75
:1000C00001899942F9D11798069904680A98228CF7
:1000D0004118914233D8204620301690807801286C
:1000E00016D0E08B04901798806900788006800F06
:1000F0007ED0039840301890007A800778D51C98FD
:100100000028F5D0AE4F0F99FF372031206814E05A
:10011000BA4214D3B942DDD80497E4E70389A84A68
:10012000934203D12322125C012A08D0BB4203D19F
:100130002322125C012A03D000688842EED134E108
:1001400005900028FBD09C4809210268090251183B
:10015000C96E0027009162E0780100990390085A67
:1001600001055AD01999002901D0884255D1059925
:100170007A008B69511C595C9A5C0902891889B212
:100180000D91890749D0022205990FF06DFB0028D7
:1001900004D01998002840D0652072E7002008A9F3
:1001A000C8551C98C00718D0179880690078C006F9
:1001B00013D50D98C00710D00120C8550543009AEB
:1001C000039880184088159A904206D91590009A95
:1001D0000398105A0005000D14901C9880071CD538
:1001E000179880690078800617D50D98800700E081
:1001F00083E012D50220CA5D05430243CA55009927
:100200000398401840881599884206D9159000999E
:100210000398085A0005000D14907F1CFFB2664831
:100220000068A030037BBB4296D8002D65D018989B
:10023000007A00065FD460480168092000020818AF
:10024000C16E00201BE042018E5A360515D0AE0764
:100250000BD556183669B7070DD408AF3F5CBF07FA
:1002600003D5360701D546200BE7EE0705D0521817
:10027000127CD20701D0432003E7401CC0B2834266
:10028000E1D81598C01E86B20498864200D9064669
:10029000A8070FD520220020149907F013FD129013
:1002A00000287DD0F01C82B20021129800F0F4F8F2
:1002B000002811D1E80720D020220020149907F04F
:1002C00001FD0B90002807D0F01C82B200210B9892
:1002D00000F0E2F8002810D08020FEF7B1FD12985F
:1002E000002802D0002107F049FD0B98002802D019
:1002F000002107F043FD6420C3E6A1690A98069A2D
:1003000008182499F3F7DAFA16988078012801D1B1
:100310000498E083002D46D0274B0920196800027D
:100320000818C16E002008AA0CE04301CF5A3F050F
:1003300006D05F18BC463B69175C3B4367463B6190
:10034000401CC0B21C4B1B68A0331B7B8342ECD803
:10035000A8070DD512980090F01C82B221461C31DE
:100360000220A369FEF737FB0220129900F076FA0B
:10037000E80718D00B980090F61C2146B2B21C3149
:100380000120A369FEF727FB1398002805D00B98DE
:100390008021C07C08430B99C87401200B9900E0B0
:1003A00005E000F05BFA00206BE6422069E6802061
:1003B000FEF746FD9FE700000425002064070000CB
:1003C00003280000F0B58468083015E0258D8D42C3
:1003D00003D1146018600120F0BD26461C60203651
:1003E000256A06E0AF8B8F4202D102201560F0BD76
:1003F0002D68B542F6D124688442E7D10020F0BDD3
:1004000010B50B6A203106E09C8B844202D100209B
:10041000136010BD1B688B42F6D1412010BD000057
:1004200010B5094A094B1268D2189368083206E0E1
:100430001C8D844202D100200B6010BD1B689342CA
:10044000F6D1412010BD0000042500206407000003
:1004500030B50F4B0F4D1B6804465B1940331B7AB8
:10046000412085B09B0710D56B469981DA81002029
:1004700018820420588203AA04A96D4607C50223E6
:100480001A4601212046FFF7D5FD05B030BD00001A
:10049000042500206407000010B5121D806892B288
:1004A00007F08AFC10BD0000F0B57B497B4A096863
:1004B00085B08E18012806D03046183000900EF016
:1004C00035FD0446E5E03046243003900EF02EFD65
:1004D0000546BAE0A8682F68007B0290A888FDF75F
:1004E000C7FF040073D021882022002007F0EAFB18
:1004F000019000286CD0E8886188884204D90022E5
:100500000420019B029920E04620009002980E28CA
:100510004ED00ADC801E030000F093FA0B1C13225D
:100520001329132F13381341130016285AD004DC53
:10053000102846D0122804D14BE018285BD01D2883
:1005400072D000220620019B02990FF00FF90020C3
:1005500000905CE029462046019A0FF013FA4FE024
:100560002A4621463046019B0FF03EFC48E02946D2
:100570002046019A0FF040FB42E02069000353D46B
:1005800029462046019A0FF079FF39E020690003DF
:100590004AD429462046019A10F0A4F930E0206997
:1005A000000341D429462046019A0FF0D5FD27E0EB
:1005B0002069000338D429462046019A10F0C8F873
:1005C0001EE029462046019A0FF066FE18E033E04F
:1005D0003EE02069800327D429462046019A10F086
:1005E000ACFA0DE0206980031ED429462046019A0A
:1005F0000FF0F6FC04E029462046019A0FF01CFAA1
:100600000090452810D069280ED046280CD0012132
:1006100020690906884320610198FEF7FBFB0098DA
:10062000002809D010E0FFE70021019807F0A6FBA1
:10063000009845280CD0F2E7294603980EF0C3FC39
:100640000121284607F09AFB3D46002D00D041E7E6
:1006500005B0F0BDA0682668077BA088FDF708FFFD
:1006600005000DD0522F01D0D22F06D128694003AA
:100670000ED42146284610F0CAF92869400307D451
:10068000214600980EF09FFC0121204607F076FBE2
:100690003446002CDED1DBE704250020640700008F
:1006A000F0B55848584A016885B08A180492092262
:1006B000120289180027CD6E95E07E01A85B002804
:1006C0007BD070190090C06900284BD0009909694F
:1006D000CA0532D54A0530D580680124A402007BC2
:1006E000A143009A1D28116139D01B2837D0009AE8
:1006F000927B824202D0012802D030E0012806D14C
:100700000098C0698068407B401C824269D1C8055E
:1007100009D5A95B022007F023FF0098FF22016999
:10072000013291430161009881698847452816D1BB
:10073000009801692143016111E0012107F01EFBCE
:1007400000980021C1610098012201699202914341
:100750000161022211464220009B00F035F9A85B9E
:1007600000283ED00498243001900EF0DFFB0446B0
:1007700035E020680390A068AB5B017BA0881A0578
:10078000120D904201D11D2904D0904226D11B297F
:1007900032D023E000990969CA040FD40122120360
:1007A000009811430161A95B032007F0C7FEA95B14
:1007B0002246022000F078F808E012E0694608813D
:1007C00002AB02220321422000F0FEF821460198EC
:1007D0000EF0F9FB0121204607F0D0FA039C002C13
:1007E000C7D17F1CFFB207480068A030007BB84229
:1007F00000D962E705B0F0BD22461946022000F09C
:100800009BF8E3E70425002064070000F0B5944658
:1008100000220A806346104C1A60092322681B02DA
:100820008646D2184120D26E00230FE05D01AD183C
:100830002F697646374207D06F880E88B74203D9B2
:100840000F806046056000205B1CDBB22568A03588
:100850002D7B9D42EAD8F0BD042500207CB50C46D6
:1008600005466A4601A9FFF7D1FF002801D04120C3
:100870007CBD6846E1888088814200D9E08000988C
:100880000088A0802046FEF7C5FA0098012D07D009
:1008900001690822114302229143016100207CBDBD
:1008A000016949084900F8E7F7B50646907991686B
:1008B000C01E82B01746C5B2022268460D31F2F75B
:1008C000FDFF681D03210843401C83081948F106F9
:1008D00003D53222BF210E400AE0392201685201BD
:1008E0008918497C890602D4002005B0F0BD2F226A
:1008F00031070068890E08180121C9024018C06C30
:1009000031460DF005FD040011D00398A080684623
:100910000088E080234625722A460721384609339D
:1009200007F090F9214630460DF0DEFCDCE70720A9
:10093000DBE7000004250020F7B5064690799168B2
:10094000C01E82B01746C5B2022268460D31F2F7CA
:10095000B5FF681D03210843401C83081948F106B0
:1009600003D53322BF210E400AE03922016852012B
:100970008918497C490602D4002005B0F0BD302218
:1009800031070068890E08180121C9024018C06C9F
:1009900031460DF0BDFC040011D00398A0806846DC
:1009A0000088E080234625722A460721384609330D
:1009B00007F048F9214630460DF096FCDCE70720A9
:1009C000DBE7000004250020FFB50546012381B0C8
:1009D00016460F46C00603D52422BF20054000E07E
:1009E00021220F4928070968800E40180121C902F9
:1009F0004018C06C29460DF08BFC04000DD0277107
:100A000066713246A01D0499F2F758FF2146284628
:100A10000DF06AFC002005B0F0BD0720FBE70000E8
:100A20000425002010B51C88A418A4B21C80012342
:100A30005B029C4203D8F2F741FF002010BD412029
:100A400010BD30B47446641E2578641CAB4200D2DD
:100A50001D46635D5B00E31830BC1847F7B51646CA
:100A600000241CE0009811490019401881080198E1
:100A70008900001942780578120215438278C078FF
:100A80001204000602430948154340420F18294644
:100A90003846F2F737FF3868854204D1241DB44246
:100AA000E0D30020FEBDFB20FEBD00000000FCEFF7
:100AB000F0B50E460746002407E03D1900F0CEF8D9
:100AC0002870000A6870A41CE4B2B442F5D3F0BDEB
:100AD00010B5012818D8072916D80C4A12681346F1
:100AE0002033187759778007C906000E090E014395
:100AF0000020074BA03204E08401E418A172401CDE
:100B0000C0B2147B8442F7D8002010BD0425002019
:100B100000010020F0B54F4F0446386885B07830AA
:100B20000D461646002C10D0062C14D0082C0FD0E1
:100B3000182C0DD0282C0ED02A2C0CD02C2C0DD0FB
:100B40002E2C0ED0D02C47D048E0062D0FD045E0FB
:100B5000102D0CD042E0022D09D03FE0012D06D02F
:100B60003CE0062D3AD17179890903296FD100192A
:100B70002A463146F2F7A2FE2C2C26D130780028E6
:100B800023D0F3F787F8012822D01B201F3040091B
:100B9000401C41004118012007F05EF8F3F77AF895
:100BA000012817D01B201F304009410041182A4856
:100BB0004078401AC01EC1B2002007F04DF83868D6
:100BC000F9224030017811400170002005B0F0BDDD
:100BD000FB20DBE7FB20E6E7012D04D0F3F75AF812
:100BE000012804D005E010780DF03CFAEEE7D12C96
:100BF00002D02F2C1ED02AE0082D28D10222314607
:100C00006846F2F75BFE0222B11C01A8F2F756FE1D
:100C10000222311D02A8F2F751FE0222B11D03A8E3
:100C2000F2F74CFE68468389028981880088F3F7D1
:100C300025F8CBE7012D0AD13078002807D0082805
:100C400005D249223968520189188876BDE71220F9
:100C5000BCE70000042500200003002000210B2039
:100C60000007026852070DD5026804239A43026008
:100C7000026808231A43026004E0491C052901DDCB
:100C80000020704742689207F7D54168C907FCD039
:100C9000806880B2704710B5FFF7E0FF0446FFF7A9
:100CA000DDFF0004201810BD024909686831C880C2
:100CB000002070470425002010B50448044B00684C
:100CC00004220021C018F2F7FDFD10BD042500200C
:100CD0003907000004E003780B70401C491C521EC9
:100CE000002AF8D1704700003EB50B4801AA0468FD
:100CF000694602A8683400F01FF800280BD0684647
:100D0000007AE18801228240114204D069460978C4
:100D1000019AF0F7B5FF3EBD0425002005480021EB
:100D200000686830017141710268D208D200026027
:100D3000C18070470425002070B514460D4A136821
:100D400072B668331A79002A01D0012500E0002527
:100D500000221A715A79027018784007400F087003
:100D600018684001000A00F0F5FB206062B62846D2
:100D700070BD00000425002003E00870000A491C33
:100D8000521E002AF9D1704710B5F2F709FFF2F7A9
:100D900083FFF2F77FFF012801D1F2F767FFF2F737
:100DA00039FF04F05FFA10BD70B5184C07212068B8
:100DB0000902411800260E77154B4E770622FF21B7
:100DC000C018F2F77FFD392520686D0140190671C2
:100DD00020214171F2F75EFF012814D01F20216805
:100DE0000B4B491988712068093307220021C0186C
:100DF000F2F768FD064B206810330522FF21C0186A
:100E0000F2F760FD70BD5F20E9E7000004250020D7
:100E10001E070000F0B5574D07202968000208188A
:100E2000007F91B080076FD5F2F7A2FD01286CD149
:100E3000002406F03BFE0646F2F7A0FD012800D193
:100E4000032430007ED0392702267F01012802D0FA
:100E500002287CD13BE069460220F2F75FFE0320C6
:100E600008A9F2F75BFE002C06D1F9212868C90019
:100E700041180120F2F752FE2868A421095CC90735
:100E800001D0002100E010210E436946112310918A
:100E9000F10603D50922BF210E4007E0C1194A79A6
:100EA000920654D58979090651D507223107890E52
:100EB00009180120C0020818C06C31460DF028FA4C
:100EC000070044D0381D3C714022109936E0694635
:100ED0000220F2F723FE002C04D02022FF216846D6
:100EE000F2F7F0FC2868A421095CC90701D00021B1
:100EF00000E010210E43694609230891F10605D54B
:100F00000A22BF210E4009E029E030E0C1194A79E8
:100F100092061CD5C979C90719D008223107890E54
:100F200009180120C0020818C06C31460DF0F0F914
:100F300007000CD03C71381D08992022401CF2F7A4
:100F4000BDFC00E003E0394630460DF0CDF9072046
:100F5000296800020818017FFD221140017772B64E
:100F6000286880224030C1791143C17162B611B046
:100F7000F0BD00000425002010B50023F2F738FE74
:100F800010BD0000F1B51D4C072520682D02411948
:100F9000097F002690B0890701D53A262BE0F92772
:100FA000FF00C219202100200DF0DDF8002801D03B
:100FB0001F2620E0402268461099F2F77FFC206847
:100FC000022341190A7FC0191A430A77694606F0BD
:100FD00077FD002807D0206812264019017FFD22E6
:100FE0001140017707E072B620684030C1794906A8
:100FF000490EC17162B6304611B0F0BD0425002023
:101000000A4610B50146002005F0C6FA10BD10B51D
:1010100001460022412005F0BFFA10BD10B50D4871
:1010200007210068090241180A7F002493070DD4A4
:1010300002231A430A7772B64030C1794906490E35
:10104000C17162B606F064FD002800D03A24204643
:1010500010BD00000425002070B50546002440782E
:101060002646022801D0042803D1F2F7C5FD002846
:101070000DD0084839210068490103192A5D5B1821
:10108000641CE4B29A71082CF7D3304670BD112667
:10109000FBE700000425002010B50A461F2801D9EF
:1010A000122010BD0146104608F06EFB10BD000076
:1010B000FEB5064602200190B0880090B579032164
:1010C000681D0843401C83081348022100688C02F5
:1010D00008300019377B1122C06C0DF019F904009B
:1010E00017D00098A0800020A771E0710146234628
:1010F00025812A4630460A3306F0A4FD2146019890
:101100000DF0F2F800240121304606F037FE2046AB
:10111000FEBD0724FBE7000004250020F8B50746C4
:1011200085880E4810220068D40108300226001974
:1011300001233146C06C0DF0EBF801000CD08D801E
:1011400001220024CA8030460DF0CEF80021384636
:1011500006F014FE2046F8BD0724FBE70425002016
:1011600070B58AB01D461646002804D0012802D06A
:1011700012200AB070BD6A4610706C460622601CD0
:10118000F2F79CFB10223146E01DF2F797FB05A811
:10119000102229460330F2F791FB684602F01CFD4D
:1011A000E7E710B502F006FE10BD0000074A9142C5
:1011B00002DC5242914200DA1146FF229932514339
:1011C0000A1251180A14511808187047FFFF4F00EF
:1011D000401AC010810040180012704710B5092055
:1011E000C00600690002000A00F0B4F910BD70B535
:1011F0000D460446FFF7F2FF2946FFF7D7FF0146E9
:10120000204600F001F870BD1FB56A463A301073F1
:101210006846029100F038F9002800D0012004B09F
:1012200010BD70471FB569463A300873684600F034
:1012300065F91FBD30B5EFF3108172B60922D206F1
:101240001269FF25821A120214120C4A9135136892
:10125000AC4208DC0122120690431A464032D4798F
:10126000DF252C40D471C2010724D20924021B19A6
:10127000DA65034A906081F3108830BD04250020B0
:101280004000004810B50300FFF7DBFB3A332D2D7B
:101290002D1E2130332A2A2A2A2A2A2A2A2A2424BD
:1012A00024242424242424242424242424242424FE
:1012B00024242424242424242424242424242427EB
:1012C0002727272727272733FCF7DCFD10BD06F04B
:1012D000ADFF10BDFDF7C0FD10BD00F05BFB10BD04
:1012E0000BF056FC10BD0BF0E5FE10BDF2F786FCCE
:1012F00010BD3A38C0B20428FAD2FFF792FF10BDF1
:101300000348DF2200684030C1791140C171704745
:101310000425002070B50B481D2100688901441880
:101320002646646008362460E6600025A6602069D1
:1013300029014118304607F02BF96D1CEDB20B2D39
:10134000F5D370BD04250020F0B5002693B0701EC3
:101350000E9042481D210068890144180920C006EA
:101360000069374605022D0A72B6A0692146281A7F
:101370000002000A223108F0AFFC6169A561401843
:101380006061364800684030C1798A0663D4202203
:101390001143C17162B6256814E0A8686169401AFA
:1013A00000280ADCBA0001A8761C85507F1CF6B222
:1013B000FFB2287BFFF766FF03E00E99884200D258
:1013C0000E902D68A542E8D12046083000250C90EB
:1013D0001830129018E0AF0001A8761EC159F6B27D
:1013E000204607F0F4F801A8C1590C9807F0D0F88E
:1013F00001A8C059007B3A2804D2129812990078AB
:10140000401E08706D1CEDB2002EE4D12068A04291
:1014100017D03D256D04284608F056FC01460E986D
:10142000814201D8284601E008F0ECFBA1690818C8
:1014300000020121000A09064018FFF7FBFE13B065
:10144000F0BD72B60020054907220968120289180A
:10145000C8650349886062B6F1E7000004250020F2
:101460004000004810B504460920C006006900028B
:10147000000A00F06FF8A168FFF798FEA060204610
:1014800000F002F810BD0000F8B51B4D06461D2106
:10149000286889014418317B481E3E2801D3422028
:1014A000F8BD2046A2680830824205D03A2905D20C
:1014B0002021095D072901D36420F8BD694607F0A2
:1014C00079F8102231460098F2F7F8F92046009991
:1014D00007F05EF80098007B3A2803D22034207889
:1014E000401C207072B62868DF224030C17911405C
:1014F000C17162B60020F8BD0425002070B5144EFD
:101500001D22316892018D182C681DE0017B227B21
:10151000914218D12146284607F059F8284621461D
:10152000083007F035F8207B3A2803D22035287898
:10153000401E287072B63068DF224030C1791140F9
:10154000C17162B670BD2468AC42DFD170BD0000CD
:101550000425002010B507491D22096892018C1846
:10156000A169401A0002000A08F0AEFB6169081880
:1015700010BD00000425002070B50E46054601464A
:101580002022002006F09EFB040023D0284600F015
:101590006BF8050027D02879B04224D1A8788007BD
:1015A0001FD4A06801210173A06800214673A068C0
:1015B00002268673A068C173A0680174A068417494
:1015C0000620E0802146052000F0BEF9002803D067
:1015D000412509E064250BE0A8783043A870002578
:1015E00006E0462500E042250021204606F0C6FB25
:1015F000284670BD7CB514460D4600281ED1052D29
:1016000002D00B2D07D011E0627921796088A31DEB
:101610000BF0F4FC0AE021461231881F0191009082
:10162000627921796088A31D0BF0FFFC21462846D2
:10163000FEF7EEFB2146284600F0B4FA7CBD70B5FB
:1016400005460C46002000F00FF800280BD02905B5
:10165000090D018000218170002C01D108218170C9
:1016600001210171C17070BD30B502460A480123E5
:101670000068DB020021C318A030047B07E0586B30
:101680000D0140190588954204D0491CC9B28C420D
:10169000F5D8002030BD00000425002030B50A49EF
:1016A000012309680246DB020020CB18A031097B28
:1016B00007E05C6B050164192488944203D0401C48
:1016C000C0B28142F5D830BD042500208068017A7F
:1016D000407A0002081880B27047000070B50023FD
:1016E000134A1DE00125ED0240191901466B002443
:1016F000C81C345410684019466B081D34541068D7
:101700004019406B445210684019466B0846083037
:10171000345210680C314019406B5B1C4450DBB2F2
:101720001068AC21095C9942DCD8002070BD000033
:101730000425002010B5024688680C46817AC07ADC
:101740000002081881B2E088001FE080042909D057
:1017500005290CD006290FD00121204606F00EFBEA
:10176000002010BD21461046FEF744FA08E021464D
:10177000104600F03FF903E0214610460BF02AFA2C
:101780000028EED0E188091DE18010BDF3B581B0DD
:101790000D4600268888FFF767FF070056D0287B94
:1017A0003C46083400900228F86833D0002845D021
:1017B000E888002810D0218840182080284606F0AC
:1017C00057FA01466068806805F0D8F80120616822
:1017D00006F00EFA0020E8802088042828D36068EC
:1017E000FFF774FF001D218880B2814226D8814214
:1017F0001BD16168C88061680198FFF79BFF0146B3
:10180000002000290ED06168A94201D160602080CB
:1018100045261FE0002801D04526DDE76560E88801
:101820002080D9E7606020800BE0452E06D008E0DC
:10183000452E06D1384600F0C7F90BE0384600F0D7
:10184000C3F9002E06D10098012803D101212846B2
:1018500006F094FA3046FEBD024610B50020002A7C
:1018600005D0012A02D11046FFF790FF10BD1046A7
:10187000FFF760FF10BD70B50546801E0C460300E3
:10188000FFF7DFF80A0C1D1D06170B0B0B0B060BE1
:101890000A4620782946FFF7ADFE70BD2846FEF7C0
:1018A000B7FA60880BF0F2FA2146284600F07AF980
:1018B00070BD4A890888A11C0BF0E0FB70BD6288EE
:1018C000097828460BF002FB70BD0000F0B585B02A
:1018D000FFF7E4FE1B4D04462868A030007BA042C1
:1018E0002DD920463230694608736846FFF706FE58
:1018F00001262868F6028019426B00212401115349
:10190000286827468019426BE01C115428680C3760
:101910008019426B201D115428688019406BC059F2
:1019200000280CD0012106F029FA29680020891925
:10193000496BC85129688919496B0834085305B0A7
:10194000F0BD00000425002010B50C460146042817
:1019500005D0052903D0062901D0502010BDA0686C
:10196000A2790272E088020AA0684272A0688172BD
:10197000A068090AC172E088001DE080022020737F
:1019800020460DF015FA0028E8D0E088001FE0801E
:10199000412010BDF8B5323801060220144E0090E7
:1019A00001253068ED020C0D421939214901526BB5
:1019B0004118C97B175B012349070CD50830401932
:1019C0001E220221C06C0CF0A3FC010003D08F800A
:1019D00000980CF089FC3168002049194A6B211DE0
:1019E000505431684919496BE41C0855F8BD000092
:1019F00004250020F0B50D468DB000210A91A9689C
:101A000000280F7B02D0012822D0C3E0A888FFF76E
:101A100045FE624E04463068A030007BA04215D9D6
:101A2000122F08D15E480290204632306946087372
:101A30006846FFF717FD01203168C0020818406BA7
:101A4000210140188178FD221140817000219EE023
:101A5000A888FFF723FE06465048AC220168525C76
:101A6000B24218D90120C0020818406B3201841814
:101A7000A278100710D5122F10D1500710D4A988C2
:101A80002A46422000F0CEF8A07804210843A07036
:101A9000A868407B207179E0132F0AD0012F41D034
:101AA000A868417BA888FFF767FD0A9000286DD0E1
:101AB00070E0A868E778437BBB4267D1520765D5E1
:101AC000027C407C01230002101887B2422004905F
:101AD000A8880690392040010818C07B80070FD5E0
:101AE000D802083108181D22C06C04990CF010FCB3
:101AF000010005D0069A8A80CF8004980CF0F4FB90
:101B0000A078FB210840A070E078401C0006000E81
:101B1000E07001D10120E070684632360673FFF7AD
:101B2000EDFC33E0100731D4A868E178407B8842AF
:101B30002CD150072AD5FB200240A270E078401C2F
:101B40000006000EE07001D10120E07068463236D8
:101B50000673FFF7D3FC114820220068910108307A
:101B600040184224AE880223C06C21460CF0D0FB02
:101B700001000BD0A868437B877BC07B8E8000026E
:101B800038188B71088120460CF0AEFB01212846E5
:101B900006F0F4F80A980DB0F0BD0000042500200E
:101BA0003075000010B5022809D0052801D00B2897
:101BB00008D1084609794088FFF741FD02E04888CE
:101BC000FFF784FE002010BDF8B50546807810218F
:101BD0000843A870422000901148C90100680127FD
:101BE0000830401802263B462122C06C00990CF0B8
:101BF0008FFB04000AD02771667132462946A01D6A
:101C0000F1F75CFE214600980CF06EFBE8680028B6
:101C100005D0012106F0B2F80020E8602881F8BD67
:101C200004250020F7B504230446C10622481546C2
:101C3000006803D52222BF210C4006E0392149016A
:101C40004118C97BC90732D01F222107890E081805
:101C50000121C9024018C06C21460CF059FB01005B
:101C600027D0AA68081D577BD57B937BBE462D02E3
:101C70005F19557C137C2D025E19D57C937CBC4684
:101C80002D025D19577D137D3F02DB19977DD27DB3
:101C90001202BA18019F07807746877067468780CF
:101CA000C68005814381828120460CF01DFB002007
:101CB000FEBD0720FEBD000004250020FFB507463D
:101CC000464881B000880D4645490922096812023C
:101CD00040078A18400F926E6023584314184148F9
:101CE0000E18F1F7D7FF002822D0142D04D0152D9F
:101CF00020D0072D59D05CE02146039803F0FFFA6D
:101D00000121206989040843214640312061087F70
:101D1000022210430877820609D5627952085200E0
:101D20006271DF2210400877002F4ED151E0012070
:101D300005B0F0BD25464035287FC007F7D02146C5
:101D4000039803F0DCFA204603F0B0FA002825D00F
:101D5000A888E988884200D30846E881698AA88A69
:101D6000814200D2084668832A8AE98A8A4200D2E0
:101D7000114629836A882889824200D21046C90800
:101D80000E3989B26881884200D30846A881049838
:101D9000006801214906084304990860287F40082B
:101DA00040002877002F10D113E00398C078142842
:101DB00002D0002005B0F0BD4034207F042140084F
:101DC000400008432077002F03D00820C036F0736E
:101DD000ADE70820C036B073A9E70000C0000020BE
:101DE0000425002058080000F8B50926F6063168D9
:101DF0007A487B4A816013687A4A9D1800220270F3
:101E000042708261C261027142718271764A1288A7
:101E1000F4145207520F82701C196027A46E5743A6
:101E2000E719724C92011219C7600261BA78C27048
:101E300057077F0F8803800F7ED16B4A188E508022
:101E40006B48664C01409013814204D1FFF758FA69
:101E5000A0683060F8BD05F021FE002807D1604879
:101E60000088503081B2012000040818F0605C49FD
:101E7000002009684031C871E168C8735D49B80045
:101E800008588047A068002806DA05F007FE0028F9
:101E900002D1A07803F036FC012F04D0022F19D014
:101EA000052F17D03FE0A068C0013CD505F0F6FD36
:101EB000002838D1A0684003287E05D4022832D0FB
:101EC0006079002809D02EE0022806D0A0790128E8
:101ED00003D028E02078012825D1484846490160F0
:101EE000232141606421684601706A461078401ED3
:101EF0001070F068C00302D510780028F5D1107872
:101F00003E4882B2012000041018F060684601705B
:101F100069460878401E0870F068C00302D508784A
:101F20000028F5D10878206900902946A369E26865
:101F3000E06903F081FE00E033E029462369E268AE
:101F4000E0690FF081F8207801282AD1E068006A62
:101F5000002826D00068002823D00027C17C05680F
:101F6000C9091CD0E268116A814208D10B6813626A
:101F70000F60E1680A6A002A0ED14F620CE00A681D
:101F8000824203D0114612688242FBD10D60E268A2
:101F9000536A834200D15162002105F0EFFE280010
:101FA000DCD10E4C2089000401D5FFF7A9F9A26805
:101FB0001349D00306D50A48022400684018836BF1
:101FC00023438363900306D5054804230068401823
:101FD000816B194381633260F8BD0000B824002092
:101FE0000425002058080000C0000020CC0000207C
:101FF0000080FBFFE024002002230102D8240020FF
:1020000000080000CA6802608A6842604A6882600C
:102010000968C16070470000F8B50C46CA88098A93
:102020004030521A8089102695B2A84205D2054642
:10203000E07C4006400EE07403E02068002800D1F8
:102040000026002904D1207B800701D5022000E072
:102050000120CF060643FF0EE81982B20E48A1699F
:102060000368092000021818406F001D04F08FFC5F
:1020700060610948A5740168092000020818416FD1
:10208000B81C0E5404480168092000020818406F6B
:10209000FF1CC555F8BD00000425002018B40168D8
:1020A000184ACB6813608C68012354604C689460B4
:1020B0000968D1604168144ACC6814608C68546027
:1020C0004C6894600968D16064216A4611700922E5
:1020D000D2066C462178491E21705169C90402D488
:1020E00021780029F5D122782270084A8168D468C5
:1020F0000C6094684C6054688C601268CA6003730A
:1021000018BC7047180000482800004838000048F4
:1021100003480249C160034941617047BD3305105E
:10212000E0240020F9240510F0B5EF48EF490068DD
:1021300095B04418EE4941180391EE498968CA01E7
:102140007ED54A03EB4909697BD4C889012252072D
:1021500080184088851888898018408806A98718C3
:1021600028780607360F284606F00CFCE148806800
:10217000002867DA022012AB032E02D0052E69D0A8
:102180007AE1DC4EF178C9065CD501217171D6493E
:102190000968E031097C002921D008A9087003985A
:1021A0000C90099510A80E900A970B930D94084671
:1021B000F1F7F2FC30713079012843D0012000069C
:1021C000B0613069018A20468030026A1180018C3A
:1021D00030690182817A8022114381724CE104A925
:1021E000284606F0C5FBA81C01460A786B79104604
:1021F0004A78120210438A78C978120410430906FB
:102200000843297800024906C90F08431946AB79EB
:102210002A7A1B021943EB7912061B041943114356
:10222000090202F055F9049922689142C3D1059937
:1022300062689142BFD1012806D0F078400602E0E2
:1022400049E19FE088E002D500203071B6E7012027
:10225000307111E1A749C97809077DD50126002110
:102260000922D2065160A0490968E031097C0029A1
:102270002ED008A9087003980C90099510A80E900C
:102280000A970B930D940846F1F786FC014699488E
:10229000017110A8F1F7E6FC01286DD0954E307958
:1022A000012869D03069009006AB21462846F268C3
:1022B00006F072FB8C49002009682031C874204662
:1022C000C030C17BB278914246D10821C173D3E0BE
:1022D0000027089704A92846099706F049FBA81C7F
:1022E00001460A7810464A78120210438A78C97863
:1022F0001204104309060843297800024906C90F51
:10230000084308906A79297A1046AA7909061202C8
:102310001043EA791204104308430002000A0990AE
:1023200008A8F1F79FFC012800D1002609980102B6
:10233000089802F0CDF801466E4801220271049A15
:1023400023689A4216D1059A63689A4212D10129EC
:1023500004D0C178090600E08EE00BD5C17889066B
:1023600007D50699A268914204D10799E268914283
:1023700000D10771002E91D1A420015B5D48006956
:10238000018279E05B4A8B89A021095B89B28B428B
:1023900001D1012191712321490141188979524DBF
:1023A000012969D1112189014218927DFF2A63D048
:1023B00037214A431218FF3241320394507B0028E0
:1023C00036D11321C9012E6813787618B7680646EE
:1023D0002A36BB552E68521C7618B7680646523608
:1023E000BB552E687618B76806467A36BB552E68F8
:1023F0007618B7680646A236401CC0B2BB55062800
:10240000E1D3286840224018816820310B7A1343B9
:102410000B72816840310B7C13430B74816860310F
:102420000B7E13430B768068A03001781143017056
:102430000398007E012819D11121286889014118CB
:10244000897D372251430918FF202F30405C002836
:102450000CD10398FF31406B4831083001F0AEFBDE
:1024600003988022406B01781143017023212A6870
:1024700000204901511888711E480369997A09069C
:1024800029D51D8A22468032918C89B28D4222D173
:102490002F21158A095DD97200210923DB065960B5
:1024A000FF23691E5533994200D81182002D04D1B3
:1024B00001218161807804F051FF0B4849210068B7
:1024C00049014018407E002802D0012007F034FD69
:1024D00001200CF0B1FD07488068400302D520467A
:1024E00006F00EF915B0F0BD0425002058080000D4
:1024F0003C090000B8240020F0B5FF48FF490068FF
:1025000001254418FD21C9004318FD49ED03084683
:102510008A68C06883B0AA4204D0856AAE7AEE2782
:102520003E40AE72D70100260125002F52DA570334
:1025300036D4570104D50922D20656600D7021E029
:10254000570012D5C278521E1206120EC27003D165
:102550000922D20656600D704279170612D552062E
:10256000520E4271826942610CE0E64F3A4203D05A
:1025700022221555826942610279C270427952065F
:10258000520E42710927FF06DB6B3A699A1A130251
:1025900001221B0AD20593421CD90D707E6019E0FE
:1025A0000A699389012252079B185B889A18436B2A
:1025B00093420AD19278142A07D102464032134638
:1025C000127FDF273A402A431A7701220369D20398
:1025D00093430361CA498B68590213D5C8490A69F4
:1025E000978901225207BF187F88BA184A61416B48
:1025F000914207D191780D2904D101220169120479
:1026000091430161002B6FDAB42109594A880121F5
:102610004907BB4F5118F9610921C9064969C90D1C
:10262000C90707D009207D70C00646603D70B648D6
:10263000B861E4E0008A80040AD5F1F72BFB012899
:102640002FD01C22F9694878024201D0001F48703F
:10265000AB49C869C96802788B6A5F8801235B0748
:10266000FB181B781343DB0604D4A54B1D7009230C
:10267000DB065E60D243920715D00869A04FC00305
:1026800077D5F1F707FB012874D01F20F969497845
:1026900008426ED009207D70C00646603D709A48A1
:1026A000ACE0FC22CEE7877843783A469C461A2F66
:1026B00072D2964B9A5CFF2A6ED062456CD1042F81
:1026C00013D0052F16D0062F2BD0022F32D00D2F6E
:1026D00037D00A69D3033BD5894809214570C9061B
:1026E0004E600570884931E089E0894A08691043E5
:1026F000086184E0824908690670467146708671F7
:102700008670C671C6700672802202714672C968F0
:1027100001230A695B021A430A61C17D0822114341
:1027200034E041230A699B029A430A6101217448FB
:1027300089030BE0496B72480D60C0682721417125
:102740005DE06F4801228169D2051143816156E045
:102750000B2F10D00E2F1BD0092F1ED00C2F20D0E6
:1027600002466C4B39460020F1F784FA002846D126
:102770002CE03BE038E0684B61481A430523DB025C
:102780009A430A610069C17DF7221140C17536E0A4
:10279000102002430A6132E020E001210903584879
:1027A000D4E797070423002F07DA554FBB610223B4
:1027B0009A430823CE273B5500E01A432A430A6177
:1027C0000522C01C2C31FEF785FA18E04C4808227F
:1027D000C068016911430161C77110E008690822EE
:1027E00010430861CF710AE0FF204FE72146FB68E4
:1027F0003A69F8690EF022FDB9690843B861404AA8
:10280000D0681169076A8B89012149075B18009319
:102810005B885918002351610193926811239B042E
:102820001A421ED153011CD4436B8B4201D00123A9
:1028300000E000230293884201D0012300E000233E
:102840009C46002F0DD0029B002B0AD06346002B24
:1028500007D0FB7CDB0904D03B68002B01D00123AF
:102860000193520202D4019A002A72D0427993074E
:1028700001D5002F17D052085200436B8B422BD149
:102880004271D2060BD51E4A55700922D2065660F7
:102890001B4A224B157092691A43194B9A61897829
:1028A000152903D04AE02A434271E6E70146403148
:1028B0008C460A46097FFD23194011770A073DD54A
:1028C0000F4A012392695B061A430D4B9A61F72266
:1028D00011406246117731E081422FD03A8ABB7CA9
:1028E0000021D2183A827A69BA61BE743A8AFB88AA
:1028F0009A4217D2FB7C13E0042500205808000000
:10290000B8240020000040800880100048450610D0
:1029100000010100D0240020805401000880010043
:10292000DB0902D03F68202104E0D20602D1BA6957
:102930001268BA619F4A93691943916101690291D2
:10294000002101914179C90704D09A49406B48613F
:102950002EE048E0002F06D00CF0D8FA002802D173
:10296000029840050FD59348C168416180680028EE
:1029700002DB1120088000E00D8001220869D203EB
:102980001043086114E0012001908B49387C0968EC
:1029900009221202C0068918C00E496F801C854AA0
:1029A00040185061009948803946D068FFF734FBE1
:1029B000804F8121F8688901006908420AD0F1F747
:1029C00069F901280AD01F2279694878024201D0AA
:1029D000001D48700198002802D004E0FF22F3E7B0
:1029E0000099B88A4880734F21463B69FA68F869B4
:1029F00005F0FEFD387801287ED13B46D8681B697A
:102A0000417980229A7203894022125A5B1C038109
:102A1000234620339F785200002F02D14769BF1A06
:102A2000476100269E70836A9E7A11273E439E72FC
:102A30002646604BC036B77B9B789F4209D173898D
:102A40009A1A728105D55B4A5C4F557093693B4376
:102A500093614369574A002B04DC5570584F9369C2
:102A60003B4393618B060AD54B0705D45570554BF4
:102A700091691943916102E0FB2319404171017989
:102A8000C1708179C90742D027464037798E0089C5
:102A9000081A012180B2C903884205D345484A4A31
:102AA00045708169114331E0002830D147480088E2
:102AB0004007400F04F02CFC00903E484022C068C4
:102AC0008179490849008171317A49084900317298
:102AD0009C21095B1152FA8D798D1205120C9446D6
:102AE00082898A4205D18369634502D1009A002A0E
:102AF00007D0304A402600E05AE09369334393619F
:102B000001E00822B2738181F98D090181612948B0
:102B10002F4FC1688A79930728D576231B5B0E89CE
:102B20009B1B01269BB2F603B34205D34570264A90
:102B30008169114381611CE0002B17D1FD231A40EC
:102B40008A7180220169125921310A70130A4B706F
:102B5000130C8B70120ECA7060340169A27E203192
:102B60004A7101228169520511438161417800292E
:102B700012D0C068002181700920C006416013484E
:102B800000884007400F04F0E9FB0B480168C819B2
:102B9000407E002806D108E007480168C819407E39
:102BA000002802D0012007F0C7F901200CF044FAF8
:102BB00003B0F0BDB82400200425002008804000A8
:102BC000088004000880020008800800C00000207F
:102BD00020090000F0B5FF4885B00168FE480C18D8
:102BE000FE4EB168C8017DD5204680300090806BD4
:102BF000827AEE231A40827230464A030125C06869
:102C0000002A42DB4A0105D500200921C906486097
:102C1000357036E04A0012D5C178491E0906090E02
:102C2000C17003D10922D2065160357041790A067C
:102C300027D54906490E41718169416121E0E84A81
:102C400011420AD0224620329570490202D5032152
:102C5000917000E095708169416101792246C170EF
:102C600040329179002908D00921C9068968A164F8
:102C700000210223E1649377A16541794906490E59
:102C8000417100204621085543E031698A890121BC
:102C9000490752185288436B5218934213D19378C4
:102CA000142B03D09278042A08D00CE0034640335A
:102CB0001A7FDF273A402A431A7704E0012302698A
:102CC0009B021A430261806A408840187D21007887
:102CD000095D0843C00606D4002009213570C906E5
:102CE000486010E07CE2606D06F08CFF0146092030
:102CF000C0060269236DD21A1202120A914202D250
:102D0000357000214160F06801220169D2039143CE
:102D10000161B168480213D53069808901225207E8
:102D20008018408880187061F268536B834207D125
:102D300080780D2804D1412310699B0298431061CB
:102D4000002948DA0098806B418801204007A34F92
:102D50000818F8610920C0064069C00DC00707D0F7
:102D6000002009217D70C90648603D709D48F3E050
:102D7000F86841210069490108420AD0F0F78AFF4A
:102D8000012829D01C22F86941780A4201D0091F84
:102D90004170F8697D2201781155C94389071DD01A
:102DA000F8680069C00370D5F0F774FF01286DD092
:102DB0001F20F9694978084267D0002009217D70F9
:102DC000C90648603D708748B861F868012102690A
:102DD00009048A430261C0E0FC22D4E78678417886
:102DE0001A2E76D2804A925DFF2A72D08A4270D122
:102DF000022E15D0F9684A79D2065BD4062E16D079
:102E00000A69D30328D5002209237D70DB065A60A6
:102E10003D70744ABA6101200A69000482435CE093
:102E2000F868406B0560F9682320487195E001223D
:102E3000B86992031043B8616C4A086910401522C2
:102E40005202104308612046C030C17BBA789142DB
:102E500030D10821C17380E0002E18D0012E2AD075
:102E6000032E2DD00A2E35D00B2E38D0082E39D077
:102E7000092E3AD00C2E3BD002465D4B3146012044
:102E8000F0F7F8FE002868D14BE05DE05AE00A4612
:102E90003E46214605F0F5FEF0698179C0790002D1
:102EA00008435449400240185349896A814200D876
:102EB0000846606551E00A46214605F0CBFE4CE02D
:102EC000BB6980263343412000040243BB610A6191
:102ED00043E028E08920C00105E00A613DE0474861
:102EE0000240FAE710200243F7E70121090327E037
:102EF0003B4697070426002F08DA9F6937439F61F6
:102F000002239A430823CF26335502E0D30700D18A
:102F100032432A430A610522C01C2C31FDF7DAFE38
:102F20001BE0072E06D0F8680822016911430161F1
:102F3000C67112E0F969C9780E290ED101218906FE
:102F4000B9610AE0FF2034E72146FB683A69F86975
:102F50000EF074F9B9690843B861204BD868196953
:102F6000066A0F8A01225207BF1801977F88BA1894
:102F700000275A6102979B681127BF043B421ED16C
:102F80005F011CD4476B974201D0012700E0002766
:102F90000397904201D0012700E00027BC46002E95
:102FA0000DD0039F002F0AD06746002F07D0F77C73
:102FB000FF0904D03768002F01D0012702975B0278
:102FC00002D4029B002B78D043799F0701D5002EB5
:102FD00020D015E00425002058080000B824002067
:102FE000000040800800100048450610DFFBFEFF8F
:102FF000D02400209AFDFFFFE0020020BFFFFEFF6B
:103000005B085B00476B974243D143719378042B75
:1030100005D016E02B431F462F434771F2E72346A6
:10302000C033DF7B082F05D1DC4FBF78DF737D27EE
:103030007F029F81D94B01279B69FF063B43D74FF6
:10304000BB614379DB060CD5D44B09275D700023A7
:10305000FF067B60D14BD24F1D709B693B43CF4F26
:10306000BB619278152A32D1074640373A7FFD235B
:103070001A40BC463A77130729D5C84B01279B69EC
:103080007F063B43C54FBB61F7231A4063461A775F
:103090001DE082421BD0338AB77C0022DB193382C9
:1030A0007369B361B274338AF788BB4202D2F77C8A
:1030B000FF0903D03668202205E068E0DB0602D174
:1030C000B3691B68B361B54B9F693A439A61427912
:1030D0000027D20717D0B14A436B53619A78052A6B
:1030E0003BD1026920231A43026100200870487115
:1030F000487088718870C871C87008720871487209
:103100008020487229E0002E0AD00BF0FFFE002834
:1031100006D1A2483322C16852010969114209D07F
:103120009E490122C868486105800169D2031143A4
:10313000016112E09B4A317C126809231B02C90617
:10314000D218C90E526F0127891C89184161019A52
:1031500051803146C068FEF75FFF904E2121F06834
:103160008901006908420AD0F0F794FD012809D0CE
:103170001F2271694878024201D0001D4870002F5B
:1031800002D004E0FF22F4E70199B08A4880834E20
:10319000F26810694106890F13D080063178C00F9C
:1031A000012902D0B16849031CD5002804D0306938
:1031B000C17D0823194303E03069C17DF72319401D
:1031C000C17521463369F06905F012FA307801289B
:1031D0000BD000997448896B0322091DFDF7CCFDC3
:1031E00005B0F0BD0028E7D1E1E76C480121C268D5
:1031F00000695379C67A01962026365C00278772CB
:10320000204620300290807803281CD197796348AB
:10321000002F18D19F06BF0F15D1624F3F6820378E
:10322000FF7C002F0FD1176A002F0CD1CF273F5DF5
:103230008078874207D09089411C7043019E89B2F3
:10324000801980B201904020805A1689400048437E
:103250007118118102998978002902D15169091ADE
:1032600051610099896B8E7A11273E438E722646F2
:103270004A49C036F77B89788F420AD1B189091A49
:10328000B1810FD54549494F4D708E693E438E61DE
:1032900008E056694149002E04DC4D70444F8E69A8
:1032A0003E438E61990605D53C49424E4D708B696F
:1032B00033438B6111792746D1704037BD71E16C82
:1032C00080B20818E0649079FB210840334E907179
:1032D000C00717D0B88E1189401A012180B2C903E6
:1032E000884205D375703449B0690843B06109E07C
:1032F000002807D101230021204605F01FFAB169FB
:103300000843B061F06881798A0723D53A8F038931
:10331000D21A521C012392B2DB039A4205D3757074
:103320002549B0690843B06114E0002A12D1FD229A
:1033300011408171306900992130496801700A0A91
:1033400042700A0C8270090EC17060343069E17EEF
:1033500020304171019806F039FC3169C872029839
:10336000002787707078002802D0B07803F0F6FF4D
:103370000C4C582120680D54492149014018407EC9
:10338000002802D0012006F0D7FD01200BF054FEEA
:1033900020684030077605B0F0BD0000B82400205A
:1033A0000800010004250020FA00300008804000D9
:1033B000080004000800020008000800F0B599B0F9
:1033C00001200E90FD48FE490068FF4E4518FD2182
:1033D000C9004418FB4947180121109100210F91A1
:1033E0000497F949B2680969D30116D5530314D576
:1033F000B8680A8A80B282420DD10091386A0023EF
:103400002946F2680DF0C6FFC035A87BB178884226
:1034100001D10820A87319B0F0BD002A7EDACA894C
:1034200001235B07D2185288D6182A4620320D9203
:10343000D278022A73D033781B071B0F1193012A0D
:1034400005D1022B03D0012B01D0042B54D1012232
:103450000F9200228A72FA684A82FA68927AE36BC3
:1034600094460922D20612699A1A130201221B0AF3
:10347000D205934238D900220923DB065A60049A08
:103480009446D268927A49235B01C0180790807EE7
:1034900000280BD060460123C0681A438272C87AA4
:1034A00084462438C0B2032806D006E01120024327
:1034B0006046C06882721CE00020079A0123927E59
:1034C00083401A42049209D1401CC0B2032800D1A3
:1034D00000200123049A83401A4202D02530C0B252
:1034E00084466046C87204E06046EE210840F968F0
:1034F0008872284605F004F9B048F0210068095C9C
:10350000002905D1232149014118097A002922D037
:103510001321C90140188068002101E06AE22CE112
:103520006A461173059016A80690049614A809908F
:103530000797089503A8F0F72FFBA3490871A24845
:10354000007901287ED0119804280D98C0787AD08F
:10355000012879D0FBE030780AA90007000F099014
:10356000304605F00FFA04A9304605F001FAB01C08
:1035700001460A7810464A78120210438A78C978C0
:103580001204104309060843317800024906C90FA6
:10359000084306907279317A1046B2790906120210
:1035A0001043F2791204104308430002000A01029A
:1035B0000790069800F08CFF0146834A00201071A6
:1035C0000998032804D0052802D0012804D00BE074
:1035D0007D4A0120107107E004982A689042F7D1D3
:1035E00005986A689042F3D10D980079002804D0BC
:1035F000002902D1744901200871099804289ED13C
:103600006E4801681320C00108188068082142181C
:103610001378194653781B0219439378D2781B0408
:103620001943120611430B020178C01CC9090B4350
:10363000082141180A7810464A78120210438A7805
:10364000120402E0ACE192E010E0C97810430906F0
:10365000084300020699000A994203D10799814262
:1036600000D16CE7584901200871C0E10AA9304631
:1036700005F088F9514813230168DB01C8188068F8
:103680000B9A0178D2034906D20F490ED201114399
:1036900001704A4806220168C81881680AA80831E2
:1036A000FDF718FB4548F0210068095C012905D0A9
:1036B000232149014118097A002927D011239B01B0
:1036C000C118097DFF2921D0372251430918FF3144
:1036D0004131497B012919D01321C9014018806863
:1036E000402302781A430270344811220068920184
:1036F00082184118127D37235A4310188968FF3009
:1037000006224130891CFDF7E5FA20E01323DB0196
:10371000C0188068BF22017811406A68D203D20FB6
:1037200092011143017025480168C8188168286812
:103730008870020ACA70020C0A71000E48711F4894
:103740000168C8188168A8888871000AC8710121B9
:103750001D48890281610D98C07801287ED1119899
:1037600002287BD0012879D000201090A0E0012809
:1037700075D1C1021448816139E1F021095C002949
:1037800005D1232149014018007A00281ED00120CC
:10379000694608730020059016A80690049614A8A0
:1037A00009900797089503A8F0F7F6F906490871FC
:1037B00014A8F0F757FA012878D079E00425002002
:1037C000580800003C090000B8240020307806A901
:1037D0000207120F3046139205F0D4F804A93046C0
:1037E00005F0C6F8B01C01460A7810464A78120265
:1037F00010438A78C97812041043090608433178C7
:1038000000024906C90F084308907279317A1046C0
:10381000B279090612021043F279120410430843E8
:103820000002000A01020990089800F051FE844647
:1038300038697969AB4B00221A71139A032A15D0A3
:10384000042A13D0052A11D0022A0FD0062A0DD03F
:103850000D9A1279002A0CD0604601E028E02BE096
:1038600000280CD0139801280CD017E001221A71FF
:10387000EEE7069A824202D107988842F2D00120F0
:103880001871EFE704982968884203D105986968A0
:10389000884203D001201871A9E007E018790128B7
:1038A0007ED008A8F0F7DEF9012801D100200E90A3
:1038B0008C480079012874D00D98C078022870D106
:1038C0000E9800286DD0B868864909690882386A60
:1038D0000590801C04900920C006216C8068081A9D
:1038E0000002071280480068806A0390874209DA64
:1038F000A06906F087F9C719208C401C2084039822
:103900008742F5DB384606F0DFF9C001040C059864
:1039100080210078744A430630785B0E40000840EE
:1039200003430598F02103701068095C012905D054
:10393000232149014118097A00293BD0112189012D
:1039400047187F7DFF2F19D0372257433818FF3093
:103950004130407B012811D040200343059803707B
:10396000614800684118497D514308180599FF30A6
:1039700006224130891CFDF7ADF91BE00498296847
:1039800001700A0A42700A0C8270090EC170049913
:10399000A8880871000A48710598BF21007801E0E5
:1039A00025E021E008406968C903C90F890108437F
:1039B000059908700AA9304604F0E4FF05980A99B1
:1039C00001720A0A42720A0C8272090EC1720B99C4
:1039D0000173090A41738475210AC1750A98286127
:1039E0000B98686119B0F0BD10980028FAD00F98B4
:1039F000002845D13B48002102699172F868508245
:103A0000F868817A0920C006E36B06699B1B1E02D9
:103A10000123360ADB059E4238D900214160324835
:103A2000036832481818C168897A492676019B19BB
:103A30009E7E002E0AD00126C06831438172D07A62
:103A400001462439C9B2032905D005E01122C06816
:103A50001143817211E000219B7E37468E40334234
:103A600008D1491CC9B2032900D100213E468E402D
:103A7000334201D02531C8B2D072284604F040FE4E
:103A80000925ED066868002804D011E0EE20014009
:103A9000F868DEE714480168492040010818407EB4
:103AA000002802D0012006F047FA01200BF0C4FAEA
:103AB000206C29690126401A0002000AF605B0426E
:103AC00090D3A06906F09EF8216C40182064218CE8
:103AD000491C21842969401A0002000AB042F0D230
:103AE00019B0F0BDB8240020042500203C090000D6
:103AF0000A480B49006840180921C9060A6902658D
:103B000000228030406A82720868002804DA054882
:103B1000C1680889401C0881704700000425002006
:103B200058080000B824002010B51648164900684F
:103B30004418A4200059817A490849008172F0F79D
:103B4000A9F8012814D0FF20013006F05BF8216DA0
:103B500040180002000A2065012149064018092189
:103B6000C90648600948C1680889401C088110BD21
:103B7000E06C06F047F8216D40180002000A20654D
:103B8000EAE700000425002058080000B8240020BF
:103B900010B500200921C90648600748492100687E
:103BA00049014018407E002802D0012006F0C4F9E7
:103BB00001200BF041FA10BD042500200A780270A4
:103BC0004B7843708A788270CA78C2700B7903711F
:103BD0004A79427170470000F0B58DB00026574D0C
:103BE000044606960796089609962868E030007CF9
:103BF000012803D101F0FCFA012811D02968002026
:103C0000E0314874E01D0B940290173405940020B5
:103C10000B9900F083F90646FF2804D0002003E04A
:103C20000C200DB0F0BD07200A902868F100444A2E
:103C30000918891803912F21490140180C90700828
:103C40007F285BD000F024FB0746F00903D07F1EDD
:103C50007606FFB2760E3720296878434418039819
:103C6000FF34C77103201B340B9900F027FB01467A
:103C70000020FF22A070E2702670FF2906D00122EA
:103C8000A270E170CA000C995118CF71264601212B
:103C9000203671750746B075102206A90298EFF715
:103CA00015FE00280BD01022201D0299EFF706FE0A
:103CB00021462C31201D01F05FF8277501E001201D
:103CC0002075102206A90598EFF700FE00280DD0F8
:103CD00020461530102205990390EFF7EFFD21469D
:103CE0002531039801F048F8F77401E00120F074E1
:103CF0006178012000F020FAFF206070104E00244F
:103D0000F836371F0EE0E1000818811900220298EA
:103D100001F018F8002803D12146022000F00CFA27
:103D2000641CE4B22868C1190978A142EBD829685B
:103D30000120E03148740A9873E700000425002050
:103D40006C040000F1B5194D00212868E030417481
:103D50000320009900F0E2F801270446FF281ED056
:103D600000263046009900F0A9FAFF280DD0C100C6
:103D700028680F4A09188918CA7937235A43101836
:103D8000FF301B308770C470C8792A68E100891839
:103D900040062F22400E52018918C87100E0072604
:103DA0002868E03047743046F8BD00000425002044
:103DB0006C04000070B5274C002520680126E03017
:103DC0004574007C012803D101F012FA01283CD08F
:103DD000214B20687822FF21C018EFF773FD1E4B9E
:103DE0002068F8337822FF21C018EFF76BFD9D2380
:103DF0002068DB007822FF21C018EFF763FD232144
:103E00002068490141180D722721490141180D719F
:103E10002B21490141180D70F4210D58FF300F4A34
:103E200000211B30EFF74EFD2068FF210246E032F3
:103E3000134691741122920182181176517691766F
:103E4000803045675E74002070BD2068E0304674A5
:103E50000C2070BD042500206C0400003903000014
:103E600010B5084C2F2320685B01F822FF21C018F1
:103E7000EFF728FD172221680020920189180877A2
:103E800010BD00000425002010B5044601F0B0F973
:103E9000002801D00C2010BD02480068E0300474F6
:103EA000002010BD0425002010B56421064C4843B5
:103EB000216880314867FDF791F921688031886772
:103EC0000020C86710BD00000425002010B504467E
:103ED0000146042000F0F2F9FF2801D0012010BDB6
:103EE0002146042000F01AF8002010BD10B501464C
:103EF000042000F0E3F90146FF2802D0042000F07E
:103F00001BF910BD00B50146042000F0D7F9FF28C9
:103F100001D0012000BD002000BD0000F3B5050068
:103F20007F4883B0006808D0012D0DD0022D0ED03F
:103F3000042D1BD02F2149010AE07A498D22411816
:103F400001910F21D20020E09D21C90000E07649B7
:103F500041180191032D0BD0042D0CD00F21012D00
:103F60000BD0022D0CD0042D03D10CE06F49EFE7EC
:103F70001F216F4A09E00821F1E76E4A801805E029
:103F80002B22520101E0DB22D2008018009004783D
:103F90008C4207D1002D15D0032D13D0042D11D044
:103FA000012D0FD08C4201D1022D0DD000262846C4
:103FB000049900F083F90290FF2807D0FE26002D17
:103FC0007ED0AAE0FF26A8E0FC26F0E7FE2E78D0FF
:103FD000022D10D1FC2E0ED15148019A0068FF30FD
:103FE0000130417ECB009A18D2794276022000F04F
:103FF000A3F8641EE4B2002C3DD00198E1000F1834
:104000003E46083E04990720401E0B5C325C9A1A1B
:104010000BD0002A0BDD0198E10008180722049953
:10402000EFF74CFC261E26D02BE00028ECD13846BA
:1040300007223146EFF742FCF079F871002D03D0EA
:10404000032D01D0012D12D1F079C14349060ED0C4
:1040500037214843324909684018FF301B30002D92
:1040600002D0012D17D0C01C0178491C0170641EBC
:104070002406240EC1D1072204990198EFF71EFCF3
:1040800000260098022D08D000780099401C087086
:10409000002D3DD041E0401CE6E70178002921D009
:1040A0000198CA001018C01D0278521CD2B2A24258
:1040B00000D902700838491EF6D10098007801E056
:1040C00028E022E000280DD015480068FF300130BC
:1040D000417EA14201D3491C4176017EA14201D318
:1040E000491C01760E480168FF310131097ECA0082
:1040F00001995118CC710068FF30013004760098A6
:1041000000990078401C087007E0002D02D004E000
:10411000FE2E02D1029E80200643304605B0F0BD3F
:10412000042500206C04000064050000DC0600008B
:10413000DC050000E4040000F0B504004E4883B044
:1041400000680F4608D0012C0AD0022C0BD0042C9A
:104150002BD02F21490107E048494018009009E081
:104160009D21C90000E0464940180090032C1ED054
:10417000042C1ED00F20FF2F5ED0401EC0B23E4642
:10418000019087422ED20098F1000D18294608317F
:1041900028460722EFF792FBE87BE871002C0AD053
:1041A000032C08D0012C06D017E03649DCE71F208D
:1041B000E1E70820DFE7C14349060ED03721484335
:1041C0002D4909684018FF301B30002C02D0012C0B
:1041D0001ED0C01C0178491E0170761C0198F6B2F1
:1041E0008642D0D3C100009807220D182846FF212F
:1041F000EFF768FBFF20E871002C0BD0012C0FD0EB
:10420000022C11D01C48042C006832D01E490FE04B
:10421000401CDFE718488D210068C900401808E0FD
:1042200015481A49006803E013482B21006849012A
:1042300040180178491E0170022C18D10E48006800
:10424000FF300130417EB94201D9491E4176017EDD
:10425000B94201D9491E017600980F21C01D02788C
:10426000BA4201D9521E02700830491EF7D103B07C
:10427000F0BDDB21C900DBE7042500206C04000051
:1042800064050000DC060000DC050000E40400001A
:10429000094AFF201368002137224A43D218FF320F
:1042A0003B32527D002A04D0491CC9B20F29F3D3F6
:1042B000704708467047000004250020F0B5234AE7
:1042C0000028126808D001280BD002280CD004283E
:1042D0002FD02F235B0108E01D48121896460422B8
:1042E0000CE09D23DB0000E01A4BD2189646032811
:1042F00021D0042822D00422042821D00F20844673
:1043000001209040C3B200265B08F018C0B260459F
:104310000BD2C200744614190722521E8D5CA75C92
:10432000ED1B0FD0002D00DD0646002BECD1FF2049
:10433000F0BD094BD9E705221F20E0E70322DBE7A8
:104340000820DCE7002AE8D1F0BD000004250020A9
:104350006C04000064050000DC06000070B5304D00
:104360002E4A28680021FF301B30EFF7ABFA28688F
:10437000FF21F222115411229201821811765176F6
:104380009176284AF4210A502F235B01F822FF215D
:10439000C018EFF797FA244B28687822FF21C0183D
:1043A000EFF790FA204B2868F8337822FF21C018E5
:1043B000EFF788FA9D232868DB007822FF21C018D8
:1043C000EFF780FA194B28684022FF21C018EFF759
:1043D00079FA232628687601002481190C72272196
:1043E000490141180C712B21490141180C7017210A
:1043F000890141180C771B21890140180476FCF7CC
:10440000EDFE29680B468033986788190A4601211A
:104410000471E0325174DC67847170BD39030000AF
:1044200004250020905F01006C040000DC06000001
:10443000F0B4234B00281B6808D001280BD00228B9
:104440000CD0042833D02F24640108E01D481B1829
:104450009C4604230CE09D24E40000E01A4C1B1948
:104460009C46032825D0042826D00423042825D0E0
:104470000F2701209840C3B200205B08C418E4B2A3
:10448000BC420FD2E50065442E686D682D02AA4239
:1044900003D8AA4206D1B14204D32046B14201D189
:1044A000AA4202D0002BE8D1FF20F0BC7047074C95
:1044B000D5E705231F27DCE70323D7E70827D8E73D
:1044C000042500206C04000064050000DC060000E8
:1044D0000A4610B501460320FFF7AAFFFF2801D0C6
:1044E000012010BD002010BDF0B5A3B001780E91E1
:1044F000456881681091C76801691E9141690591FD
:1045000080690024189417940090FF2616941D9437
:104510000894A81CF4F721F8297800024906C90F6D
:1045200008433860681DF4F718F80002000A786044
:1045300028460830F4F711F829780002C909084321
:10454000029028460B30F4F708F80002000A0390A6
:104550007A681002810F012902D13978012900D02F
:1045600000211391039909028B0F012B03D1029BA8
:10457000DBB2012B00D000231593800F02D13878D5
:10458000012800D000201B90880F03D10298C0B2F0
:10459000012826D0002128780507FB482D0F036845
:1045A0001846FF301B302190F8481818149000204E
:1045B0000F9012900C9001201A901C90009842606D
:1045C00000983A680260F04800681990E030027C78
:1045D0000B92002A00D0012211920B9A012A02D0DC
:1045E00005E00121D7E7407C002800D101240E9886
:1045F000002811D001284ED0032D02D0052D00D067
:1046000001240598007E03287ED002287DD0012851
:104610007CD004287AD09CE0032D06D0052D04D050
:10462000042D04D0012D05D009E0012407E001206C
:104630000F9004E01198002801D1012012901098E9
:104640001690801C1890109808301790059820300C
:104650000079032810D001280ED000220C92059278
:1046600000280BD0012809D000201A900B980128AF
:1046700006D0012D09D0A0E00122EFE70120F4E7E8
:10468000012D6FD1002900D001241598002801D1F7
:1046900001201290C1E0002D02D0012D00D0012494
:1046A00005982030007901280ED000220C921B9A28
:1046B000002A01D0002809D001220592159A002A6B
:1046C00006D0012D09D019E00122EFE70022F4E71E
:1046D000012D13D10B9A012A06D00B9A002A0BD078
:1046E000159A002A08D009E02323199A5B01D218F1
:1046F0001279012A00D1012401221292139A002A70
:1047000006D00B9A002A02E01CE019E01CE006D15A
:10471000002801D101220F92139A002A07D00B9A88
:10472000012A45D1002805D101201D9002E00B98F7
:1047300001283DD1012D78D100296ED001246CE0F3
:10474000052D06D1012404E01399002908D0002A80
:1047500006D000210F91032D05D0052D09D00FE0C3
:104760000121F7E729E005992031497BC90705D1E7
:1047700006E005992031497B890701D501210C917B
:104780000C990591012112911099891C1891109989
:104790000831179110991691012A07D1012801D0EB
:1047A000042803D11B99002900D00124052D29D00C
:1047B000012D32D00E98012837D01898F3F7CDFE8E
:1047C0001699000209784906C90F084309901898FC
:1047D000C01CF3F7C2FE0002000A0A900E980128DE
:1047E00023D01798F3F7B9FE169900020978C90982
:1047F00008430D901798C01CF3F7AFFE0002000AA3
:10480000109020E013990029D7D0012801D0042866
:10481000D3D101200890D0E707E00121199889023F
:104820004018C16D0991006ED7E71E9800691E9966
:1048300049690202CB03DB0F09041A43090A000E7F
:1048400001430D921091002C73D11398002866D06B
:104850000B9800281CD01198002860D0786839681F
:1048600002020120FFF7E4FD474B01469D22186834
:10487000D2008218FF290CD0FE293ED0C800801833
:10488000C6791498F100091807220098EFF716F876
:1048900083E0052D02D10E99022904D0F221095C92
:1048A000FF2913D029E00121384600F0B3F941086F
:1048B0007F2903D0C10014980818E1E708990598EA
:1048C000084301D0012468E0002466E01121890139
:1048D0004118497EFF2910D1FF30072239460130A7
:1048E000EEF7ECFF284800210068F222115401463F
:1048F0004031CA79EF231A40CA710E99012904D0B8
:10490000059C4AE001200F9047E02321490140180F
:10491000C0790228D6D20C980028F3D0D2E71B9891
:10492000002802D00B98012804D0119800280CD13F
:1049300004E039E00020059C1C902EE0232119980A
:1049400049014018007A002827D0786839680202A7
:104950000020FFF76DFDFF281FD0C1001498081834
:10496000C6793720219970434018017D002900D075
:10497000012120302091807D002809D000201F9047
:10498000002907D009E00000042500206C04000085
:104990000120F4E71F98002894D15748016811209E
:1049A0008001081806754675119800284BD0FF2E17
:1049B0000BD00898002808D04F48016811208001CA
:1049C0000818807DB04200D001241D9800280BD02B
:1049D000FF2E09D048480168112080010818807E08
:1049E000B04201D0012447E0002C45D115980028A1
:1049F0002BD0012D29D14048029A0068C11DF93100
:104A00000B699A4205D1039A4969120209028A4246
:104A10001BD0112189014118497E1A9CFF2912D10E
:104A2000FF30072202A90930EEF748FF3248EF2392
:104A3000016808464030C2791A40C2711122002034
:104A4000920189184876002C16D11C98002813D0A2
:104A50000C98FF2E07D000280ED0372021997043E4
:104A60004018807806E0002806D07868010238688F
:104A7000FFF72EFD0028B5D00F9800282AD00D98FA
:104A80003968884203D110987968884222D01198F9
:104A9000002807D118480168232040010818007A2F
:104AA000002800D00120FF2E02D02099002907D035
:104AB00000221F99002905D00021052D17D103E000
:104AC0000122F6E70121F8E7002810D0002A0ED0D5
:104AD00000290CD0002C0AD1129800280AD0029983
:104AE0000998884203D103990A98884202D001208C
:104AF00023B0F0BD0020FBE704250020F8B5FCF74B
:104B00006DFB434C074621680A468031886FCB6FA6
:104B1000381A1818C8674B6F000B984236D300201C
:104B2000E032C8675074107C00282BD00025232663
:104B300076010BE03721694308180146FF31FF3049
:104B40004031303000F018F96D1CEDB22068811949
:104B5000097AA942EED800250BE0372169430818ED
:104B60000146FF31FF3047311F3000F005F96D1C61
:104B7000EDB220688119097AA942EED82168012096
:104B80008919887121680120E03148742068F82172
:104B90000F5072B601464031CA7910231A43CA71C8
:104BA00062B60146E0310A7C002A24D0897CFF25C8
:104BB000002906D1FF30013000F02CF82068E030E9
:104BC000857411262168B6018819407EFF2813D00C
:104BD000372250434018FF30FF3100223030093176
:104BE00000F0B0F8002808D0216800208919C875A5
:104BF0002068801945760020F8BD206801218219BF
:104C0000FF30D175013081680161C1684161EFE712
:104C100004250020F3B505468DB0FF20454C0390D8
:104C20004549206847189D21C9004018049029462D
:104C30000220FFF743FBFF284AD1002005902320E4
:104C4000216840010918097A002931D9F8793721FA
:104C5000484321682A79461838490E9B0A706A79B8
:104C600030464A70FF30AA791F308A7006AA061FA4
:104C700001F04EFC0322691C06A8EEF727FE00286F
:104C800029D0307D012806D1072239462846EEF783
:104C90001DFE00281FD005980837401CC0B20590A3
:104CA0002320216840010818017A05988142CDD857
:104CB00021680020E031487429460220FFF72EF9D0
:104CC00022680121E0325174FF2801D0FE200390B8
:104CD00003980FB0F0BD0598039021680020E031E3
:104CE000487471780120FFF727FA154920684118A8
:104CF00009780F290CD19D23DB007822FF21C018F1
:104D0000EEF7E0FD27222168002052018918087182
:104D100029460120FFF702F97070C2000498F97962
:104D20001018C17121680120E03148740398FF28F0
:104D3000BED0CDE7042500206C040000D002002086
:104D4000E404000010B50C460B790A4984B00B70DE
:104D500063794B70A3798B7013466A4601F0D8FBD8
:104D60000322611C6846EEF7B1FD002800D0012047
:104D700004B010BDD0020020F3B589B00D46FBF79A
:104D80008AFF8002800A01218905084300226B46C0
:104D90001024114601E0032A04D2D7000646FE4043
:104DA0001E7000E01970521C5B1C641E2406240E49
:104DB000F1D1002304AA6946099801F0A9FB032256
:104DC0006946281DEEF77AFD032204A9681CEEF758
:104DD00075FD012028700BB0F0BD0000FFB55C49E7
:104DE000964609685B4A8DB08D18392252018A189F
:104DF000944652791127169B04920C46BF0100205D
:104E0000179E9206A034CF190833002A0FDA6246A3
:104E1000D27952070BD50D9A012A08D97246012A78
:104E200005D10E9A002A02D0FA7D002A0BD0F0227A
:104E3000525C012A23D13F7DFF2F20D02079C0076B
:104E400032D0002431E03A7D0120FF2A19D06F468C
:104E500049C7372042435018FF300130807EC000E0
:104E600041183D480B182079C00701D0002000E010
:104E70001020A12108437146109A10E0012011B0C2
:104E8000F0BD694649C12079C00701D0002000E08B
:104E90001020A121169B0843012271469B1C00F0A3
:104EA00061F9002850D1E9E71024A120044370469D
:104EB000079010980990372047437818FF30013049
:104EC000807E0593C000421823480B961018089066
:104ED00018980290032213301043401C8308E00608
:104EE00003D50722BF20044007E004988006C5D5FB
:104EF000604680798007C1D505222007800E4018C2
:104F00000121C9024018C06C214609F001FA0600CF
:104F10001AD007983071099870713546371D1835C9
:104F20000622B01D0899EEF7C9FC02983872FD60A0
:104F30002846029A0599EEF7C1FC0B983874314661
:104F4000204609F0D1F999E7296A0020087095E711
:104F5000042500203C0900006D040000FFB595B059
:104F600000257C480295039500880E467949400744
:104F7000C00D0C314018C18901204007091849882B
:104F8000FF230C1874483721026811208001101883
:104F9000407D1B33414389185B5C0793E3799B0990
:104FA000012B04D123785B0601D5012700E00027FF
:104FB00023235B01D2185279012A17D9FF2815D073
:104FC0001598002804D0607B8009012805D00DE0E9
:104FD0000622FF3102A8413106E02078000605D5FF
:104FE00021460622083102A8EEF768FC002F35D0D2
:104FF00017983C2800D105AE574F11203968800121
:105000000818407DFF2824D00622A11C6846EEF730
:1050100055FC07985149C5003868062228184118E0
:105020003046EEF74BFC386823212A184901511805
:10503000097B3722891CB171112189014118497DF1
:1050400051430818FF300622A11C4830EEF736FC09
:1050500006E00622A11C3046EEF730FC00950195D3
:105060003D48A4210068095CC90701D0002700E081
:10507000102717990C9118990B911599099171683E
:1050800008230902090E0A9102A9079169460691AF
:105090001E9913911F991291209980370903090CC9
:1050A00011912199C9B20F91F90603D50B22BF21A5
:1050B0000F4009E03921490141184A79920635D556
:1050C000C979890732D509223907890E08180121C3
:1050D000C9024018C06C394609F01AF9040025D0FD
:1050E0000C9921710B99E180099921720A99251D6A
:1050F000617206223146A81DEEF7E0FB2846062223
:105100000C300799EEF7DAFB284606221230069992
:10511000EEF7D4FB13992983129969831199A98316
:105120000F99A9772146384609F0DEF8179800282C
:105130000ED170680A4CC003C10F2068062281633B
:1051400031463930EEF7BAFB20683830EEF782FD91
:1051500019B0F0BDC0000020042500206D0400003F
:10516000C4240020FFB504230546C1061F4881B0B2
:105170000C9E006803D50C22BF210D400CE03921A4
:10518000490141184A79920602D5C979490702D4E2
:10519000002005B0F0BD0A222907890E0818012158
:1051A000C9024018C06C294609F0B2F8040019D0B1
:1051B0000298207103986071271D0622A01D049992
:1051C000EEF77CFB0A9838723846062209300B99B4
:1051D000EEF774FBFE732146284609F085F800209F
:1051E00005B0F0BD072005B0F0BD0000042500208B
:1051F00010B502F009FA082803D302F083F9082851
:1052000001D2012010BD002010BD000070B513496F
:1052100009220968120200208B18AC22525C19E0A6
:1052200060249D6E44432C195C252D5DED060FD541
:105230000B480818C030428A018A608900F0C2F920
:105240003A2804D04034207FEF210840207770BDF9
:10525000401CC0B28242E3D870BD0000042500208B
:1052600058080000F8B5104E30682030C57D002D7C
:1052700019D0002409273F0210E0E9070BD0C0191C
:10528000816E6020604308184030417F204600F066
:1052900085F8002807D06D08641CE4B23068AC21A2
:1052A000095CA142E9D8F8BD0425002070B5403062
:1052B000018942880025914200D31146C38A028A9F
:1052C000934200D21A46C48883889C4200D2234667
:1052D000868A448AA64200D2344646898E4200D04D
:1052E0000125C189994200D00125018B914200D04E
:1052F0000125408BA04200D00125284670BD70B525
:105300000C46054602224831C01CFBF7E3FC21464F
:1053100002225631681DFBF7DDFC21460222463190
:10532000E81DFBF7D7FC21462846022254310930FC
:10533000FBF7D0FC403420891B211B2800D221819F
:10534000E28AFF204930824200D2E082E2881B2AB2
:1053500000D2E180A18A814200D2A08270BD00000B
:1053600070B50D460B490024884204D8032102F091
:10537000EDF8082801D302240AE007490122096850
:105380002031C97D8240114202D1294600F006F841
:10539000204670BDFF0E000004250020F8B506462B
:1053A00024480F460068244944180921090240187E
:1053B000816E602070430D18304602F049F90028D4
:1053C00016D02046CF30CC3472B602780121B140DD
:1053D000082A02D36A7992070ED06879800726D40A
:1053E000144800682030C27D0A43C2753A201FE08D
:1053F0002046CE30CA34E7E77A06104B5208D2185E
:105400006B6B1A603A0601D4132200E012226B790A
:1054100013436B710670288B2080403505486F77E9
:1054200000682030C27D8A43C275002000E00C2055
:1054300062B6F8BD042500205808000003020200EF
:10544000F7B50F4682B0032102F080F8064602F05D
:10545000FFF80090082E02D3022005B0F0BD2948C5
:10546000294900684518092109024018816E602009
:1054700070430C1872B6A0784007400F052804D07E
:10548000022802D00C2062B6E7E76079800701D0DD
:105490003A20F8E720464030478004990182017F96
:1054A000202211430177616B18480860676B204622
:1054B00002224430F91CFBF70DFC20460222791D24
:1054C0005230FBF707FC20460222F91D4230FBF761
:1054D00001FC39462046022209315030FBF7FAFB25
:1054E00060790121084360717D2000994002002904
:1054F00004D0C035A881EE730020C4E7C0356881B0
:10550000AE73F9E7042500205808000003091400D1
:1055100070B5032102F01AF8082801D3022070BDEB
:1055200026490922096812028918896E60225043AF
:105530000D1868796E6B800701D03A2070BD2C463B
:105540004034E188A08800F09DF8E081A18A608A5B
:1055500000F098F860832189608800F093F86081FA
:10556000E18A208A00F08EF82083C0080E3881B2CC
:10557000608900F087F8A081114830606C6B284684
:1055800002224430E11CFBF7A5FB28460222611DE4
:105590005230FBF79FFB28460222E11D4230FBF709
:1055A00099FB21462846022209315030FBF792FB35
:1055B0006879012108436871002070BD042500202E
:1055C00003091500F7B52C4F0E462C49386882B0F8
:1055D000441815460321029801F0B8FF00900920F5
:1055E000396800020818816E0098602250430F1835
:1055F000009802F02DF8002807D0CF20005D009918
:10560000082905D3022005B0F0BDCE20005DF6E7E5
:105610004037397F4A0701D51A20F4E732461B3A52
:10562000E12A05D22A46FF3A154B493A9A4201D35C
:105630001220E8E78A0601D4C90701D00C20E2E76E
:10564000082801D23A20DEE7C034A08AB04200D256
:105650000646E08AA84200D205467889B04204D1C5
:10566000388BA84201D10020CDE72A463146029866
:10567000FFF7E6FEC7E700000425002058080000F9
:1056800049410000884200D308467047F8B51C46DF
:1056900015460E460746EEF7FDFA002805D004F041
:1056A00007F9002803D00C20F8BD1120F8BD1249DD
:1056B000124A0968002089183A461B3AE12A00D3A9
:1056C00030203346FF3B0E4A493B934200D3302003
:1056D0002B461B3BE12B00D330202346FF3B493BAD
:1056E000934200D3302072B6C0318F82CE820D83B8
:1056F0004C8362B6F8BD0000042500205808000065
:105700000107000018B51C490922096812028A180D
:105710006023926E5843121864206B461870092358
:10572000DB066C462078401E2070D868C00302D586
:1057300020780028F5D12078086D496D030C180AEF
:105740000002C9B20843D9B2002801D00B2901D9FF
:105750007F200EE0062359437F3901E04008891D70
:105760001E28FBD8FF23A2335843044BC018800ADD
:105770004018907318BD000004250020A0460000CA
:10578000F3B5054693488DB0016893480F189248C9
:10579000E4300C18FD20C000081804900920000215
:1057A0000818806E069001F02FFF0646E0210E9843
:1057B000C8553046082E0AD2002D7DD172B601F0B0
:1057C000CDFD62B6304600F065FE0026FFE0002DFC
:1057D00072D038468030C1680291866842200A90B3
:1057E00009907E48089000200C9001F0F3FE0546D9
:1057F00005AB3246029902F007F80121064649043A
:1058000005E0800805900C98401CC0B20C900598EB
:105810008842F6D80C980599800440180B21090598
:105820004018059078684021800A08406949C01CEA
:105830000A681321C90151188968087065480C214C
:1058400002681320C00110188068417061483968EF
:1058500002681320C00110188068801C00F0E4F971
:105860005C4801681320C00108188168B8888871F5
:10587000000AC871574801681320C0010818416820
:105880009031A16141686031396341683031E16133
:1058900040682062E16900200870216A0870A069F0
:1058A0006168E2685080E0680180388EE168626873
:1058B00050806068018000E088E04648016813205D
:1058C000C001081800892168226850802068018082
:1058D0000021099B2768C81D02463B540A98E368CB
:1058E000985463689854059AE368081D1A54089AF6
:1058F00063681A54059A23681A540A98491C000AC6
:105900000A900998C9B2000A09900598000A059002
:105910000898000A08900329DBD32E480168492023
:1059200040010B18987E002815D0E1686801C01C62
:10593000887221686801887261688872E168032052
:10594000C87221680122CA726168C872082D39D2F2
:10595000002E04D03BE0E16868011330E8E72049FD
:10596000A8014018002181729B7E002B28D0DF0700
:1059700001D0252302E09B0722D52623C37223688A
:105980000382E3684382174BC361174B8361202373
:105990001A54C1756020069B6843C018417172B6E5
:1059A000049BAA401B7D03241A438470241F448156
:1059B000C1730498027562B6184601F0C7FF06E08D
:1059C0002723DBE7002E02D1412600E00C263046DB
:1059D0000FB0F0BD04250020580800002C01B000D5
:1059E000CC00002055555500D6BE898EF8B51D4611
:1059F0000F4602230446C10612481646006803D526
:105A00000322BF210C4008E0072109024118897FC9
:105A1000090601D40020F8BD01222107890E0818CB
:105A20000121C9024018C06C214608F071FC010038
:105A300006D00F71CE800D72204608F055FCE9E7C4
:105A40000720F8BD0425002070B50E46012304464A
:105A5000C10612481546006803D50422BF210C4038
:105A600008E0392149014118C978090601D400200C
:105A700070BD02222107890E08180121C9024018B1
:105A8000C06C214608F044FC010005D00E71CD80A9
:105A9000204608F029FCEAE7072070BD0425002015
:105AA000FFB581B006460A98032113300843401C15
:105AB00083081F48F106006803D50722BF210E4066
:105AC0000CE03921490141184A79920602D58979B9
:105AD000890702D4002005B0F0BD05223107890EE8
:105AE00008180121C9024018C06C314608F010FCAA
:105AF00005001AD002982871039868712C462F1D52
:105B000018340622A81D0499EDF7D8FE0A983872B9
:105B1000FC6020460A9A0B99EDF7D0FE0C98387479
:105B20002946304608F0E0FBD4E70720D3E7000021
:105B300004250020FFB51F4605230646C1061E4862
:105B400081B0006803D50522BF210E4009E039214C
:105B5000490141184A79920629D58979C90726D081
:105B600003223107890E08180121C9024018C06CB0
:105B7000314608F0CDFB04001CD002982071039838
:105B8000E08027720A9860722046251D06220A309E
:105B90000B99EDF793FE0C98A8810D98E8810E986B
:105BA00028820F98A8742146304608F09DFB0020FB
:105BB00005B0F0BD0720FBE704250020F8B51D4621
:105BC0000F4603230446C10616481646006803D54F
:105BD0001022BF210C400BE03921490141184A79BC
:105BE000920602D58979490701D40020F8BD0D221B
:105BF0002107890E08180121C9024018C06C2146EE
:105C000008F086FB01000AD00F71CE800D81069A44
:105C10004A81079A8A81204608F066FBE5E707205B
:105C2000F8BD00000425002001700A0A42700A0C29
:105C30008270090EC1707047FFB506468DB050895D
:105C40000690F9480921006809020A904018806E00
:105C500014460C9052792046403051061D460B9058
:105C6000002901DBE8076FD0002008900B9800881E
:105C70000190A089A1698446A0784007400F0528BB
:105C80002FD003282DD001200990BF20024062713F
:105C90000E9FEA07384640301037002A09D03C21D1
:105CA000089100210E9F0691019181838C4681808D
:105CB000083739220A9B52019B185A79920612D54D
:105CC000DA7992070FD58088019B62460192039092
:105CD000009302913946069B089A0998EDF764FFF4
:105CE00032E00020D0E700790903090C6246019BED
:105CF0000293039204910590786801970002000EC8
:105D000000900A98A0300079C00701D0002000E080
:105D100010208030099B069A0899FFF70BFFE807CF
:105D20000899C00F08430FD178680622C003C10F3D
:105D3000BE480068816339463930EDF7BFFDBB4886
:105D400000683830EDF786FF0E9F28070122C03724
:105D5000002872DA20698446E80301D5162017E08E
:105D6000A80301D5132013E0280301D528200FE054
:105D7000E80201D53D200BE0680201D5222007E0B2
:105D8000680334D56079000601D4082000E03E2085
:105D90000290B87B602148430C994018A04201D181
:105DA0000820B873F87B602148430C994018A04242
:105DB00001D10820F8739E48008843079A485B0F7A
:105DC0000068014640314F7B9A4097434F7305224C
:105DD00061469202114220D029041ED5218A49042D
:105DE0000ED5A0300079C00703D0002002E01F20AC
:105DF000CEE710208030069A0299FFF725FE0CE0CE
:105E0000A0300079C00701D0002000E0102000235E
:105E10008030069A0299FFF7E9FD206A002801D038
:105E200008F0F8FF0020206260627F48A42100682B
:105E3000095CC90702D0002501E039E0102502996C
:105E4000069F022380350791E90603D50222BF2170
:105E50000D4006E0072109024118897FC90614D5C3
:105E600000222907890E09180120C0020818C06CF9
:105E7000294608F04DFA010007D000220A71CF80B0
:105E8000079A0A72284608F02FFA20463830EDF7B4
:105E9000E5FE00272761E0693D46002807D082889B
:105EA00006998A4203D1012101F068FFE76187E189
:105EB000680621D5A0784007400F052801D1A169C7
:105EC0006161002105280CD0208BA2890004000DFF
:105ED000019000920B98069A03888020FFF76EFECF
:105EE0006EE1606B4389028901930092C388802030
:105EF000069AFFF763FE6AE0680723D580200490C6
:105F000049480721006809024118C97F0223069FFA
:105F10000907CCD5990240180C22C06C049908F0EE
:105F2000F7F90100C3D08F80F2788A7133797279E2
:105F300012021A430A81B379F27912021A434A8192
:105F400004983BE12805800F06D00E98694631C1C0
:105F50006846EDF75BFE33E1364805423DD0E80484
:105F600001D5002000E01A20079006980290F01C4E
:105F70008021089005912C48392100684901411879
:105F80004A79032392061AD58979090717D5012181
:105F9000C90240180E22C06C059908F0B9F90190A9
:105FA00000280CD0079901710299C180082208309D
:105FB0000899EDF783FC0199059808F095F9A07808
:105FC0004007400F052802D0022803D0F8E008203F
:105FD000B873F5E00820F873F2E068042CD5208A45
:105FE0004004114800680CD5A0300079C00701D0EA
:105FF000002000E0102000218030069AFFF724FDE9
:106000000CE0A0300079C00701D0002000E0102093
:10601000012300218030069AFFF7E8FCA0784007B2
:10602000400F0528D3D0CBE004250020C424002055
:10603000C00000200010000428021ED5208A0005A0
:106040001AD59348F1780068A0300079C00701D0D4
:10605000002000E0102000238030069AFFF7C6FCE5
:10606000A0784007400F052801D10820B8734321CC
:106070002069890288432061A2E00E992A068031B6
:1060800084480191002A26DA02A9334607910D338C
:106090007F4900930968169F09180822F01C2637CB
:1060A000FAF718FEF17A307B0822000208430199C2
:1060B000C88307990098FAF70DFE009B0422184642
:1060C00039460830FAF706FE01980299C163019833
:1060D0000399016474E029013CD56D49A422096843
:1060E000525CD20701D0002700E010270818039067
:1060F00001980323C08B80370590F80603D506224C
:10610000BF20074009E03920400108184279920673
:1061100056D58079C00653D504223807800E411821
:106120000120C0020818C06C394608F0F1F801904F
:10613000002845D0001D029006990180029808228F
:10614000801C0399EDF7BAFB029805994181384606
:10615000019933E0A80200D539E7A80130D58020A5
:1061600001900B98069F408902900B983921008B73
:1061700007900B984901C08906900B980323408B28
:1061800004904348006841184A79920618D58979E5
:10619000490615D50121C90240180622C06C019993
:1061A00008F0B6F801000BD08F80029ACA80079AD7
:1061B0000A81069A4A81049A8A81019808F094F823
:1061C000A8060AD5206A0168216200210160226ABE
:1061D000002A00D1616208F01DFEE8061AD5EDF72D
:1061E00059FD012852D01F277078B11C0740E06983
:1061F0003A46806800F0EFFBE069C780E06900275D
:1062000007603078E1698007800F0873E06908F063
:10621000B1FDE761E80137D51698C1890120400733
:1062200009184988081801784906CD0F06A902F017
:10623000A9FBA1200090A67B0698089007980990DA
:1062400013483921006849014118497E0223C907D2
:106250001AD09902001D40180F22C06C009908F056
:1062600057F8040010D02671271D6571042208A973
:10627000A01DEDF723FB042209A9B81DEDF71EFBB5
:106280002146009808F030F811B0F0BDFF27ABE7C9
:10629000042500209C090000F0B58FB00768416814
:1062A0000A917949794A0968008989180B91012175
:1062B000099100210891400514D50B988469C6699D
:1062C0002078617B05072D0F8909012903D1C009B9
:1062D00001D0012000E000200890022D0CD9062DED
:1062E00008D109E00B983C6B066A207805072D0F52
:1062F000042D01D000200990E0798009012804D103
:106300002078400601D5012100E00021604801709D
:10631000E020C05D00283DD0012086460020844654
:106320003078132100901DE000200D9042182318B2
:10633000B25C9B789A4201D001220D92401CC0B2FF
:106340000628F3D37046002804D00D98002801D009
:10635000012000E000208646891F6046401CC0B234
:10636000C9B2844600988445DED3704600287AD0AE
:106370000098401CC0B2042800D9042030701222BA
:10638000711CF01DFAF7A6FC314606221331A01C41
:10639000FAF7A0FC062D02D0022D02D002E0022561
:1063A00000E0032520784006C00F0490012D0AD09C
:1063B0006078801FC606F60E3348F0210068095C3D
:1063C000012914D02FE000266946204602F0D0FAB9
:1063D0002D480068E030007C0028EDD10098396835
:1063E00088424FD10198796888424BD11BE0112136
:1063F000890141180A7DFF2A15D025490B78012B08
:1064000001D102234B7037235A431218FF32013255
:10641000927E4978D2001018232252018018007B06
:106420004018C0B20490099800282BD00A98203751
:10643000807B02960094019038792A46049B089943
:10644000EDF7C4FB00281DD10A982146807B0290FD
:1064500008310D48009601910068A0300079C0070E
:1064600002D0002001E00DE01020A1210843A31C70
:106470002946049AFFF714FB002803D00B9800214B
:10648000006A01700FB0F0BD042500203C09000037
:1064900000250020F8B51B4E318804460907082066
:1064A000090F0443A1422CD1174D002128688163B4
:1064B0001121C90140180921C906806A0969471AD2
:1064C000642003F09FFB717AC90040182968896A2B
:1064D0004018381A00020121000AC905884202D278
:1064E000002008F0A9FD0949286832881207120F18
:1064F000A24206D1826B8A4203D2826B521C826313
:10650000F3E7F8BDC0000020042500200071020060
:1065100030B50D461C49144609681C4A91B08918CB
:106520000922D206096D1269891A194A09021288CC
:10653000090A12070AD5002B08D1164AFF399142E1
:1065400004D32246294609F0B5F81AE00146102284
:1065500004A8EDF7B3F91022294608A8EDF7AEF923
:1065600004A8009008A801900CA802900020694699
:1065700008736846FBF792FD10220CA92046EDF740
:106580009DF9002011B030BD0425002058080000FE
:10659000C000002002FF7F00F8B514460A460546F9
:1065A0000121104600F0D2FF0146082801D3022045
:1065B000F8BD1C480922006812028018826E602013
:1065C00048431018184A89018B18426B002D07D0D8
:1065D000164972B643799B070DD062B63A20F8BDD2
:1065E00000215F18665C2037BE73491CC9B21029B0
:1065F000F7D30F49EDE71160417901221143417151
:10660000002D09D00748492200680821520180184E
:10661000C17162B60020F8BD012201695204114324
:106620000161F6E704250020CC00002003020D06DE
:1066300003010500F3B581B0984A012101A800F0DB
:1066400036F9974C04222060432101A800F02FF96D
:1066500001272168FF02C91908640422432101A807
:1066600000F025F921680422C9194864FF2184310A
:1066700001A800F01CF921688A4DC9198864A97F16
:106680000C2201A80B3100F012F913212268C90174
:106690005118C860A97F202201A800F008F9092636
:1066A000216836028919C867A97F102201A800F065
:1066B000FEF813212268C90151180860282205211B
:1066C00001A800F0F4F813212268C901511888606C
:1066D0003022052101A800F0EAF813212268C9013F
:1066E00051184860FA10012101A800F0E0F81321C8
:1066F0002268C90151184861A97F602201A800F0F1
:10670000D6F82168202289198866A97F01A800F09F
:10671000CEF821688919C866AA8B012101A800F06A
:10672000C6F80F212268C90151188863298B2822D5
:1067300001A800F0BCF80F212268C90151180863B4
:10674000698B302201A800F0B2F80F212268C9013C
:10675000511848630C22012101A800F0A8F8216813
:106760000C2289194866012101A800F0A0F82168CF
:1067700028228919496E8860284620300090417887
:1067800001A800F094F8216804228919496E8968EB
:1067900088600098417801A8491C00F088F82168B9
:1067A00010228919496E89684860A97F01A800F004
:1067B0007EF821680222C9194863A97F01A800F068
:1067C00076F821680222C919C860A97F01A800F0E3
:1067D0006EF821680222C9190861A97F01A800F09A
:1067E00066F821680222C9194861A97F01A800F052
:1067F0005EF821680122C9198861A97F01A8491C96
:1068000000F055F821681022C91908630B2101A86E
:1068100000F04DF807222168120289180865042249
:10682000802101A800F043F8216889190867029ABD
:10683000DC204243012101A8443200F038F82168ED
:1068400089194867029AD8204243012101A82C32B5
:1068500000F02DF82168F02289198867012101A82C
:1068600000F025F8104C7C222060A97F01A800F0E0
:106870001EF821680822C867032101A800F017F854
:106880002168282280310860012101A800F00FF85A
:106890002168803148600198FEBD0000B809000001
:1068A00004250020E00200200C250020704710B5D0
:1068B000034600680324401E20435143401C4118F6
:1068C000196010BDF0B52B4813240268E4011019BB
:1068D000C0681121C901034651180C33CB67092345
:1068E000054688671B021835D1180D600C354D60C0
:1068F0000C358D600C35CD600C350D610C35CD63DC
:106900000C350D640C354D64783088640020141902
:10691000D21811E0D16F45014D19602141430F4656
:10692000966E3437F5510C254543E6688435751964
:106930002831966E401C75500F498D7F8542E9D8ED
:106940000C4A002014681322D201A518E31807E0AE
:106950002C680601A61944010834DF6E401C3E5124
:106960008C7F8442F4D80348C9680068801881612C
:10697000F0BD000004250020E00200200268002A8B
:1069800003D010461268002AFBD10160704770B531
:106990000C461F21521E0A430546521C00201104BA
:1069A0004E0D17D0214608316A1A2846002A01DD0B
:1069B000082A03DB2022F4F749F904E0082208C979
:1069C000521E08C0FBD120352046761E24683604AE
:1069D000360CE7D170BDF8B504460D46501E1F2198
:1069E0000843401C00041646470D1ED020460830C0
:1069F0002946421A002A01DD082A03DB2022F4F787
:106A000025F904E0082208C9521E08C0FBD1203530
:106A1000202E01D2304600E02020A080301A7F1EB8
:106A200024683F0486B23F0CE0D1F8BD70B50C4637
:106A300005460AE021462846A28808310830ECF7CE
:106A40003DFFA088A8802D682468002D01D0002C6F
:106A5000F0D1254301D0472070BD002070BDFFB5A7
:106A600081B01D466946002A09D000280CD08488D0
:106A7000944204D8121B12040068120CF5D10A804B
:106A8000040001D000261FE0184605B0F0BD68469E
:106A9000A1880088814213D9091A8FB2AF4200D36E
:106AA0002F460299201889193A460830ECF70EFF54
:106AB0000028EAD1F01986B200206946088002E079
:106AC000401A694608802468B54201D9002CDED1FD
:106AD000A81B05B0F0BD002959D0F3B58FB00C4606
:106AE000A088202813D0002C14D0029402980068AB
:106AF000029000282ED0868801463246083106A82A
:106B0000ECF7DCFE0027A088202805D007E02468E9
:106B1000002CE5D111B0F0BD24680020A080002E2B
:106B2000E4D080B22021091A8DB2AE4200D235469F
:106B30002246083206A98018C9192A46ECF7BEFE7B
:106B4000701B86B2781987B2A0884019A080002EE9
:106B5000D9D1CBE720680028DCD0002121600F9933
:106B600072B60A78002A03D04B6892009A581060D7
:106B7000002383800A78521CD2B20A704C689200BB
:106B8000A05000680028F4D162B611B0F0BD704783
:106B9000491EC904090E72B602788A420CD9511AEC
:106BA000C9B24A1ED3B203704268880010589900D7
:106BB00052580021116000E0002062B670470021A9
:106BC000002804D0491C0068C9B20028FAD1084640
:106BD00070470021002804D0491C0068C9B2002871
:106BE000FAD14801704770B4417800292DD08668E9
:106BF000002E2AD00025057041682A460D60417894
:106C000000291FD928215143891900230B6000292D
:106C100013D072B60378002B03D044689B00E3586E
:106C200019608D8003785B1CDBB2037044689B00A5
:106C3000E15009680029F4D162B6521C4178D2B201
:106C40009142DFD870BC0020704770BC472070476D
:106C5000F8B51D460E466B46002A09D0002824D000
:106C60008488944204D8121B12040068120CF5D1D7
:106C70001A80040019D014E06846A1880088091A17
:106C80008FB2AF4200D32F4621183A463046083122
:106C9000ECF714FEF619E81B85B22468002069465B
:106CA0000880002D03D0002CE6D14120F8BD002043
:106CB000F8BD002917D072B60278002A03D04368C5
:106CC00092009A58116010B400238B800278521CF5
:106CD000D2B2027044689200A15009680029F4D130
:106CE00062B610BC7047704730B400240B1E22D02F
:106CF0002034A4B294421AD30A68002A35D072B65E
:106D00000378002B03D044689B00E3581A600024EA
:106D1000948003785B1CDBB2037045689B00EA50EB
:106D20001268002AF4D162B6002008601DE00B460C
:106D300009680029DCD1111B491EC9040A0E72B66C
:106D4000017891420CD9891AC9B24A1ED2B2027096
:106D5000406889009200415882580020106000E08D
:106D6000002162B61960002902D030BC00207047B3
:106D700030BC47207047FFB504465009000681B07B
:106D80001F46000E06D0002C23D0401E24680006AB
:106D9000000EF8D1D606F60E17E02020851BBD4266
:106DA00000D33D46A0192A4608300299ECF786FD2B
:106DB0000298711940190290781B87B2A088884206
:106DC00001D2A819A08024680026002F04D0002C2E
:106DD000E3D1412005B0F0BD002005B0F0BD0000BA
:106DE000FFB58FB01A9E0F9800F0D8FC9249FD2095
:106DF0000A68C00015181046363084460F980828D7
:106E000022D0044601200346A3403A24645D2707AC
:106E10003F0F0446BC402343644624782407240FD4
:106E2000A0400343287D984311D068680190012059
:106E300000240C90A86CA0320690127B2746805C40
:106E4000A44696460D9430E0822013B0F0BD119810
:106E5000189B0268129800681018002240081A80D7
:106E6000400A119B40021860129B18601B9B1A80FD
:106E7000724A80183268824201D8104600E03060C1
:106E8000800930600868A030017B0F9800F006FC94
:106E9000CDE06A6A4100AB6A525A595A51188901C9
:106EA000614500D98C460699085C8645F1D1634856
:106EB000129940420968019A60440291914202D8B5
:106EC0001099C90701D0144632E01199096806915A
:106ED000814200D908460A9010460299E9F77CF9E8
:106EE000089006990198E9F777F9401C09900898ED
:106EF000002800D101200999069088420D9815D8E4
:106F0000002815D106990198E9F766F9C1050AD15B
:106F10000A99884207D30299814204D30446012189
:106F200006980D910C900698401CE4E7002803D0C9
:106F300011992046096804E0842086E700197F1C27
:106F4000BFB28142FAD80299814204D210998907CE
:106F500001D4852079E7119903AA0860129804608A
:106F600031683F20491E0143491C2046316000F032
:106F7000A3FB00280AD00EE030687F08400830608C
:106F80001999490819910599814204D2109840072E
:106F900001D5002FF0D105983168884208D93F20EB
:106FA000491E0143491C03AA2046316000F084FBBE
:106FB0000599199881423CD3084603210902884269
:106FC00037D30C980890401E09906846017B0F98B3
:106FD00000F064FB72B61849AA6C0868A030007B08
:106FE000105C12E0EB6A41009C465A5A089B5A43D7
:106FF00063465A522B6B9C465A5A089B5A43099B2C
:10700000D21863465A52A96C085C0B490968A03132
:10701000097B8142E6D16C6062B604988002010C63
:107020001B9801800598800930601898078000201F
:107030000BE7862009E70000042500209AFDFFFFEA
:10704000F1B5B04AFD211068C90090B04118049113
:10705000AD4904464518C034014636310D91002132
:107060000291AA49497AC9000C91816A0B9104994D
:1070700020310E91897E079108297DD209210902CC
:107080004018816E174607986022504308180890F0
:10709000079881019D480C3008180A90C07A2E4646
:1070A00040360990B08B02F001FE39684031098EFC
:1070B000401880B20390E96C039802F095FDE96CEA
:1070C00009020F1AB07F02F01FFE381802F09AFD75
:1070D000A96C41180C98081A0002000A0190109936
:1070E000411A0B98081A00020121000AC9058842BA
:1070F0007ED2049801994163099802F067FD0A99CC
:10710000C8720D980078C143090706D04107079857
:10711000490F4007400F81422BD10E980821807EF5
:1071200008430D990870A86C2060E86C60600198B5
:10713000A0600298E060A86D2061686D6061B08B0E
:107140002083B07FA076284660300178E176B18C4C
:10715000A183318DE183B18D2184318E6184B18E23
:10716000A184318FE184C17E2820015584204059BB
:10717000E0620D98007800E07CE00799420749073B
:10718000520F490F8A4261D0F72108400D995D4F97
:1071900008704007400F079009203968000208185E
:1071A000816E079860225043081804900798810167
:1071B00056480C3008180A90C07A0990208B02F0CB
:1071C00075FD39684031098E401880B203906168BE
:1071D000039802F009FD616809020F1AA07E02F00F
:1071E00093FD381802F00EFD216841180C9800E05C
:1071F00042E0081A070210983F0A391A0B98081A39
:1072000000020121000AC905884258D2A7600998E6
:1072100002F0DCFC0A99C87201980899C01B0002B0
:107220004979000A9022114210D10121C9058842F2
:107230000AD30498C17B0898C07B401C814203D8C4
:1072400004984079C00601D502F07AFFE96C0398F2
:1072500002F0CFFC0446B07F02F05EFDA96D20185D
:1072600040180721090508438035A96B0322091D31
:10727000F9F782FD11B0F0BD089840300088410058
:107280000A98203002780998101880B2099008985E
:10729000089A0089401C108108984069421A089891
:1072A00042610898C07BFF2802D2089A401CD07324
:1072B000E86C4018E86407980AF00AF8FBE60498BE
:1072C0004030008841000A98203002780998101850
:1072D00080B209900498049A0089401C1081049897
:1072E0004069421A049842610498C07BFF2802D288
:1072F000049A401CD073606840186060079809F0D9
:10730000E7FF64E70425002058080000C0000020C3
:1073100010B51149FD220968D20089184C688B68A4
:1073200042009C4204D1086B4C8A805AA04201D092
:10733000012000E000204B608B688B614C6A8B89D8
:10734000A3528C6ACB89A3520C6B4B8AA3520B8A33
:10735000C96A8B5210BD000004250020F1B56749B1
:10736000674A086882B082180092FD22D20086180F
:10737000AC22155C04460346029AC034363395426B
:107380007ED909210902401817466021806E4F43BB
:107390000025B91C4554029800F05AF900280CD178
:1073A0005648BF1D0168092000020818806EC05DA4
:1073B000002802D00098C030057272B64F48029D76
:1073C0000768012039462031CA7DA8408243CA752A
:1073D000317D81433175197808077AD44A070298BC
:1073E000520F82427CD030462030827E5507029A6E
:1073F0006D0F954276D181760F201870404AA068B3
:107400007063BD18A86D2169A9652061686D616907
:10741000696560612146284618315C3000F0FEFA4B
:107420003748A37E5E3039180A780B70A276A86CB4
:107430002168A9642060E86C6168E9646060304894
:10744000E37E603039180A780B7021462846E276D0
:107450001C31643000F0E2FA214628461E316830C3
:1074600000F0DCFA2146284620316C3000F0D6FAD4
:10747000214628462231703000F0D0FA214600E043
:107480003AE028462431743000F0C8FA21462846F4
:107490002631783000F0C2FA194880357B3039182F
:1074A000204628300A7803780B7002701448E26A8C
:1074B0008430381801680260E1620721E06809053C
:1074C0000843A96B0322091DF9F756FC0AE000E006
:1074D00006E03A20805D41070298490F814201D1C0
:1074E0000F2018702036B07E41070298490F814264
:1074F00001D10F20B07662B6FEBD00000425002049
:107500005808000070B5104809240268FD20C0002A
:107510001018037D2402082000211419A032157BC5
:107520000EE0DA0709D060224A43A66E921CB25CD4
:107530005207520F012A00D108465B08491CC9B204
:107540008D42EED870BD000004250020F8B5074636
:107550001F4809260568FD20C0002C182846363033
:1075600036023F0584463F0DAE19237D08200022D8
:10757000A0350097B6462D7B0EE0DE0709D0764693
:10758000B66E60275743F6197689009FB74200D13F
:1075900010465B08521CD2B29542EED82034A27E2F
:1075A0001207120F824202D1CB0700D1082082427B
:1075B00007D062461278130707D45207520F82424F
:1075C00003D1C90700D10820F8BD8907FBD5F8BD54
:1075D0000425002010B50B4800210368FD20C000E1
:1075E0001818027D0820A0331B7B05E0D40700D1CA
:1075F00008465208491CC9B28B4201D90828F5D067
:1076000010BD00000425002070B510480924026850
:10761000FD20C00011180B7D24020820002115193F
:10762000A032127B0EE060244C43AE6EA41C345D8D
:107630006407640F032C02D1DC0700D008465B0806
:10764000491CC9B28A42EED870BD00000425002052
:107650000B49FD220968D2008A182032927E363109
:107660001207120F824206D009780A0705D449078B
:10767000490F814201D1012070470020704700006E
:10768000042500200448FD210068C9004118A030ED
:10769000007B896C085470470425002010B5054A0A
:1076A000FD231268DB00D218936C5C5C1C54926C56
:1076B000505410BD04250020F7B5074615462D4847
:1076C000FD220168D2008E188AB00022AF600792B6
:1076D0000292A031097B6A46117129700168B26C6F
:1076E000A031097B545C23E0706A6100405A80013C
:1076F0000090B06A405A0299800104900098411AA3
:107700000520C0010391814201D3081A039005AB03
:107710002A4601A90B9800F02FF804990098411807
:107720000520C0010818029068460471B06C045D21
:1077300010480068A030007BA042D5D10298391AC9
:107740000520C0010391814201D2002000E0081A07
:10775000039005AB2A4601A90B9800F00DF8A86824
:10776000381A03D00B99A9600DB0F0BD05AC0ECC52
:107770000EC5F9E704250020F0B58C689D68A54288
:1077800003D860C92746E0C30839A04204D89068EE
:10779000A04201D90BC90BC2F0BD0000F1B5194BD5
:1077A000FD211868C9000246363241189646A030BD
:1077B000027B886C805C0C462034A4461BE08D6CF8
:1077C0002C5C009EB04212D06646B67E3607360F5D
:1077D00086420CD07646367877077F0F874201D1F4
:1077E000360704D501260F7D86403E4201D1AC54B8
:1077F00000E0024620461C68A034247B8442DED18F
:10780000F8BD000004250020F0B5074621488BB0E4
:1078100000681E46FD23099100250891DB0069469A
:10782000C4188D82900807920D83082F0FD006A9E7
:1078300007AA05AB009302920391019008AB09AA35
:1078400007213846FFF7CCFA010002D01EE0822162
:107850001CE008986060A0616A46636A128B780039
:107860001A52A36A079A1A52E26A15526A46236BA1
:10787000928A1A5207980C2801D2832102E010281C
:1078800000D91020044A50438008306008460BB0ED
:10789000F0BD00000425002071020000FFB5294E54
:1078A000074689B0FD213068C9004518264905AB57
:1078B00007AA06A86C4607910FC40CAB0BAA0121BE
:1078C0003846FFF78DFA0090002838D10C98686090
:1078D00069466A6A898A78001152AA6A0799115220
:1078E000EA6A0021115269462A6B098B115209205C
:1078F0003268000212183C466023926E5C430021FD
:10790000631DD15432680A991218926EA31CD15487
:10791000326800211218926EC9430833D15232687E
:1079200000211018806E0F34015572B6297D012098
:10793000B8400843287562B6084600F007F800987A
:107940000DB0F0BD0425002070170000F8B52F4FD2
:107950000546FD203E68C00034182D4830180090C0
:107960002C48363602F04EF92B494A7AD20080185C
:10797000002D36D031784A078E463A21095D520FE4
:107980004B075B0F94469A4206D10E07360F012231
:10799000B2402E4696430DD09C4521D00B070121C5
:1079A0001B0F0A469A4073461B071B0F99400A4358
:1079B000954315D10921C906096911220818000249
:1079C0000021000A616420603968D2018918896A3F
:1079D000401A00020012002802DC002007F02CFBF5
:1079E000F8BD48220A80110609690025081800021E
:1079F0000099000A086565642060284607F01CFBB2
:107A0000386868304571F9F76FF9F8BD0425002032
:107A10005808000066020000C000002002880B88A1
:107A200003800A80704700000B48FD210068C900F0
:107A300040180A490988C36A4907028C090F5A523B
:107A4000036BC28B5A52836A428C5A52436A828BAE
:107A50005A5281694160704704250020C00000200F
:107A600070B50C460B4E81000B4832680D1801238F
:107A70002032D37721462846EBF744FF28680021BF
:107A8000844201D1084600E0FB2032682032D177E1
:107A900070BD0000042500200000041002480068AA
:107AA0002030C07F704700000425002003490028D3
:107AB0000A7801D000200870104670470825002081
:107AC00070B5124C0E462178012500291BD10146C4
:107AD0000120EBF763FF607031460220EBF75EFF99
:107AE000617840186070314620310320EBF756FF73
:107AF000617840180006000E607004D1EBF72EFF8D
:107B0000022020700025284670BD000008250020B6
:107B100070B5184D90B02878002802D0012010B020
:107B200070BD6E460024F9F7B6F8A100641C7050D1
:107B3000082CF8DB69460120EBF730FF0128F1D073
:107B400020220D496846F3F77DF80B4920222031A9
:107B500008A8F3F777F869460220EBF71FFF08A99A
:107B60000320EBF71BFFEBF7F9FE01202870002044
:107B7000D5E70000082500206445061070B5124ABC
:107B8000092312681B02D2180123526E83435B0043
:107B9000491E41249B184909491CC9B272B615797E
:107BA0008D420ED31E785B78AD19EDB25B18AB42F7
:107BB00007D84000135C00245B1813541079401A56
:107BC000107162B6204670BD0425002070B50D000E
:107BD00004460AD0002C08D0A968A068FEF726FF4A
:107BE000002801D1E988E18070BD412070BD00000E
:107BF000F3B50F4612480921006809024018BE6813
:107C0000446E81B03046FEF7DAFF0546F888401E24
:107C10004009401CC0B2A84211D23146A068FEF70C
:107C20005AFF3046FEF7CBFF281A72B60199490079
:107C3000625C121A625421790818207162B6FEBD86
:107C40000425002010B51C4613460A4680682146CC
:107C5000FEF7FEFF10BD0000044A092312681B0254
:107C6000D218526E400080184170704704250020E1
:107C70000022816808380260084670470D490922D1
:107C8000096812028918496E72B6012282435000B7
:107C90004218084B095C09201B6800021818406E46
:107CA000527800798A4202D9511A401AC0B262B69B
:107CB000704700000425002010B58068FEF77FFFA4
:107CC00010BD0000F8B50D460E49092309681B02D6
:107CD000C9184E6E1F21521E0A431D3297B200244E
:107CE0003946FFF74BFF00280AD13946B068FEF746
:107CF0004FFF044608340068A0600020E074A580AF
:107D00002046F8BD0425002070B5174809210068F9
:107D100009024018446E042200212046EBF7D2FDF0
:107D2000124D688C23304009401CC1B20020FFF77F
:107D300093FF688CA97F23304009801C4843401C76
:107D4000C1B20120FFF788FF28462030A1684078A3
:107D50004870A068FEF747FFA06872B6007862B668
:107D60002071002070BD000004250020E0020020EA
:107D700010B58068FEF773FE10BD0000F8B50E4622
:107D80000C490922096812028918083807464C6E06
:107D9000FEF715FF05463946A068FEF78AFF72B662
:107DA0007100605C401B605420794019207162B6FC
:107DB000F8BD000004250020F7B507461848092142
:107DC000006809024018446E41201646002F11D069
:107DD0003846FEF7FEFE0546B0420CD2301A81B29C
:107DE0000198FFF7CBFE002804D132463946A0683F
:107DF000FEF77AFFFEBD32463946A068FEF774FFF3
:107E00006D1E761E69097209891A72B6019A5200AE
:107E1000A35C5B1AA35422795118217162B6FEBD8E
:107E20000425002010B51C4613460A4680682146EA
:107E3000FEF7A1FF10BDFFB5C8880025401E83B026
:107E40000E4687B2012427E0B068022208300119EB
:107E50006846091DEBF732FD68460088F7F73EFCDF
:107E600001001DD068460A8D0088824212D001AA06
:107E7000F8F7C6FA00280DD101992620405C40078A
:107E800008D506986A00101802221C31EBF716FD7F
:107E90006D1CADB2A41CA4B2BC42D5D30C98058015
:107EA00007B0F0BDFFB5074683B0002000900D98E5
:107EB000F7F714FC069905460C310191002826D0ED
:107EC0000837BD4223D0288D0E9988421FD80D99BE
:107ED000884213D30E99884210D8294602222A31AB
:107EE0000198EBF7EBFC10220C990698EBF7EEFCEF
:107EF000002809D0298D0E98814208D02E462C6A80
:107F00002036B4423FD140E005980021018007B0FF
:107F1000F0BDA18B0D98814234D30E98814234D8A4
:107F2000204620300290C078012808D02046083032
:107F300010220C99EBF7CAFC002808D022E0214659
:107F4000022208310198EBF7B9FC0698F0E7029895
:107F50008079400716D50098002801D1E08B009069
:107F6000E18B814211D105980222008841000498DA
:107F7000081821461C31EBF7A1FC059805990088EB
:107F8000401C08802468B442C3D12D6899E77FB5AE
:107F90000546684600890C4600281AD0A0680C21C6
:107FA0000173A068022202A90D30EBF787FCA068DC
:107FB000022203A90F30EBF781FC0520E08021218C
:107FC00028698901084328610D20A873002004B0A6
:107FD00070BD4220FBE77FB50546684600890C9ED0
:107FE0000C46002816D069468989884212D8A068B4
:107FF00008210173A068022202A90D30EBF75EFC94
:10800000A068022203A90F30EBF758FC012E04D020
:10801000022E0AD0422004B070BDA068022208A936
:108020001130EBF74BFC072006E008AB10220921CA
:108030002046FFF7F7FE1520E080212128698901FD
:10804000084328610920A8730020E4E7FFB507462C
:1080500073480D4604688FB0AE34A1781E46C8063A
:1080600002D5E078C0067DD4880607D5E078800682
:10807000800F03D0022F01D0002E73D08806800F0E
:1080800006D0022F08D0032F06D0002E6AD003E0BE
:10809000012F01D0002FF8D1880603D4002D01D084
:1080A000012D5FD1002E06D130200140384600F06E
:1080B00018FE002856D1119900200870A178890671
:1080C0008A0F7DD00CA908A801F054F807900DA9DB
:1080D0000AA801F08DF806900798002802D00698AB
:1080E000002801D1012E58D1022F04A807D000F09A
:1080F000CBF8002E3CD00798002803D012E004F003
:1081000019FCF6E7464F47483B68062208A91818AD
:10811000EBF7DCFB0028386808D04030417E490886
:10812000490041760698002805D014E04030417E91
:1081300001221143F5E73A4F3A483B6806220AA963
:108140001818EBF7C3FB002838680CD04030417E8C
:10815000FD22114041760798002809D00698002892
:1081600006D01AE043E04030417E02221143F1E79D
:108170002B48062203682B4804A91818EBF79EFB2E
:10818000052069460873002E02D10846F9F7B6F9B2
:10819000254802906846F9F765F9A078800611D560
:1081A0001198032101702079C10603D5002D01D05B
:1081B000022D1CD1800605D5012D03D0032D00E032
:1081C00018E014D1A078C00627D5119901200870B5
:1081D0002079C10601D5002D09D1810601D5012DD7
:1081E00005D1000619D5002D17D0012D15D042203C
:1081F00013B0F0BD012F01D1002E03D0890F314300
:1082000009D00AE00648062203680648611D1818CE
:10821000EBF754FB0120119908700020E8E70000FB
:108220000425002033070000A0BB0D003EB5FFF77A
:1082300069F90446FFF7E8F9082C01D1082813D0A2
:108240000A480B490068062241186846EBF736FBDE
:1082500068464079400601D5022000E00320012352
:1082600002AA0021FFF7F2FE3EBD00000425002017
:108270003307000003480068AE3080788006800F26
:108280007047000004250020F8B5204E04463568EC
:10829000AE35F8F7E3FC2070000A6070F8F7DEFCFA
:1082A000A070000AE070F8F7D9FCC2B28004830E17
:1082B0002271002163710846275C401C7918C0B206
:1082C00089B20628F8D30029E3D02078FF280CD102
:1082D0006078FF2809D1A078FF2806D1E078FF2830
:1082E00003D1FF2A01D1FF2BD3D00622691D2046DE
:1082F000EBF7ECFA0028CCD0316806222046783122
:10830000EBF7E4FA0028C4D0F8BD000004250020F3
:10831000F0B5064600208DB00D46002A03D0F8F7D0
:1083200040FF002806D1002E03D0002D04D00024E9
:1083300028E000200DB0F0BD4220FBE7E000001B6C
:10834000295C471908467F1C009100F01EF80028A0
:10835000F0D103AA3946009802F046F9002804D06B
:108360001022002103A8EBF7ADFA07A804F07AF970
:1083700007AB03AA39460098F8F7F2FE0028D9D1D6
:10838000641CE4B2B442D9D3D4E70021012802D05E
:10839000002800D0472108467047000070B592B011
:1083A0000646202221A101A8F2F74CFC202109A8B1
:1083B000F2F750FC0A216846017000242546694600
:1083C00001A800F0F7FE6846027801A909A8EBF7BA
:1083D00075FA01A824E0015D491CC9B2914223D875
:1083E00003195B78B34214D16B461A78521A61189C
:1083F000C9B24118D2B209A81A704019EBF75EFA57
:108400006B4618782818C1B209A801F001F812B01B
:1084100070BD521A6B461A7062186918D4B2CDB288
:1084200069460A78002AD6D11F20F0E702FF010230
:10843000010403028FFC00000000000000000000A7
:108440000000000000000000000000000FB410B5A4
:10845000079C01282DD1684680891749884210D190
:1084600003A80FC800F04CF800281DD102F0D0F886
:10847000FA281ED001281CD92078F321084020704A
:1084800017E00D49491C884208D0C91E884205D012
:10849000491C884202D0C91C88420AD103AC0FCCC7
:1084A00000F02EF8002800D0632010BC08BC04B0F7
:1084B00018470020F9E70000022A000010B5FCF779
:1084C0004FFF10BD02480068AE30008870470000C2
:1084D0000425002010B5034906220968B331EBF7E3
:1084E000EDF910BD042500202423184204D0C81F34
:1084F000092803D82032D1710020704742207047EC
:108500001FB582B00024FFF7DDFF6946F7F788FF4B
:10851000009A6846116A0089203209E023235B5CD7
:10852000012B04D10B89834201D1641CE4B2096898
:108530009142F3D1204606B010BD00001FB504469D
:10854000064802900846F7F7EDF8800000196946E2
:10855000113008736846F8F785FF1FBD30750000BD
:108560001FB504460846F7F7DDF880000019694694
:10857000113008736846F8F7C1FF1FBD0268002379
:108580000B80824203D09BB212685B1CF8E77047F5
:10859000086042684A604268116041607047026842
:1085A00004E08A4201D10120704712688242F8D16A
:1085B0000020704702680A60126802600A68126848
:1085C00050600A680020106009684860704700B574
:1085D0000B46FFF7E4FF002808D003CB083B0860F8
:1085E00003CB41600020083B1860586000BD0000CC
:1085F000FFB515691E46A8032E3689B01C461746DE
:10860000002833DA102269463046F8F763FB092464
:10861000E4060398A0610298E06101982062009846
:108620006062354801681320C0010818816AA162A0
:10863000406AE0620A988030016C2163C06B60631D
:1086400000F069F8A06B0390E06B02902B48016882
:10865000019140680090102231466846F8F73AFBD5
:108660000120400485433D610DB0F0BDE8053CD5D7
:1086700005A80146009010223046F8F72BFBFF209A
:10868000013085434120800205433D61099808225D
:1086900001A9C01CF8F71EFB0998214604222A31C3
:1086A0000B30F8F717FB154805A92838F9F7AAFC8D
:1086B0000924E4060298A0620198E062786B08221F
:1086C00003A90D30F8F706FB049820630398606354
:1086D00000F021F8094905A80839F9F793FC1022A0
:1086E00031460098F8F7F6FABEE7A07A0006BBD448
:1086F0000A9800F005F8B7E704250020400000487C
:1087000010B504468034606C002803D0F9F7C6FC2D
:108710000020606410BD08B5642069460870092116
:10872000C9066A461078401E10704869C00402D419
:1087300010780028F5D1107808BD0000FFB582B090
:1087400000230193059B012B30D04B8C224D1C0143
:108750000B8C9C46CB7E6B438D8BAE46CD8B1646E9
:10876000403697690096A74206D19689664503D19F
:10877000009E3688AE4201D04026019696790427A5
:10878000760876003E439671946154616446948104
:10879000009A1580059A012A17D00B6170464A6825
:1087A000400010184860019806B0F0BD0346403301
:1087B0001D461B8E084E1C01AB8D9C4660231B5C26
:1087C0007343AE8C2D8DB646C9E783657146C26C86
:1087D00049005118C164E6E7E204000070B50446A0
:1087E00016460D46084600F02AFA2060281D00F0C3
:1087F00021FA31044018606070BD0000FEB53949AF
:108800000922096812028A18936E602242439C185A
:10881000354A80018D183549228946184020005B71
:108820002021895D521C228140006269002700B22C
:10883000101A6061F07A4018C0B2252800D325389C
:10884000F072A079C0072ED0284640300090408EAC
:108850002189401A0004000C25D124480C380088D6
:108860004007400FFEF754FD8446A07940084000C1
:10887000A0712846C030017A490849000172009968
:10888000A3894A8DC98D0905090C934205D1A369B5
:108890008B4202D16346002B01D0402701E0082320
:1088A0008373A281A161A079800719D57620405BEE
:1088B0002189401A0004000C12D1802149596035E9
:1088C0000091A97E0191A179FD221140A17131464B
:1088D000684605222131F8F7FDF9012040050743DC
:1088E0003846FEBD0425002058080000CC000020BA
:1088F000F8B501461B480922006812028218936EDF
:1089000060224A439E18184A00248518174A880195
:108910008718B0784007400F052802D0012805D0FD
:1089200010E00846EBF76EF904460BE02A46803269
:10893000108A002802D0401E108203E0012408465D
:10894000FEF70CFDF07BFF2801D2401CF073002CD9
:1089500006D023463246294600200097FDF76CF9E1
:10896000F8BD00000425002058080000CC000020BD
:1089700010B50B460178CA09014608311846FFF7C1
:108980002DFF10BD10B50B4601784906CA0F811C9A
:108990001846FFF723FF10BDFFB50D4607468DB003
:1089A00000200921C906169E1446486038460E303C
:1089B00000F045F90790B97CF87C0202387D00048C
:1089C000104308430990787D06903846163000F031
:1089D00031F90A903846183000F02CF90B903846DF
:1089E0001A3000F027F90C9038461C3000F022F9BC
:1089F000039038461E3020370090F878C106C90E23
:108A000047090920C00608918068A8640020314603
:108A1000E8642131052202910098F8F75BF9022100
:108A2000E170002022225055E0730B980C22504335
:108A30006061002031221055039801230001A061DC
:108A4000284621714030039083710B987149400290
:108A500040187149896A814200D208460021686540
:108A600021810C98A081204640300B9A02800A9AFE
:108A700001235200921CEA64039A9783039A978019
:108A8000A17121612380A26A1280A26A54800177B9
:108A90001B27FF21478049312B460182C0331A8AA8
:108AA0001B2A02D15A8A8A4201D0102202771A8BDD
:108AB0008280C780078147818781C7815A8B428224
:108AC0008182C18201834183288C5449401C80B239
:108AD000884202D94942401880B260812884C72068
:108AE0000190A16AC872052202990098F8F7F2F87D
:108AF0000020F072218D3182F0750798B0610998DD
:108B0000F061202108988855EBF7C4F880210128EE
:108B100000D1B175422002900590414804902F4643
:108B20001098404B803700283AD0B86B0080B96B62
:108B30000198C872388F708210983B49006828618C
:108B400010984068686106984843FF30F530A86582
:108B500003990120887718881946344A400712681B
:108B60004123400F5B01D21890706079C0221043FE
:108B700060710020B072A078C008C000801CA07096
:108B8000BA6B1B2090720888A16A40010830887275
:108B90000020C0433882B96B0322C91D029825E02A
:108BA000786B00807A6B0198D072B88E7082607991
:108BB000C02210436071B172A0781D4DC008C00082
:108BC000401DA07018884101A06A19318172796B2B
:108BD0000A208872FEF728FF796B0322C91D0298CC
:108BE000F8F7CAF8796B03222846091DF8F7C4F88C
:108BF000012006F021FAA16A0322C91D0598F8F7A1
:108C0000BBF8A16A0322091D0498F8F7B5F811B062
:108C1000F0BD00009AFDFFFFE0020020FF0E000003
:108C2000FA003000C0000020E2040000042500200B
:108C30002C01B000017840780002084370470178A9
:108C4000427813028278C078120400061043184359
:108C50000843704770B5054616460C46C01CFFF722
:108C6000EEFF84210851E9797B2001552846083020
:108C7000FFF7E0FF40342087B07902210843B0714C
:108C800070BD70B50C460546C1786020015516468A
:108C9000281DFFF7CFFF4034A084A81DFFF7CAFFAF
:108CA000208528460830FFF7C5FFA08528460A30F2
:108CB000FFF7C0FF208628460C30FFF7BBFFA086D9
:108CC000B07901210843B07170BD02460020014611
:108CD000535C002B00D00120491CC9B20629F7D3F0
:108CE0007047FEB50F4606460024FEF78DFC05468C
:108CF000FEF708FC082D01D3082811D202A9684606
:108D000000F020FA002F684606D04079400601D5D1
:108D1000022102E0032100E0017AB14200D04124A7
:108D20002046FEBDFFB507468DB000200890079095
:108D300077481E460168774815460C1823204001E5
:108D400008184771C271002B01D0002101710E98E3
:108D500000287DD0FFF7B9FF002879D0002E03D07E
:108D600020342079012873D0FF24002E07D0022D53
:108D700002D0032D02D002E0002500E00125644866
:108D80006549006840180B90022F01D0032F6AD16B
:108D9000684605700622401C0E99EAF78FFD694669
:108DA0000020FBF78BFAFF2803D00B99C200511863
:108DB000CC7911239B015649002E14D00968CA189A
:108DC0009476232300225B01C9180A71FF284AD038
:108DD000372044434E48FF2100682F312018095C9A
:108DE000002904D015E00A68D1188C75EEE7014619
:108DF000FF31FF3047311F30EAF7CAFE44480622F0
:108E000000682118FF3105A84831EAF757FD012015
:108E100007903F49FF2208684E322018125C002A52
:108E20001CD10146FF31FF3040313030EAF7B0FE4F
:108E30003748062200682118FF3103A84131EAF7BC
:108E40003DFD01200890002E08D00121304800E0AF
:108E500018E00268232040011018017107980028CB
:108E600001D0002E0AD0324629460E9800F05EFC52
:108E70000898002806D0012103A815E032460121F8
:108E800005A8F3E7002F06D0012F1AD0022F02D039
:108E9000032F07D115E01E48062201686846783185
:108EA000EAF70CFD0021684600F05CFC0124A402F6
:108EB000002F10D0012F16D0022F0CD0032F24D159
:108EC00011E0134806220168144809186846EAF7B9
:108ED000F5FC0121E7E70E480068816F04190902DB
:108EE0007B30E1650CE00A4805680C482818EFF76C
:108EF00034FB00022C19401CE0650848C01C2818EF
:108F0000EFF72BFB0002000A2066002011B0F0BD35
:108F100004250020580800006C04000033070000FE
:108F2000F0B5824D04468249286885B0401801900A
:108F3000FEF7E8FA002C7DD008280DD34220074622
:108F400003907C4800240290FEF744FB0090082028
:108F500004900098082802D30C2005B0F0BD00F062
:108F6000A1FB00F091FA0098734980014218132187
:108F70002868C9014018818801988030036BC0318E
:108F80005980016B09800021C94301820021456A93
:108F9000CB1DEF54856AEF54C56AEF54056AEF5450
:108FA000066B039DF554039B3F0A1B0A0393466A15
:108FB000029D0B1DF554866AF554C66AF554066A7F
:108FC000F554066BF554029B491C1B0AC9B2029367
:108FD0000329DCD3009911234907090E456A0B4385
:108FE000AB72856AAB72C56AAB72019B1D7E0223B0
:108FF000022D0BD1456AAE7A1E43AE72856AAE7AF7
:109000001E43AE72C56AAE7A1E43AE72466A01272F
:10901000F772866AF772C66AF7721943036B997220
:10902000036A9972036B0321D972016ACF7200211E
:109030000B4600E04EE0535455186B71491CC9B201
:109040000529F6D38025957201992031CE7BD67201
:10905000868C1682068E5682384E9661384ED661C0
:109060003E462027BE54D375019A127E002A04D0B2
:10907000012A04D0062A12D110E018240FE003229E
:10908000836828245202934209D1C368934206D1CF
:1090900000220492FF225632028200E01024497B13
:1090A000002904D0012904D0022906D103E0C021FF
:1090B00002E02C4301E040210C430499C2680902FC
:1090C000806853184218E108C900491C0098FEF74F
:1090D000E5FB42E772B608280CD209212A6809028A
:1090E00051188B6E60214143891C5C5C6407640FDE
:1090F000012C01D062B616E0F024A45C002C04D050
:109100001126FF24B6019219947500225A543F216A
:109110002A68490151180B7F0122824093430B7743
:1091200062B600F0F7FB002017E7000004250020DE
:10913000580800008100B000CC000020D6BE898E07
:109140005555550070B5044608480D460068084955
:1091500046182046316800F0A3FB72682271100A9D
:109160006071100C2870002070BD000004250020E4
:109170005808000070B50D460446FEF7C3F90828EC
:1091800001D31F2070BD094809490068401800221A
:10919000416B931CC95CA154521C062AF8DB406B3E
:1091A00000784006C00F2870002070BD0425002004
:1091B0005808000030B50C4A0C4B1268D218936A5C
:1091C0002032147B1F2C02D90020087030BD0022F1
:1091D00005E01D780570521C401CD2B25B1CA242F7
:1091E000F7D30C7030BD00000425002058080000A3
:1091F000F8B50C460546FEF707FA082801D31F20EC
:10920000F8BD0A4E13273068FF01C0198068062296
:109210002946801CF7F75EFD3068C0198068007829
:109220004006C00F20700020F8BD0000042500207B
:10923000F8B55E4B5E481E680022301801462031AA
:10924000027613240D460A73E40131198E68FF2754
:109250002836866389684937503141630831816215
:109260000721A973416B524E0A70456B0621697044
:109270001B68FB2519198C687834C4638968082435
:10928000A03101640146C0314A720A72CC738C73FA
:109290001B240C824F828D82103ECE820D834E8322
:1092A0008C83CF8343495A65196513233F4C01468C
:1092B000DB012668B518F618B768603516462D7EAE
:1092C0002A36BD552668F618B76816465236BD557B
:1092D0002668F618B76816467A36BD552668F61819
:1092E000B7681646A236BD550D70521CD2B2491C45
:1092F000062ADED300230B70826B06215170426B6D
:109300005170024680325361194693611BE0092572
:109310002D025B1960254D439F6E2B46264E0A3366
:10932000FE52092327681B02FB189F6E2B4600265E
:109330002033FE50092327681B02FB1824359B6E3F
:10934000491C5E51C9B22368AC25ED5C8D42DED864
:10935000002501219583C9020184556409202168F3
:1093600000020918896F936B891C598021680818BD
:10937000806F516B801C48801048818D2068403080
:10938000018600F0D1FC3F212068490141184122AB
:109390000D775201082180188170FAF761FDFEF700
:1093A00071F920682030C574F8BD00000425002044
:1093B00058080000862E0000FFFF0000E002002099
:1093C00010B5044680880321FEF7C0F8022172B66A
:1093D000082815D20D4A1368092212029A18602330
:1093E000926E5843831CD35C002B09D000211018C7
:1093F0002160016A002906D0416A0C60452144625F
:1094000062B6084610BD0462F8E70000042500209B
:1094100070B51B4A1B4B1268D418E36B0833A36268
:109420001F2901D9302070BD0022656BE66BAD5C51
:10943000B554521CD2B2082AF7D3002205E00578B1
:10944000521C1D70401CD2B25B1C8A42F7D32C20E8
:109450000155E06B891D4170FEF754F8217E01290A
:109460000CD008280AD2616BE06BE1636063803442
:10947000616A4880A16A4880E16A4880002070BD26
:10948000042500205808000030B5314831490068F3
:109490004018416B037E0A781B07920992011B0F4B
:1094A0001A430A70C16B037E0A781B079209920166
:1094B0001B0F1A430A70816B0A7892099201121DE0
:1094C0000A70016C0A7892099201121D0A7000213B
:1094D000024620320BE0836A456B5C5C0B46083326
:1094E000EC54846AC56B645C491CEC5489B2137BF0
:1094F0008B4201D91F29EED3017E012907D0D9B2B1
:10950000426B891D5170416B0831816230BD034649
:10951000C26B1033083281688262446B0C22627025
:1095200000221546446B083561551970090A5B1C09
:10953000032A00D1C168521CD2B2062AF1D3406B73
:1095400002785206520EC9010A43027030BD000073
:109550000425002058080000F8B5504F0646504931
:1095600038684518FDF7CEFF082812D1FEF74CF8F1
:10957000082803D02320405D02280AD038683446EA
:109580002030807D093400070028307903DB032870
:1095900003D00C20F8BD012804D02046FFF795FB2E
:1095A000002806D0327AF07900232146FFF7BAFB73
:1095B0000BE00023F0791A461946FFF7B3FB11229E
:1095C0003968FF209201891888752C468034216AF9
:1095D000288F48803079012821D030880002A0608F
:1095E00070880002E0600020C043208230790228A9
:1095F0001CD003281CD004281CD001281AD0052810
:1096000000D3FF20287628462030B1794173717944
:109610000346817327200022CE070FD011E00320DC
:109620004002A060E060FF205630DEE70620E9E758
:109630000220E7E701200021B171E3E74908401C5F
:10964000C0B2521CD2B2022AE6D3052902D1801C34
:10965000C0B20321272801D9C01EC0B2666A228D7C
:109660003280A66AA28D3280E66AA28C3280666A57
:10967000AA8E7280A66AAA8E7280AA8EE56A6A8015
:10968000D873032902D0012904D005E0A16AA08C77
:10969000088001E0606A00800020F8BD04250020F9
:1096A00058080000FEB51F481F4900684718694662
:1096B00001A8FFF747FDBE6B7D6BFC6B3B6C72B680
:1096C000002001AA811C175C6F54175C7754175C4B
:1096D0006754175C401C5F540628F3DB6946097821
:1096E0002A78BF20C9070240490E0A432A706946FA
:1096F00009783278C9070240490E0A433270694638
:1097000009782278C9070240490E0A4322701A7864
:10971000694602400878C007400E02431A7062B6DC
:109720000020FEBD0425002058080000034610B5A7
:109730000A48002A006806D0094A801872B60A460C
:109740001946103006E0064AE43A801872B60A4616
:109750001946083000F094F862B610BD04250020C8
:109760003C090000034610B50548064A0068801809
:1097700072B60A46194600F083F862B6002010BDA2
:109780000425002058080000F0B5144A144B126854
:10979000D3181A6C154608321F2901D93020F0BDA4
:1097A00000249E6B1F6C365D3E55641CE4B2082C91
:1097B000F7D3002405E00678641C1670401CE4B260
:1097C000521C8C42F7D3186C891D4170986B9D63B5
:1097D00018648033186A45800020F0BD04250020FD
:1097E00058080000FEB511481149006806224618C5
:1097F000104941186846EAF761F801226946304687
:1098000000F03EF8B56BF46B736B366C00206A4663
:10981000811C175C5F54175C6F54175C6754175CAE
:10982000401C77540628F3DB0020FEBD04250020F1
:1098300058080000330700007CB50E4C0E49206824
:10984000062245180D4941186846EAF737F8296A93
:1098500006226846891CF7F73DFA13212068C901E2
:109860004018816806226846891CF7F733FA002001
:109870007CBD0000042500203C09000033070000E7
:1098800070B5054616460C46084600F037F82860C5
:10989000217960790002084331044018686070BD86
:1098A00001700A0A42700A0C8270090EC17070477A
:1098B00070B51148092402683F2040011018037F49
:1098C000002024021419A0320146157B10E0DA07AB
:1098D0000BD06022A66E4A43B21892785207520FFC
:1098E000052A01D0022A00D101205B08491CC9B217
:1098F0008D42ECD870BD000004250020017842782C
:1099000013028278C07812040006104318430843FB
:1099100070470000F8B51B4E31880446090708203F
:10992000090F0443A1422CD1174D002128688163FF
:109930001121C90140180921C906806A0969471A1D
:10994000642000F05FF9717AC90040182968896ABB
:109950004018381A00020121000AC905884202D2C3
:10996000002005F069FB0949286832881207120FA8
:10997000A24206D1826B8A4203D2826B521C82635E
:10998000F3E7F8BDC00000200425002000710200AC
:1099900070B50F4D0F49286841184030407B0028B2
:1099A00014D0C031897B082910D1002402E040087E
:1099B000641CE4B2C107FAD0204600F07BF82868A6
:1099C00001224030417BA2409143417370BD0000B1
:1099D0000425002058080000FFB533480E460068F3
:1099E000324987B045181F461446304600F0B2F899
:1099F0000190301D00F0AEF800902078617802AE42
:109A00000C02044302210798FDF7A0FD00213A78DB
:109A10003270491CC9B2761C7F1C1029F7D3082864
:109A200002D302200BB0F0BDC035A97B082901D2BA
:109A30000C20F7E71C4909220968120289188A6E6E
:109A400060214143511872B64A79920702D062B63A
:109A50003A20E7E77D2252026A81A8734A6B1448D4
:109A600010600869020504D5487901221043487145
:109A700003E001221203104308614A6B0198506011
:109A80004A6B009890604A6B0298D0604A6B0398CA
:109A900010614A6B049850614A6B05989061486B5D
:109AA000C46162B60020BDE704250020580800000C
:109AB00003010A007CB50246234824490068451882
:109AC0000921090241188B6E602151435C18002165
:109AD0000091019172B6A1784907490F052901D07B
:109AE00062B67CBD2946C0318A737D2252024A810A
:109AF00062B6052269464830F7F7ECF880200099F5
:109B000041517A2101984855A08906222189504364
:109B10000930081886B2616B0D480860606B052239
:109B20008660616B6846C91CF7F7D4F8607901213B
:109B3000084360714035EE86A0790221C006C00E50
:109B40000843A0717CBD00000425002058080000D7
:109B5000030801000178427813028278C078120469
:109B600000061043184308437047000010B506482C
:109B700001680648406A002803D02022F7F7AAF8B7
:109B800010BD0020087010BD04250020E002002058
:109B900010B504460448807A8006400F00F006F8AD
:109BA0002070002010BD0000000100200CB505A2AF
:109BB00006CA00917F210192082801D26946095600
:109BC00008460CBDF2F5F8FBFE0204080549252203
:109BD0004143090C5143401A80B2252800D325384F
:109BE000C0B27047EB06000089084143880A401C58
:109BF00070474143080A292109014843C00A401C13
:109C0000704700000649C20B09684004096A400C0D
:109C1000CB0958435143000A081820308009704787
:109C20000425002070B51A4A1A4CD37B2268002BF9
:109C300011D01A4E184B8009CDB2584375430B0A08
:109C40002D0A734310355B19154D80305B09000AEE
:109C50006943090C04E0192312481B04FF21E93170
:109C6000114D118669805362106209482038008EB8
:109C7000FFF7C8FFE914884200D3481E4005216859
:109C8000000E203108752988090700D4687270BD5C
:109C9000000300200425002053070000F6BC080044
:109CA00055050000C2F52800C00000201FB5054C76
:109CB00040071ECC03946C460EC4000F6946085A38
:109CC00004B010BDA445061008B500216A461180F5
:109CD000694600F001F808BD10B50A4A830B126806
:109CE0008004526A800C140A60435A438009101899
:109CF00000228A5E821A10464030C009C3019A1AB7
:109D00000A8010BD04250020032802D06320C04330
:109D10007047662070470000012801D00148704755
:109D2000002070477A03000070B5274A00211068B0
:109D300003464030417601764920400118184176AB
:109D400081760F202033987513230846DB011468B1
:109D50000546E4186468303521541468E4186468D2
:109D6000615514683035E418646861551468E41866
:109D7000656804469034401CC0B229552D28E6D3AE
:109D80001068C3185C6809231B02C318DC652546EC
:109D900030359D6590345C65FF2348300370437017
:109DA0008370C3701F23037112684D2081540748CC
:109DB00001800921417105238371C17103724281C0
:109DC000FFF7D4FE70BD000004250020C000002075
:109DD00010B5FAF759F810BDFEB552480088602357
:109DE00041075148490F0268092000021018826E8D
:109DF00059435418A27825695207520F216A0092DC
:109E0000022A01D0052A20D12A0404D462799207BB
:109E100001D1002919D0A66A444A2B0443D563799D
:109E20009B0715D0676B77800120C00385432561B0
:109E3000E9F730FF012809D01F217878014204D0CA
:109E4000218A890401D5001D7870FEBDFF21F4E749
:109E50000029FAD01542F8D10A7C406FD206D20E02
:109E6000921C1718B8B2019070802046F8F7D4F809
:109E70000120C0038543256105110098052800D104
:109E8000AD00E9F707FF01280BD01F2178780142C8
:109E900004D02169294201D0001D7870019870809A
:109EA000FEBDFF21F2E7708801235B07C0186379CC
:109EB0009C469B0704D0636B834201D0012700E0DE
:109EC0000027666B864202D02388834212D1002984
:109ED00012D015420ED1012300290ED086420CD09B
:109EE0002488844209D00968002906D0154204D18B
:109EF000012103E00023EFE70023002162469206E0
:109F0000920F03D00022002F06D101E00122FAE7D0
:109F10000B43C5D0002AC3D0017810221143017031
:109F2000FEBD0000C00000200425002060060000E7
:109F30004101401880097047F0B57E4C05467E49C6
:109F4000206891B04018089000200D9072B606F07D
:109F5000BBFF002801D1002D07D0764800250168FD
:109F6000492040010818467EDFE062B60D9811B026
:109F7000F0BDF0077ED07149A80140180E906D48E1
:109F80000168092000020818816E602068430C18DF
:109F9000A178206A4907490F02294BD1A1794907C5
:109FA00048D4002846D04020005B400009900002C1
:109FB000FFF728FE039000200F905E4836210068CE
:109FC000095C0A070AD44907490FA94206D10121B1
:109FD00080300F91416C0191806C06E00899C96C4A
:109FE00001910121C9024018C0690090FF205F3033
:109FF000FFF708FE51490C39497AC9004118009809
:10A00000411A0398081A07900E980B2141562030E8
:10A01000059100780A90002002902089069009207E
:10A02000C00601690798401A070201203F0AC005CF
:10A0300087422AD36CE001200D9007990398081AF3
:10A040000790029903980818029009990198401AFC
:10A050000190616909980818606105990A98081AC1
:10A0600040B205900698401E80B2069005980028E0
:10A0700004DA00E056E0253040B205900920C00621
:10A0800001690798401A07023F0A6420FFF7BAFDEA
:10A090002A490C39497AC900411826480068806A63
:10A0A0000818B84207D20120C005874203D2099997
:10A0B00001988842BFD802990098401A01020D9871
:10A0C000090A00280CD01B4811220068D201801810
:10A0D000806A081A00020012002801DD00200D909D
:10A0E0000F98002806D01348019A00688030426417
:10A0F000816408E0089A0198D0640E480268012043
:10A10000C0021018C1610E990598C8720698208186
:10A11000084801220168492040010818417EAA40F0
:10A12000914341766D1CEDB27608002E00D020E7F9
:10A130001BE700000425002058080000CC00002088
:10A14000F8B54C4D4C492868441826464036B08B2B
:10A15000FFF7ACFD29684031098E401880B2E16CF0
:10A16000FFF747FD0746B07FFFF7D6FDA16D381812
:10A17000411807200005014300913F4A2968363AFB
:10A180008818363100F084F84121286849014218C6
:10A1900091784B07014620318E7D5B0F37093F01D7
:10A1A0003B4393707207520F8A75334AA8313C3A89
:10A1B000801800F068F82868A16CC0300268A264BA
:10A1C00001602868E16CC4300268E26401602868BC
:10A1D0000099CC221150D030A16D0268A2650160B7
:10A1E0002868616DD4300268626501602968204684
:10A1F0005C30D83100F042F8296820465E30DA3110
:10A2000000F046F8296820466030DB3100F040F865
:10A21000296820466430DC3100F030F82968204697
:10A220006830DE3100F02AF8296820466C30E031D1
:10A2300000F024F8296820467030E23100F01EF862
:10A24000296820467430E43100F018F82968204667
:10A250007830E63100F012F8296820467B30E8318A
:10A2600000F016F8296820468430EC3100F00BF835
:10A27000F8BD0000042500205808000002880B8863
:10A2800003800A80704702680B6803600A607047A9
:10A2900002780B7803700A70704710B5C001000C8B
:10A2A000E9F718FB002010BDF0B51E481321006827
:10A2B000C901401897B000240C271426C56AF9F785
:10A2C000CFFD0FA802301490284600F01DFDFC2899
:10A2D00020D16946284600F005FD68464078C00751
:10A2E000149804D0EEF739F90002401C02E0EEF7B2
:10A2F00034F90002159010A80130EEF72EF9000293
:10A30000000A169015A8F9F71DFD002802D0472075
:10A3100017B0F0BD641CAD19E4B2BC42D4D3002028
:10A32000F6E70000042500200FB4F0B5584F1320C5
:10A330003968C001081897B0C66A0FA80230002417
:10A340001590703014901BE0304600F0DDFC05469F
:10A35000FC2809D0FE2D18D0002810D0FA2017B004
:10A36000F0BC08BC04B018476946304600F0BAFC9F
:10A37000062215991498E9F7A9FA00281BD014367B
:10A380002046641CE4B20C28DED318A8407C0009E7
:10A39000E5D00C2C76D972B600F06AFB62B61320B9
:10A3A0003968C0010818C66A304600F0ADFCFE28C6
:10A3B00068D01436F8E7502269461CA8E9F786FAF7
:10A3C0000028CCD0304600F073FC0AE0143630464A
:10A3D00000F09AFC0546FC2803D0002D01D0FE2D8C
:10A3E000BCD12046641CE4B20C2801D2FE2DEDD174
:10A3F00018A8C17C6846C0788142C6D118A8407CA4
:10A40000C0060ED468464078C0060AD502222DA8A0
:10A4100011A9E9F753FA18A9487C1021084318A993
:10A42000487418A8407C800615D468464078800699
:10A4300011D523A807A9102202300231E9F73EFA0C
:10A44000062215991498E9F739FA18A9487C2021B1
:10A45000084318A9487418A8407C400695D468465B
:10A460004078400691D527A80BA91022023002316E
:10A47000E9F724FA18A9487C4021084318A9487430
:10A4800083E7FFE701221CA9304600F047FC66E79E
:10A490000425002010B5064813210068C9014018A2
:10A4A000C06AC001000CE9F715FA002010BD0000D9
:10A4B00004250020F7B5214813210068C901401880
:10A4C00098B0C66A002511A814460C27149515905B
:10A4D0001CE0304600F018FCFC2802D000281AD1FD
:10A4E00013E06946304600F0FDFB68464078C00640
:10A4F0000BD516AA1999159802F0E2F9022216A8AE
:10A500001899E9F7E3F9002808D0143628466D1C9D
:10A51000EDB2B842DDD341201BB0F0BD6946204604
:10A5200000F0EEF805482346006821462A3314AAB5
:10A530002031803002F070F80020EDE70425002083
:10A54000F8B5074627480E4600681321C901401890
:10A55000C56A1446002E18D0012E06D1787901065E
:10A5600001D5410611D480090FD07879400637D53E
:10A5700026461E36284600F0C7FBFC2824D0FE28BD
:10A580002ED000282AD0FA20F8BD20463E30009078
:10A59000284600F0B9FBFC2805D0FE2820D0002872
:10A5A000F1D11435F4E72146284600F09BFB607892
:10A5B000C007C00FB042F4D1062239460098E9F72F
:10A5C00085F90028E0D0ECE72146284600F08AFB18
:10A5D0003146384602F0D5F90028D5D01435C9E700
:10A5E0005C20F8BD0425002030B50B4695B015461B
:10A5F00001466A461846FFF7A3FF040005D107A9E4
:10A60000102228460231E9F759F9204615B030BD2D
:10A6100070B50C4813210068C90140181426C56A9A
:10A620000024284600F070FBFC2805D0FE2807D047
:10A63000002803D0FA2070BD641CE4B2AD19F0E725
:10A64000204670BD04250020F7B596B017465E265B
:10A6500002F0F6FB04004FD06078C507ED0F1ED066
:10A66000002D05D0E0798109032918D0800916D082
:10A67000E079400610D5214813210068C90140182F
:10A6800007AEC56A0236284600F03EFBFC280CD017
:10A69000FE2801D0002812D0472019B0F0BD0622B4
:10A6A000A11C14A8E9F70AF912E06946284600F04F
:10A6B00019FB3146A01C02F064F9002801D01435C2
:10A6C000E1E70FA9062214A80231E9F7F7F80025FF
:10A6D0003B4614A92846179A00F0A0F806465D28C4
:10A6E0000AD172B600F0C4F962B63B4614A92846F6
:10A6F000179A00F093F806463046CEE7042500206E
:10A7000070B5044601200D46A076C9782177697896
:10A71000090603D5617F1022114361776A78617F52
:10A7200060231A40114361776978C90602D5A17F79
:10A730000143A177E86C6061A86C294620610E3165
:10A74000204610220E463A30E9F7B8F8294620464E
:10A7500010221E315430E9F7B1F829462046102264
:10A760002E316430E9F7AAF8294620460222443106
:10A770002030E9F7A3F820460822A91D4A30E9F75E
:10A780009DF820460222291D5230E9F797F8687893
:10A79000800704D520890121490308432081687876
:10A7A000400704D520890121890308432081687866
:10A7B000000704D520890121C90308432081A87816
:10A7C000010706D5E0722046102231462A30E9F70B
:10A7D00075F8F120A07270BD70B594B015460E46A4
:10A7E0006C4602F02DFB002816D041782246C9079E
:10A7F000C90F801CFFF7A4FE002802D05C2014B013
:10A8000070BD684640780FA9C007C00F2B4632467E
:10A81000023100F0DFF9F2E74020F0E7FFB585B044
:10A820000D4600F039FA044600270C20029060E043
:10A83000204600F069FA0646FE2861D0FC2E04D0BE
:10A84000002E02D0FA2009B0F0BD204600F040FAF8
:10A8500084465F49A000401800686A46030A1370E6
:10A86000030C5370000E9070641CA0004018006828
:10A87000D070030A1371000C5071641CA0004018C2
:10A8800000680390FC2E0AD105998C4506D106225A
:10A8900029466846E9F71AF8002804D0039880088A
:10A8A0000419641C25E007990398884219D10622EF
:10A8B000FF216846E9F706F8002635E0641C4448A5
:10A8C000A10008180168684600F0CAF80898042238
:10A8D00080196946E8F7FAFF002824D0B008241A46
:10A8E000641EA41E204600F0E3F9039880080419B2
:10A8F000E41C384602997F1C884299D38F4210D8B5
:10A90000344801681320C0010818026BC16A406B0B
:10A910008918401E091807980C30800800198142D8
:10A9200006D25D208FE7361D03988642C6D34DE0E0
:10A9300005986946C007C00F001F08702878487046
:10A9400068788870A878C870009900060902090A1A
:10A9500001432046FDF784F8002831D1E9786846A4
:10A9600001702979417069798170FF21C170009867
:10A97000641C0102FF20090A000601432046FDF77E
:10A980006FF800281CD1641C20460799FDF768F871
:10A99000002815D1079800258107890F0E18641C1F
:10A9A00012E0089840190746EDF7D7FD0102F87844
:10A9B000090A000601432046FDF752F8002801D09D
:10A9C000FB2040E7641C2D1DB542EAD300203AE786
:10A9D0000000041004250020FFB597B00C2015904E
:10A9E000142014901D48002500681321C901401847
:10A9F000C66A1F462C461D70304600F085F9FC28BB
:10AA00000DD0FE2806D014986D1C36181598EDB29E
:10AA10008542F1D31798047000201BB0F0BD694641
:10AA2000304600F05FF91999E01D884201D9642091
:10AA3000F3E7684640780622C1071898C90F015508
:10AA4000641C1898A4B20FA900190231E8F736FF68
:10AA5000A41D3878A4B2401C3870D4E70425002027
:10AA600001700A0A42700A0C8270090EC1707047A8
:10AA7000F0B5FFB0FFB085B00020009001900290CB
:10AA8000534E039013203168C00108180025C76A8F
:10AA900004952C460595384600F036F9FC280ED072
:10AAA000FE2812D000280CD013203168C0010818ED
:10AAB000C06AFFF7F2FB7FB07FB005B0F0BD641C49
:10AAC000E4B26D1C14370C2DE5D32546042C00D9B7
:10AAD0000424281BC0B206903D48002701681320BB
:10AAE000C0010818C66A0CE0304600F00DF9FC28D9
:10AAF00006D10698002816D0401EC0B206907F1CD2
:10AB00001436AF42F0D3324D13262868F60180196F
:10AB1000C06AC001000CE8F7DDFE28688019002635
:10AB20003546C76A4FE0049950204143B3A808183E
:10AB300001460890304600F0D5F855210598C90027
:10AB40000A1A04986946800007900A50059A09A9D4
:10AB50008B18694642180898014640783E31C00774
:10AB6000C00F00F037F8002807D0079900206A4688
:10AB700050500498401C0490C1E707986946095852
:10AB8000059808180590F4E7502029464143B3A8DA
:10AB9000091800223846049100F0C0F8A900684660
:10ABA000059142581437002A08D009A8049983193E
:10ABB00048783E31C007C00FFFF730FE0598694660
:10ABC000085886196D1CA542DED3002073E70000EB
:10ABD00004250020FFB585B000F05EF80446079814
:10ABE0000026006803900C200290204600F08CF8AC
:10ABF0000546FE2835D0FC2D04D0002D02D0FA20C9
:10AC000009B0F0BD204600F063F82249A2005218B6
:10AC100013686A461F0A17701F0C57701B0E93703B
:10AC2000641CA200521813686A46D3701F0A177179
:10AC30001B0C5371641CA20051180F68FC2D09D124
:10AC40000599884206D1062268460699E8F73EFE35
:10AC5000002808D0B80804190298641C761C8642A3
:10AC6000C3D35C20CCE70398874201D94820C7E7CB
:10AC700007980025074E076008E0641CA0008019B3
:10AC8000016808984019FFF7EBFE2D1DBD42F4D373
:10AC90000020B5E700000410044801681320C0013B
:10ACA0000818C16A006B08187047000004250020CE
:10ACB000810010B505480C182068010A09022046D9
:10ACC000E8F720FE2068002010BD000000000410FE
:10ACD0000349800040180068C007C00F704700009B
:10ACE00000000410F8B5074F0E4604460025A000EA
:10ACF000C01901687019FFF7B3FE641C2D1D502D9B
:10AD0000F5D3F8BD00000410034980004018006826
:10AD10000006400E4000704700000410F7B5002404
:10AD200050260546002A20D000270920C0060169C8
:10AD300042685201520F032A0ED042685201520F4C
:10AD40000AD04068401A0002000AFEF7BDFF014623
:10AD50001048814209D803E0FF20F53003F0ECF9F8
:10AD60007D20C0007F1C8742DFDB01980019077837
:10AD700041780B028178C0780A0401061143194317
:10AD800039432846FCF76CFE241D6D1CB442ECD3FD
:10AD90000020FEBDCC040000F7B584B007211646A4
:10ADA0000191009102F04CF8040004D07420005D81
:10ADB000C00724D102E0402007B0F0BDA01C02F083
:10ADC000F3FD00281DD0002E02D0A07B000616D473
:10ADD000A27BD00613D4464D2868817D4B081943C9
:10ADE000C90702D0817E490709D400210291D10907
:10ADF000C901A173A27A002A08D0F12A03D0462003
:10AE0000DAE75920D8E7059AD2071ED0807EC043E2
:10AE1000800721D0208920220105090D0020FCF7A0
:10AE200051FF07001AD0A020A072E07E2F21084019
:10AE3000E0760598800703D5A07B20210843A07306
:10AE40002868002E0CD0417B0EE001200143A17345
:10AE50002046E8F7EFFEAFE73820ADE76420ABE728
:10AE60008030007B4007C10F2868827D53081A4359
:10AE7000D207C37DD20F007B00F093F9064620462F
:10AE800002F030FC0199009800910190227E334637
:10AE90000121384600F092F92146384601F0A0FB26
:10AEA000002802D04120029086E72968887EC243AC
:10AEB000920701D0401C8876204654220021203081
:10AEC000E8F700FD304618210840E072A07EF10747
:10AED00000D002210843A076E07E7107C90F084325
:10AEE000E07628688030C672A120A072029863E7DD
:10AEF0000C250020F0B593B00020069072B65F4D8F
:10AF0000042128684030C2790A43C27162B6E8F76A
:10AF1000CFFE00265A4F73E03868C16F7C20704323
:10AF20000C186BD02089002868D0617BC9075FD0DE
:10AF30000005000D21462A310190102211910CA824
:10AF4000E8F7BCFC07A9204600F006FB00283CD02F
:10AF50000198F6F75CF80B90207B80070CD00198E5
:10AF600002F012FB0246474B0021012002F0DEF8FE
:10AF7000207B0009000120730220049001980390B7
:10AF8000032002903921286849014118897B012357
:10AF9000890712D5D902083040181322C06C02214B
:10AFA00003F0B6F9010008D0039A8A80029A0023C0
:10AFB0008A71CB71049803F097F90B983A280AD05C
:10AFC000607B40084000607312E007A90198F6F723
:10AFD00017F80B90F1E710220CA91198E8F76EFC16
:10AFE00072B62868FB224030C1791140C17162B647
:10AFF000A07A002802D0204600F064F9761CF6B250
:10B000002868A030007BB04286D830E006A93868B6
:10B0100003F0FBFF0698808801F012FF010022D0A8
:10B0200006988268127B052A05D08B7A102B05D9E9
:10B03000F12B03D00BE002F0EDFB14E074235B5C1A
:10B04000DB0702D0012A0ED101E00B2A0BD101F05F
:10B0500075F9002807D0FD2805D00699386803F057
:10B0600082FF13B0F0BD01210698FCF787FE386817
:10B0700003F0A2FF0028C9D0F3E700000425002058
:10B080000C2500203075000070B501F0D9FE0400D9
:10B0900007D07420005DC0070AD0207B800707D14D
:10B0A00001E0402070BDA07A002803D0F12801D033
:10B0B000462070BD1A4E3068807EC04380072BD07A
:10B0C000208920220105090D0020FCF7FBFD050069
:10B0D00024D00220E880A8680B2101733068817DAC
:10B0E000C37D4A081143CA07417B007BD20FC007CA
:10B0F000C00F00F056F80146306880300173A86830
:10B1000041732146284601F06BFA0028D1D1217BFA
:10B1100001221143217370BD382070BD642070BDC1
:10B120000C25002070B50E4602230446C1061248C5
:10B130001546006803D51E22BF210C4008E03921C6
:10B1400049014118C97B890601D4002070BD1B222A
:10B150002107890E08180121C9024018C06C214638
:10B1600003F0D6F8010005D08E8020468D6003F0F4
:10B17000BBF8EAE7072070BD0425002001700A0A29
:10B1800042700A0C8270090EC170704701784278D3
:10B1900013028278C0781204000610431843084353
:10B1A0007047C007C907C00F490F0843D107090FEF
:10B1B0000843D907C90E084370470000F0B50724BB
:10B1C000059E069DC4808468D2072173084C81685F
:10B1D0002468D20F277E4F7381688A738168CB738E
:10B1E0008168E27B0A7481684E7480688574F0BD62
:10B1F0000C2500200146896800204A7B042A05D8D6
:10B200008A7B012A02D8CA7B920701D50A2070479F
:10B21000044A097C1268927B914201D31029F6D925
:10B22000062070470C250020F0B587B004461C228C
:10B2300022496846EFF706FD227E0321D0438307AB
:10B240001F48002B006804D0E37A1D0705D5D507F9
:10B2500001D0E1771CE09207FBD4E27E05252A426B
:10B2600012D0627E057E960096196F46F619AD5D86
:10B27000E577002D0CD11B0708D4012A02D1027EEC
:10B28000012A01D0022202E0012200E00422E2773A
:10B29000407BC007C00F02D0E07F012806D0E07AD3
:10B2A000000709D5E07F022804D005E0E1774720B8
:10B2B00007B0F0BD0020E0730020F9E7B4450610A8
:10B2C0000C250020F0B50446807A2646603695B0FD
:10B2D000102820D0D1287BD0D22879D0D32877D07D
:10B2E000D42875D0D52873D0F02875D0FE2877D013
:10B2F000A2287FD0B2287DD0B42868D0BF282046AD
:10B3000077D0E8F79BFCE07A000702D52046E8F703
:10B3100005FD15B0F0BD60786A46C107C90FA01CD5
:10B32000FFF70EF90227474D00282AD0FCF7A2FFAD
:10B33000002824D0307DC00721D0FFF769F9FA2812
:10B340001DD000281BD0E079400618D502201490AB
:10B350003921286849014118C97B26890123090739
:10B360000DD5DD02083040191A223946C06C02F0B2
:10B37000CFFF010003D08E80149802F0B5FF0020AB
:10B380004AE069462046FFF7BBF920890104BAD597
:10B390000221149106053921286849014118897B49
:10B3A000360D01230907AED5DD02083040191522FC
:10B3B0003946C06C02F0ACFF0100A4D08E80149816
:10B3C00002F092FF9FE703E006E009E012E027E0C9
:10B3D000204600F041F996E7204602F0DFF992E7B7
:10B3E000307D00068FD57C2200212046E8F76AFADE
:10B3F00089E724E0E07A000704D52046E8F78AFCD4
:10B40000002880D0E07F022802D1E07EC006D9D596
:10B41000307DC00702D0B420A07274E7A420FBE7FF
:10B42000204610216430F5F743FBE07A000703D58E
:10B430002046E8F757FC66E7B521A17263E702F002
:10B4400035F960E70425002010B57421095CC907AF
:10B450000BD1817AA42909D0AC2916D0AF2904D107
:10B46000417F002914D0D021817210BD04461021E3
:10B470005430F5F71DFBE07A0007204602D5E8F7C7
:10B480002DFC10BD00F0A8FC10BDE8F7D3FB10BDEB
:10B4900002F00CF910BD10B50146807AA92802D13E
:10B4A000002000F059FC10BD10B50446807AAA288F
:10B4B0000BD0BA2809D0B92810D07420005DC0077D
:10B4C00002D12046E8F7C2FB10BD204602F032FD53
:10B4D0000028F9D0012300220B210DE0E07F042891
:10B4E000F2D1E07E410602D5BA20A07210BD00065E
:10B4F000FCD5012300220C21204602F096F910BD54
:10B5000070B50446134800250268402128463C32A5
:10B5100002F029FE002804D002F05EFD02F08AFB52
:10B520000DE0E07A4106890F03290AD07421095DF4
:10B53000C90708D0400602D5204602F08BFC2846F9
:10B5400070BD0125FBE78106F9D49B210840E0721C
:10B55000F2E700000C250020FEB504460020009014
:10B5600025462646A07A2A3532360F46BC2821D0F9
:10B57000F12810D1E07A00071CD42046203001AA1F
:10B580002946029001F09CF90222314601A8E8F711
:10B590009DF9002806D0224629463046FEF78AFF4C
:10B5A0004120FEBD09482B4600686A46029980305A
:10B5B00001F032F8102200213846E8F783F9227FA3
:10B5C00029463846E8F77AF90020FEBD0425002018
:10B5D00010B58268527B4A768268927B012A03D139
:10B5E0000A7E02231A430A761A4B82681B68D27BB2
:10B5F00080331A728468647C5C728468A47C9C7258
:10B600008B7ED407E40F23438B76CB7E0424224029
:10B610001343CB768268127C0A777422525CD2077D
:10B6200012D08B7F0522DC08E4008C7783689B7C3A
:10B630005B075B0F23438B778068083080180079A5
:10B640004007400F487710BD836806225B7C5B078C
:10B650005B0FF0E70C250020F0B58DB00027054604
:10B660000797008920220105090D3846FCF72AFBBF
:10B6700004006DD02E466036307DC106284620304D
:10B680000290002906DB0221F5F712FA307D102125
:10B6900008433075A87A2E462236D12808D0D22801
:10B6A0001AD0D3282CD0D42835D0D52852D047E072
:10B6B00008213046F5F7FCF92C4803AB006807AACF
:10B6C0000299803000F0A8FFA068062101731120C4
:10B6D000E0802A7F03AB1CE00B20E080A0680721FC
:10B6E000017307AA3146029801F0EAF807AB02227B
:10B6F00005212046FCF796FB0822334607211CE073
:10B700001120E080A0680821017308A800F0AAFFBA
:10B7100029E0052111E069460F7108A901A801F08F
:10B7200081FF0820E0800921A06806220173694694
:10B73000A0680979417308AB11462046FCF772FBFB
:10B740002946204600F04CFF002801D1DD20A872D8
:10B750000DB0F0BD1120E080A0680A21017308A996
:10B76000284600F06DFF08AB1022D2E70425002028
:10B77000F0B599B016460D4604463C2200216846B5
:10B78000E8F7A0F81022294604A8E8F797F8E07F28
:10B79000464D022802D0032806D00BE02868016934
:10B7A0006846FFF7EBFC05E02968102268461C316B
:10B7B000E8F784F8012108A801702A68117E417019
:10B7C000207EC107C90F08A8817011468031CB7A4D
:10B7D000C370D27B02710722427182710222C27150
:10B7E000627E0272207E8007C20F08A842720A7A27
:10B7F0008272227FC2724A7A0273897A41730F3051
:10B80000471E05463946FDF79DFC60780622C107B4
:10B81000C90F08A841751630A11C1790E8F74EF81B
:10B8200011A807220130F91FE8F748F80FAC0722EA
:10B83000A01C08A9E8F742F80122601CE11FE8F704
:10B840003DF8012239460FA8E8F738F8002069468C
:10B8500013AF0A18127C235C5A403A54401CC0B201
:10B860001028F6D3324639466846F5F785FB102294
:10B8700000210FA8E8F726F806222946A01DE8F7C0
:10B880001DF806220FA81799E8F718F80021705C38
:10B89000625C50407854491CC9B21029F7D3324633
:10B8A00013A96846F5F768FB19B0F0BD0C25002018
:10B8B000F0B599B016460D4604463C220021684674
:10B8C000E8F700F81022294604A8E7F7F7FFE07F21
:10B8D0004A4D022802D0032806D00BE028680169EF
:10B8E0006846FFF74BFC05E02968102268461C31CA
:10B8F000E7F7E4FF012108A80170617E4170207E16
:10B900008007C10F08A881702A68114680310B7A20
:10B91000C370237F03714B7A43718B7A8371022347
:10B92000C371137E0372207EC307DB0F08A8437226
:10B93000C97A8172D17BC172607F4107490F08A823
:10B940000173A07F4107490F08A841731630471EB5
:10B9500005463946FDF7F6FB60780622C107C90F98
:10B9600008A881730F30A11C1790E7F7A7FF11A853
:10B9700009A9072201300331E7F7A0FF0FAC072226
:10B98000A01C08A9E7F79AFF01223946601CE7F7D7
:10B9900095FF01220FA8F91FE7F790FF00206946E5
:10B9A00013AF0A18127C235C5A403A54401CC0B2B0
:10B9B0001028F6D3324639466846F5F7DDFA1022EC
:10B9C00000210FA8E7F77EFF0622A01D1799E7F7D1
:10B9D00075FF062229460FA8E7F770FF0020315CAB
:10B9E000225C51403954401CC0B21028F7D3324673
:10B9F00013A96846F5F7C0FA19B0F0BD0C25002070
:10BA00007FB5AC218172817B05468A072A350446C1
:10BA1000002A09DA102200216846E7F753FF694639
:10BA20002B460A46AD250FE0C80701D1480719D5B6
:10BA300021464A312246E07A5232000701D52B4690
:10BA400001E023463A33AE2520890005000DFDF7BD
:10BA5000C3FF00280BD03A2801D00C2800D10020C9
:10BA600004B070BDC808C000A0734620F8E7A17BF1
:10BA7000CA0703D010221143A173F125C9B2C90826
:10BA8000C900A173A572EBE7F8B502684168926836
:10BA9000FD20137B0E2B13D1CB7ADB0610D5CB7F89
:10BAA000022B0DD14B7E022B0AD174235B5CDB078A
:10BAB0008B7A06D0B22B0AD0B42B08D0B52B06D087
:10BAC000F8BDA22B03D0A42B01D0A52BF8D1088957
:10BAD000392105050D484901006802264118C97B36
:10BAE0002D0D547B012349060ED502218F0208300B
:10BAF000C0191C22C06C02F00BFC010004D08D8028
:10BB00008C71304602F0F0FB0020F8BD04250020C7
:10BB100010B5036841689A68FD20127B0B2A07D094
:10BB2000022A0ED0032A13D0042A1ED0FC2010BDF6
:10BB30008A7A002A01D0F12AF9D1184600F02EFAAB
:10BB400010BD8A7AA12AFBD1184600F0F1F910BD88
:10BB50008A7AA52A05D0A22A01D0A42AF7D1FF20EB
:10BB600010BD184600F0F8F810BD8A7AA62AFBD15D
:10BB7000184600F06BF910BDF8B507468068FD2542
:10BB8000007B0C46012806D003285AD0042870D028
:10BB9000FC252846F8BDA07A00280AD0F12808D054
:10BBA000FB28F6D1012300220921204601F03DFEA9
:10BBB00065E00026208901F0E7FC02460021314BB8
:10BBC000084601F0B3FA207BC14389070AD08107F8
:10BBD00014D5012108432073207B0107890F012917
:10BBE00011D00BE00C210840D4D00428F4D0082850
:10BBF00025D00C2800D10126002ECAD02146384677
:10BC000000F0DEFA3BE0FB210840082108432073E6
:10BC10001D483921006849014118897B02248906A1
:10BC20000DD502218B020830C0181722C06C0023EA
:10BC300002F06EFB010002D0204602F055FB4320CB
:10BC4000F8BDA07AB5280FD0B22801D0B428A0D171
:10BC5000C87F02289DD10D480068007E022801D0CF
:10BC6000042896D1FE2594E7384600F0E1F906E075
:10BC7000FFE7A07AB6288CD1384600F017FA0546BF
:10BC800087E7000030750000042500200C25002007
:10BC900010B5026841689368FF201B7B0C2B03D012
:10BCA0000D2B14D0FC2010BD8B7AA22B01D0B22B0F
:10BCB000F9D174235B5CDB07CB7A05D05B06F2D449
:10BCC000104602F085F810BD9B06F9D410BD8B7AA2
:10BCD000AB2B01D0BB2BF9D1104602F0F1F810BD0F
:10BCE000F8B504460025FFF79FFA472803D0E07F08
:10BCF000022802D026E0E57F24E015480068007D98
:10BD0000002821D002200090208939210605114801
:10BD100049010068360D4118897B012349070DD57B
:10BD200002218F020830C0191422C06C02F0F0FA10
:10BD3000010003D08E80009802F0D6FAE07EEF2159
:10BD40000840E0762846F8BDE07E10210843F8E779
:10BD50000C25002004250020F8B5074608890C466C
:10BD60000105090D20220020FBF7ACFF05000DD0D6
:10BD700026462A36002F05D03346102205213846A4
:10BD8000FBF760FFE07F022802D009E06420F8BDE5
:10BD90002046102231466430E7F798FD002814D081
:10BDA0001120E880A868042101732346543310222F
:10BDB00005212846FCF736F82146284600F010FCFD
:10BDC0000028E4D1A621A172F8BD01232A4608214A
:10BDD000204601F02AFDF8BD30B50446008989B03F
:10BDE0000105090D20220020FBF76CFF050009D09A
:10BDF000E07A000709D568460590049404A8E7F79F
:10BE000075FF08E0642009B030BD21466A46543110
:10BE10002046FFF7ADFC1120E880A86803210173DC
:10BE20006B46102205212846FBF7FCFF21462846D9
:10BE300000F0D6FB050007D1204610226946643089
:10BE4000E7F73CFDA520A0722846DCE7F0B50B46DD
:10BE500093B00C4664330025102205210993FBF7AB
:10BE6000F1FEE07A00070BD504A80F900E940EA8FF
:10BE7000E7F740FF0546EB2807D1002013B0F0BDDF
:10BE800004AA20460999FFF773FC21462A311022A3
:10BE90000F4604A8E7F71AFD002806D000231A462B
:10BEA0000421204601F0C1FC3CE0204E217F306897
:10BEB000C07B814200D92077E07A000703D5204675
:10BEC000E7F71CFF2FE0102200216846E7F7FAFC95
:10BED000E07F022802D0032806D00BE03068016919
:10BEE0006846FFF74BF905E03168102268461C31BF
:10BEF000E7F7E4FC22460AAB54326846099900F0A1
:10BF0000C5FB102200213846E7F7DCFC227F0AA996
:10BF10003846E7F7D3FCA07B02210843A0732046F4
:10BF2000E7F788FE05462846A8E700000C25002014
:10BF30007CB50C460646A425FFF75CF900281BD10A
:10BF4000E07A000707D5684600960194E7F7C2FE3D
:10BF5000002811D1A225A07EFB2140084000A07638
:10BF6000E07E0840E07621463046FFF731FB204670
:10BF7000FFF7B6FE002808D0642805D0014601234B
:10BF80000022204601F051FC7CBDE17F022903D153
:10BF9000E17EC90600D4A225A5727CBDF8B50C4689
:10BFA000897A0026A039502901D80020F8BD806880
:10BFB0001D4F457B3868807D022803D1280701D4B6
:10BFC000032024E0A07B80210843A073208901F096
:10BFD000DBFA02460021154B084601F0A7F8A07ACB
:10BFE000F12806D1680704D520894004800F00D1CC
:10BFF00001263868E906C90E8030017320890022C5
:10C000000005000D3146FEF7C7FE0028CED0A17B0B
:10C010004906490EA1736428C8D0014601230022B5
:10C02000204601F002FCF8BD0C2500203075000010
:10C0300070B5064608890C4601058AB0090D202214
:10C040000020FBF73FFE050012D0002E06D023464D
:10C050002A33102205213046FBF7F4FDE07A000771
:10C0600009D505A80290019401A8E7F74BFE08E066
:10C0700064200AB070BD214605AA64312046FFF74E
:10C0800017FC1120E880A8680321017305AB10227A
:10C0900005212846FBF7C6FE2146284600F0A0FAF7
:10C0A0000028E6D1B621A172E3E70000F0B506460C
:10C0B00093B00020059008890C460105090D202247
:10C0C0000020FBF7FFFD050019D023465433102252
:10C0D000052130460293FBF7B5FDE07A01072046C3
:10C0E0002A30019000290DDA0FA8089005A80990C0
:10C0F00006A80A90079407A8E7F708FE10E0642056
:10C1000013B0F0BD0FAA20460299FFF7D1FB102211
:10C110000FA80199E7F7DAFB0590BC20694608767D
:10C12000264605986436254F002809D001232A4663
:10C130000421204601F079FB059800281BD03AE045
:10C140001120E880A86804210173334610220521DC
:10C150002846FBF767FE2146284600F041FA0028F2
:10C16000EAD16846007EA0723868217FC07B814298
:10C17000E2D92077E0E7E07A00071CD41022002102
:10C180000BA8E7F79FFBE07F022802D0032806D028
:10C190000BE0386801690BA8FEF7F0FF05E039688D
:10C1A00010220BA81C31E7F789FB31460BA8019B35
:10C1B000029A00F06BFA0020A2E700000C25002094
:10C1C000F3B55D4E00253068B427807E83B0C04350
:10C1D0000C4680070ED0208920220105090D002081
:10C1E000FBF770FD0290002807D0A17A0020F1290A
:10C1F00005D032E0082005B0F0BD6420FBE7E17E09
:10C200002F221140E1763168237FC97B8B4204D015
:10C21000039A9268127C8A4207D8039A92689446DD
:10C22000127C9A4203D08A4201D8607715E0617F80
:10C230008A0600D50225490601D504210D43614631
:10C24000497CA94203D001221543A94202D160775B
:10C25000A07702E0204601F06BF8B020A0723168B0
:10C26000887EC243920701D0401C88760398FEF76F
:10C27000C1FF039900288968CD7B4BD13068817D4F
:10C28000022903D12A0701D4032043E04A081143BD
:10C29000CA07C37D417BD20F007BFEF782FF0646B3
:10C2A000354018200540E572280705D52046E7F7F8
:10C2B000FBFC00282ED1B227204601F013FAF0072C
:10C2C00000D00220A0767007C00FE07621460398C8
:10C2D000FFF77EF92046FFF703FD00281AD1E07F23
:10C2E000022803D1E07EC00600D4B227A07F617F80
:10C2F00040074907400F490F00910190227E3346C5
:10C3000002210298FEF75AFF2146029800F068F9D0
:10C31000002806D0014601232046029A01F085FA42
:10C3200069E72189072212039143218102490968A3
:10C330008031CE72A7725EE70C2500207CB50546E1
:10C34000C87A0C46000706D5684600950194E7F7C1
:10C35000E9FCFC2822D17420005DC00704D02146EE
:10C360002846FFF709FC04E0684600950194E7F7CA
:10C3700069FCFC2812D12146284601F07DF84528A9
:10C3800003D047280BD0FC2808D1E17AFD2009070B
:10C3900004D5684600950194E7F7C8FC7CBDFD20F4
:10C3A0007CBD000038B514C8D07F02280FD10848E2
:10C3B000D17B0068491E03690094CB40DB0701462E
:10C3C000DB0F90313C305432803300F072F938BDCD
:10C3D0000C25002038B514C8D17F0023032904D0D0
:10C3E0000C480229006804D00AE0AA209072EB20D1
:10C3F00038BDD17B0369491ECB40DB07DB0F80339F
:10C4000001463C3190306432009400F052F9002033
:10C4100038BD00000C2500201CB50446C07F042850
:10C4200006D0AA21022820D0012800D1A1721CBD6B
:10C4300001A8009010482346006822460146643354
:10C44000543290313C3000F00FFAB920A07201A8AC
:10C45000FEF79CFE0949E3F7BFFE20890A46010565
:10C46000090D0220FEF75EFE1CBDE07B1428DDD224
:10C47000A420A0721CBD00000C25002040420F002B
:10C4800010B50B4A016812688968927D4068C97BC3
:10C49000022A03D10A0701D4032010BD1823C27A4F
:10C4A000DB4319430A40C272E7F7FEFB10BD0000F0
:10C4B0000C25002010B5C17F012908D0042906D021
:10C4C000022907D0032901D101F03CFC10BDA521B0
:10C4D000817210BDC17B491CC173FFF77DFC10BD8B
:10C4E00038B514C80A48D17F00230068022906D154
:10C4F000D17B0369491ECB40DB07DB0F803301464C
:10C5000090313C306432009400F0D3F838BD000024
:10C510000C250020FEB50468416802918668C56854
:10C52000BA20287000203060E17F1F4804291ED007
:10C5300002291BD10068E77B01697A1ED140CB0735
:10C54000029900910146DB0F224654323C31903073
:10C55000803300F0AEF8214610222A310298E7F726
:10C56000B5F93060142F01D2B4202870FEBD01A9A6
:10C5700000910068234601462246643354323C3120
:10C58000903000F071F9B920287001A8FEF7FEFD87
:10C590000649E3F721FE20890A460105090D02201C
:10C5A000FEF7C0FDFEBD00000C25002040420F003C
:10C5B00010B5C17F012908D0042906D0022909D06D
:10C5C000032901D101F0BEFB10BD01460020FFF799
:10C5D0002FFD10BDC17B491CC173B521817210BDF7
:10C5E00070B50D46064601460620F5F7ADF9040084
:10C5F00005D000213046FBF7C1FB204670BD2889DD
:10C6000000F0C2FF02460021024B084600F08EFDFA
:10C61000F3E70000307500007FB50024009401941A
:10C62000029403940D786C462570497861701178F6
:10C63000A1705178E1701A466946F4F79DFC7FBD00
:10C6400008B50B4605A2014612680548009200682D
:10C650006A4620318030FFF7DFFF08BD010000008F
:10C66000042500201CB507A109680091034600219C
:10C6700005480191006801AA69469030FFF7CCFF98
:10C680001CBD000001000000042500207FB51646F7
:10C6900004461D46082202A8E7F710F90822314691
:10C6A0006846E7F70BF92A4669462046F4F764FC2A
:10C6B0007FBDF0B599B00E461C46174601460123D2
:10C6C000202268461E9D01F03EFD012320223146B6
:10C6D00008A801F038FD10A8047001231022394683
:10C6E00011A801F030FD15AB11AA4121684603F0F5
:10C6F00020F80123102215A9284601F024FD19B0C5
:10C70000F0BD0000FFB5A3B00F4605461C46382219
:10C7100025A16846309EEEF795FA0123202229468E
:10C720000EA801F010FD16AB2D4A20210EA803F033
:10C7300000F801A8012310223946013001F003FD61
:10C7400005A8012310220130259901F0FCFC08A85E
:10C75000447101230622801D2C9901F0F4FC08A8E5
:10C760002D990173012306220D302E9901F0EBFC67
:10C770001AAB16AA3521684602F0DBFF012310220E
:10C780001AA92F9801F0DFFC0121684601701EAB49
:10C7900016AA352102F0CDFF012310221EA9304632
:10C7A00001F0D1FC27B0F0BD0062746C65000000A0
:10C7B0000000000000000000000000000000000079
:10C7C0000000000000000000000000000000000069
:10C7D0000000000000000000000000010000000058
:10C7E000CD450610FFB599B00446012310226846D6
:10C7F000229F259E279D01F0A6FC0123102204A85C
:10C800001B9901F0A0FC0123102208A81C9901F03B
:10C810009AFC0123032239460CA801F094FC08A8D5
:10C820002399C174012306220DA8249901F08BFCE1
:10C8300008A88676012306221B30269901F083FC86
:10C8400001231022214615A801F07DFC11AB15AA89
:10C850004121684602F06DFF0123102211A92846EC
:10C8600001F071FC1DB0F0BDF0B59DB00D461E4647
:10C8700017460146012320226846229C01F063FCF2
:10C8800001232022294608A801F05DFC0123102283
:10C89000314610A801F057FC01231022394614A894
:10C8A00001F051FC18AB14AA5021684602F041FF78
:10C8B000012304221BA9204601F045FC1DB0F0BD58
:10C8C000F0B5054691B019A000680D9000200E90BB
:10C8D0001748144600680E4605AB0EAA0DA9903005
:10C8E000FFF79AFE05A80F906F461022002101A8BD
:10C8F000E6F7E8FF0822314601A8E6F7DFFF09AABC
:10C9000001A90F98F4F738FB022209A93846E6F787
:10C91000D5FF6846007829784840207068464078FE
:10C9200069784840607011B0F0BD0000030000005D
:10C930000425002010B586B0044601A8FFF792FE3A
:10C94000F4F78CF969468870000A4870F4F786F9A4
:10C9500069460870887840214006400E08436946C1
:10C96000887005AA01A800F080F8032205A92046D6
:10C97000E6F7A4FF03226946E01CE6F79FFF06B036
:10C9800010BD38B50B460446C11C6A46184600F077
:10C990006CF8032221466846E6F798FF002800D08D
:10C9A000412038BDFFB593B014460FAA0BA91398C8
:10C9B00000F076F81022002102A8E6F783FF002598
:10C9C00002AE06AF1DE0281D81B206AB10221498FE
:10C9D000FBF738F90020315C3A5C51403154401C7F
:10C9E000C0B21028F7D306AA02A91398F4F7C4FA24
:10C9F000102206A902A8E6F761FF1035103CADB27F
:10CA0000E4B2102CDFD827D01022002106A8E6F7C8
:10CA100059FF002C08D01020001BC3192D1DA9B2EE
:10CA200022461498FBF70EF980200F21091B785439
:10CA30000FAC0020395C225C5140325C51403154D3
:10CA4000401CC0B21028F5D302A9169A1398F4F727
:10CA500093FA002017B0F0BD2D1D0BACA9B206ABA8
:10CA600010221498FBF7EEF8E3E770B588B016468D
:10CA70000C460546102200216846E6F723FF0322F4
:10CA800021466846E6F71AFF04AA69462846F4F7E5
:10CA900073FA032204A93046E6F710FF08B070BD10
:10CAA000F0B589B00346002015460C460090019071
:10CAB0000290039004AA69461846F4F75DFA6846A6
:10CAC000C07F8727000600286E46214604A80DDA9D
:10CAD00000F025F8684607700020215C325C514068
:10CAE0002154401CC0B20F28F7D301E000F017F822
:10CAF000E07B2946000620460ED500F010F8684677
:10CB000007700020295C325C51402954401CC0B29F
:10CB10000F28F7D309B0F0BD00F001F8FAE730B5FF
:10CB2000027852000A7001221446835C85185B0665
:10CB30001B0E8B54203DED7F2D0601D523438B54D6
:10CB4000521CD2B20F2AF0D930BD000010B50F4CE4
:10CB5000FF220021206802F0FEF920680021817682
:10CB6000C17601224273072383731023C3730276B5
:10CB70000175016102738175C17519461C30F3F7A7
:10CB800097FF0020E7F78CF810BD00000C2500206F
:10CB90007CB508380E4EC4B230687C21C06F4C435F
:10CBA0000519288900230105090D0122022000F042
:10CBB00077FB0220694600950871684600F016FF71
:10CBC00030687C22C06F00210019E6F77BFE7CBD37
:10CBD0000C250020F8B507460D460026888800F091
:10CBE0002FF9040064D0012F02D0002F09D062E099
:10CBF000E88841285ED833482946006802F0C6F923
:10CC00005DE0A868007B06280BD0D52107280AD054
:10CC1000082819D0092819D00A281CD00B281ED0A2
:10CC200049E0D22006E0A07ADD2844D1A07F820727
:10CC300002D5D320A0723EE0400701D5A1723AE0B0
:10CC4000204600F05BFB36E0D420F3E7A07ADD2835
:10CC500031D1A07FF0E7A07ADD28F1D02BE0207B56
:10CC60008107890F012926D18843022108432073B7
:10CC700015483921006849014118897B4227C906B6
:10CC80000ED50121C902083040181622C06C0023BD
:10CC9000394601F03DFB010002D0384601F024FB8B
:10CCA000A07AF12807D1207B04210843207302E0F9
:10CCB000012F00D1012631462846FBF75FF80020FE
:10CCC000F8BD00000C2500200425002000B500055B
:10CCD000000D00F0B5F8002806D0017B0A07920F7E
:10CCE000022A03D0462000BD402000BD0C22114383
:10CCF0000173002000BD10B50C4600F0A1F800281B
:10CD000007D0817A002904D0007FA04201D30020FF
:10CD100010BD5F2010BD10B594B0044600F090F82F
:10CD200000281AD041786A46C907C90F801CFDF750
:10CD300007FC00280DD0204600F082F800280CD017
:10CD4000817AF12907D1807EC10704D0800702D5FE
:10CD5000002014B010BD5E20FBE74020F9E7000082
:10CD6000FFB59C46224B00241B6820490646A03391
:10CD700081B02746204609681D7B08E07C23CC6FE4
:10CD80004343E4182389002B0DD0401CC0B28542D8
:10CD9000F4D8854227D0002F25D003202070002A08
:10CDA00003D0012002E00127F3E700206070062293
:10CDB0006146A01CE6F782FD26811020A072204665
:10CDC0006030029901750B994175062216300A9957
:10CDD000E6F774FD2046042200210C30E6F772FDD0
:10CDE0000020C043606105B0F0BD00000C250020AC
:10CDF0000425002010B5412400F022F8002805D0B9
:10CE00006030017D8022114301750024204610BD51
:10CE100010B5002400F014F800280ED00089C104D9
:10CE200007D50124810401D5032402E0410400D583
:10CE30000524000401D408200443204610BD00004E
:10CE400070B500281BD003050F48002100680D4A6B
:10CE50001B0DA0301268047B0FE008467C2670434F
:10CE6000D56F0830285A0005000D984203D17C2266
:10CE70005143681870BD491CC9B28C42EDD80020DE
:10CE800070BD00000C250020042500201CB5FFF714
:10CE9000D7FF040016D0208900F076FB02460A4B2B
:10CEA0000021012000F042F920890005000D00F06A
:10CEB0008DFB0220694600940871684600F096FDDB
:10CEC000FE20A0721CBD000030750000F8B50746BA
:10CED0000E4600251046FFF7B3FF040071D0002E68
:10CEE0000BD120890121090308432081E17F022918
:10CEF0000DD003290BD0042909D020890105090D83
:10CF0000002E10D07420005DC00723D03DE0E17AF0
:10CF1000090702D50121890301E0012149030843E2
:10CF200001052081090DA07ABC2806D0AD2806D0C5
:10CF3000AE2806D0F12807D037E0BF2002E0AF20AE
:10CF400000E0F020A07230E0032F2ED100231A461B
:10CF5000422028E0A07AF12817D12648392100681C
:10CF600049014118897B422589060ED50121C90254
:10CF7000083040181722C06C0023294601F0C8F978
:10CF8000010002D0284601F0AFF900200125A0726F
:10CF9000032F0AD10522062E00D104222089002366
:10CFA0000105090D022000F07BF97420005DC00727
:10CFB00008D0207B810700D00125000900012073E3
:10CFC0000CE016E0A07BC10608D5EF210840A07355
:10CFD000010603D54006400EA07301E0002D08D0E5
:10CFE000208900F0D1FA0246034B0021012000F015
:10CFF0009DF8F8BD0425002030750000F0B585B01F
:10D000000E4607461C46154602A804A9FCF79AF8E6
:10D010006946097C02A80191009023462A463146C0
:10D020003846FFF79DFE05B0F0BDFFB585B015464B
:10D030000E461C46062202A80F9F0E99E6F73EFCFC
:10D0400002A8FBF742FE002806D0012069460874BA
:10D05000A80706D53B4605E002A804A9FCF772F82C
:10D06000F6E723466946097C02A8019100902A460A
:10D0700031460598FFF774FE09B0F0BD70B515464E
:10D080000E46FFF7DDFE040013D0607B012108434C
:10D090006073A07ABC280CD0E07A000709D420463F
:10D0A000082231462A30E6F709FC32342570280A76
:10D0B000607070BDF8B51B4EC00031680546803108
:10D0C0000A68083D515D40234906490E51553268B2
:10D0D00019438032126800245155851F124F1AE0FF
:10D0E000306880210958C26F20467C235843009045
:10D0F000801C101849190622E6F7E8FB002808D121
:10D100003068C16F00980818817AFB2901D110217D
:10D110008172641CE4B23868A030007BA042DFD882
:10D12000F8BD00000C250020042500207FB5002458
:10D13000002902D0012902D002E0082500E00025E4
:10D14000A9186A4611730293012809D000280AD150
:10D150001046F4F7D3F96846F4F784F9044602E080
:10D160001046F4F7CBF9204604B070BD70B5054603
:10D1700000F076FA002801D0462407E00448002495
:10D1800000680C2229460C30E6F798FB204670BD5B
:10D190000C25002030B50C4A002113680B4A126898
:10D1A000A032147B0AE07C224A43DD6F0832AA5A7F
:10D1B000002A01D0462030BD491CC9B28C42F2D8A9
:10D1C0001876002030BD00000C250020042500202A
:10D1D000F0B58BB00F46CE88FFF732FE050032D097
:10D1E00007A900F00FFA002802D05A200BB0F0BDBA
:10D1F000083EB1B26B460C223846FAF723FD68466A
:10D200000178407802026846807803046846C07856
:10D2100004061C43144368690C43411C01D0A0421E
:10D220000CD2F2B203AB394607A8FFF7BBFB0822CA
:10D2300005A901A8E6F74AFB002801D00520D5E79B
:10D2400000206C61D2E74020D0E7000070B50D46A9
:10D2500001230446C1061148006803D51822BF21E6
:10D260000C4008E0392149014118897B090701D4A4
:10D27000002070BD15222107890E08180121C9025E
:10D280004018C06C214601F043F8010004D08D80A5
:10D29000204601F029F8EBE7072070BD04250020A7
:10D2A000F8B51D460F4601230446C106124816462E
:10D2B000006803D51622BF210C4008E0392149013E
:10D2C0004118897B890701D40020F8BD132221076A
:10D2D000890E08180121C9024018C06C214601F0CE
:10D2E00017F8010006D08F808E71CD71204600F0B6
:10D2F000FBFFE9E70720F8BD0425002010B57421E5
:10D30000095CCA07417F07D0002902D0D021817271
:10D3100010BD00F043FA10BDC906FAD5817B8A061C
:10D32000F7D5042211438173E6F784FC10BD000099
:10D3300030B50446A17E0020A5B0CA0779D0890780
:10D3400077D55022002110A8E6F7BCFAFC2110A8DE
:10D350000170417860780622C007C00F014310A811
:10D360004170A11C3E30E6F7A9FA217F10A8C170D8
:10D37000607F404DC0066D4419D520464030827C08
:10D3800010A90A71C07C4871214611A808224A31AF
:10D390000230E6F793FA214610223A312846E6F7A2
:10D3A0008DFA10A948788021084310A94870E07AC6
:10D3B000010707D510A98870214610222A31284676
:10D3C000E6F77CFAA07F052108420BD02146022215
:10D3D000203121A8E6F772FA10A9487810210843F5
:10D3E00010A94870607F80060CD5214617A810222E
:10D3F00054310230E6F762FA10A948782021084338
:10D4000010A94870607F40060CD521461BA8102249
:10D4100064310230E6F752FA10A9487840210843F7
:10D4200010A948702089810404D510A948780221E8
:10D4300005E01DE0400405D510A948780421084303
:10D4400010A948702089000405D510A94878082142
:10D45000084310A9487020692290606923904022F7
:10D4600014A96846EDF7EEFB10AD0FCDFCF75CFF9D
:10D4700025B030BD4E0000007CB50C4681680546E5
:10D48000087B0026821F042A7BD8A27AD02A01D0EA
:10D4900047207CBD062808D0072809D008281DD0C1
:10D4A000092826D00A2852D06CE023463A331AE0E5
:10D4B0004A7B214640318A74A8682346807BC87421
:10D4C0004A33082207212846FAF7BCFB607F102167
:10D4D000084360774007800F47D053E0607F8007A4
:10D4E00050D523465433102205212846FAF7AAFBCB
:10D4F00048E0607F800745D500200090062301901A
:10D500001A4669462846FAF733FC00281BD0A8685B
:10D510000622407B6070A31C11462846FAF792FB56
:10D52000607801280BD1E0798009032807D0012316
:10D5300000220821204600F078F9064622E0607FAC
:10D54000202108436077607F40070ED51AE0607F96
:10D55000400717D523466433102205212846FAF7E1
:10D5600071FB607F4021084360777420005DC00735
:10D57000204603D000F012F904E002E000F096F833
:10D5800000E0452630467CBD30B502460D480068B7
:10D59000A030007B002A014612D00B4C130500205E
:10D5A0001B0D22680AE07C244443D56F08342C5BB1
:10D5B0002405240D9C4203D0401CC0B28142F2D805
:10D5C00030BD0000042500200C250020F8B50C4ECD
:10D5D0000546306801F0AAFC2F0504463F0D0CE01B
:10D5E000A0882568B84207D12146306801F0EBFCDD
:10D5F00001212046FAF7C2FB2C46002CF0D1F8BDE1
:10D600000C25002010B50B46417F490607D5014681
:10D61000102264311846E6F751F9002010BD412070
:10D6200010BD0000024610B50B4800240068407D84
:10D630001070002804D001280AD01F24204610BDF5
:10D6400008460649062209687831E6F737F9F5E712
:10D650000846FAF73FFFF1E70C25002004250020DB
:10D6600030B5104A002013680F4A01461268A032F4
:10D67000147B13E07C22DD6F4A43AA187425AD5C4D
:10D68000ED07957A06D0B02D06D3EAB2F02A03D87A
:10D69000012030BDA02DF8D2491CC9B28C42E9D876
:10D6A00030BD00000C25002004250020C17A0A07A7
:10D6B000817F03D4CA0701D0D12102E08A0702D5B5
:10D6C000D32181727047490701D5D521F9E774212B
:10D6D000095CC90704D0417F490701D0D021F0E798
:10D6E000F021EEE770B504460C4862780068D20776
:10D6F0008030406800254178D20F801C8A420AD1D0
:10D700000622A11CE6F7E2F8002804D1207E0121C0
:10D71000084320760D46284670BD00000C250020E9
:10D7200070B500241D461646002804D0FFF7DAFF26
:10D73000002802D003E0002901D042240BE0094870
:10D74000002E0AD0012E08D0022EF6D100688030BB
:10D75000406818302860204670BD006880304068FE
:10D760000830F7E70C25002070B51C461546002947
:10D7700008D1008920220105090D0020FAF7A2FA3C
:10D78000010009D00220C880886805738868447346
:10D790000620F4F7D9F870BD642070BD7CB504464E
:10D7A000008905052D0DFFF7EFFE0246174B0021FE
:10D7B0000120FFF7BBFC2046FFF7BAFDE07F002603
:10D7C000032807D1124828220068002180304068D1
:10D7D000E6F778F82046042200210C30E6F772F8CC
:10D7E00068460094067100F001F9F120A072002350
:10D7F0001A4629460220FFF753FD2089010404D56B
:10D800000105090D0220FFF721FD7CBD30750000E8
:10D810000C25002010B50A46897AFB2904D08068BF
:10D82000417B104600F016F810BDF8B51D461446B1
:10D830000E460B46074605222146FFF795FF044694
:10D84000642801D1012D03D13146384600F002F899
:10D850002046F8BD7CB504460D460089FFF794FECE
:10D860000246144B00210120FFF760FC20890005CF
:10D87000000DFFF7ABFE0220694600940871684670
:10D8800000F0B4F82046042200210C30E6F71AF824
:10D89000E07E2F210840E076204600F00DF8FB20C6
:10D8A000A072208902220105090D2B461046FFF7C0
:10D8B000F7FC7CBD30750000F8B500240646012752
:10D8C000344D0CE080300168E000801C081806220E
:10D8D000B11CE5F7FBFF002821D0641CE4B22868E6
:10D8E000417EA142EED8417E03293FD0491C4176BA
:10D8F0002868E70080300168B81C08180622B11CAF
:10D90000E5F7DCFF2968802080310968641C224B20
:10D91000C855E2B201210020FFF708FCF8BD2868D5
:10D92000E100803002688023505C184350542A681C
:10D9300080321268830705D5184EC30712D13843C9
:10D9400050540FE0C3070AD00223184350542A68EA
:10D9500040088032126840005054114E02E03843B3
:10D96000104E5054641CE2B23346D3E7002480309A
:10D970000068E100415C4906BAD4641CE4B2032C9F
:10D98000F7D3012100243A4633460846FFF7CEFB81
:10D99000AEE700000C25002088130000580F02009D
:10D9A000C8AF0000983A000070B50F4D064600243D
:10D9B0002868062280300168E000801C0818314683
:10D9C000E5F784FF002805D0641CE4B2032CEFD3F4
:10D9D000412070BD2868E10080300068405C00068E
:10D9E000F6D5002070BD00000C25002010B50168A0
:10D9F0006031097DCA070168897A0DD0B02908D342
:10DA0000F02906D806490A68917E8B0701D0491E85
:10DA10009176E6F751F910BDA029F1D2F9E700009F
:10DA20000C25002070B50546008920220105090D4E
:10DA30000020FAF747F9040018D01120E080A06810
:10DA40000D2101730D481022036805212046E033A3
:10DA5000FAF7E8F97420405DC00709D0BC262946D2
:10DA60002046FEF7BDFD002804D004E0642070BD10
:10DA7000AB26F4E7AE72002070BD00000C2500203C
:10DA8000F7B594B00D46002708A90F7204460F732E
:10DA90001022394606A8E5F715FFE07F444E02281C
:10DAA00009D13068694600690876020A4A76020C94
:10DAB0008A76000EC876012D0ED03068627E01464F
:10DAC00080314A72227E9207D20F8A720A7ACA7213
:10DAD000E17F032919D01EE03068017E8030417259
:10DAE000217EC907C90F8172E07F032813D1204628
:10DAF000FFF7F8FD00280ED00EAB012200212046D2
:10DB0000FFF70EFE10220E9902E0102201461C3192
:10DB100006A8E5F7D3FE7420025D21462046D30710
:10DB200054316430002B02D0002D0AD001E0012DC9
:10DB300007D0D3072B4307D0D30710D0012D03D034
:10DB40000DE00D910C9001E00C910D90012D08D08D
:10DB5000D00728430BD0D00701D0002D07D047278E
:10DB600022E011A80BAB0FAA0AA9009004E00FA8AD
:10DB70000AAB11AA0BA90090204600F01BF808AAD6
:10DB8000107B0FAA169B029211A903AC0BC430683C
:10DB900008AA127A014689310192009106ABD03071
:10DBA0000C9A0D99FEF71EFE384617B0F0BD000026
:10DBB0000C25002070B504466030407D049E1D4653
:10DBC000087013462146062276311846E5F776FEA0
:10DBD00060780622C007C00F2870A11C3046E5F708
:10DBE0006DFE70BD10B5124C2022216808463C30F5
:10DBF0009031E5F76BFE002803D100F09BF8002878
:10DC000009D020689022817E114202D18906890FB5
:10DC100003D0382010BD1F2010BD9030F3F7B2F9AB
:10DC20000028F9D1216810238A7E1A438A7610BD14
:10DC30000C25002010B50A4C2068807E41060DD5C9
:10DC4000902108420AD1F3F7E9F9002806D12168AA
:10DC5000BF22887E104080221043887610BD0000CD
:10DC60000C25002030B50446C07A0025000710D5E9
:10DC7000208900F03FF8002801D0082509E0E07A6B
:10DC800001210843E072044804220068817E1143A8
:10DC90008176284630BD00000C25002010B50648CE
:10DCA000F9230068DB0020220249C018E5F706FED0
:10DCB00010BD00001D4606100425002010B50128E7
:10DCC00013D10A4C08222068817E114381762022DC
:10DCD00007493C30E5F7F2FD054920682022203154
:10DCE0005C30E5F7EBFDFFF7D9FF10BD0C250020F8
:10DCF000DD45061070B50D4A054613680C4A002034
:10DD000012680146A032147B0DE07C22DE6F4A438C
:10DD1000B218D67AF60704D01289AA4201D001209F
:10DD200070BD491CC9B28C42EFD870BD0C250020D3
:10DD30000425002002480068807E0007C00F70475D
:10DD40000C25002070B588B004460025FFF7CAFCFA
:10DD50001E4E012823D105AB012200212046FFF7EA
:10DD6000DFFC06AB022200212046FFF7D9FC01A808
:10DD70000090316800239031059A0846FEF799FC1F
:10DD8000102201A90698E5F7A1FD002807D004217B
:10DD9000012300222046FFF748FD054610E0207EC3
:10DDA000C10707D0800705D43068102200211C303D
:10DDB000E5F788FD7420005DC00704D0B620A0728E
:10DDC000284608B070BDA920F9E700000C25002006
:10DDD00070B51E4E0D463368997E090601D53A246A
:10DDE00032E0402205219033F9F72CFFFFF7FAFECD
:10DDF000040004D0122C1CD01F2C1ED024E0E87A82
:10DE0000C0210843E8723068114920229030E5F7BC
:10DE10005DFD002818D10E49306820312022B03035
:10DE2000E5F754FD00280FD1E87A04210843E87291
:10DE30000AE0012300220B2102E001230022082135
:10DE40002846FFF7F2FC0024204670BD0C25002078
:10DE5000DD45061070B50646008941250105090D0E
:10DE600020220020F9F72EFF040025D000214522B2
:10DE7000A068F9F7A1FF05001ED14120E080A0684D
:10DE80000C2101730D4840220368052120463C33D4
:10DE9000F9F7C8FF31462046FEF7A2FB05000BD17B
:10DEA000F07A20210843F072FFF744FF002803D0E6
:10DEB000F07A04210843F072284670BD0C2500203A
:10DEC00030B589B00C466B4610220521F9F7BAFE31
:10DED00004AA00212046FFF7D3FD050006D1102239
:10DEE00004A96846E5F7F2FC002806D001230022C9
:10DEF0000B212046FFF799FC17E07420005DC00756
:10DF000003D02046FFF78EFD10E0207F10210A1A73
:10DF100021462A3140180021E5F7D4FCA07B0221DC
:10DF20000843A0732046E5F785FE0546284609B05C
:10DF300030BD0000F0B5274D0446296800208A7ED8
:10DF400093B09206920F032A38D1202207A8D0312D
:10DF5000E5F7B4FC2868CF22817E26461140817601
:10DF60006036307D11AFC0072AD00FA805AB3A4606
:10DF700006A900902046FFF71DFE6A462968127E1A
:10DF80002046D0312A30039104900FA86B4685C3F8
:10DF90006A46137D224621466432543107A8FEF7B3
:10DFA000B1FB2A6801212046E032FFF769FD002815
:10DFB00004D1317DC90708D0BB21A17213B0F0BDD7
:10DFC00006AB0FAA05A90097D4E72046FFF72AFD64
:10DFD000F4E700000C25002004480068817E0A0652
:10DFE00002D4402211438176704700000C250020A6
:10DFF00070B504680579E07A00072FD52089FFF70E
:10E0000079FEE17A49084900E172154C002804D1F3
:10E010002168FB238A7E1A408A762168002D05D06C
:10E02000CA7E1032CA76002804D007E0C87E401CA1
:10E03000C87603E0887ECF221040887620680321CE
:10E04000C07E05090007000FE2F7C6F84019032853
:10E0500004D3FFF7C1FF21680020C87670BD00001F
:10E060000C25002070B5054600242046FFF742FE2F
:10E07000002801D0462404E0012D02D10120E5F75B
:10E080000FFE204670BD000070B51A4C0278236860
:10E09000411C987EC00626D5002A05D016480021CE
:10E0A0000068A030027B21E018462022D030E5F73E
:10E0B00005FC20682022817E114313E07C20DD6F67
:10E0C0004843281810D00589002D0DD0C57A2D069B
:10E0D0000AD5012300220B21FFF7A7FB2068CF22DE
:10E0E000817E1140817670BD491CC9B28A42E5D853
:10E0F00070BD00000C2500200425002070B50D4DDA
:10E100000178441C2868827E5206520E82760029CD
:10E1100002D0FFF761FF70BDFFF70CFE002802D0B0
:10E12000FFF7BCFD70BD2868402221463C30E5F772
:10E13000C5FB70BD0C250020002101E000BF491C7B
:10E140008142FBD3704770B5002407E00D5D002BC2
:10E1500007D0161B3618203EF577641C9442F5D381
:10E1600070BD0555F9E730B504460120002306E0EF
:10E17000D55CA54201D0002030BD5B1CDBB28B42D8
:10E18000F6D330BDFEB572B63F4D08232868014670
:10E190004030C2791A43C27162B6002001276C4632
:10E1A000FF0282005218D219D26C52884300401CE0
:10E1B000C0B2E2520328F4D372B6C8190021866BAC
:10E1C000816362B6F00702D00020E3F75FFDB0077D
:10E1D00002D50120E3F75AFD700702D50220E3F7CC
:10E1E00055FD300702D50320E3F750FD002623E05C
:10E1F0000D281AD2211D254A80001258204690472A
:10E20000002812D072B62868F7224030C179114038
:10E21000C17162B630E03A2807D21C49231D800044
:10E22000E8390A581946204690470298296840184C
:10E23000C019C06C2188018071006846415AB00045
:10E2400002902A688018C019C06C02889208920057
:10E250001418028808348A420ED0A27891070BD095
:10E260009107890F012901D104460834A07880085C
:10E27000C006E078CFD5BBE7761CF6B2032EDBD321
:10E28000F2F732FDFEBD00000425002028470610ED
:10E2900070B5F2F743FD114D01242868E40200191E
:10E2A000006C402100F0B7FC29680919C864486C6B
:10E2B000402100F0B0FC296809190865886CFF212D
:10E2C000813100F0A8FC2B68082219194865044820
:10E2D00000211818E5F7F6FA70BD000004250020AB
:10E2E00038080000704700000A46400608D5D0787C
:10E2F0003A280AD2111D054B80001B5810461847BA
:10E30000907880088000801C887070474046061016
:10E31000FFB5044600262C4F83B09C460D460806E8
:10E3200016D572B601AB6A466146204600F03DFC48
:10E3300000280BD068468188009882789208920065
:10E34000827001806180012662B615E062B621E02C
:10E3500001AB6A466146204600F027FC002819D030
:10E36000680609D4684681880098827892089200ED
:10E3700082700180618001260098AA008178402384
:10E380008907890F1A40114381700599C170002EC9
:10E390000ED115E00020009072B6A8060FD401201F
:10E3A0003968C0020818816B08221143816362B684
:10E3B00072B63868F7224030C1791140C17162B637
:10E3C000009807B0F0BD0000042500207047000051
:10E3D00010B507483922006852018018007C4007B8
:10E3E00004D5084649880088E3F76EFD10BD00009B
:10E3F0000425002010B50648392200685201801813
:10E40000407CC00602D50888E3F7A6FD10BD0000D9
:10E410000425002010B507483922006852018018F1
:10E42000007CC00605D50A4610888978121DE3F7DE
:10E430005BFD10BD0425002010B508483922006896
:10E4400052018018007C000706D50B46CA78188850
:10E4500089781B1DE3F740FD10BD00000425002056
:10E4600008B509483922006852018018407C00072D
:10E4700008D50846C91D00918379828841880088A3
:10E48000E3F762FD08BD00000425002010B5074831
:10E490003922006852018018007C000605D50A4622
:10E4A00010888978D21CE3F737FD10BD04250020C1
:10E4B00010B508483922006852018018407C800756
:10E4C00006D50B46CA78188889781B1DE3F734FDFA
:10E4D00010BD00000425002010B50848392200684E
:10E4E00052018018007C800606D50B46CA78188831
:10E4F00089781B1DE3F700FD10BD000004250020F6
:10E5000010B507483922006852018018407CC007C6
:10E5100005D00A4610888978D21CE3F705FD10BDA6
:10E520000425002010B507483922006852018018E0
:10E53000007C400605D50A4610888978D21CE3F78E
:10E54000E3FC10BD0425002010B5074839220068FF
:10E5500052018018407C400705D50A46108889780A
:10E56000D21CFFF7BFFE10BD0425002010B50648E1
:10E570003922006852018018C07B000702D5088844
:10E58000E3F77CFC10BD00000425002010B5064810
:10E590003922006852018018807B000702D5088864
:10E5A000E3F744FC10BD00000425002010B5054829
:10E5B0003921006849014018807B800601D5E3F7C6
:10E5C00045FC10BD0425002010B50648392200681E
:10E5D00052018018807B400603D50878491CFFF75C
:10E5E000F5FE10BD0425002010B50748392200684B
:10E5F00052018018C07B400604D5084689780088FF
:10E60000E3F752FC10BD00000425002010B50548BA
:10E610003921006849014018807BC00701D0E3F729
:10E62000F5FB10BD0425002010B50748392200680D
:10E6300052018018C07B800604D5084649680088CE
:10E64000E3F724FC10BD00000425002010B50748A6
:10E650003922006852018018807B800705D5084662
:10E66000CA7889780088E3F745FA10BD04250020B0
:10E6700010B506483922006852018018807B400797
:10E6800002D50888E3F7CAFB10BD0000042500206E
:10E6900010B508483922006852018018807B0006B6
:10E6A00006D50B468A7818784978DB1CE3F7DEFB41
:10E6B00010BD00000425002010B505483921006870
:10E6C00049014018807BC00601D5E3F7B7FB10BDB8
:10E6D0000425002008B50948392200685201801835
:10E6E000007CC00708D0084608310091C3888288A2
:10E6F00041880088E3F74AFA08BD0000042500209D
:10E7000010B508483922006852018018807C8007C3
:10E7100006D50B460A79188849885B1DE3F744FC47
:10E7200010BD00000425002010B5084839220068FB
:10E7300052018018407C000606D508468B798A88ED
:10E7400089780088E3F728FC10BD0000042500202C
:10E7500010B508483922006852018018407C8006B4
:10E7600006D50B460A79188849885B1DE3F7FCFB40
:10E7700010BD00000425002010B5084839220068AB
:10E7800052018018407C400606D50B460A7918884D
:10E7900049885B1DE3F7F0FB10BD00000425002055
:10E7A00008B50846C91D0091837982884188008890
:10E7B000E3F722FC08BD000010B5074839220068C5
:10E7C00052018018807CC00704D0084689780088F0
:10E7D000E3F7DAFB10BD00000425002010B5064861
:10E7E0003922006852018018007C800702D5088811
:10E7F000E3F762FB10BD00000425002010B50A46B7
:10E8000010888978121DE3F7DFFB10BD10B50846AC
:10E810008A8849880088E3F70FFA10BD10B5088888
:10E82000E3F7E2FB10BD10B5084649880088E3F71E
:10E83000D3FB10BD10B50B460A79188849885B1DBB
:10E84000E3F7BAFB10BD10B50A4610784978921C60
:10E85000E3F702FC10BD000010B50848392200683B
:10E8600052018018407EC00706D00A46002010568C
:10E870004978921CE3F7E8FB10BD00000425002056
:10E8800008B508460021009182888178008800231D
:10E89000E3F7D2FB08BD00000EB50B483922006833
:10E8A00052018018C07BC0070CD008468B894A896A
:10E8B0000989029301920091C38882888178008837
:10E8C000E3F7B2FB0EBD00000425002010B5074899
:10E8D0003922006852018018C07B800704D50846A1
:10E8E00049880088E3F790FB10BD00000425002054
:10E8F00010B507483922006852018018C07B4007D4
:10E9000004D5088800221146E3F786FB10BD0000FD
:10E91000042500207047000010B507480722006852
:10E9200012028018807FC00605D508460A794988FA
:10E930000078E2F743FF10BD0425002010B507481A
:10E940000722006812028018807F000605D508465D
:10E950000A7949880078E3F7A3F910BD042500205F
:10E9600010B507483922006852018018C0780006A7
:10E9700004D5084649880078E3F7C0F910BD0000C7
:10E980000425002010B507480268392040011018FE
:10E990004279920605D58079800702D50120E3F7F8
:10E9A000BDF910BD04250020084610B50E4986B0FB
:10E9B0000A683921490151184A79920611D5897995
:10E9C000C9070ED0847C038AC2898189049401AC72
:10E9D0000EC4811D00914379027941880078E2F7E5
:10E9E00017FF06B010BD00000425002008B50A4836
:10E9F0000268392040011018427992060BD58079BF
:10EA0000400708D5084609890091C3888288418853
:10EA10000078E3F78BF908BD0425002008B50A4803
:10EA20000268392040011018427992060BD580798E
:10EA3000400608D5084609890091C3888288418824
:10EA40000088E3F7C3F908BD0425002010B5074886
:10EA500002683920400110184279920605D5C07924
:10EA6000400702D50120E3F7C9F910BD04250020B5
:10EA7000084610B5104988B00A6839214901511873
:10EA80004A79920616D5C979890713D5847F838B75
:10EA9000428B018B069403AC0EC4014612318A1FCF
:10EAA000831D009301920291437902794188007895
:10EAB000E2F74EFF08B010BD0425002010B508484D
:10EAC00002683920400110184279920606D5C079B3
:10EAD000C00703D00878491CE3F788F910BD00008F
:10EAE0000425002010B5084802683920400110189C
:10EAF0004279920607D58079C00604D54A890888EC
:10EB0000891CE3F75BF910BD0425002010B5084807
:10EB100002683920400110184279920606D58079A2
:10EB2000000603D50878491CE3F758F910BD00002A
:10EB30000425002010B5094802683920400110184A
:10EB40004279920608D58079000705D50A461078E3
:10EB50004988121DE3F72AF910BD000004250020A2
:10EB600010B50120E3F7C2F810BD000008B5084851
:10EB70000722006812028018C07F000707D5C888E6
:10EB800000908B888A7809880020E3F7A7F808BDF1
:10EB90000425002008B50846891D00918388C278A5
:10EBA00081780088E3F7B2F808BDF0B54488491CC5
:10EBB000A4B2E5B2A40809B21C808EB287883619C7
:10EBC000BE4204D9A6B2891B6D1C09B2EDB2A400E5
:10EBD0002418083414601C88AD076418A400AD0F15
:10EBE0002C43A4B21C800388E31A9C07A40F012CB9
:10EBF00002D803D1002B01DD00230AE00123002904
:10EC000007DA11688C78A408A400641C8C700830A2
:10EC100010601846F0BD002202804280818070475B
:10EC200070B5C57804460E462846F2F724FE3146F4
:10EC30002846EFF7F3F80020E070A078BF210840E5
:10EC4000A070452070BD10B50446C078F2F713FEE1
:10EC50000120E070A078BF210840A070452010BDC1
:10EC600010B50446C078F2F706FE0220E070A078E6
:10EC7000BF210840A070452010BD10B50446C078E3
:10EC8000EFF7CCF8002806D00520E070A078BF216F
:10EC90000840A070452010BD70B5C57804460E46EA
:10ECA0002846F2F7E8FD31462846EFF7B7F803208B
:10ECB000E070A078BF210840A070452070BD0621FB
:10ECC000C1708178BF22114081704520704710B516
:10ECD0000446C078EFF7A2F8002806D00A20E070BA
:10ECE000A078BF210840A070452010BD70B5C57840
:10ECF00004460E462846F2F7BEFD31462846EFF799
:10ED00008DF80920E070A078BF210840A070452050
:10ED100070BD10B504460846E4F7D8FF0820E0703F
:10ED2000A078BF210840A070452010BD10B5C07864
:10ED3000F2F7A1FD002010BD10B504460846E4F727
:10ED4000C1FF0720E070A078BF210840A0704520D7
:10ED500010BD00000648002102684B204001101839
:10ED60000170417003218170C17000207047000064
:10ED70000425002070B50D4D044601232868D902F2
:10ED8000401890261A46C06C3146FFF7C1FA0100C0
:10ED900003D030464C60FFF7A7FA4B2029684001AA
:10EDA00009180878401C087070BD00000425002078
:10EDB00010B5044600202082A074A168A1616161A1
:10EDC00020602046FAF7FCFA452801D0412010BD0A
:10EDD000A0880321F8F7BAFB0446F8F739FC0028AD
:10EDE00013D072B60A48012201684920400109186F
:10EDF000487EA2401043487662B60020FBF79CF89C
:10EE0000002802D0002000F017F9002010BD0000FB
:10EE10000425002070B5C17C0E4D4906490EC17411
:10EE2000044601232868D902401890260022C06CAD
:10EE30003146FFF76DFA010003D030464C60FFF712
:10EE400053FA4B202968400109184878401C487043
:10EE500070BD00000425002010B5C2780D4C086874
:10EE60002168A0310979C90705D0F2F721F90028F6
:10EE700006D0432010BD01461046F2F7EDFCF6E740
:10EE800072B64B212268490152181178491E11703F
:10EE900062B610BD0425002070B503464322DC781D
:10EEA0000026086810E005680660C17CC90702D02A
:10EEB000F2F734F903E001462046F2F7CDFC0200F8
:10EEC00001D043220EE028460028ECD1002A09D1C7
:10EED00072B6054801684B20400109184878401E69
:10EEE000487062B6104670BD0425002006480168CF
:10EEF0004B204001081801788078814201D9012017
:10EF00007047002070470000042500200648016873
:10EF10004B20400108184178C078814201D9012076
:10EF200070470020704700000425002000687047EB
:10EF300010B50446007AFF280BD00846F8F7BCFE4F
:10EF4000E17A627A89184018217A884201D9012031
:10EF500010BD002010BD00230360436041720272A7
:10EF6000C3728372704710B5044600680860206859
:10EF7000002800D1616008462160F8F79DFEE17A23
:10EF80004018E072A07A401CA07210BD10B5044673
:10EF900000200860206800280CD0606801600846E6
:10EFA0006160F8F789FEE17A4018E072A07A401CAF
:10EFB000A07210BD2160F2E70068002801D0002097
:10EFC00070470120704710B504460068884209D197
:10EFD0000268226000220260206800280BD1626073
:10EFE00009E0104602688A42FBD10A680260626842
:10EFF0008A4200D160600846F8F75EFEE17A081A9E
:10F00000E072A07A401EA07210BD10B504460068E0
:10F0100008602068026822600022026020680028E0
:10F0200000D162600868F8F747FEE17A081AE072DA
:10F03000A07A401EA07210BDF1B5FD4FFD223868C8
:10F04000D2000146851896B068301290092000025F
:10F050000818806E0F90F7480E180920C006006946
:10F060000990002014900824F348FAF7CBFD029091
:10F070000020139072B63868F7214030C2790A40F8
:10F08000C271129801210171129801684A07520F4A
:10F090004271C9081298C900016062B6169800282A
:10F0A00001D009980EE06420FAF7ACFD01460998FA
:10F0B0000918E248427ADE480068806A1018081889
:10F0C0000002000AF7F7BCFF686B05903A20405D2C
:10F0D0000D90082841D2012014900D9860214843DA
:10F0E0000F9940180390D648876AD448407AC000E8
:10F0F000FAF7EAFD01460398403002885202891867
:10F10000CD4A524289188F4200D239467165B821E2
:10F1100089590B794A79897912021A438907890B2F
:10F120001143028B408BFF311018C3314018FAF79E
:10F13000FFFE07465F200001FAF764FDB84204D9DC
:10F140005F200001FAF75EFD00E0384605990918D6
:10F15000BA48407AC00008181390706DFAF752FD53
:10F16000059940180190002007460390287D00284B
:10F1700009D10D98082806D3B0490020088009213C
:10F18000C906486060E168680790686C0490296867
:10F190000998401A00020412A84800884007400F4E
:10F1A000F8F756FA002801D0002007E0002CFBDB1E
:10F1B0002046FAF789FD0499884200DA049001207C
:10F1C00080070824099000200B90297D3AE00D9AD1
:10F1D000904234D0964A12682032927D1207120F64
:10F1E00082422CD0EB6A420010930C929F5A0097F7
:10F1F0006B6A9A5A079B92017B43D318049A9C46E8
:10F20000934212DACA0710D02A6B0C9B079FD25A7E
:10F21000521C93B21A467A43009F9444FA1892B251
:10F2200013460092109F0C9ABB52099A634694456C
:10F2300005D2CA0703D0009A099304460B924908E5
:10F24000401CC0B20029C2D10998FAF7DBFC29683A
:10F250004718A86A6100405A8001FAF7D3FCC01928
:10F2600003907648407A5822C10071480068125CC9
:10F27000002A744A126939D0BB1A029A52009B1AAA
:10F2800038E0002001E0806A4018181A0002000AE5
:10F2900001460A900120C005814209D3082C7DD087
:10F2A0002046F9F725FB64490998401804906864E2
:10F2B00001210A98C905884281D2082C6ED00B988A
:10F2C000002835D0079948430490FAF79BFC296839
:10F2D00040180002000A2860696C0498081A6864E3
:10F2E00009990498081A002109901BE0029BBA1A98
:10F2F0005B08D31A169A002AC5D0C2E7EA6A48000A
:10F3000007909446105A0B9A801A04E02B6B079AC8
:10F31000401C9A5A10180028F8DB079B6246491CCB
:10F32000D052C9B242480068A030007B8842E5D87C
:10F330000D9808286CD20598C01B01020120090A0B
:10F34000C005814223D30298391A1398081A020281
:10F350000120120AC005824201D313980FE0019ADE
:10F36000891A0902090A814201D2019808E00120A4
:10F370004002FAF747FC02994900791A081A0190ED
:10F380000599401A0002000AFAF79EFC706502997E
:10F3900001984018C01B0102090A00E054E0012056
:10F3A000C005814254D202994A0003995218059926
:10F3B000511A0902090A81422AD20D986021484354
:10F3C0000F994218602060434018C17BD37B99425B
:10F3D00001D3102100E00021C90615D48179CA07A4
:10F3E00004D07221895B0289891A05E0890707D553
:10F3F00076218A5B0189511A491E0904090C07D03C
:10F400004079000604D423E05079902108421FD1AE
:10F41000082C21D0084909984018686460200F9989
:10F420006043401880784007400F01284BD013E01C
:10F43000042500205808000066020000C0000020DB
:10F44000E0020020000000481498002804D003D0F7
:10F45000059F0D9C01980390039839020002000A51
:10F460000390090A012000918002FAF7CBFB029079
:10F4700001204002FAF7C6FB074600990398401A9C
:10F4800000020012002809DD0299000A884200D912
:10F4900001460291B84200D838460746082C7DD074
:10F4A000804800884007400FA0424FD060200F994D
:10F4B00060434018079080784007400F052812D01D
:10F4C000022810D042E03146803103208A68400291
:10F4D0008242C1D0C9688142BED0F1F7BFFB40056E
:10F4E000400DC719B8E70798A101006A04906D485C
:10F4F0000818818B079880B2814227D00498002891
:10F5000024D004990798F2F787FD674904980A68A0
:10F51000007C09210902C0065118C00E496F801CE9
:10F5200040180490079801692120800101420DD004
:10F53000E4F7B0FB01283BD01F200499497808422A
:10F5400004D0049840780499001D487056485549E5
:10F550000068203084744820204308803046803082
:10F56000436B997ACA06D20E61010A439A72826B82
:10F57000907AC006C00E084390720098306501F082
:10F58000A3FC012816D0484846490068497A203033
:10F59000007D401A316DC000081800E03AE000021A
:10F5A0000121000A490641180920C00641600EE009
:10F5B000FF20C2E70121306D090641180920C0066D
:10F5C0004160394800682030017D36484172082C7E
:10F5D00024D2602044430F98241872B61298A17860
:10F5E00000684907C008C000490F08432F49084078
:10F5F0000099C90008431299086062B6A0784007D4
:10F60000400F03280FD0E4F745FB01280FD00398E3
:10F61000C01B19E000200921C906486021490020CB
:10F62000088017B0F0BD02990398401A0CE04034EE
:10F63000208B618B4018FF30C330FAF779FC87428A
:10F6400000D938460399081A0002000AE863A88B1B
:10F650008001FAF7D7FA2968002644181448FAF707
:10F66000D1FA201A0002000A28640F4C2E84206868
:10F670004030407E002807D0FAF7B4F820684030C8
:10F68000417E49084900417620684030407E00288C
:10F69000C7D0FAF7D1F820684030417EFD221140F2
:10F6A0004176BEE7C000002004250020070000F8D6
:10F6B00035020000F0B50F46B5B01546002130AA5E
:10F6C0000F23445C5E1A491C94551029F9DB102263
:10F6D000694630A802F006FA0026B400E019401C82
:10F6E000E8F73BFF395D000208430321891B8900CD
:10F6F0002CAC761C6050042EEFDB214610236A46AA
:10F70000084602F0B9F800200326311A8900635C2C
:10F710008200AB54635A52191B0A53706358401C41
:10F720001B0C93706158090ED1700428EDDB35B0C5
:10F73000F0BD70B5BAB0054600200C460090202000
:10F740006946087210200A9038901E46039201A85C
:10F7500002F078F82246294601A801F0FBFE6A462D
:10F76000314601A802F038F83AB070BD7FB50546C1
:10F770009868012202739A681C46517398680222A5
:10F7800002A90E30E4F79AF8A16805200D74E08014
:10F790007FBD70B5064608881D460C46001D81B227
:10F7A000134602223046F8F73DFB21882B46891C80
:10F7B0002180091D89B202223046F8F733FB2088E8
:10F7C000801C208070BDFEB500240E4627460568CB
:10F7D00045E028680290A968022230460D31E4F71E
:10F7E0006DF83088B84209D087B23846EFF776FF17
:10F7F000014601AA3846F0F703FE019CA9680222DF
:10F8000068460F31E4F75AF8E888401F81B2222099
:10F81000005D002806D001280BD0002811D0012857
:10F8200014D01BE0E08B6A461288401E904206D33B
:10F8300007E0208C6A461288401E904206D20720BC
:10F84000FEBD684600880818E18B03E06846008822
:10F850000818218C884201D90D20FEBD029D002D83
:10F86000B7D100203080FEBDF8B516460D460746DC
:10F870000024FDF7E5FA002806D03246294638462E
:10F8800000F030F8044604E020356879002802D002
:10F890000E242046F8BD2879C10701D1012E09D0D8
:10F8A000810701D4022E03D04007F2D4042EF0D1F8
:10F8B0000324EEE70224ECE770B515460646FFF791
:10F8C000D3FF0446082D0BD1052C09D13046FDF796
:10F8D000B7FA002804D000894004800F00D000242B
:10F8E000204670BD70B515460C460646FDF790FAE9
:10F8F00020346179012D09D00A0702D54207920F01
:10F900000FD0CA0625D5020709D522E0CA0702D0C2
:10F910004207920F05D08A0705D5020703D40820B5
:10F9200070BD052070BD490707D5C00709D0E17932
:10F930003046FDF7E0F95F2805D02079C00704D0F4
:10F9400005E00F2070BD0C2070BD022070BD0020AE
:10F9500070BD890607D5C007F3D0E1793046FDF7C1
:10F96000CAF95F28EFD02079810701D4022D07D092
:10F97000410701D4042D03D00007E8D4082DE6D1B7
:10F98000032070BDFEB50646294814460068294A82
:10F990008518C888032806D02346002202210420A7
:10F9A000FFF7E4FE42E08968022268460D31E3F782
:10F9B00085FF326990052ED468460188172903D344
:10F9C0005C20405B172801D2172002E0814200D260
:10F9D00008467080012040020243022032610190FB
:10F9E000134839210068490141183788097C768815
:10F9F000012349070FD5D902083040182422C06CD2
:10FA00000221FEF785FC002805D08780C6800146CC
:10FA10000198FEF769FCA06803260673A0682946D2
:10FA200002225C310D30E3F749FFE6800020FEBD85
:10FA30000425002064070000F7B590B000206A4656
:10FA40000D9090826A4A6B4B12680446D218CB889C
:10FA5000022B08D0002218210420129BFFF786FEFB
:10FA6000002013B0F0BD8B6800205E7B0A900B90E5
:10FA7000888830320192099000270198FFF756FAE2
:10FA8000054620E028680890A9880998814219D184
:10FA9000A968022207A80D31E3F710FF002F01D15A
:10FAA0006846878B6846808B87420BD12946019830
:10FAB000FFF789FA002028600A98002811D00B98D7
:10FAC00005600B95089D002DDCD1002FD4D1129834
:10FAD00019218068017301211298012EC18002D082
:10FAE00081E00A95EDE702A90AA8FFF76CFE00285D
:10FAF00079D069460A891821129BFFF737FE002644
:10FB000071E081680546022202A80D31E3F7D6FEB6
:10FB1000012E66D168460089EFF7E0FD0146684690
:10FB20000EAA0089F0F76CFC0E9C10992046EFF7A6
:10FB300017F90D9055E02F68012E3FD1002F06D008
:10FB4000B968022205A80D31E3F7B8FE02E00020F3
:10FB500069468882A968022204A80F31E3F7AEFE45
:10FB6000E8880D99401F80B20090208CA26948431C
:10FB700069461018098A009A431809212846F8F79F
:10FB800061F82220005D012804D16846018A0098AE
:10FB90000818E08368460189808A81420ED0208C53
:10FBA0000D99A26948431018002101900091109806
:10FBB000E38B0188A28B022001F05EF80A990868A5
:10FBC0000A90002008600A99002900D10B900121B9
:10FBD0002846F8F7D3F869460889898A884202D10D
:10FBE0003D46002DA7D10A9800288AD139E70000A8
:10FBF0000425002064070000F7B578480F46006828
:10FC0000774988B04418F888072804D200220621D2
:10FC100004200A9B2AE0B968022268460D31E3F706
:10FC20004DFEB968022201A80F31E3F747FEB9681B
:10FC3000022204A81131E3F741FEF888C01F80B208
:10FC4000039068460288808882420CD8002A0AD035
:10FC50000898002142880A9800F0BAF9002808D0D4
:10FC600045200BB0F0BD062101200A9BFFF77EFD69
:10FC7000ABE00A98072180680834017301216846C7
:10FC8000018105940088EFF729FD05007CD086E00E
:10FC90006846008A0522D202904202D0521C90424D
:10FCA00026D168460088814278D329460B22083144
:10FCB0003846039BF8F75CF869466A8D098A8A42E0
:10FCC0006CD10399022901D0102967D1002865D190
:10FCD0002A462846296A28322030814202D06B6A9F
:10FCE0001C3300E0134602A90A98FFF752FD55E0C5
:10FCF0002E462C6A2036B4424ED14FE06946A08B86
:10FD00000988884247D369468988884257D8232082
:10FD1000005D01283FD120460899EFF721F8218C9A
:10FD2000A269414351180B223846039BF8F720F88B
:10FD3000069008980122008821460005000DFFF773
:10FD400093FD01466A462089128A904223D10029F8
:10FD500021D1E28B03998A421DD1069900291AD13B
:10FD600008996A4649881289891A042927D32246A4
:10FD70001C491C32884208D12068B04205D0008955
:10FD8000884202D02468F7E719E023461C3302A911
:10FD90000A98FFF7FEFC2468B442AFD12D6805989D
:10FDA00085420CD06846298D8088814207D8089802
:10FDB0006A4640881289801A042800D368E768469A
:10FDC0000089012803D90A99C880002049E76846BC
:10FDD000028806210A200A9B48E70000042500202B
:10FDE0006407000003280000FFB589B00024054621
:10FDF0000794D0881646052804D00022042108461E
:10FE00000C9B20E0B168022208A80D31E3F756FDF3
:10FE1000B168022268460F31E3F750FD6846028C54
:10FE2000008882420CD8002A0AD00A980021428811
:10FE30000C9800F0CDF8002808D045200DB0F0BD9A
:10FE4000042101200C9BFFF791FCB9E06846008C6F
:10FE5000EFF744FC060076D00835049504988642F6
:10FE600072D06946308D098C884230D36946098842
:10FE700088422CD8002C0AD1012107910C98052129
:10FE80008068022401730C980799806841730A986E
:10FE90004088001B042857D30798012854D1201DFF
:10FEA00081B23346283302220C98F7F7BBFFA01D1E
:10FEB00081B233462A330222A41C0C98F7F7B2FF12
:10FEC0006946A41C308D0988A4B2884274D0374694
:10FED000356A2037BD42C1D060E06946A88B098CE5
:10FEE00088425AD369460988884265D8002C36D0A2
:10FEF0002320415D0798814260D10A984088001B09
:10FF0000042802D30799012904D0122856D3079850
:10FF1000022853D1201D81B22B461C3302220C989B
:10FF2000F7F780FFA41C0798A4B201280DD0201D6C
:10FF300081B22B46083310220C98F7F773FF204646
:10FF4000103084B229E03DE036E0201D81B22B461E
:10FF5000083302220C98F7F765FFA01CF1E7232075
:10FF6000415D07910C9805218068022201730C986D
:10FF70000799806841730C98294680681C310E30BF
:10FF8000E3F79CFC079901290CD02B46083310227B
:10FF900008210C98F7F746FF14242D68BD429CD128
:10FFA00036685BE70C9829468068022208311030D9
:10FFB000E3F784FC0624F0E7002C03D00C98C480FF
:10FFC00000203BE76846028C04210A200C9B3AE79C
:10FFD00010B5121D806892B2F7F7EEFE10BD00005A
:10FFE000F0B506465A480C4600685A498DB0471885
:10FFF000E0881546052804D2134600221621042065
:020000041006E4
:10000000A2E0A168022208A80D31E3F757FC684678
:10001000008C002873D0EFF761FB01006FD06846B9
:100020000A8D008C824204D1024616212B46032001
:100030008AE001AAF0F7E4F9002860D130880222B2
:100040000005000D0199FFF70FFC002804D0694658
:100050000A8C2B46162177E0384630302146009036
:10006000FEF766FF012844D0019820308079800790
:1000700046D53069810343D4C00141D4A16802222E
:1000800009A80F31E3F71AFC01213069490408433C
:100090003061022007903088069001980321878BF9
:1000A0006846868CA0790A94401FC5B2E81D0843B3
:1000B000401C83082648022100688C020830001981
:1000C0003522C06CFEF724F904000FD00698A080FA
:1000D000E7802681A57223462A4609210B330A9818
:1000E000F7F7B0FD21460798FEF7FEF869200DB03E
:1000F000F0BD6846028C16212B46092024E01EE044
:10010000E28800212846FFF763FF002801D0452040
:10011000EDE7384621462430FEF755FF21462846B4
:10012000F7F754FD21460098FEF730FFA868172125
:100130000173E888002802D0E8806720D7E7684686
:10014000028C2B4616210120FFF710FB0020CEE782
:10015000042500206407000070B50546C88888B0F3
:100160000C461646052804D0134600220C21042014
:100170001FE0A168022204A80D31E3F79FFB684647
:10018000028A002A13D0A168022202A80F31E3F7E5
:1001900095FB6846008AEFF7A1FA010076D0684621
:1001A0000A8D008A824207D13346024620E0334658
:1001B0006FE0FFF7DBFA66E06A46F0F721F9002806
:1001C00064D1288801220005000D0099FFF74CFB3F
:1001D000002804D069460A8A33460C21E9E70098D2
:1001E0006A88C18BD31E994205D86846028A334675
:1001F0000C210B20DDE76B461B89994205D268462E
:10020000028A0C2133460720D3E72621095C4907DF
:100210000ED529690C030BD40122D20411432961A4
:10022000828B2988022000F097FD692008B070BDFC
:1002300000213046FFF7CCFE002801D04520F5E72D
:10024000B0680D21017329460098EEF789FD01463B
:1002500000986A46C38B12899B1A9CB26B885B1EFE
:100260009BB29C4200D31C468369008C48431818FB
:100270008318052122463046F7F7D4FD641C20047C
:10028000000C03D0F0800020D0E7FFE76846028A28
:1002900033460C2101208CE7F7B5002092B00546CB
:1002A000089073480C460068724916464718E08863
:1002B000072806D0152804D0134600221021042058
:1002C00045E0A168022205A80D31E3F7F7FAA1681D
:1002D000022206A80F31E3F7F1FA6846828A008B02
:1002E000824231D8002A2FD0102263490DA8E3F7AB
:1002F000E5FAE1880CA8019007292BD003461022CB
:1003000009212046F7F79EFC022207A80837019929
:10031000E3F7D4FA6846808B0521C902884202D0EF
:10032000491C88427ED16846808AEFF7C1F90400F3
:1003300079D01298002142883046FFF749FE002804
:100340007ED0452015B0F0BD334610210120FFF7C7
:100350000DFA7FE01022484909A8E3F7AFFAA16837
:10036000022211310198E3F7A9FACDE76946608DC1
:10037000898B884263D1002D0CD1B06811210173A3
:100380002C20005D012810D014200890B068089936
:100390004173022512984088401B042857D30898BF
:1003A000062804D0142807D051E00620EDE72C20C1
:1003B000005D012804D04AE02C20005D022846D1CF
:1003C000281D234681B22833022230460493F7F7D2
:1003D00029FDAD1C2046216A2030ADB2814206D0F5
:1003E000281D636A81B2022230461C3304E0281DB6
:1003F00081B202223046049BF7F714FD0898AD1C29
:10040000001F81B21298ADB24088401B80B2814279
:1004100000D208460390281D81B223460833304697
:10042000039A02E018E01DE00AE0F7F7FBFC0398EE
:10043000281885B212984088401B042807D32468E6
:10044000BC4204D06946208D098B88428ED9002D8C
:1004500008D0F580002075E76846828A102133466F
:10046000084674E76846828A102133460A206EE700
:1004700004250020640700005C470610F7B5FFB0B4
:1004800093B007460C46002080A903908883AD48AE
:10049000AD49006802264518E088072806D01528CF
:1004A00004D0002208210420949B4CE0A168022281
:1004B00085A80D31E3F702FAA168022286A80F3160
:1004C000E3F7FCF980A8828A008B824238D8002AA0
:1004D00036D010229D498DA8E3F7F0F9E08807286F
:1004E00034D089AB102209212046F7F7ABFB3869DD
:1004F000000337D4398868460174090A417480A919
:100500000A8B898A89A86C4607C404AC8DAB87AA7C
:100510002846A11CF7F7C6FC80A8808B002821D0B4
:1005200001213A69C9040A433A614006020E39883A
:10053000A31C022000F0DCFB69207FB016B0F0BDE8
:1005400008210120949BFFF711F9F2E010227F4966
:1005500089A8E3F7B3F9A16802228CA81131E3F767
:10056000ADF9C4E77A8800219498FFF731FD00289F
:1005700001D04520E1E7083580A88895808AEFF70B
:10058000ADF8050090A8019074D0B8E02946022289
:100590002A310198E3F792F9102289A98DA8E3F78F
:1005A00095F9002806D02846203000902C6A844215
:1005B0007ED1A3E00398002804D0042810D012288C
:1005C00006D0AAE02C20405D012806D0122003901E
:1005D0002C20405D022807D09FE00420039003E018
:1005E0002C20405D01287DD1301D81B22B4628335F
:1005F00002229498F7F716FC03982B46801E82B2CD
:10060000B01D81B20833B61C9498F7F70BFC039821
:100610003018801E86B271E080A9A08B898A88423A
:1006200068D380A9098B884277D82320005D0128F0
:1006300008D020460830102289A9E3F747F900289E
:1006400008D057E02146022208310198E3F736F935
:100650008DA8F0E7388801220005000D2146FFF73C
:1006600003F90399002915D1002804D0A28B082191
:10067000949B68E75FE0E18BFD2901D9FF2101E050
:10068000891CC9B203917988039A891E914201D2CB
:10069000C9B2039179888A1B03998A423DDB0028FD
:1006A0003BD10398E18B801E0290814235D100E05E
:1006B00021E0301D81B223461C3302229498F7F7C3
:1006C000B1FB39462046EEF74BFB218CA269414332
:1006D0000298531882B2B01D81B29498F7F7A2FB2A
:1006E000039800E019E0301886B27888811B0398DF
:1006F000814212DB2468009884428DD12D6888984D
:1007000085420AD080A9288D098B884205D878882F
:100710000399801B884200DB38E7022E0BD994989E
:1007200009218068017394980399806841739498B3
:10073000C680002001E780A8828A08210A20949BB5
:1007400001E7000004250020640700005C47061054
:10075000F7B5FFB085B00546002469468C815F4837
:100760005F49006846188598C088411E042902D355
:10077000C043C00704D000220E210420869B44E021
:10078000286900031BD403A8009004AB3046869A66
:100790008599F7F750FB6846808900280FD0012221
:1007A0002969D20411434006020E2961298804AB4D
:1007B000022000F09DFA69207FB008B0F0BD6A8881
:1007C00000218698FFF704FC002801D04520F3E7BC
:1007D0008598C088401E87B2012677E0301D81B21F
:1007E00001AB02228598F7F72DFA68468088002829
:1007F00032D0EEF773FF01002ED068460A8D808854
:10080000824224D1002C03D007E0FEF7AFFF63E063
:1008100086980F228068012402736888A04253D012
:100820002C22525C012A05D0001B80B2102806D36E
:10083000102004E0001B80B2022800D302200090A8
:10084000201D0B4680B208330146009A36E002AA0A
:10085000EFF7D6FD002805D0684682880E210120DA
:10086000869BD2E7288801220005000D0299FEF739
:10087000FBFF002804D069468A880E21869BC4E7C6
:10088000002C04D186980F218068012401736888A8
:10089000A04219D0029A001BD18B80B2884200D3AB
:1008A0000846009029461046EEF75AFA02998A69DE
:1008B000098C41435318201D009A81B28698F7F79E
:1008C000B1FA0098201884B2B61CB6B2BE4285D3E5
:1008D000002C01D08698C48000206DE704250020FC
:1008E00064070000FEB5044600200290C888154643
:1008F000032804D0134600220A21042026E0896838
:10090000022268460D31E2F7D9FF684600880028C8
:1009100019D0EEF7E3FE010073D068460A8D008817
:100920000B27052682421DD1A86807732C20405C46
:1009300001280ED00B460833102231462846F7F71F
:1009400071FA112059E02B4602465DE0FEF70EFFDA
:1009500054E00B460833022231462846F7F762FA84
:1009600003204AE001AAEFF74BFD002849D1208877
:1009700001220005000D0199FEF776FF002804D042
:1009800069460A882B460A21E0E701992620405C47
:1009900040070ED5206902030BD40122D204104374
:1009A00020618A8B21880220029B00F0D5F9692002
:1009B000FEBD628800212846FFF70AFB002801D00F
:1009C0004520FEBDA868214607730198EEF7C8F9D7
:1009D0006188491E8AB20199CC8BA24200D214468A
:1009E0008A69098C41435318314622462846F7F755
:1009F00019FA641C2004000C03D0E8800020FEBD1E
:100A0000FFE7684602882B460A2101209EE7F0B5E1
:100A1000044688680F460146007B083185B052289D
:100A200010D00F250826F888A8425CD3022203A81C
:100A3000491DE2F743FF68468089002853D0082EFD
:100A400003D00DE003250426EDE72069400107D41B
:100A5000208839460005000DFCF7BAFB002842D17A
:100A60000121206989068843206168468089EEF764
:100A700035FE010037D068460A8D8089824232D027
:100A800002AAEFF7BDFC00282DD1208832460005D0
:100A9000000D0299FEF710FF002824D1F888401BB2
:100AA00085B20298014620310A468978002902D091
:100AB000012902D004E0C18B00E0018CA94212D3CD
:100AC0009179890711D521694A030ED40122920434
:100AD00011432161E9B201970091828B21880323A0
:100AE000022000F061F905B0F0BD2146EEF738F9BB
:100AF000064602982A468169008C70430B1807212C
:100B00003846F7F79FF80298014620318A78012A83
:100B100000D1C5838979C907E5D0018C8269714309
:100B20005118002200920191C38B828B208801050D
:100B3000090D022000F0A0F8D5E7F0B50446C888FA
:100B400087B00F461646032804D21346002212210E
:100B5000042016E0B968022205A80D31E2F7AEFEC6
:100B60006846808A002814D0EEF7B8FD010010D046
:100B700068460A8D808A824206D102463346122197
:100B80000320FEF7F3FD74E002AAEFF739FC00281A
:100B900005D06846828A122133460120F1E7208879
:100BA00002220005000D0299FEF75EFE002804D027
:100BB00069468A8A33461221E3E7F888C01E85B267
:100BC0000298014620318A78002A02D0012A02D0F8
:100BD0000AE0C28B00E0028CAA4205D26846828AF3
:100BE000122133460D20CCE78979890714D5216974
:100BF0008A0311D4CA010FD4012252041143216186
:100C0000E9B201970091828B21880323022000F032
:100C1000CBF8692007B0F0BD2146EEF7A1F80190AE
:100C20000298028C8169019842438B182A46072159
:100C30003846F7F707F80298014620310A468978C6
:100C4000012900D1C583B16813230B739179012564
:100C5000C9070DD0018C019A8369514359180022AC
:100C600000920191C38B828B2188022000F004F84E
:100C7000F5800020CEE70000FFB50F460646D81DE0
:100C8000032108431D46401C8308184881B00068B2
:100C9000F10603D52522BF210E4006E03921490186
:100CA0004118097CC9071CD022223107890E081877
:100CB0000121C9024018C06C3146FDF729FB040030
:100CC00012D0A7800399E1800A992181204665818D
:100CD0000C302A460B99E2F7F1FD21463046FDF72C
:100CE00003FB002005B0F0BD0720FBE70425002032
:100CF000FFB50F460546D01C03210843401C83085E
:100D000081B01646E80603D53A22BF20054000E030
:100D10003722104928070968800E40180121C902AE
:100D20004018C06C2946FDF7F3FA04000FD0A780E5
:100D30007108A1712046324608300499E2F7BEFDE1
:100D400021462846FDF7D0FA002005B0F0BD072067
:100D5000FBE7000004250020F8B51D4604460223E9
:100D600016460F46C00603D53922BF20044000E0D6
:100D700036220C4920070968800E40180121C9025B
:100D80004018C06C2146FDF7C3FA010007D08F80E0
:100D9000CE800D812046FDF7A7FA0020F8BD072080
:100DA000F8BD000004250020FFB581B00A9E05466D
:100DB0000321701D0843401C83081746E80603D52D
:100DC0003722BF20054000E0342211492807096876
:100DD000800E40180121C9024018C06C2946FDF759
:100DE00097FA040012D00298A080E7802672049936
:100DF00023463246091D09330B98F6F723FF214697
:100E00002846FDF771FA002005B0F0BD0720FBE78A
:100E100004250020F8B5294D002029680A464032F3
:100E20001378D279934348D14A6E120E45D13E22AF
:100E3000525C002A41D1431E21488D6A467A1A46E7
:100E40000024F600AD190926F606376900887D19D9
:100E500007070120002F07DA1123DB01CB189C6A5A
:100E6000631B1B021B1228D407273F02C919C96D37
:100E7000CF0103D54A1B120212121ED401252D07E1
:100E8000002B06DA002A0ADA75600E488560032016
:100E90000AE01120000604437460002A03DB2943A2
:100EA0000846F0F7C7F902200449096840314A783A
:100EB000002A02D0002048700320F8BD042500203D
:100EC000C00000204000004830B4134809220368E5
:100ED0001120C0011818D206806A11690F4C411AFE
:100EE00009022588090A2D0702D430BC0120704769
:100EF000647A9B6AE400E3188B4209D20123DB0584
:100F0000994205D259000843506030BC0120704717
:100F100030BC00207047000004250020C0000020E5
:100F2000F0B5454C13252668ED017019806900273E
:100F3000416B4248AE368DB0814242D006216846B0
:100F4000EFF7B6FD69464879C02108436946487104
:100F500020680622401980692430EFF77FFD07469C
:100F6000102105A8EFF7A4FD206810224019806920
:100F700005A9001DEFF772FD0743102109A8EFF73F
:100F800097FD206810224019806909A91430EFF7F5
:100F900065FD0146394313D120682949401980690C
:100FA000264F4018800881002648081839460490CA
:100FB000E2F7A8FC04980068B84201D1002700E0DD
:100FC000FB27226850198069A63224300190062040
:100FD000014600900020FDF7C6F8002802D12068E5
:100FE000A6300190701D009A0199E2F767FC226813
:100FF0001026314600208032FDF7B5F8002807D0D2
:1010000020683246411989698030091DE2F756FC93
:101010002268314600209032FDF7A5F8002807D05D
:10102000206832464119896990301431E2F746FC54
:1010300038460DB0F0BD000004250020AAAAAAAAD7
:101040003400FCEF00000410FEB5507915698007EC
:10105000566B1F461446800F0DD1A8050CD50120F4
:1010600040028543000105436C48306060790121EE
:10107000084360711561FEBD280609D55120C001E5
:101080008543E80401D4402005436548256198E084
:10109000E80439D5EFF7FFFD0090EFF7FCFD019074
:1010A000EFF7F9FD02900120000385430320800241
:1010B000054325616079012108436071606B394601
:1010C0002E3110220C30EFF705FE263702983870CB
:1010D000010A7970010CB970000EF8705148306047
:1010E000616B0822081DC91CEFF7F4FD616B022239
:1010F00008461C300B31EFF7EDFD616B0C226846A2
:101100000D31EFF7E7FDFEBD680235D5EFF7C3FD02
:101110000190EFF7C0FD0090EFF7BDFD014601AA79
:1011200000203D1813782035AB72401CC0B2521C11
:101130000428F6D300983C4A0006801830600098D6
:101140000A06000A1043706001980A0A03061A434F
:10115000000AB260F0603548009A03681320C001AD
:101160001818426281626079012108436071206928
:10117000890588432061FEBD6805FCD4680716D543
:1011800021462031487C00280DD12948306027486D
:1011900000688030408C000430307060627901203B
:1011A000024362714874042085432561FEBD28070F
:1011B000082700280BDAE079BD431E4900064018D5
:1011C000256130606079012108435071FEBDE80659
:1011D00010D5102085432561E2F75CFD16494007D4
:1011E0004018306000207060B060607901210843D1
:1011F0006071FEBD6803FCD51046E2F743FD002890
:1012000004D020464030017F39430177012080041B
:10121000854325616089E2F739FDFEBD03010600C3
:1012200003010B0003170300130D04000425002025
:1012300003060C0B0302070003090909F8B51D4654
:10124000144606460027E2F725FD01280CD01F2092
:1012500071780840060036D00020E861FDF746FEB0
:10126000002803D0E86907E0FF20F1E769893246EA
:101270000120F6F727FDE861002801D0102722E0C1
:10128000E07D80214840E0751049286908421AD065
:101290006079401E60716079FF2814D1A079401EEA
:1012A000A071A079FF280ED1E079401EE071E079AD
:1012B000FF2808D1207A401E2072207AFF2802D110
:1012C000607A401E60723846F8BD00002028000099
:1012D000FEB503462C484127026809200002101879
:1012E000816E602058430C18284811461018284E6B
:1012F0007F019D01D219AE199278C03100259A4222
:101300000CD1024640321746928E3F8F00978427B9
:101310003F58012301977B273F5C07E08A8CCF8CE5
:101320000097CF6A0023019728277F5C0297A7794F
:10133000FF0708D02789D21B1204120C03D12246C2
:10134000F7F7FCF90546A079810710D522890099A5
:10135000891A491C0904090C09D1FD21084001AB77
:10136000A0713146052221311846EFF7B3FC002D5C
:1013700009D005480096016804482B460918224602
:101380000020F4F759FCFEBD042500205808000099
:10139000CC000020F0B50D4689B000270921C90610
:1013A0000E9E14464F60827BC17B94460B02017CEB
:1013B0000A04417C09061143194362461143049112
:1013C000827CC17C0B02017D090419431143059104
:1013D000027E417E090211430691827EC17E09028E
:1013E00011430891027F417F090211430091014698
:1013F0001E3102912030C0783146C006C00E213126
:101400000790052203910298EFF764FC22204755CC
:1014100031200755E7730220E07006990C225143F2
:1014200061610099FF220901A1612071278108995A
:10143000A1812046403006990180A7712761077776
:101440001B21418049322B460282C0331F8A1B2F49
:1014500002D15F8A974201D0102707771F8B8780C0
:10146000C180018141818181C181598B4182828208
:10147000C2820283428301202080A06A0080A06A89
:101480004480288C2F49401C80B2884202D94942AE
:10149000401880B260812884A06AC727C7720522DD
:1014A00003990298EFF716FC0020F072218D31822B
:1014B000F0750498B0610598F0612021079888556F
:1014C000E2F7E8FB8021012800D1B17542200390AA
:1014D00080350290686B0080686BC772A88E70823E
:1014E000C0206071B172A078174EC008C000401DC6
:1014F000A07016480088A16A400119308872696B93
:101500000A208872F6F790FA696B0322C91D0398C6
:10151000EFF732FC696B03223046091DEFF72CFC14
:101520000120FDF789FDA16A0322C91D0298EFF78A
:1015300023FCA16A03220648091DEFF71DFC09B030
:10154000F0BD0000FF0E00002C01B000C000002024
:10155000FA003000F7B592B00F46040004D0002F17
:1015600006D11498002803DD6120400115B0F0BDBC
:101570001498002804DB102804DA2079800601D4AE
:101580009448F3E72079410701D4810702D59148B7
:10159000401CEBE740210843207120461430002511
:1015A0000F90143001901EE00026B0000490401906
:1015B000C0190390E6F7D1FF00BA010A03980902A7
:1015C000C07807AA01430498761C0019406941407D
:1015D0000498042E1150E8DB636A07A8019A0F995A
:1015E00000F07CFA059D2846103005901499884239
:1015F000DADB2079800620D400291EDD0026B00029
:1016000004904019C0190390E6F7A7FF00BA010A39
:1016100003980902C07807AA01430498761C0019B0
:10162000406941400498042E1150E8DB636A07A822
:10163000019A0F9900F052FACAE000200B900C902A
:101640000D900E900BA9636A0846019A00F046FAC5
:101650000B988721C00F48430B990C9A4900D20F71
:1016600011430B910C990D9A4900D20F11430C9123
:101670000D990E9A4900D20F11430D910E99149AAB
:1016800049004140284610300E9190421CD100265E
:10169000B00002904019C0190490E6F75EFF00BA4E
:1016A000010A04980902C0780BAB01430298761C2A
:1016B000001942690298185842405140029807AAFE
:1016C0001150042EE4DB79E00B988722C00F5043C1
:1016D0000B9A0C9B5200DB0F1A430B920C9A0D9B3A
:1016E0005200DB0F1A430C920D9ACB0F52001A4393
:1016F0000D924A00424014980E92401B0390C0176E
:10170000820F0398002610188010029019E0B00094
:1017100010904019C0190490E6F71FFF00BA010AA3
:1017200004980902C0780BAB014310980019426974
:101730001098185842405140109807AA115002982A
:10174000761CB042E3DCB00001190BAA49691258BB
:10175000514007AA1150039B00211B1A42199C46B5
:1017600096460BE072465218BA5CCD0018235B1BFC
:101770009A4007AB1D586A401A50491C8C45F1DC51
:10178000002909D0CD00182107AA4D1B135880212C
:10179000A9404B40135005E007A90A580123DB0775
:1017A0005A400A5007A90BAA05E0B00003195B696B
:1017B00015586B400B50761C042EF6DB636A07A8A5
:1017C000019A0F9900F08AF92079042108432071C9
:1017D0000020CBE61D0C0000F8B516460F460400AD
:1017E00009D0002E07D025468035E86D401E102810
:1017F00004D31348F8BD61204001F8BD20794006AC
:1018000004D4002211462046FFF7A4FE20790221CD
:1018100008432071002018210CE0C217920F121803
:1018200092089200121983075269DB0ECB1ADA4034
:101830003A54401CEA6D8242EFDC00203260F8BD71
:101840001F0C000010B5040007D002230022A1687D
:1018500000F00CFA010003D00CE06120400110BD43
:10186000102020610020024683001B19401C5A6191
:101870000428F9DB084610BDFFB5D908490083B03C
:10188000891D02910368116854684B40416895684E
:1018900061408468C0686C40A446D4681E0E6040F5
:1018A0008B4CC5B2A65D655D3606354367460E02B4
:1018B0003F04360E3F0EA65DE75D36043F023E4311
:1018C0003543AE460F0EDDB2E75D665D3F063E4333
:1018D00065462F0205043F0E2D0EE75D655D3F0452
:1018E0002D022F433E43CDB20096665D65462F0E16
:1018F000E75D1D043F063E4307023F0E2D0EE75DE8
:10190000655D3F042D022F433E4301966546EDB2CF
:10191000070E665DE75D0D043F063E431F023F0E66
:10192000E75D2D0E645D3F0424022743029C3E4385
:10193000641E10320294002C63DD664C7046204019
:10194000430070466449C00908401B214843434096
:10195000704658401821C841434070461021C84184
:10196000434070460821C841434010685A4D4340E7
:101970000098594F204041000098C00928401B257D
:1019800068434140009818254840E841414000988C
:101990001025E841414000980825E8414140506841
:1019A000019D41400198ED0920403D4040001B272A
:1019B0007D436840019F05467D401827FD416840F2
:1019C000019D1027FD416840019D0827FD416840A9
:1019D000956868408446304620403F4DF4092C40CD
:1019E00040001B256C436040044674401825EC41C0
:1019F000604010243546E54108246840E6417040C7
:101A00004BE7334CC5B2665D1D0E645D240626436C
:101A10000C02250E2E4C645D65462D042F0E2C4DB8
:101A20002404ED5D2D022C432643294C0096DDB2A3
:101A3000655D0E0EA45D2406254364462402260E31
:101A4000234CA45D0604370E214E2404F65D3602B5
:101A500034432543AE461E4CCDB2645D65461C4EF4
:101A60002F0EF55D2D062C4305022F0EF55D1F048C
:101A70002E043D0E164F7F5D65463F023E433443C4
:101A8000EEB2134DAF5D050E1148405D00060743F1
:101A90001802030E0E48C05C09040B0E0C4900042A
:101AA000C95C93680902084307431068009E6340BD
:101AB0005168049C7040D268206075460498694063
:101AC000416004987A4083600498C26007B0F0BD1A
:101AD0006C4706107F7F7F7F0101010100B5FFF792
:101AE000CBFE00BDF7B50298860800240DE00098F3
:101AF000A7003D182846E6F730FD00BA000AE9784D
:101B0000000208430199641CC851B442EFDB0199FB
:101B1000029A084600F002F8FEBD0000F0B59208F7
:101B2000002303E09C0005590D515B1C9342F9DB37
:101B30004D4FF81FF938042A48D0062A6DD0082ADC
:101B400043D10023CA6915022D0E140E455D045DB4
:101B50002D062C4315042D0ED2B2455D825C2D045A
:101B6000120215432C439D007D590A686A40544077
:101B700001225B1C0C62940065180C59EE69521C22
:101B800066402E62042AF6DBCA6A150ED4B2455DA1
:101B9000045D2D062C4315022D0E1204455D120E18
:101BA000825C2D04120215430A692C43544005221D
:101BB0000C63940065180C59EE69521C66402E6245
:101BC000082AF6DB2031072BBCDDF0BD0022CB68F4
:101BD0001D022D0E1C0E455D045D2D062C431D04BB
:101BE0002D0EDBB2455DC35C2D041B021D432C434F
:101BF00095007D590B686B405C400123521C0C61C1
:101C00009C0065180C59EE685B1C66402E61042B25
:101C1000F6DB1031092ADADDF0BD0022CB681D02A7
:101C20002D0E1C0E455D045D2D062C431D042D0E4E
:101C3000DBB2455DC35C2D041B021D432C439500A4
:101C40007D590B686B405C400123521C0C619C0069
:101C500065180C59EE685B1C66402E61042BF6DBA0
:101C60001831092ADADDF0BD6C480610F8B59E4639
:101C70008C46002807D0002905D059078C0F002A70
:101C800004D1012C02D061204001F8BD416A102925
:101C900003D0182901D0202905D1012C05D00169D4
:101CA000491E102901D31E48F8BDC2600179F923ED
:101CB00019400171012C20D000210B468D002D18F8
:101CC000491C6B610429F9DB0021182712E0CB17AE
:101CD0009B0F5B189B089B001D182B461433009329
:101CE0008B07565CDB0EFB1A6D699E403543009BEB
:101CF000491C1D6003698B42E9DC0179C9070CD1DD
:101D0000614681607146C90701D0032C05D10146A7
:101D1000426A28316046FFF7E5FE0020F8BD00006A
:101D20001F0C0000669A0C200008A4AEEE11593476
:101D3000207B7044669A0C200008A4AEEE11593442
:101D4000217B7044669A0C200008A4AEEE11593431
:101D5000227B7044669A0C200008A4AEEE11593420
:101D6000237B7044669A0C200008A4AEEE1159340F
:101D7000247B7044669A0C200008A4AEEE115934FE
:101D8000257B704404030100FFFFFFFFFFFFFFFFFF
:101D9000FFFFFFFF00000000000000000000000047
:101DA00001000000FFFFFFFF512563FCC2CAB9F329
:101DB000849E17A7ADFAE6BCFFFFFFFFFFFFFFFF02
:101DC00000000000FFFFFFFF0003010040000000D3
:101DD00006000000023F00023E30023C20023B4C65
:101DE000023A400239B202345B02350B00000000B7
:101DF0004E41061051410610544106100D0A202D87
:101E00002D2D2D201B5B346D426C6520536D61724E
:101E100074206C6F636B20312E322E311B5B306D62
:101E2000202D2D2D2D200D0A000000004170700086
:101E30005465726D000000004C6967687400000012
:101E4000426C65004170703A204E564D206D656DB4
:101E50006F7279207772697474656E20776974681F
:101E60002064656661756C742076616C756573219C
:101E70000D0A00004170703A206F70656E20746822
:101E80006520446F6F722E0D0A0000004170703A99
:101E900020756E6C6F636B20746865206C6F636B6C
:101EA0002E0D0A004170703A2043616E2774207530
:101EB0006E6C6F636B20696620756E636F6E6E6506
:101EC00063746564206465766963652E0D0A00009D
:101ED0004170703A20626C6520726164696F2065A0
:101EE00072726F7220210D0A000000004170703A7A
:101EF0002064657669636520646973636F6E6E65DF
:101F0000637465642E0D0A004170703A2064657632
:101F100069636520636F6E6E65637465642E0D0A78
:101F2000000000004170703A20646F6F7220697386
:101F3000206F70656E2E0D0A000000004170703A2F
:101F400020646F6F7220697320636C6F73652E0D50
:101F50000A0000004170703A204E564D206D656DAC
:101F60006F7279207772697474656E210D0A0000B2
:101F7000426C653A204661696C656420746F207319
:101F800065742050494E3A2025733A2025730D0A76
:101F900000000000426C653A204661696C6564206F
:101FA000746F2067657420626F6E64656420646579
:101FB000766963653A2025730D0A0000426C653A24
:101FC0002075706461746520636861722076616C4D
:101FD0007565206572726F723A2025730D0A0000D4
:101FE000426C653A205365742064657669636520A8
:101FF0006E616D65206572726F723A2025730D0AED
:1020000000000000426C653A20737461636B2069C4
:102010006E69743A2025730D0A000000426C653A1F
:1020200020696E69742064657669636520657272E3
:102030006F723A2025730D0A00000000426C653A69
:1020400020696E697469616C69736564207769746D
:102050006820737563636573730D0A00426C653A9B
:1020600020616464207365727669636520657272AD
:102070006F723A2025730D0A00000000426C653A29
:10208000207570646174652077686974656C697324
:1020900074206572726F723A2025730D0A00000079
:1020A000426C653A20646973636F76657261626C35
:1020B0006520696E20626F6E64206D6F64652E0D01
:1020C0000A000000426C653A20646973636F7665AC
:1020D0007261626C652E0D0A00000000426C653A68
:1020E000206D616B6520646973636F7665726162F0
:1020F0006C65206572726F723A2025730D0A0000BC
:10210000426C653A20636C65617220736563757219
:1021100069747920646174612062617365206572FD
:10212000726F723A2025730D0A000000426C653A06
:1021300020736563757269747920646174612062CB
:1021400061736520636C65617265640D0A0000004F
:10215000426C653A20736C617665207365637572B5
:102160006974792072657175657374206572726F18
:10217000723A2025730D0A006863695F64697363AE
:102180006F6E6E656374696F6E5F636F6D706C65A3
:1021900074655F6576656E740D0A0000095374619D
:1021A0007475733A307825780D0A000009436F6E14
:1021B0006E656374696F6E5F48616E646C653A301A
:1021C0007825780D0A00000009526561736F6E3A38
:1021D000307825780D0A00004D6173746572000037
:1021E000536C6176650000005075626C6963204431
:1021F00065766963652041646472657373000000ED
:1022000052616E646F6D2044657669636520416438
:1022100064726573730000006863695F6C655F6377
:102220006F6E6E656374696F6E5F636F6D706C6502
:1022300074655F6576656E740D0A000009526F6CF7
:10224000653A25730D0A000009506565725F4164A7
:1022500064726573735F547970653A25730D0A0073
:1022600009506565725F416464726573733A3078D2
:102270002578257825782578257825780D0A000099
:1022800009436F6E6E5F496E74657276616C3A25B4
:1022900075206D730D0A000009436F6E6E5F4C610F
:1022A00074656E63793A307825780D0A0000000075
:1022B000095375706572766973696F6E5F54696DE5
:1022C000656F75743A2575206D730D0A0000000066
:1022D000094D61737465725F436C6F636B5F41633B
:1022E0006375726163793A25730D0A006863695FEB
:1022F0006C655F656E68616E6365645F636F6E6E6B
:10230000656374696F6E5F636F6D706C6574655F34
:102310006576656E740D0A0009506565725F4164EB
:1023200064726573735F547970653A5075626C6955
:1023300063204465766963652041646472657373E4
:102340000D0A000009506565725F4164647265732F
:10235000735F547970653A52616E646F6D204465A5
:102360007669636520416464726573730D0A0000C9
:1023700009506565725F416464726573735F547977
:1023800070653A5075626C6963204964656E746962
:10239000747920416464726573730D0A0000000053
:1023A00009506565725F416464726573735F547947
:1023B00070653A52616E646F6D2028537461746960
:1023C0006329204964656E7469747920416464727C
:1023D0006573730D0A000000094C6F63616C5F52F6
:1023E00065736F6C7661626C655F5072697661745B
:1023F000655F416464726573733A30782578257837
:1024000025782578257825780D0A0000095065651E
:10241000725F5265736F6C7661626C655F50726952
:10242000766174655F416464726573733A307825D0
:1024300078257825782578257825780D0A000000FC
:102440006163695F6761705F70616972696E675F20
:10245000636F6D706C6574655F6576656E740D0A8B
:102460000000000009205374617475733A25730DE0
:102470000A0000000920526561736F6E3A25730DE2
:102480000A0000006163695F676174745F6174745E
:102490007269627574655F6D6F6469666965645FB2
:1024A0006576656E740D0A0009417474725F486147
:1024B0006E646C653A307825780D0A00094F6666BF
:1024C0007365743A25750D0A0000000009417474A3
:1024D000725F446174615F4C656E6774683A25751C
:1024E0000D0A00006163695F676174745F72656102
:1024F000645F7065726D69745F7265715F65766542
:102500006E740D0A000000000941747472696275EE
:1025100074655F48616E646C653A307825780D0AA1
:10252000000000006863695F6861726477617265CA
:102530005F6572726F725F6576656E740D0A00007A
:102540006863695F656E6372797074696F6E5F63EB
:1025500068616E67655F6576656E740D0A000000E0
:102560004C696E6B204C6576656C20456E637279A4
:102570007074696F6E206973204F4E20776974689C
:10258000204145532D43434D0000000009456E6333
:1025900072797074696F6E5F456E61626C65643AE2
:1025A00025730D0A000000006863695F726561644D
:1025B0005F72656D6F74655F76657273696F6E5F6C
:1025C000696E666F726D6174696F6E5F636F6D7057
:1025D0006C6574655F6576656E740D0A00000000B9
:1025E0006863695F6E756D6265725F6F665F636F6A
:1025F0006D706C657465645F7061636B6574735F47
:102600006576656E740D0A006863695F656E637256
:10261000797074696F6E5F6B65795F7265667265FC
:1026200073685F636F6D706C6574655F6576656E0A
:10263000740D0A006863695F72785F61636C5F6440
:102640006174615F6576656E740D0A006863695F29
:102650006C655F6164766572746973696E675F72D9
:1026600065706F72745F6576656E740D0A000000A8
:102670006863695F6C655F636F6E6E656374696FD5
:102680006E5F7570646174655F636F6D706C6574A7
:10269000655F6576656E740D0A0000006863695FAA
:1026A0006C655F726561645F72656D6F74655F759F
:1026B0007365645F66656174757265735F636F6D82
:1026C000706C6574655F6576656E740D0A00000058
:1026D0006863695F6C655F6C6F6E675F7465726D70
:1026E0005F6B65795F726571756573745F6576653B
:1026F0006E740D0A000000006863695F6C655F64BA
:102700006174615F6C656E6774685F6368616E6752
:10271000655F6576656E740D0A0000006863695F29
:102720006C655F726561645F6C6F63616C5F703272
:1027300035365F7075626C69635F6B65795F636F77
:102740006D706C6574655F6576656E740D0A00006A
:102750006863695F6C655F67656E65726174655F0C
:1027600064686B65795F636F6D706C6574655F65D8
:1027700076656E740D0A00006863695F6C655F645E
:1027800069726563745F6164766572746973696E9A
:10279000675F7265706F72745F6576656E740D0A3F
:1027A000000000006163695F6761705F6C696D695B
:1027B0007465645F646973636F76657261626C658A
:1027C0005F6576656E740D0A000000006163695FE5
:1027D0006761705F706173735F6B65795F7265715C
:1027E0005F6576656E740D0A000000006163695FC5
:1027F0006761705F617574686F72697A6174696F1F
:102800006E5F7265715F6576656E740D0A0000001B
:102810006163695F6761705F736C6176655F736543
:102820006375726974795F696E69746961746564EE
:102830005F6576656E740D0A000000006163695F74
:102840006761705F626F6E645F6C6F73745F6576F3
:10285000656E740D0A0000006163695F6761705FF7
:1028600070726F635F636F6D706C6574655F6576C2
:10287000656E740D0A0000006163695F6761705FD7
:10288000616464725F6E6F745F7265736F6C76659E
:10289000645F6576656E740D0A0000006163695FB0
:1028A0006761705F6E756D657269635F636F6D7090
:1028B000617269736F6E5F76616C75655F65766571
:1028C0006E740D0A00000000094E756D6572696333
:1028D0005F56616C75653A25750D0A006163695F25
:1028E0006761705F6B657970726573735F6E6F742B
:1028F000696669636174696F6E5F6576656E740D94
:102900000A0000006163695F676174745F70726FD1
:10291000635F74696D656F75745F6576656E740D60
:102920000A0000006163695F6174745F65786368C1
:10293000616E67655F6D74755F726573705F6576F4
:10294000656E740D0A0000006163695F6174745FF5
:1029500066696E645F696E666F5F726573705F65EE
:1029600076656E740D0A00006163695F6174745F5F
:1029700066696E645F62795F747970655F76616CB9
:1029800075655F726573705F6576656E740D0A00BC
:102990006163695F6174745F726561645F62795FCE
:1029A000747970655F726573705F6576656E740DBE
:1029B0000A0000006163695F6174745F726561643D
:1029C0005F726573705F6576656E740D0A00000056
:1029D0006163695F6174745F726561645F626C6F8B
:1029E000625F726573705F6576656E740D0A0000D4
:1029F0006163695F6174745F726561645F6D756C5A
:102A00007469706C655F726573705F6576656E740E
:102A10000D0A00006163695F6174745F72656164CF
:102A20005F62795F67726F75705F747970655F72EE
:102A30006573705F6576656E740D0A006163695F2A
:102A40006174745F707265706172655F77726974CA
:102A5000655F726573705F6576656E740D0A000060
:102A60006163695F6174745F657865635F777269DC
:102A700074655F726573705F6576656E740D0A00CC
:102A80006163695F676174745F696E6469636174CF
:102A9000696F6E5F6576656E740D0A006163695FCC
:102AA000676174745F6E6F74696669636174696F7E
:102AB0006E5F6576656E740D0A0000006163695F84
:102AC000676174745F70726F635F636F6D706C6564
:102AD00074655F6576656E740D0A00006163695FF9
:102AE000676174745F6572726F725F726573705F35
:102AF0006576656E740D0A006163695F6761747461
:102B00005F646973635F726561645F636861725F6C
:102B100062795F757569645F726573705F6576650C
:102B20006E740D0A000000006163695F6761747470
:102B30005F77726974655F7065726D69745F7265E5
:102B4000715F6576656E740D0A0000006163695FF0
:102B5000676174745F726561645F6D756C74695FE1
:102B60007065726D69745F7265715F6576656E74AC
:102B70000D0A00006163695F676174745F74785F58
:102B8000706F6F6C5F617661696C61626C655F65C7
:102B900076656E740D0A00006163695F6761747425
:102BA0005F7365727665725F636F6E6669726D6181
:102BB00074696F6E5F6576656E740D0A00000000C3
:102BC0006163695F676174745F707265706172657B
:102BD0005F77726974655F7065726D69745F726545
:102BE000715F6576656E740D0A0000006163695F50
:102BF0006C326361705F636F6E6E656374696F6E74
:102C00005F7570646174655F726573705F6576652A
:102C10006E740D0A000000006163695F6C326361CD
:102C2000705F70726F635F74696D656F75745F65F7
:102C300076656E740D0A00006163695F6C326361D2
:102C4000705F636F6E6E656374696F6E5F757064DD
:102C50006174655F7265715F6576656E740D0A00FB
:102C60006163695F6C326361705F636F6D6D616E2C
:102C7000645F72656A6563745F6576656E740D0A7C
:102C8000000000006163695F68616C5F7363616E7F
:102C90005F7265715F7265706F72745F6576656E85
:102CA000740D0A006163695F68616C5F66775F65D8
:102CB00072726F725F6576656E740D0A00000000B7
:102CC000504153534B45595F454E5452595F46410D
:102CD000494C4544000000004F4F425F4E4F545F47
:102CE000415641494C41424C450000004155544831
:102CF0005F5245515F43414E4E4F545F42455F4DD9
:102D000045540000434F4E4649524D5F56414C5585
:102D1000455F4641494C454400000000504149523E
:102D2000494E475F4E4F545F535550504F52544594
:102D300044000000494E535546465F454E435259A4
:102D40005054494F4E5F4B45595F53495A45000017
:102D5000434D445F4E4F545F535550504F5254456E
:102D600044000000554E5350454349464945445F91
:102D7000524541534F4E0000564552595F4541520E
:102D80004C595F4E4558545F415454454D50540082
:102D9000534D5F494E56414C49445F504152414D5D
:102DA00053000000534D505F53435F44484B455917
:102DB0005F434845434B5F4641494C454400000052
:102DC000534D505F53435F4E554D434F4D5041520D
:102DD00049534F4E5F4641494C4544005375636328
:102DE0006573730054696D656F7574005061697225
:102DF000696E67204661696C65640000456E6372A8
:102E0000797074696F6E206661696C65642C204C02
:102E1000544B206D697373696E67206F6E206C6F01
:102E200063616C206465766963650000456E63725A
:102E3000797074696F6E206661696C65642C204CD2
:102E4000544B206D697373696E67206F6E207065D7
:102E5000657220646576696365000000456E637283
:102E6000797074696F6E206E6F7420737570706FF7
:102E7000727465642062792072656D6F7465206478
:102E800065766963650000003530302070706D0034
:102E90003235302070706D003135302070706D002B
:102EA0003130302070706D0037352070706D00004B
:102EB00035302070706D000033302070706D000070
:102EC00032302070706D000073756363657373003A
:102ED000756E6B6E6F776E2068636920636F6D6DC2
:102EE000616E6400756E6B6E6F776E20636F6E6ED1
:102EF000657874696F6E20696400000068617264AF
:102F000077617265206661696C757265000000000A
:102F1000556E6B6E6F77206572726F7200000000E5
:102F200061757468656E7469636174696F6E20663B
:102F300061696C75726500006B6579206D697373EA
:102F4000696E67006D656D6F727920636170616392
:102F500069747920657863656564656400000000C4
:102F6000636F6E6E656374696F6E2074696D656FF3
:102F700075740000636F6D6D616E642064697361C8
:102F80006C6C6F7765640000756E737570706F722E
:102F9000746564206665617475726500696E76613A
:102FA0006C69642068636920636D6420706172617C
:102FB0006D7300007465726D696E61746564207272
:102FC000656D6F7465207573657200007465726D50
:102FD000696E61746564206C6F63616C5F686F73A8
:102FE00074000000756E7375707020726D742066C9
:102FF0006561747572650000756E737065636966EE
:103000006965640070726F636564757265207469C8
:103010006D656F7574000000696E7374616E742065
:103020007061737365640000706172616D657465D1
:1030300072206F7574206F662072616E6765000084
:10304000686F737420627573792070616972696E3C
:1030500067000000636F6E74726F6C6C6572206243
:103060007573790064697265637465642061647660
:103070006572746973696E672074696D656F7574C4
:1030800000000000636F6E6E656374696F6E20658B
:103090006E642077697468206D6963206661696C6D
:1030A00075726500636F6E6E656374696F6E20661E
:1030B00061696C656420746F2065737461626C690A
:1030C00073680000756E6B6E6F776E20636F6E6E47
:1030D000656374696F6E206964000000696E7661D3
:1030E0006C696420706172616D7300006275737940
:1030F0000000000070656E64696E67006E6F74207A
:10310000616C6C6F776564006572726F72000000AD
:103110006F7574206F66206D656D6F7279000000A9
:10312000696E76616C6964206369640064657669C0
:10313000636520696E20626C61636B6C69737400F7
:103140006373726B206E6F7420666F756E6400001F
:1031500069726B206E6F7420666F756E640000007C
:10316000646576696365206E6F7420666F756E6442
:10317000000000007365632064622066756C6C005B
:10318000646576696365206E6F7420626F6E646536
:1031900064000000696E73756666696369656E74C4
:1031A00020656E63206B657973697A6500000000A5
:1031B000696E76616C69642068616E646C6500009C
:1031C0006F7574206F662068616E646C6500000026
:1031D000696E76616C6964206F7065726174696F85
:1031E0006E00000063686172616320616C726561EA
:1031F000647920657869737473000000696E737573
:103200006666696369656E74207265736F75726353
:103210006573000073617469736679207065726DFF
:10322000697373696F6E206572726F7200000000BF
:1032300061646472657373206E6F74207265736F5E
:103240006C766564000000006E6F2076616C6964C6
:1032500020736C6F740000007363616E2077696E79
:10326000646F772073686F72740000006E6577205A
:10327000696E74657276616C206661696C65640064
:10328000696E74657276616C20746F6F206C617208
:10329000676500006C656E677468206661696C65BF
:1032A0006400000070726F66696C6520616C726505
:1032B00061647920696E697469616C697A6564001A
:1032C0006E756C6C20706172616D0000466C61738C
:1032D000682072656164206661696C656400000045
:1032E000466C617368207772697465206661696CE9
:1032F00065640000466C61736820657261736520C7
:103300006661696C6564000074696D656F75740051
:103310004A616E203235203230323500312E322E65
:10332000310000002573202D2025730D0A000000B8
:103330001B5B316D252D3134733A201B5B306D00E2
:10334000456E61626C65640044697361626C6564BA
:1033500000000000656E61626C6500006469736165
:10336000626C650030000000496E76616C69642013
:10337000617267756D656E742E20557365202765C3
:103380006E61626C6527206F7220276469736162C9
:103390006C65270D0A0000004572726F723A204971
:1033A0006E76616C6964206E756D626572206F6601
:1033B00020617267756D656E7473210D0A000000DF
:1033C000566572626F73653A2025730D0A0000001E
:1033D000496E76616C696420617267756D656E74A3
:1033E0002E20446576696365206E616D65206D757C
:1033F0007374206265203120746F20256420636817
:103400006172616374657273206C6F6E672E0D0A52
:1034100000000000446576696365206E616D653A61
:1034200020272573270D0A00257500004572726F4D
:10343000723A20496E707574206D757374206265E0
:103440002061206E756D626572210D0A000000001A
:103450004572726F723A2050696E206D75737420D8
:10346000626520302D3939393939390D0A000000AB
:1034700050696E3A20253036750D0A004272696730
:1034800068746E6573733A2025752E257525250D94
:103490000A00000025752E25750000004572726F28
:1034A000723A20496E76616C696420696E70757439
:1034B00020666F726D6174210D0A00004572726F93
:1034C000723A204272696768746E6573732074681B
:1034D000726573686F6C64206D757374206265200B
:1034E000302E30252520746F203130302E302525A8
:1034F0000D0A00004272696768746E657373207408
:1035000068726573686F6C643A2025752E25752581
:10351000250D0A004E6F2064657669636520626F31
:103520006E646564210D0A002020202020202041A7
:1035300064647265737320202020547970650D0ACD
:103540000000000030782530327825303278253080
:103550003278253032782530327825303278202084
:10356000202000005075626C6963000052616E6437
:103570006F6D0000436C656172696E6720626F6EEB
:1035800064656420646576696365732E0D0A0000C6
:103590005265736574696E6720636F6E6669672034
:1035A000616E6420636C656172696E6720626F6E24
:1035B00064656420646576696365732E0D0A000096
:1035C0001B5B316D1B5B33326D62736C3E1B5B307A
:1035D0006D0000001B5B44001B5B43001B5B337EE4
:1035E000000000001B5B3F32356C1B5B730000006A
:1035F0001B5B4B00257300001B5B751B5B3F32356B
:10360000680000001B5B3F32356C1B5B4400000010
:103610001B5B731B5B4B00001B5B324A1B63000090
:103620001B5B316D1B5B33326D62736C3E1B5B3019
:103630006D2573000D0A2573000000000D0A1B5B49
:10364000316D1B5B33326D62736C3E1B5B306D25DD
:10365000730000001B5B2520754400001B5B750098
:103660001B5B431B5B3F323568000000766572735D
:10367000696F6E0068656C700000000076657262AC
:103680006F7365006E616D650000000070696E000B
:10369000627269006272692D74680000636F6E6601
:1036A00069670000626F6E6465640000626F6E643B
:1036B00065642D636C65617200000000726573655E
:1036C00074000000746F70002725732720756E6BDF
:1036D0006E6F776E20636F6D6D616E642120506C2C
:1036E0006561736520757365202768656C70272E8A
:1036F0000D0A00001B5B316D0000000020253973AE
:1037000020000000202052756E6E696E6720202018
:1037100000000000202052656164792020202020D4
:10372000000000002020426C6F636B656420202045
:1037300000000000202053757370656E646564207E
:1037400000000000202044656C6574656420202022
:10375000000000002020556E6B6E6F776E202020D9
:10376000000000002020252D387520002020252D68
:103770003130752000000000202025752E2575258C
:10378000250000001B5B306D0D0A1B5B4B00000029
:10379000205461736B204E616D652020205374614D
:1037A0007465202020202020205072696F72697477
:1037B00079202020537461636B2046726565202058
:1037C000204350552055736167650D0A00000000C5
:1037D0001B5B324A000000001B5B3F32356C1B5BF9
:1037E0004800000020274374726C202B20432720C0
:1037F000746F20717569742E000000001B5B3F32EE
:1038000035680000446973706C6179207665727365
:10381000696F6E20696E666F726D6174696F6E7329
:103820002E000000446973706C61792068656C70CB
:103830002E000000526561642F77726974652076EE
:103840006572626F7365206D6F64652E2031207420
:103850006F20656E61626C652C203020286465667F
:1038600061756C742920746F2064697361626C6582
:103870002E000000526561642F77726974652064C0
:103880006576696365206E616D6520286465666193
:10389000756C742069732027426C6520536D6172CA
:1038A00074204C6F636B27292E0000005265616401
:1038B0002F77726974652050494E20636F646520CC
:1038C0002864656661756C74206973203231353403
:1038D0003236292E000000005265616420616D625D
:1038E00069656E74206272696768746E6573732EA1
:1038F00000000000526561642F777269746520646E
:1039000061792F6E69676874207468726573686F77
:103910006C64202864656661756C74206973203559
:103920003025292E0000000053686F7720616C6CF1
:1039300020636F6E66696775726174696F6E2E00C1
:10394000446973706C617920746865206C69737464
:10395000206F6620706169726564206465766963B2
:1039600065732E0052656D6F766520616C6C2070FA
:103970006169726564206465766963657320286F88
:103980007220686F6C642074686520626F6E6420BA
:10399000627574746F6E20666F72206D6F72652031
:1039A0007468616E2033207365636F6E6473292EB3
:1039B00000000000526573657420636F6E6669676E
:1039C00075726174696F6E20746F206465666175CD
:1039D0006C742E0053686F77207461736B7320735F
:1039E000746174652E0000004170703A2052656267
:1039F0006F6F74696E67202E2E2E0D0A0000000076
:103A0000000000008249030000004842426C65202B
:103A1000536D617274204C6F636B0000900E041044
:103A2000980E0410A00E0410240E0410880E04102A
:103A3000C02C0610D82C0610EC2C0610042D0610F5
:103A40001C2D0610342D0610502D0610642D061066
:103A5000782D0610902D0610A42D0610C02D0610EE
:103A6000DC2D0610E42D0610EC2D0610FC2D0610A2
:103A70002C2E06105C2E0610882E0610902E061096
:103A8000982E0610A02E0610A82E0610B02E061096
:103A9000B82E0610C02E0610C82E0610D02E061006
:103AA000E42E0610FC2E0610102F0610202F0610F4
:103AB000382F0610442F0610602F0610102F061006
:103AC000102F0610102F0610742F0610102F06103E
:103AD000102F0610102F0610102F0610882F06101A
:103AE0009C2F0610B42F0610102F0610102F061052
:103AF000CC2F0610102F0610102F0610102F0610B6
:103B0000E42F0610102F0610102F0610102F06108D
:103B1000102F0610F82F0610102F0610102F061069
:103B200004300610102F0610102F0610102F06104C
:103B3000102F0610102F061018300610102F061028
:103B4000102F0610102F0610102F0610102F061021
:103B5000102F0610102F061028300610102F0610F8
:103B6000102F0610102F0610102F0610102F061001
:103B7000102F0610102F061040300610102F0610C0
:103B800054300610102F06106430061084300610D2
:103B9000A4300610102F0610C43006100033061093
:103BA000DC300610EC300610102F0610F430061032
:103BB000FC3006100831061010310610102F0610C8
:103BC000102F0610102F0610102F0610102F0610A1
:103BD000102F0610102F061020310610102F06107F
:103BE000102F0610102F0610102F0610102F061081
:103BF000102F0610102F0610102F06102C31061053
:103C00004031061050310610603106107431061034
:103C10008031061094310610B0310610C031061004
:103C2000D0310610E4310610FC31061014320610B3
:103C3000102F0610102F0610102F0610102F061030
:103C4000102F0610102F0610102F0610102F061020
:103C5000102F0610102F061030320610102F0610ED
:103C6000102F0610102F0610102F0610102F061000
:103C7000102F0610102F0610102F0610102F0610F0
:103C8000102F0610102F0610102F0610102F0610E0
:103C9000102F0610102F0610102F0610102F0610D0
:103CA00048320610583206106C3206108032061068
:103CB00094320610102F0610102F0610102F061029
:103CC000102F0610102F0610102F0610102F0610A0
:103CD000102F0610102F0610102F0610102F061090
:103CE000102F0610102F0610102F0610102F061080
:103CF000102F0610102F0610102F0610102F061070
:103D0000102F0610102F0610102F0610102F06105F
:103D1000102F0610102F0610102F0610102F06104F
:103D2000102F0610102F0610102F0610102F06103F
:103D3000102F0610102F0610102F0610102F06102F
:103D4000102F0610102F0610102F0610102F06101F
:103D5000102F0610102F0610102F0610102F06100F
:103D6000102F0610102F0610102F0610102F0610FF
:103D7000102F0610102F0610102F0610102F0610EF
:103D8000102F0610102F0610102F0610102F0610DF
:103D9000102F0610102F0610102F0610102F0610CF
:103DA000102F0610102F0610102F0610102F0610BF
:103DB000102F0610102F0610102F0610102F0610AF
:103DC000102F0610102F0610102F0610102F06109F
:103DD000102F0610102F0610102F0610102F06108F
:103DE000102F0610102F0610102F0610102F06107F
:103DF000102F0610102F0610102F0610102F06106F
:103E0000102F0610102F0610102F0610102F06105E
:103E1000102F0610102F0610102F0610102F06104E
:103E2000102F0610102F0610102F0610102F06103E
:103E3000102F0610102F0610102F0610102F06102E
:103E4000102F0610102F0610102F0610102F06101E
:103E5000102F0610102F0610A4320610C0320610C4
:103E6000102F0610102F0610102F0610102F0610FE
:103E7000102F0610102F0610102F0610102F0610EE
:103E8000CC320610E0320610F4320610102F061065
:103E9000102F06100833061000F007100004000071
:103EA0000004000000F80710D82A0020A423000016
:103EB00016000300A6000100020E17004423002094
:103EC000FFFFFFFFF401000148010000022E041073
:103ED000AA2D0410702C0410682C0410F22D04106C
:103EE0009C2C0410682C0410682C0410682C0410FE
:103EF000682C0410682C0410682C0410682C041022
:103F0000682C0410682C0410682C0410682C041011
:103F1000682C0410682C04107C2C0410C63004108B
:103F2000B6300410BE30041046300410AE30041019
:103F30006C36061065260410043806107436061018
:103F400081260410243806107C360610B52604108D
:103F500034380610843606105127041074380610C1
:103F60008C360610D1270410AC3806109036061097
:103F70003D280410D83806109436061091280410F5
:103F8000F43806109C360610692A041028390610E9
:103F9000A43606108129041040390610AC360610EC
:103FA000252A041064390610BC360610452A041070
:103FB000B4390610C4360610AD320410D4390610D8
:103FC000E241041002420410BA410410824104107C
:103FD000B44104107C4104100E42041076410410D8
:103FE000D641041003000000947A0410187A0410DB
:103FF000B47B04109E7A0410FA7A04105C7B0410DF
:104000009E7A04109E7A0410002020202020202078
:104010002020282828282820202020202020202078
:104020002020202020202020208810101010101088
:1040300010101010101010101004040404040404D4
:10404000040404101010101010104141414141416E
:104050000101010101010101010101010101010150
:104060000101010110101010101042424242424260
:104070000202020202020202020202020202020220
:1040800002020202101010102000000000000000C8
:104090000000000000000000000000000000000020
:1040A0000000000000000000000000000000000010
:1040B0000000000000000000000000000000000000
:1040C00000000000000000000000000000000000F0
:1040D00000000000000000000000000000000000E0
:1040E00000000000000000000000000000000000D0
:1040F00000000000000000000000000000000000C0
:10410000000000000000000000232D302B2000687C
:104110006C4C0065666745464700303132333435B4
:104120003637383941424344454600303132333422
:10413000353637383961626364656600412D466102
:104140002D66383930313233343536375D002B2D1A
:104150000030300078580000D1F71737D1F717B783
:104160008071313F807131BF0000003F000000BF0F
:10417000000FC93F000F494000CB9640000FC940D7
:104180000053FB4000CB164100ED2F41000F494189
:104190000031624100537B41003A8A4100CB964195
:1041A000005CA34100EDAF41007EBC41000FC9415E
:1041B00000A0D5410031E24100C2EE410053FB4175
:1041C00000F20342003A0A420083104200CB16423A
:1041D00000141D42005C234200A5294200ED2F423D
:1041E00000363642007E3C4200C74242000F494240
:1041F000A2000000F9000000830000006E00000033
:104200004E000000440000001500000029000000DE
:10421000FC0000002700000057000000D100000053
:10422000F500000034000000DD000000C0000000C8
:10423000DB00000062000000950000009900000013
:104240003C0000004300000090000000410000001E
:10425000FE0000005100000063000000AB00000001
:10426000DE000000BB000000C5000000610000008F
:10427000B7000000240000006E0000003A000000BB
:10428000420000004D000000D2000000E0000000ED
:1042900006000000490000002E000000EA000000B7
:1042A00009000000D1000000920000001C00000086
:1042B000FE0000001D000000EB0000001C000000DC
:1042C000B100000029000000A70000003E0000002F
:1042D000E80000008200000035000000F50000004A
:1042E0002E000000BB00000044000000840000001D
:1042F000E90000009C0000007000000026000000A3
:10430000B40000005F0000007E00000041000000DB
:104310003900000091000000D600000039000000C4
:10432000830000005300000039000000F40000008A
:104330009C000000840000005F0000008B00000073
:10434000BD000000F9000000280000003B00000054
:104350001F000000F800000097000000FF000000B0
:10436000DE00000005000000980000000F000000C3
:10437000EF0000002F000000110000008B00000083
:104380005A0000000A0000006D0000001F0000003D
:104390006D000000360000007E000000CF0000002D
:1043A00027000000CB00000009000000B70000005B
:1043B0004F000000460000003F00000066000000C3
:1043C0009E0000005F000000EA0000002D000000D9
:1043D0007500000027000000BA000000C7000000C0
:1043E000EB000000E5000000F10000007B00000091
:1043F0003D0000000700000039000000F700000049
:104400008A0000005200000092000000EA00000054
:104410006B000000FB0000005F000000B100000026
:104420001F0000008D0000005D000000080000007B
:1044300056000000030000003000000046000000AD
:10444000FC0000007B0000006B000000AB000000DF
:10445000F0000000CF000000BC00000020000000C1
:104460009A000000F4000000360000001D0000006B
:10447000A9000000E30000009100000061000000BE
:104480005E000000E60000001B00000008000000C5
:104490006500000099000000850000005F0000003A
:1044A00014000000A00000006800000040000000B0
:1044B0008D000000FF000000D80000008000000018
:1044C0004D000000730000002700000031000000D4
:1044D0000600000006000000150000005600000065
:1044E000CA00000073000000A8000000C90000001E
:1044F00060000000E20000007B000000C00000003F
:104500008C0000006B0000006042A20D0000803FA4
:104510000000C93F0000F0390000DA370000A23384
:104520000000842E0000502B0000C2270000D02283
:104530000000C41F0000C61B000044170400000058
:1045400007000000090000000C0802170D0101021D
:1045500009090101060209FFFFFFFFFF0909FFFF2B
:10456000FFFF000096C298D84539A1F4A033EB2D87
:10457000817D0377F240A463E5E6BCF847422CE175
:10458000F2D1176BF551BF376840B6CBCE5E316BB9
:104590005733CE2B169E0F7C4AEBE78E9B7F1AFE7D
:1045A000E242E34F0D0207019E0069004F00350013
:1045B00020001500010102010201000201000202B7
:1045C000020102010101010102000201006C888365
:1045D00091AAF5A53860370BDB5A6083BEE69D359E
:1045E0000E480103CCDBFDF4AC1191F4EFB9A5F951
:1045F000E9A7832C5E2CBE97F2D203B0208BD28920
:1046000015D08E1C742430ED8FC24563765C155234
:104610005ABF9A32636DEB2A65499C80DCBD1A3C17
:10462000CDA6B8995899B740EB7B60FF4A503F1030
:10463000D2E3B3C974385FC5A3D4F6493F00000084
:1046400019E905103DE9051061E90510A9E9051012
:10465000E5EA051085E905101DEA05100DEB0510CA
:10466000BDEA051071EA05104DEA051015E90510BF
:104670006DEB0510EDE9051035EB051059E8051057
:1046800061EB051095EB05100DE605104DE60510E4
:1046900071E605108DE50510B9E60510ADE50510CC
:1046A000C9E5051091E605106DE5051029E6051030
:1046B000E9E50510CDE80510F1E8051099E80510C9
:1046C00081E8051047E80510D5E60510DDE705107F
:1046D000D1E3051039E4051015E40510D9E40510FF
:1046E00025E505108DE4051001E50510B1E4051080
:1046F00049E5051061E40510F5E3051051E70510E3
:1047000079E70510B9E7051029E7051001E705105D
:1047100035E80510A1E705100DE80510FDE70510C7
:1047200027E805101DE8051099EE051059EE051053
:1047300021EC051047EC051061EC051099EC051013
:104740002DED05107BEC0510BFEC051039ED0510C3
:1047500013ED0510EDEC0510CFEC0510FB349B5F5D
:10476000800000800010000000000000637C777B68
:10477000F26B6FC53001672BFED7AB76CA82C97D5D
:10478000FA5947F0ADD4A2AF9CA472C0B7FD9326EE
:10479000363FF7CC34A5E5F171D8311504C723C3F2
:1047A0001896059A071280E2EB27B27509832C1A36
:1047B0001B6E5AA0523BD6B329E32F8453D100ED90
:1047C00020FCB15B6ACBBE394A4C58CFD0EFAAFB74
:1047D000434D338545F9027F503C9FA851A3408F3C
:1047E000929D38F5BCB6DA2110FFF3D2CD0C13EC54
:1047F0005F974417C4A77E3D645D197360814FDCE9
:10480000222A908846EEB814DE5E0BDBE0323A0ACC
:104810004906245CC2D3AC629195E479E7C8376D50
:104820008DD54EA96C56F4EA657AAE08BA78252E75
:104830001CA6B4C6E8DD741F4BBD8B8A703EB566FE
:104840004803F60E613557B986C11D9EE1F89811EF
:1048500069D98E949B1E87E9CE5528DF8CA1890DDE
:10486000BFE6426841992D0FB054BB16000000010D
:10487000000000020000000400000008000000101A
:104880000000002000000040000000800000001B2D
:0448900000000036EE
:04489400F8B5C0466D
:04489800F8B5C04669
:08489C00D43BFE7F0100000087
:1048A40000000000000000000000041000000000F0
:1048B40000000000000000000000000000000000F4
:0C48C400000000000000000000000000E8
:1048D00000000000000000000000000000000000D8
:1048E00000000000000000000000000000000000C8
:1048F0000000000000000000913B05102921051078
:10490000D52B0510913B0510913B0510913B0510EF
:10491000293B0510F13A05100000000000000000DE
:1049200000000000000000001F0200000000000066
:104930000000000000000000000000000000000077
:104940000000000000000000000000000000000067
:104950000000000000000000000000000000000057
:104960000000000000000000000000000000000047
:104970000000000000000000000000000000000037
:104980000000000000000000000000000000000027
:104990000000000000000000000000000000000017
:1049A0000000000000000000000000000000000007
:1049B00000000000000000000000000000000000F7
:1049C00000000000000000000000000000000000E7
:1049D00000000000000000000000000000000000D7
:1049E00000000000000000000000000000000000C7
:1049F00000000000000000000000000000000000B7
:104A000000000000000000000000000000000000A6
:104A10000000000000000000000000000000000096
:104A20000000000000000000000000000000000086
:104A30000000000000000000000000000000000076
:104A40000000000000000000000000000000000066
:104A50000000000000000000000000000000000056
:104A60000000000000000000000000000000000046
:104A70000000000000000000000000000000000036
:104A80000000000000000000000000000000000026
:104A90000000000000000000000000000000000016
:104AA0000000000000000000000000000000000006
:104AB00000000000000000000000000000000000F6
:104AC00000000000000000000000000000000000E6
:104AD00000000000000000000000000000000000D6
:104AE00000000000000000000000000000000000C6
:104AF00000000000000000000000000000000000B6
:104B000000000000000000000000000000000000A5
:104B10000000000000000000000000000000000095
:104B20000000000000000000000000000000000085
:104B30000000000000000000000000000000000075
:104B40000000000000000000000000000000000065
:104B50000000000000000000000000000000000055
:104B60000000000000000000000000000000000045
:104B70000000000000000000000000000000000035
:104B80000000000000000000000000000000000025
:104B90000000000000000000000000000000000015
:104BA0000000000000000000000000000000000005
:104BB00000000000000000000000000000000000F5
:104BC00000000000000000000000000000000000E5
:104BD00000000000000000000000000000000000D5
:104BE00000000000000000000000000000000000C5
:104BF00000000000000000000000000000000000B5
:104C000000000000000000000000000000000000A4
:104C10000000000000000000000000000000000094
:104C20000000000000000000000000000000000084
:104C30000000000000000000000000000000000074
:104C40000000000000000000000000000000000064
:104C50000000000000000000000000000000000054
:104C60000000000000000000000000000000000044
:104C70000000000000000000000000000000000034
:104C80000000000000000000000000000000000024
:104C90000000000000000000000000000000000014
:104CA0000000000000000000000000000000000004
:104CB00000000000000000000000000000000000F4
:104CC00000000000000000000000000000000000E4
:104CD00000000000000000000000000000000000D4
:104CE00000000000000000000000000000000000C4
:104CF00000000000000000000000000000000000B4
:104D000000000000000000000000000000000000A3
:104D10000000000000000000000000000000000093
:104D20000000000000000000000000000000000083
:104D30000000000000000000000000000000000073
:104D40000000000000000000000000000000000063
:104D50000000000000000000000000000000000053
:104D60000000000000000000000000000000000043
:104D70000000000000000000000000000000000033
:104D80000000000000000000000000000000000023
:104D90000000000000000000000000000000000013
:104DA0000000000000000000000000000000000003
:104DB00000000000000000000000000000000000F3
:104DC00000000000000000000000000000000000E3
:104DD00000000000000000000000000000000000D3
:104DE00000000000000000000000000000000000C3
:104DF00000000000000000000000000000000000B3
:104E000000000000000000000000000000000000A2
:104E10000000000000000000000000000000000092
:104E20000000000000000000000000000000000082
:104E30000000000000000000000000000000000072
:104E40000000000000000000000000000000000062
:104E50000000000000000000000000000000000052
:104E60000000000000000000000000000000000042
:104E70000000000000000000000000000000000032
:104E80000000000000000000000000000000000022
:104E9000000000000000000001010000AAAAAAAA68
:104EA0008C2A00200000000070230020D82300205E
:104EB000402400200000000000000000000000006E
:104EC00000000000000000000000000000000000E2
:104ED00000000000000000000000000000000000D2
:104EE00000000000000000000000000000000000C2
:0400000510047E491C
:00000001FF
