:020000041004E6
:1000000000600020297E0410117D041011040410EA
:10001000AA5555AA45554C420000000000000000BA
:100020000000000000000000000000001167041044
:100030000000000000000000C166041015650410F7
:1000400035440410157D041000000000000000007D
:1000500025360410197D041005100410317D04109C
:100060000000000000000000000000000000000090
:1000700000000000357D0410397D04103D7D041022
:10008000000000001D7D0410217D0410257D04105A
:10009000297D04102D7D0410457D0410417D041040
:1000A0000000000000000000000000000000000050
:1000B0000000000000000000000000000000000040
:1000C000EFF31482EFF309811C4880F31488BFF327
:1000D0006F8FF0B543464C4655465E466746F8B4CA
:1000E000174CEFF30883236006B4164C2068164CB7
:1000F0002060164C2068164C2060164C2068164C68
:100100002060164C276800202060BFF34F8F30BF5F
:1001100027600B4C246884F3088882B003BCF8BCC9
:100120009846A146AA46B346BC46F0BC04BC80F340
:10013000098881F31488BFF36F8F10470000000017
:100140000800002004ED00E06C23002024ED00E016
:100150006823002000E200E0642300200800204023
:10016000002934D00123002210B488422CD301246A
:100170002407A14204D2814202D209011B01F8E7FF
:10018000E400A14204D2814202D249005B00F8E7B8
:10019000884201D3401A1A434C08A04202D3001BE4
:1001A0005C0822438C08A04202D3001B9C08224317
:1001B000CC08A04202D3001BDC082243002803D055
:1001C0001B0901D00909E3E7100010BC704701B515
:1001D000002000F00BF802BD0029F8D003B5FFF7AE
:1001E000C1FF0EBC4243891A1847C0467047C0463B
:1001F000844608006146FFE71FB508F06AFC002846
:1002000001D40021C8421FBD10B508F0FFFB4042D9
:10021000013010BD10B508F05CFC002801DB0020A7
:1002200010BD012010BDC04610B508F052FC0028DA
:1002300001DD002010BD012010BDC04610B508F042
:100240000AFC002801DC002010BD012010BDC046C2
:1002500010B508F000FC002801DA002010BD0120D4
:1002600010BDC046002B11D1002A0FD1002900D1AA
:10027000002802D00021C943080007B4024802A1A7
:100280004018029003BDC04665FFFFFF03B46846F7
:1002900001B5029808F0DCF8019B9E4602B00CBC48
:1002A0007047C04602B4714649084900095C4900DC
:1002B0008E4402BC7047C04603B4714649084000F2
:1002C0004900095A49008E4403BC7047D0400B00D6
:1002D000D1409C46203AD340184352426346934053
:1002E000184370479140030090409C46203A934049
:1002F000194352426346D340194370478446100065
:1003000062468C461900634600E0C0461FB50AF0FD
:100310001DFB002801D40021C8421FBD10B50AF002
:100320006FFA4042013010BD10B50AF00FFB0028F3
:1003300001DB002010BD012010BDC04610B50AF041
:1003400005FB002801DD002010BD012010BDC046C6
:1003500010B50AF097FA002801DC002010BD01203A
:1003600010BDC04610B50AF08DFA002801DA002051
:1003700010BD012010BDC0461C2101231B04984262
:1003800001D3000C10391B0A984201D3000A083926
:100390001B09984201D30009043902A2105C4018DD
:1003A0007047C04604030202010101010000000081
:1003B0000000000010B5002903D1FFF7DDFF203059
:1003C00002E00800FFF7D8FF10BDC0460023C25C62
:1003D0000133002AFBD1581E7047000003B4714658
:1003E000490840004900095E49008E4403BC70473B
:1003F00010B503F0EFFC054803F016FE00F00EF810
:1004000000F016F805F036FCFEE7C046DC1D0610CD
:10041000802010B5C00106F0EDFFFEE710B500F03A
:1004200099F802F079FB01F0D9FE00F085FF10BDCC
:1004300010B51B4B84B002931A4B80220193022308
:100440001949009352000023184805F09DFA012431
:10045000C022174B17490293174B00940193520087
:100460000023164805F090FA8022154B1549029397
:10047000154B0094019352000023144805F084FAB0
:10048000134BC0220293134B1349019303235200D1
:1004900000931248002305F077FA04B010BDC0465F
:1004A00040180020401400200C1E0610110A0410F1
:1004B000DC130020101E0610DC0D00201D2B041084
:1004C000780D0020181E06107809002081240410E1
:1004D0001409002014030020201E06102117041008
:1004E00070B5040001E005F0EDFF00F029FC1828CC
:1004F000F9D900F06DFD7D2003F0E8F901E005F089
:10050000E1FF012003F012FA0128F8D1260000F0E3
:100510006BFD1C360E4D01E005F0D4FF00F010FC21
:100520000028F9D000F054FD2800216803F0E6F916
:1005300001E005F0C7FF012003F0F8F90128F8D128
:10054000043400F051FD0435B442E7D170BDC0461B
:1005500000E8071030B5224C0025220083B02300AC
:10056000202150320820009504F068F8AA22AC211E
:10057000043C5200A552563AFF3A490062500C31F1
:10058000625020600C3117486550043160500431CE
:10059000625010316250144C2378002B0ED1237816
:1005A000002B0BD01148FFF79BFF114803F0F2FC22
:1005B0002078C0B203F0E6FC03B030BD62680D4B9A
:1005C0009A42EFD8A0680021FFF742FE0028E9D048
:1005D000A0680949FFF728FE0028E9D1E2E7C046F4
:1005E000A8180020000080BF00E80710E0390610BE
:1005F000241E06103F420F000000C842022310B51F
:1006000088B00093094B01AA13CB13C213CB13C2BA
:100610001B68694613600122054B5242186800238B
:1006200004F072F8002008B010BDC046E039061092
:10063000A4180020014B98687047C04600E80710D6
:1006400070B500218AB0051C0190FFF701FE00285B
:100650002BD01749281CFFF7E7FD002825D0154CA3
:10066000281CA168FFF7D0FD002802D000200AB0A6
:1006700070BD0223029303AB45CC45C345CC45C3B3
:10068000226802A91A6001220B4B5242186800230B
:10069000CD6004F039F800F043FB0028E6D10422D5
:1006A00001A9043000F0AAFBE0E701204042DEE7A8
:1006B0000000C84200E80710A4180020014B586849
:1006C0007047C04600E8071070B5124B050088B0AF
:1006D00098421CD8104C6368834215D000F03EFB52
:1006E000002814D10223009301AB45CC45C345CC6F
:1006F00045C3226869461A600122084B52421868B5
:100700000023029504F000F8002008B070BD01201D
:100710004042FAE73F420F0000E80710A41800200B
:10072000014B1878C0B2704700E8071070B50F4B46
:1007300004001A7888B0824214D00222009201AAE2
:1007400061CB61C261CB61C21B6869461360012243
:10075000074B5242186800230C7103F0D5FF2000AC
:1007600003F010FC002008B070BDC04600E8071080
:10077000A4180020004870470CE8071030B50100AD
:1007800089B0002815D0022300930B4B01AA31CB6E
:1007900031C231CB31C21B6804A8136010220AF0A9
:1007A000EFF90122054B694618685242002303F015
:1007B000ABFF09B030BDC04600E80710A418002008
:1007C00010B5034803F0E6FB03F0F8FD10BDC0468A
:1007D000541E0610B223012270B5AA25504C5B00AE
:1007E0005242E2506D00635DDA071CD402221A42C5
:1007F00008D05621FF31615C0A423AD05622FF32BE
:10080000A35470BD082210211A40194212D0002AA8
:1008100048D15B073FD5FA220321C820520001F0DE
:10082000EFFC635DEAE700220121002001F0E8FC13
:10083000635DE3E75623FF33E35C1940002A20D0D1
:10084000002944D005F086FAB8235B00E358C01AAB
:10085000C8285CD8334B9968BA235B00E058FFF78F
:10086000E3FC00283BD1C8220421C82001F0C8FCC9
:100870003AE0FE220221C820920501F0DBFC635D14
:10088000BCE7002200291CD0FA200021000101F061
:10089000B7FC635DB2E70321C820234A01F0CAFC1C
:1008A000635DABE703F018FD1E4B9968FFF7BCFCD6
:1008B000C822002825D00821C82001F0A1FC635DD2
:1008C0009CE70021C82001F09BFC635D96E703F0E4
:1008D00003FD144B9968FFF7A7FC0028C3D0C8227A
:1008E0000821C82001F08CFC2000B2230F4A693097
:1008F0005B00FF30E25005F04DFBAA235B00E35C98
:100900007CE70421C82001F07BFC635D76E7FA23D5
:100910006422012100205B0001F0A8FCE4E7C0464E
:10092000A418002000E80710CDCC4C3EC8AF000052
:1009300070B5AA240A4D64002B5DDB060BD509486F
:1009400003F028FB03F026FD04222B5D13432B55F7
:10095000FFF740FF70BD044803F01CFBFAE7C046F8
:10096000A41800206C1E0610841E061070B580208E
:1009700006F038FD244C012814D0C2235B00E35C50
:10098000002B0ED17933FF33E358013304D0AA256D
:100990006D00635D9B0723D5BC2301225B0052429F
:1009A000E25070BDAA2502266D00635D1E420DD087
:1009B000C42301225B0052420020E25000F0F4FD0B
:1009C000635DB3436355FFF705FFEAE72000BC23EF
:1009D00096227D305B00FF30E25005F0DBFAE0E765
:1009E000012000F0E1FD0222635D13436355FFF730
:1009F000F1FE2000C423054A8D305B00FF30E25039
:100A000005F0C8FAC8E7C046A4180020B80B0000DB
:100A1000F0B5DE46574645464E46E0B5AC2791B0A8
:100A200004229D49042000F0E9F9012003F0F4FCC0
:100A300008AB9846994B9A4C04939A4B7F000593C8
:100A4000994B0193994B0293994B0393994B0093C4
:100A5000C4235B0099464B46B226BC25E15876007C
:100A60006D0045E0E359013309D0210020005931E0
:100A70005D30FF31FF3005F0ADFA00287CD1A3597D
:100A8000013309D02100200065316930FF31FF308A
:100A900005F0A0FA002866D16359013324D0BE23A3
:100AA0005B0021009A467931A2445046FF3105F09F
:100AB00091FA002818D001235B4263518633FF333B
:100AC0009B46E35C002B5AD100F088FD502278232E
:100AD0000721002001F0CAFB1E235046635105F098
:100AE00059FA01235A46A3544B46E1584B1C4FD1A7
:100AF000A259E359934200D9130062599A4200D98E
:100B00001A008A4200D90A004146206804F046F8DB
:100B10000128A7D143461B78012B5BD0022B52D072
:100B2000002B9FD143461B799A46002B72D0012B94
:100B300098D103F067FC8346002800D198E0049820
:100B400003F028FA524606ABDA71D91D01220120C2
:100B500000F054F9AA2208215200A35C0B43A354CD
:100B6000FFF738FE7EE7012300225B4200210020D0
:100B7000A35101F045FB8FE703F040FA7FE7002324
:100B80005A46A35403F03AFA4B46E1584B1CAFD0F7
:100B90002100200089318D30FF31FF3005F01AFA35
:100BA000002800D157E701234A465B420020A350AA
:100BB00000F0FAFCAA2202215200A35C8B43A3544A
:100BC000FFF708FE44E709A8FFF78AFC009803F046
:100BD000E1F947E743461B79012B2CD0022B1CD0AF
:100BE000002B00D03EE7019803F0D4F98020C0012B
:100BF00006F000FC2000304B5D30FF30E35105F083
:100C0000C9F9AA2201215200A35C0B43A354FFF7A8
:100C1000E1FD27E7FFF7AAFE24E7039803F0BAF9FE
:100C200003F0A0FBAA2214215200A35C8B43A3541F
:100C3000FFF7D0FD16E7029803F0ACF9C4230122B8
:100C40005B005242E25005F085F8B8235B00E050AB
:100C500003F042FBBA23AA2202215B005200E050BB
:100C6000A35C8B4310210B43A354FFF7B3FDF9E6BC
:100C7000059803F08FF95A4606ABDA71D91D0122A7
:100C8000012000F0BBF8AA2208215200A35C8B438C
:100C9000A354FFF79FFDE5E608E80710041F0610C0
:100CA000A41800201C1F0610B01E0610E81E061017
:100CB000CC1E0610341F0610B80B0000F0B50B4B0D
:100CC00005001E680C0089B0002E0CD06F46202253
:100CD0000021684609F022FF002322006946300007
:100CE0003D7103F0B1FE09B0F0BDC046A41800206C
:100CF00030B589B0050020220021684609F00EFFBA
:100D00006C46012301222370044B69461868524245
:100D10000023257103F0F8FC09B030BDA4180020B1
:100D200010B505F0B5F9002806D0044B1B68181A59
:100D300043425841C0B210BD0020FCE7381A0020E1
:100D4000BC22054B10B59C5810F038FA0100200069
:100D500010F02EFA10BDC046381A0020012300B54D
:100D600087B004930023029310330193093B03904F
:100D7000009301220023012101200CF0D9FB030084
:100D80000020002B01D107B000BD044A9B009958F8
:100D9000034803F0FFF801204042F4E7783A0610D8
:100DA000501F0610012130B5114D83B00400494297
:100DB000286E04F059F86A4600232100D01DD37133
:100DC0000CF094FB00280AD16B46DC79002300224A
:100DD0000021286E03F098FC200003B030BD0124F0
:100DE000044B8000C158044803F0D4F86442EDE796
:100DF000381A0020783A0610741F0610F0B54746DE
:100E0000CE4680B504000F0015008DB0042800D92F
:100E100076E03D4A8300D3583C4E9F46CC23F35A9C
:100E200099463B4B994500D16AE000239846002D36
:100E300020D00121306E494204F016F8C423F15A43
:100E4000043BF05AEBB2029343460193ABB20397D3
:100E500000934A4601230CF03AFCBA27F055012CC6
:100E600028D0A84600281BD1002300220021306E84
:100E700003F04AFC40460DB0C0BCB946B046F0BDD8
:100E8000CE23F35A9946CCE7C623F35A9946C8E7CE
:100E9000C823F35A9946C4E7CA23F35A9946C0E7D0
:100EA0001C4B8000C1581C4803F074F801235B42BE
:100EB0009846D9E7FFF75EFC1021814609F074FEE1
:100EC00004AB984604001B22002105A809F026FE69
:100ED000124B049303F096FA434642461871631C82
:100EE000537117200923494693716844220007343F
:100EF00009F0A5FE4146E0B210F0BEF8F05DB0E7A3
:100F000001235B429846B5E7FC390610381A0020E9
:100F1000FFFF0000783A06109C1F0610042DFFFF0B
:100F2000F0B510218DB0060009F03EFE0121244DE0
:100F300004004942286E03F097FFB623EA5A023BA9
:100F4000E95AE3B202930023A4B2019303960094FA
:100F500000200CF0BCFBFFF70DFC1021070009F08E
:100F600023FE1B220400002105A809F0D7FD154B24
:100F700004AE049303F046FA631C307117207371BA
:100F800009232200390068440734B37109F057FE81
:100F90003100E0B210F070F8002300220021286E2A
:100FA00003F0B2FBBA23EB5C002B01D10DB0F0BD16
:100FB000054A9B009958054802F0ECFFF6E7C04649
:100FC000381A0020042DFFFF783A0610C01F0610C3
:100FD000044B10B5186E002803D00121494203F0DC
:100FE00043FF10BD381A0020054B10B5186E0028BD
:100FF00004D000230022002103F086FB10BDC04670
:10100000381A002010B5002482B0019410F0DCFEE4
:101010006B466946DC70084B01AA5868033100230F
:1010200003F012FD019B002B03D08022034B5205DD
:101030001A6002B010BDC046381A002004ED00E06E
:10104000F0B5C64600B592B0FFF794FB102105003D
:1010500009F0AAFD8023504A5B05995C08AA11702B
:101060004E490600595C002051704D49595C917001
:101070004C49595CD170FF21C900595C11714A4932
:101080005B5C062153710CF037FB041E04D020007A
:1010900012B080BCB846F0BD072101200CF028FB3F
:1010A000041EF4D141480FF0C7FF041EEFD1FF200A
:1010B0000FF0EAFD041EEAD10CF0FBFA041EE6D1A3
:1010C0003B4F10223B1D0193BB1C009302213B00B0
:1010D00001200CF015FA041ED9D1B4235B429846C6
:1010E000B8447A884346B427D95BF3B2B6B20293C8
:1010F000019000230020039500960CF0E8FA1E23CF
:10110000E1226B44D2001A804146B822895A4246F5
:10111000D05B0093002202230CF0CFFA041EB6D15C
:1011200000200CF04FFA041EB1D1FFF7C7FA0123DB
:1011300004930F330193093B03900294009301221F
:101140000023012101200CF0F3F9041E9FD1FFF7C9
:1011500011FB1021070009F027FD1B2205000021CB
:101160000BA809F0DBFC134B0AAE0A9303F04AF913
:101170006B1C30712F20737109232A0039006844D9
:10118000B37109F05CFDE81D3100C0B20FF074FFCF
:10119000BA234246D0547AE7F4070000F50700006E
:1011A000F6070000F7070000F907000010250020EF
:1011B000EC1A0020042DFFFFF0B54E464546574679
:1011C000DE46E0B55A4B9FB006A918000A0070C869
:1011D00070C200680AAC10601A0020001032E0CA29
:1011E000E0C0126802601A000EA82032E0CAE0C017
:1011F000126802601A0012A83032E0CAE0C0126819
:1012000002601A0016A84032E0CAE0C012685033EB
:1012100002601AAA904661CB61C21B68022013606B
:10122000444B0122994600930C230CF021FA00282C
:1012300006D01FB0F0BCBB46B246A946A046F0BDE2
:10124000C4235B424B449B46C4239A465B465246AA
:101250009B5A38219C464B46023305931023C33AD0
:10126000049008301E000393029201910090220026
:1012700060460F3B36390CF0DCF90028D9D15C46CA
:101280005546645B0221A4464C46231D059333005A
:101290000724023304900290009360460396019461
:1012A000113B0EAA0CF0C5F90028C2D157465D4685
:1012B000ED5B4F46BB1D012238210593330004909E
:1012C00008301700029201910090039628000F3B0E
:1012D00012AA36390CF0ADF90028AAD15946554664
:1012E00004234D5B494602930831023B059104906B
:1012F00000930221280003960194023316AA0CF0F1
:1013000098F9002895D15B4651465C5A4B460A3302
:1013100005933F230193353B049000934246200000
:1013200003960297063BC2390CF083F981E7C04669
:10133000041D0610FC1A002030B5284C00232200A2
:1013400083B025005032012100930820230003F0D0
:1013500075F92100083D68605C31012003F032FB23
:1013600028661F480CF00EFABA242855002810D120
:10137000FFF766FEBA251B4C6055002814D1FFF715
:101380001BFFBA25605500281DD1174802F002FE48
:1013900008E0164B8000C158154802F0FBFD2B5D9C
:1013A000002BE5D003B030BD104B8000C158114870
:1013B00002F0F0FD635D002BF4D1FFF7FDFEBA25CE
:1013C00060550028E1D0094B8000C1580A4802F05E
:1013D000E1FD635D002BD8D0E4E7C046401A002051
:1013E000783E0610381A00201C200610783A0610A5
:1013F000E41F0610FC1F06103C200610F0B5C64680
:1014000000B5ACB06B4602A9D81D0CF06FF81E4BAE
:1014100004009846BA234246D05400280CD01B4BF7
:10142000A400E1581A4802F0B5FD0020FFF760FC67
:101430002CB080BCB846F0BD6B46DF7902AD17AE6C
:10144000002F0CD02B7801343370701C691C0622DD
:10145000E4B209F0F4FB07350736BC42F2D10CF0D8
:1014600041F8BA254346041E5855D8D16B46D87961
:101470000028DDD0012217A902F082FB4346041E9A
:101480005855D5D0CBE7C046381A0020783A061018
:101490005C200610F0B5C646C226402200B53C4C82
:1014A00088B0A35D05009343A3555BB2002B52DBCC
:1014B0000CF090F8BA23E05400280ED046280CD047
:1014C000344B8000C158344802F064FD0020FFF71F
:1014D0000FFC08B080BCB846F0BDFFF74BF91021F7
:1014E000804609F061FB06006F461B22002101A81F
:1014F00009F014FB294B009302F084FF731C7B71ED
:1015000009233200414638710736F81DBB7109F0D6
:1015100096FBF0B269460FF0AFFDBA26A055002841
:10152000CED1002D25D08021013000230222890058
:10153000FF300CF059F8A0550028C1D1C22240213B
:10154000A35C17480B43A35402F024FDBA23E05CCC
:101550000028BED0B4E7C0231321E05A0CF052F8A3
:10156000BA23E054002DB4D04022A35D1343A35509
:10157000AFE7B421F02003230222C90080000CF061
:1015800033F8A05500289BD1064802F003FDDDE7A3
:10159000381A0020783A0610BC200610042DFFFFF0
:1015A00080200610A4200610012170B50A4D040009
:1015B0004942286E03F058FCC223EB5C5B06DB0F4C
:1015C000A34202D02000FFF765FF286E002300220F
:1015D000002103F099F870BD381A0020012170B580
:1015E000134C4942206E03F03FFC0BF077FFBA2307
:1015F000E054002813D10F4802F0CCFCFFF7FEFEA8
:10160000C223E05C00254006C00FFFF743FF002324
:1016100000220021206E03F077F8280070BD01251C
:10162000054B8000C158054802F0B4FC6D42EEE75E
:10163000381A00200C210610783A0610E020061017
:1016400030B5C2250223334C85B0605D03420DD115
:101650000423034218D1012303421ED1082303426D
:1016600027D1202303423CD105B030BD98436055BB
:10167000BE33E05A0BF0C2FFBA23E05400283ED13B
:10168000605D04230342E6D0C22598436055FFF70E
:10169000B5FE0123605D0342E0D00200C225400692
:1016A0009A43C00F6255FFF7F5FE0823605D0342C1
:1016B000D7D0C2259843605502F00EFECC2303908C
:1016C000E15A083BE05A03AB0022009304230BF0DD
:1016D000F4FFC023E05A0BF0E6FF2023605D0342D5
:1016E000C2D0C22598436055A033E05A0BF0F2FEF9
:1016F0000028B9D14022635D13436355B4E7064B1C
:101700008000C158054802F045FC0020FFF7F0FAC0
:10171000605DB6E7381A0020783A061030210610CE
:1017200030B583B004F0B4FCBA23214C2060E35CF4
:10173000002B38D10121206E494203F095FBFFF7C1
:101740005DFE0020FFF7A6FE002300220021206E90
:1017500002F0DAFF6B46DD1D05E0002300220021C8
:10176000206E02F0D1FF012229005242606803F08E
:1017700015FA0121206E494203F076FB2B78002BED
:10178000EBD18020C00105F035FE03E00BF0B8FF7F
:10179000FFF756FF1FF02EFB0028F7D08020C00176
:1017A00005F02CFED9E70020FFF7A2FAC2E7C046F9
:1017B000381A002070B506000D0014000D4802F024
:1017C000E9FB31000C4802F0E5FB29000B4802F070
:1017D000E1FB21000A4802F0DDFBC2217F23094A18
:1017E000505C03400120034302205354FFF780FA6A
:1017F00070BDC046582106107C2106108C210610B1
:10180000A8210610381A0020F0B5DE4657464E468D
:101810004546E0B50D0087B01F0010AB10CB05901A
:101820001B8837489B4612AB1B8816009A4613ABA1
:101830001B88994614AB1B78984602F0ABFB0599C0
:10184000304802F0A7FB29002F4802F0A3FB002E2E
:101850004CD12E492E4802F09DFB002F4CD12D4932
:101860002D4802F097FB2678E37822796179029679
:1018700066782A480196A478009402F08BFB5846BB
:1018800007F056FC08F00AFF0022254B08F0DCF9AF
:1018900008F0D2FE234B0100180002F07BFB5146FA
:1018A000214802F077FB4B46990049441F48490004
:1018B00002F070FB4346072B20D81D4A9B00995825
:1018C0001C4802F067FBC022C2211B4B9D52585C92
:1018D0003F3AFF3A024301205A54FFF709FA07B092
:1018E000F0BCBB46B246A946A046F0BD1349084825
:1018F00002F050FB002FB2D01149B1E71149DFE7E8
:10190000F82106107C2106108C210610B821061043
:101910001C220610C821061028220610402206109C
:101920000000F43F60220610782206109022061074
:10193000583A0610B0220610381A0020C0210610AE
:10194000E0210610081E0610F0B5DE4657464E464A
:1019500045468846E0B589B01F0015AB1B88059049
:101960009B4616AB1B884C48079317AB1B88069207
:10197000994618AB1B78129E9A46139D149C02F050
:1019800009FB0599454802F005FB4146444802F031
:1019900001FB069B002B67D14249434802F0FAFA4B
:1019A000002F67D0012F6FD0022F69D0032F6FD087
:1019B0003778F37832797179029777783B480197D5
:1019C000B678009602F0E6FA2E78EB782A796979F3
:1019D00002966E7836480196AD78009502F0DAFAF4
:1019E0002578E37822796179029565783148019507
:1019F000A478009402F0CEFA584607F099FB08F05C
:101A00004DFE00222C4B08F01FF908F015FE2B4B61
:101A10000100180002F0BEFA0799294802F0BAFA4C
:101A20004B46990049442748490002F0B3FA53460F
:101A3000072B23D8244A9B009958244802F0AAFA7D
:101A40004146C022224B9952C2213F3A585CFF3A8C
:101A5000024301205A54FFF74BF909B0F0BCBB46D2
:101A6000B246A946A046F0BD1A490F4802F092FAC4
:101A7000002F97D1184802F08DFA99E71749DCE753
:101A8000174802F087FA93E7164802F083FA8FE7C7
:101A9000154802F07FFA8BE7CC2206107C21061055
:101AA0008C210610B82106101C22061040220610B8
:101AB000B8230610EC2306100000F43F6022061045
:101AC0007822061090220610583A0610B02206100E
:101AD000381A0020C0210610F8220610081E061031
:101AE00050230610242306108023061070B505002D
:101AF0001C480E00140002F04DFA29001A4802F0AA
:101B000049FA052E0BD91949194802F043FAC223A4
:101B1000184AD35C40218B438231535470BD164B1D
:101B2000B200D158124802F035FA022E0FD1013C12
:101B3000E4B20B2C09D8114BA400E158104802F074
:101B400029FAC2230B4AD35CE4E70849F6E7C2232B
:101B5000084AD35C002EDDD15906DBD504210B43A6
:101B6000D8E7C046202406108C210610081E061057
:101B700044240610381A0020403A0610103A061085
:101B800054240610F8B507000C0016001D0021486B
:101B900002F000FA3900204802F0FCF921001F4849
:101BA00002F0F8F931001E4802F0F4F929001D484E
:101BB00002F0F0F90D2C0AD80123A3401A4A13426F
:101BC00004D1072C03D10698FEF7D8FDF8BDC62333
:101BD000164AD35A01339C4215D0CA23D35A013333
:101BE0009C4209D0CE23D35A01339C42EED1069BAE
:101BF0001868FEF725FDE9E7069B1B78012BE5D168
:101C0000FEF7DEFDE2E7069B1B78012BDED1FEF737
:101C10008FFEDBE7642406108C2106108824061052
:101C20009C240610AC240610042A0000381A002058
:101C300070B506000D0014000A4802F0ABF931003F
:101C4000094802F0A7F92900084802F0A3F9210089
:101C5000074802F09FF9C2210820064B5A5C024354
:101C60005A5470BDC42406108C210610E8240610B6
:101C70009C240610381A0020BC21014B5A50704792
:101C8000381A002010B5034802F084F90020FFF74D
:101C90002FF810BD0425061070B505000C0008488B
:101CA00002F078F92900074802F074F9210006488B
:101CB00002F070F90549064802F06CF970BDC046A3
:101CC000202506107C2106108C21061040250610C8
:101CD0006C25061010B5024802F05CF910BDC04634
:101CE0008825061010B5024802F054F910BDC04610
:101CF000C025061010B5024802F04CF910BDC046D0
:101D0000E825061010B5024802F044F9002010BD85
:101D10001426061010B5024802F03CF910BDC0466A
:101D20002C260610F0B5C64600B580461C006B4652
:101D30000F00160014481D8B02F02CF94146134881
:101D400002F028F93900124802F024F9300007F0B7
:101D5000EFF908F0A3FC00220E4B07F075FF08F026
:101D60006BFC0D4B0100180002F014F921000B4828
:101D700002F010F9A90049194900094802F00AF9CE
:101D800080BCB846F0BDC046502606107C21061027
:101D90008C2106100000F43F602206107822061005
:101DA0009022061010B5024802F0F4F810BDC046AB
:101DB0007C26061010B5024802F0ECF810BDC046B3
:101DC000B026061010B5024802F0E4F810BDC04677
:101DD000D826061010B5024802F0DCF810BDC04647
:101DE000FC26061010B5024802F0D4F810BDC0461B
:101DF0003027061010B5024802F0CCF810BDC046DE
:101E00005827061010B5024802F0C4F810BDC046AD
:101E10008427061010B5024802F0BCF810BDC04679
:101E2000AC27061010B5024802F0B4F810BDC04649
:101E3000CC27061010B5024802F0ACF810BDC04621
:101E4000F027061010B5054802F0A4F8C2212020A2
:101E5000034B5A5C02435A5410BDC0461C2806105E
:101E6000381A002010B5024802F094F810BDC046A0
:101E70003828061010B5024802F08CF810BDC04694
:101E80005828061010B50C00034802F083F8210012
:101E9000024802F07FF810BD7C280610A828061022
:101EA00010B5024802F076F810BDC046BC280610F6
:101EB00010B5024802F06EF810BDC046E4280610C6
:101EC00010B5024802F066F810BDC046042906109D
:101ED00010B5024802F05EF810BDC0462829061071
:101EE00010B5024802F056F810BDC0464829061049
:101EF00010B5024802F04EF810BDC0467029061019
:101F000010B5024802F046F810BDC04694290610EC
:101F100010B5024802F03EF810BDC046B0290610C8
:101F200010B5024802F036F810BDC046D0290610A0
:101F300010B5024802F02EF810BDC046F429061074
:101F400010B5024802F026F810BDC0461C2A061043
:101F500010B5024802F01EF810BDC046402A061017
:101F600010B5024802F016F810BDC046602A0610EF
:101F700010B5024802F00EF810BDC0467C2A0610CB
:101F800010B5024802F006F810BDC0469C2A0610A3
:101F900010B5024801F0FEFF10BDC046BC2A061075
:101FA00010B5024801F0F6FF10BDC046D82A061051
:101FB00010B5024801F0EEFF10BDC046082B061018
:101FC00010B5024801F0E6FF10BDC0462C2B0610EC
:101FD00010B5024801F0DEFF10BDC046542B0610BC
:101FE00010B5024801F0D6FF10BDC046782B061090
:101FF00010B5024801F0CEFF10BDC046A02B061060
:1020000010B5024801F0C6FF10BDC046CC2B06102B
:1020100010B5024801F0BEFF10BDC046F82B0610F7
:1020200010B5024801F0B6FF10BDC046182C0610CE
:1020300010B5024801F0AEFF10BDC046402C06109E
:1020400010B5024801F0A6FF10BDC046642C061072
:1020500010B5024801F09EFF10BDC046842C06104A
:1020600070B5144C251D2100280003F0B3FF002893
:1020700000D170BD022328002600236003F08AFFF0
:102080009C24B423413EFF3E64005B00F15830596C
:1020900006F05EFA084D305102F0D8F83059291C8C
:1020A000FEF7D6F80028E4D09A2300225B003551D1
:1020B000F250DEE7481C00200000C84210B5154C65
:1020C0002100201D03F086FF002815D0AE23413CDF
:1020D000FF3C5B00E25C002A0FD10122E254B023F6
:1020E0005B00E2580C48203BE250083BE05002F015
:1020F000ADF80A4803F04EFF10BD00220020E25464
:102100000833E258243BE250083BE05002F09EF8CE
:10211000EFE7C046481C00200000C8424C1C0020CD
:10212000F8B5284C251D2100280003F053FF002896
:1021300000D1F8BD022328002600236003F02AFF07
:1021400003F008FEAC23413EFF3E5B000700F05861
:1021500008F0A4FA1C4A1D4B07F076FD00221C4B28
:1021600007F072FD00221B4B07F0E8FA040038006C
:102170000D0006F0DDFF08F091FA02000B002000D0
:10218000290007F061FDAA235B000400F0580D0050
:1021900008F084FA02000B002000290007F006F87E
:1021A00008F0BEFA09F07EFE011CFE20800506F054
:1021B000C7FD094906F0CCFC9C235B00F05002F0FF
:1021C00045F8B6E7481C0020182D4454FB2119405F
:1021D0000000344000408F400000484210B5074CDA
:1021E0000023220082B000931C21230050320820DB
:1021F00002F024FA043C206002B010BD0C1B002049
:10220000F0B589B001AC07000E00150000211822BE
:10221000200008F083FC0122054B2100186852427F
:10222000002302972672079502F06EFA09B0F0BDFE
:10223000081B0020F0B589B001AC07000E00151C8A
:1022400000211C22200008F069FC012301222370D8
:10225000054B21001868524200230297267204950C
:1022600002F052FA09B0F0BD081B0020F0B5C646D6
:1022700000B588B080460F00160000211C22684679
:102280001D006C4608F04AFC0223237043460122DD
:102290000193074B6946186852420023277204963F
:1022A000059502F031FA08B080BCB846F0BDC046D2
:1022B000081B0020F8B54746CE4680B5AC27A623BC
:1022C000634E7F00F0515B00F35C0C00002B69D182
:1022D0003933FF33F058984608F0E0F9A0225D4BFF
:1022E000120609F03FFE08F01BFA08F0D7F9A02209
:1022F000594B120609F014FE08F012FA4346F0504A
:1023000003F028FD8146F05908F0C8F9534A544BB0
:1023100007F09AFC0022534B07F096FC0022524B28
:1023200007F00CFA040048460D0006F001FF08F023
:10233000B5F902000B002000290007F085FC80237E
:102340001B06CD18434604004849F05806F07CFAB5
:10235000FE21890506F0F4FC09F05AFD08F09EF90B
:1023600002000B002000290007F094FE3B4A404B7E
:1023700006F01CFF08F0D4F9011C041C06F062FEF4
:10238000002862D165006D083A49281C06F05AFE03
:1023900000284FD13749281CFDF746FF002849D1B6
:1023A000354C47E003F0D6FC322205000023200024
:1023B000002105F0F7FFFA2200239200FDF752FFFB
:1023C00006F0B6FE9C235B00F15806F0C1FB2A49DB
:1023D00006F03AFA041C280006F0AAFE011C201C94
:1023E00006F0B6F808F05AF90400F0590D0008F0AC
:1023F00055F91A4A1A4B07F027FC0022194B07F02F
:1024000023FC0022184B07F099F902000B00200072
:10241000290007F019FC8023C0221B06C918D20529
:10242000134B07F037FE0D4A114B06F0BFFE08F0C4
:1024300077F9041CAA239A225B00F4500F4B520038
:10244000B350C0BCB946B046F8BD0024F2E7C04660
:10245000081B002099F958409999B93F182D445408
:10246000FB2119400000344000408F4000004842EA
:10247000FB210940FFFF7F7F0000C842212104109B
:10248000F0B54546DE4657464E466F4BE0B59B4697
:102490006E4BA6269A46A02389B05B0000226D46AB
:1024A00098466B4C760057E068682F7A002800D178
:1024B00090E006F03DFE674906F0C6F9011C66484B
:1024C00006F0C2F9A8235B00E050143B9946E35C98
:1024D0002000FA1A511E8A41591E8B411340A35500
:1024E000424600234530FF30A35003F053FDA35D67
:1024F000002B0CD14B46E35CBB4208D09C23002050
:102500005B00E05001F0A2FE380001F0E3FD9E23E5
:102510005B00E7542B78012B00D187E0022B5BD0C6
:10252000002B1FD1A869002800D18BE006F000FE27
:10253000484906F089F9011C474806F085F9B4239B
:102540005B00E0505B469A225200A350A25D002A35
:1025500012D198474346E2582900206802F01EFB3A
:102560000128A1D09A2301225B00E3585242002B9C
:10257000F2D0A25D002AECD027002100453741317E
:10258000FF373800FF3103F025FD0028E2D0424636
:1025900002233800A3509C2703F0FCFCA8237F00F3
:1025A0005B00E158E05906F0CBFBE05101F04EFE34
:1025B0000023E059191C9946FDF736FE0028C9D0C2
:1025C0004B46E3510023A3553D33FF33E05C01F05C
:1025D00081FDBFE7204875E73222002328690021EA
:1025E00005F0E0FEFA2200239200FDF73BFEB02347
:1025F0006F695B00E050322200233800002105F0B3
:10260000D1FEFA2200239200FDF72CFEB2235B00DC
:10261000E0504346E05020004530FF3003F0BAFC64
:10262000AE2300225B00E25453468CE76968E868F9
:10263000FFF740FE9A2301225B00E3585242002B31
:1026400097D189E704487AE761200410BD2004107F
:10265000081B0020000020420000C84210B5034AB9
:102660000349044801F0E0FC002010BDF0320610E0
:10267000FC32061004330610F8B5094C094E270049
:10268000094D90372168300001F0CEFCA168280088
:102690000C3401F0C9FCBC42F4D10020F8BDC046A6
:1026A000103F0610103306101420061010B5012834
:1026B0002DD0022826D14C681A48210008F036FA9D
:1026C000002816D02100184808F030FA002810D051
:1026D0002100164808F02AFA002805D021001448E5
:1026E00008F024FA002818D10020FEF71FF811493D
:1026F00003E00120FEF71AF80F49104801F094FC9E
:10270000002010BD0E4801F08FFC0120F9E7FEF714
:1027100007F80028F0D10749EFE70A4801F084FCE8
:102720000120EEE7343306103C3306104033061028
:10273000003306102833061020330610A03306108D
:10274000783306104833061030B587B004000D000A
:102750001122002101A808F0E1F9012C1FD0022C60
:1027600018D16C682000FDF731FE01380F281ED803
:102770001022210001A808F003FA2000FDF7FEFF57
:102780006868FEF7CDFB0D4801A901F04DFC002063
:1027900007B030BD0A4801F047FC0120F8E7FDF71B
:1027A000E9FF1022010001A808F0EAF9EBE7102187
:1027B000044801F039FC0120EAE7C046F433061072
:1027C00078330610B033061000B583B001281AD054
:1027D000022812D1124B486801AA190008F01AF910
:1027E000002815D00198FDF76FFF002814DB019930
:1027F0000C4801F019FC002003E00B4801F014FC28
:10280000012003B000BDFDF759FF01000190EFE783
:10281000064801F009FCF3E7054801F005FCEFE785
:102820000834061050340610783306100C340610A5
:102830003034061070B501F04FFD07F02FFF0E4A3F
:102840000E4B06F0B3FC07F06BFF051C06F00EFC08
:10285000040006F06DFC011C281C06F071FA084902
:1028600006F076F905F0C0FD064B020021001800C5
:1028700001F0DAFB002070BD9A9999999999A93FC6
:10288000000020415C34061030B50C0083B00128F4
:1028900058D0022851D14D682E21280008F08FF918
:1028A000002805D04378002B02D000238370656890
:1028B00000236A46009301932800274901AB08F0E2
:1028C000A9F80138012833D8019806F031FC2349D2
:1028D00005F0BAFF041C009806F02AFC011C201C1D
:1028E00005F036FE041CFDF7ABFE00282ED1201C9F
:1028F00007F0D4FE1A4A1B4B06F058FC07F010FFF5
:10290000051C06F0B3FB040006F012FC011C281C99
:1029100006F016FA114906F01BF905F065FD124B99
:1029200002002100180001F07FFB002003B030BD41
:102930000E4801F079FB0120F8E70D4801F074FB27
:102940000120F3E7FDF776FE041CD0E7094801F00B
:102950006BFB0120EAE7C0467434061000002041FA
:102960009A9999999999A93FD43406107C34061004
:10297000783306109C340610F0B5CE46474680B535
:102980009BB005A8FEF70EFA061E36DD1D4801F0C5
:102990004BFB1D4BF50099461C4BAD1B05AC9846F7
:1029A0001B4F1C4E65190AE0012B02D1404601F075
:1029B0003BFB3000073401F037FBAC4217D06078A6
:1029C00023796279A1790290A0780190E078009053
:1029D000380001F029FB2378002BE5D1484601F0AF
:1029E00023FB0734300001F01FFBAC42E7D100208D
:1029F0001BB0C0BCB946B046F0BD074801F014FB9F
:102A0000F5E7C04608350610443506104C3506106B
:102A1000243506104C1F0610F434061010B5FEF7CE
:102A2000DDFD054801F000FB142003F0D5F801F0AE
:102A3000E5FA002010BDC0465435061010B5FDF76C
:102A4000DDFDFEF7CBFD054801F0EEFA142003F0A2
:102A5000C3F801F0D3FA002010BDC046703506104F
:102A600030B5012387B0012802D0180007B030BD6F
:102A7000FDF756FE00283BD01E491F4801F0D4FA4E
:102A8000FDF71CFE1D4B0100180001F0CDFAFDF70B
:102A9000D1FD07F003FE1A4A1A4B06F087FB07F038
:102AA0003FFE051C06F0E2FA040006F041FB011CA3
:102AB000281C06F045F9144906F04AF805F094FC84
:102AC000124B02002100180001F0AEFA1122002181
:102AD00001A808F023F8FDF74DFE1022010001A81F
:102AE00008F04EF80A4801A901F09EFA0023BCE75D
:102AF0000849C2E720330610A033061050340610F0
:102B00009A9999999999A93F00002041D4340610C7
:102B1000F4330610283306107047C046F0B54E4611
:102B2000DE4657464546E0B5C5B034AB9946E24B64
:102B3000370008932EAB9846E04B0393E04B0C9381
:102B4000E04B0B93E04B0D93E04B0493E04B0A9367
:102B5000E04B0193E04B1093E04B1193E04B069355
:102B6000E04B0793E04B0E93E04B0293E04B0F9347
:102B7000E04B1D93E04B0993E04B1293E04B139312
:102B8000E04B1493E04B1593E04B1693E04B1793F7
:102B9000E04B1893E04B1993E04B1A93E04B1B93D7
:102BA000E04B1C93E04B1E93E04B1F93E04B2093B4
:102BB000E04B2193E04B2C93E04B2D93E04B229381
:102BC000E04B2393E04B2493E04B2593E04B26937B
:102BD000E04B2793E04B2893E04B2993E04B2A935B
:102BE000E04B2B9300239B464B465A4608981A709D
:102BF00001F01AFA002300259A4600260DE0DA4A71
:102C0000934200D123E1D94A934200D125E1082320
:102C10005E460137BB427641F6B20120404201F0E8
:102C200035FA0400002E00D1F1E14346DC551B6863
:102C3000CF4A9342E3D1002DE9D00398013D01F042
:102C4000F3F90120404201F021FA3E000400230084
:102C5000083BDBB2132B03D8019A9B00D3589F4645
:102C600053463F2B00D885E10120404201F00EFA87
:102C70000400ECE72EAB07220021581C07F04EFFA2
:102C800001201B2342464042137001F0FFF9012747
:102C90000400CAE7099801F0C7F937004B465646C9
:102CA0005A469B191A70002E9EDD4B46202148463D
:102CB0009A55309307F056FF002800D17EE15B461D
:102CC000202103700130319007F04CFF002800D123
:102CD00081E15B46202103700130329007F042FF12
:102CE000002800D179E15B46042403700130339061
:102CF0004846149907F01AFF002800D166E14846BB
:102D0000159907F013FF002800D16AE1484616998B
:102D100007F00CFF002800D165E14846179907F03D
:102D200005FF002800D160E14846189907F0FEFE33
:102D3000002800D15BE14846199907F0F7FE00280A
:102D400000D158E148461A9907F0F0FE002800D15A
:102D50004FE148461B9907F0E9FE002800D14EE1FB
:102D600048461C9907F0E2FE002800D145E148469C
:102D70001E9907F0DBFE002800D144E148461F9968
:102D800007F0D4FE002800D13BE14846209907F027
:102D9000CDFE002800D138E14946219801F044F9E0
:102DA00022E75346002B00D15EE70E9F05963C00BC
:102DB000903726684946300007F015FF002803D0F9
:102DC0003100029801F030F90C34BC42F1D149468F
:102DD0000F98059E01F028F9554500D144E7534668
:102DE0001D98591B01F020F93EE7069801F01CF9E7
:102DF0004946079801F018F936E7002D00D133E76E
:102E00006B1E52461C00571E05934C44BB4205D214
:102E100029002000521B494407F06EFE4B465A46DB
:102E2000DB191A70109801F0FFF8119801F0FCF806
:102E30002100049801F0F8F80A9801F0F5F8012053
:102E4000404201F023F9BA460400059DFFE65545CE
:102E500000D3DCE60C980135F1E643461B79002BE4
:102E600000D0D4E6554500D3D1E65346681C5E1E1B
:102E7000864207D95246A91C023A521B494448448B
:102E800007F03AFE4B465A469B191A700B9801F010
:102E9000CBF80D9801F0C8F84B460498591901F089
:102EA000C3F80A9801F0C0F80120404201F0EEF8A2
:102EB000B24604003E00CAE6A0350610B43506103E
:102EC000B8350610C4350610D0350610D4350610B6
:102ED000D8350610AC3E0610E4350610F035061065
:102EE000F835061000360610103F0610143606108E
:102EF0001C360610343606104C1F06103C360610E1
:102F0000403606104C360610543606105C36061055
:102F1000643606106C3606107036061074360610CD
:102F20007C360610843606108C3606109C36061049
:102F3000A4360610A83606105D2604107926041063
:102F4000AD26041049270410C927041035280410A1
:102F500089280410612A0410792904101D2A0410FC
:102F60003D2A0410A53204101B5B43001B5B337E1B
:102F70001B5B4400554532D25A1B4B466F1C5919F6
:102F8000D81907F0B9FD012294462B004A46E244C5
:102F90004B4452441C70059313005A460B981A7008
:102FA00001F042F80599049801F03EF8129801F0FA
:102FB0003BF813983D0001F037F855E64846149960
:102FC000012407F0B3FD002800D098E62C9B2000D8
:102FD00030A9984708E602248AE6032488E66F1C95
:102FE000D1E72D9BF3E7229BF1E7239BEFE7249B9F
:102FF000EDE7269BEBE7259BE9E7289BE7E7279B87
:10300000E5E72A9BE3E7299BE1E72B9BDFE73E000F
:103010001DE6C04670B5037B04000D00002B0AD0EE
:1030200061682C4801F000F8237B042B4ED82A4A13
:103030009B00D3589F46294800F0F6FFF0E7284848
:1030400000F0F2FF2169274800F0EEFFA16A264850
:1030500000F0EAFF002D36D0A06906F069F8234998
:1030600005F076FD041C280006F062F8011C201C07
:1030700005F0EAFB051C05F0F9FF040006F014F862
:10308000011C281C05F05CFE194905F061FD05F0E6
:10309000EDFF0200174B2100180000F0C5FF164895
:1030A00000F0C2FF70BD154800F0BEFFCAE714482B
:1030B00000F0BAFFC6E7134800F0B6FFC2E71248B7
:1030C00000F0B2FFBEE700220024E3E70F4800F063
:1030D000ABFFB7E7DC360610FC3E0610D436061010
:1030E00014370610443706104C3706100000C8424B
:1030F00000002041583706106437061024370610A8
:10310000F436061004370610E4360610343706107D
:10311000F0B5CBB008AC02F023FE0621200001AAD6
:1031200003F094F802AD061E2ED0029401281ED0A2
:1031300013AB6B60022841D01EAAAA60032809D0F5
:1031400029AAEA60042805D034AA2A61052801D0FA
:103150003FAA6A61A169626C701E914235D36968A9
:10316000AB688C699A69944221D3022832D14C48C9
:1031700000F05AFF0024019901CD0134FFF74AFF06
:10318000A642F8D84BB0F0BD02996A688869946984
:10319000844256D8AB689F69A74219D96B60AA6070
:1031A000B84215D20120404269600293DDE7A96070
:1031B00002996B608C69A242D7D9F5E7A169626C6C
:1031C0009142D4D202936C60D1E702936C60C6E75F
:1031D00001204042AB68E9689C698A6994424ED3F9
:1031E0000328C4D0EB6829699C698A6994422DD36D
:1031F0000428BCD02A69696990698B698342B6D971
:10320000E8686A6182692961934202D91A002861DB
:10321000E960A968E8688B69934202D21300E9600B
:10322000A8606968A8688A69934202D91A00A960EF
:103230006860029B69689869824298D96B600291C4
:1032400095E7012002926960404288E7AC682B61F3
:10325000A369E9609A4202D91300EC60A960696829
:10326000AC688A69934202D91A00A9606C60029B1B
:1032700069689C69A242BBD96B600291B8E76C682F
:10328000EB60A369A9609A4202D91300AC6069603F
:10329000029A69689469A342A2D96A6002919FE781
:1032A0007037061070B50E4800F0BEFE0D4E0E4D84
:1032B0000E4C300000F0B8FEFFF72AFF280000F0A7
:1032C000B3FE200000F0B0FEFA20800000F0DEFE29
:1032D0000328EED1064800F0A7FE002070BDC046CE
:1032E000B0370610B8370610C4370610DC370610A2
:1032F0004C1F061010B507F08DFC0C230360012055
:10330000404210BD30B50400080085B020602000A8
:1033100011001A00184B1C301C6001F0F3F8099AD8
:103320000899201D01F0EEF803252300002200215A
:1033300038330095012001F081F9230000226063F9
:1033400000218C330095012001F078F988230021B9
:10335000E050606B01F088FD0121082004F09CF82A
:10336000064B03A81A8802809B78837004F086FCC1
:10337000002005B030BDC046741C0020641D06103E
:1033800030B585B008AC25780191072A45D011D811
:10339000052A46D00121062A08D101AC21716171AC
:1033A000012B0FD0022B3AD0002B0CD00120404231
:1033B00005B030BD0321082AF8D101AC217161713B
:1033C000012BEFD10223E371002D01D0012DEDD1AE
:1033D000436AA5715A1E9341C2685B002372002A9A
:1033E00002D00122134323720023002063720133B1
:1033F000A37204F0D3F8200004F0DEF8062004F0F5
:10340000D1F9002004F0C2F90121102004F080F964
:10341000012004F0C3F80020CAE70221BDE7012320
:10342000D1E70021B9E7C046F0B5C64604000E005A
:103430001700002000B5002A02D180BCB846F0BDBC
:1034400081200021400104F063F90021606B01F04C
:103450000BFD8120400104F093F90EE0002D28D0EF
:10346000E36A226A18780133E362934201D3E36985
:10347000E362013D256304F057F9202004F064F96C
:10348000256B0028EAD000239846002D11D020009B
:1034900031003A001C3001F03FF8236B0500012198
:1034A000002B18D18020400104F032F9280040445C
:1034B000C3E7002505E0BD4211D0705D04F034F98A
:1034C0000135202004F040F9A84673190028F2D0F5
:1034D0001E007F1BDBE7202004F01AF9E6E7002737
:1034E0001E00D4E770B505004B1C0BD03222002320
:1034F0000800002104F056FFFA2200239200FCF796
:10350000B1FE0100686B01F0AFFC0400012802D09D
:103510000024200070BD02F0E1FF082004F014F93F
:10352000002803D0002402F0E5FFF2E70023002288
:103530000021686B01F0E8F8F5E7C046F8B5040033
:103540000F0016000020002A00D1F8BD0021103025
:1035500004F0DEF832003900201D01F009F8050002
:10356000864206D822E004F0E7F878550135AE42ED
:103570001CD9102004F0E8F80028F4D0102004F042
:10358000E3F8A369002817D1E2689A4214D004F046
:10359000D3F8236918702369A26801332361934229
:1035A00001D363682361A3690133A361102004F090
:1035B000CBF8A3690028E7D0002B05D0102001210B
:1035C00004F0A6F82800C0E788330021E05801F095
:1035D0004BFCF3E770B505000C004B1C0BD03222FE
:1035E00000230800002104F0DDFEFA2200239200EF
:1035F000FCF738FE04008826002004F0D3F82100F0
:10360000A85901F031FC012804D0062004F0CAF8C2
:10361000A86970BD002300220021A85901F074F8A8
:10362000F3E7C0463E4B10B51C68002382B0202053
:10363000019304F09BF8012813D08020400104F08E
:1036400095F8012858D0102004F090F8012831D0C6
:10365000019B002B03D08022324B52051A6002B02E
:1036600010BD314B1B8F9B06E7D51F3004F088F847
:103670000EE0002A14D0E36A216A18780133E3626D
:103680008B4201D3E369E362013A226304F04CF810
:10369000202004F059F8226B0028EAD0002ACCD16F
:1036A0000021202004F034F880200121400104F0A2
:1036B0002FF8C2E71C4B1B8FDB06C9D50F3004F077
:1036C0005FF80EE004F038F8236918702369A268E7
:1036D00001332361934201D363682361A3690133FA
:1036E000A361102004F030F80028EBD0882301A952
:1036F000E05801F007FAABE780220B4B52011B8F19
:103700001342A0D0100004F03BF8802000214001BB
:1037100003F0FEFF606B01A901F0F4F993E7C046E6
:10372000741C002004ED00E0000030400D4B70B52B
:1037300005000C0099420CD00B4B99420FD1802010
:103740000121400103F0A8FE002300202C606B60E3
:1037500070BD80200121000103F09EFEF4E70120EE
:103760004042F5E70000D0400000E04070B50400A2
:103770001A480D00002682B00902814208D8FCF7E1
:10378000EFFC80235B00984225D845430138C6B240
:1037900029001248FCF7E4FC6060684604F058F821
:1037A00080236D465B002B800023AB70AB80636889
:1037B0006946013B2068EB80EE7004F001F80122BD
:1037C0002068002104F056F82068012104F046F832
:1037D000002002B070BD1800D7E7C0460048E801DD
:1037E00070B50C1C06000021201CFCF713FD0028FE
:1037F0001CD10F49201CFCF721FD002800D00C4CE7
:103800007568280005F094FC211C05F0A1F906F06C
:1038100045FF0022074B05F091FF04F0FDFD3368E2
:103820002D1AADB282B29A801D8170BD0024E7E7E7
:103830000000C84200005940002203681A80704707
:10384000002310B50160037180204000012103F0C6
:1038500023FE002010BDC04600B583B000230171D7
:10386000684603700133FF334380FE3B41700371B0
:1038700004F016F8012004F091F8012004F07AF821
:10388000002003B000BDC04670B50500042401202F
:1038900004F052F8042004F08FF80028FAD0013C1C
:1038A00004F0CEF9002CF2D12879022104F08CF832
:1038B00070BDC04610B507F0C2F910BD10B507F0D5
:1038C0002DF910BD10B507F009F910BD084B1A68A5
:1038D000084B9A420AD13F23074A40061381000C45
:1038E0002E3B90611380138ADB07FCD57047C046DE
:1038F00014000020CCBCECFC00001040084B1A68FF
:10390000084B9A420AD13F23074A800813810C3B97
:10391000906111641380138ADB07FCD57047C046A1
:1039200014000020CCBCECFC00001040034B1B8AB0
:103930001840431E9841C0B27047C0460000104076
:10394000C02380211B061A680A431A601A688A433A
:103950001A607047C02301211B061A680A431A60C7
:103960001A688A431A607047C0231B0618688007CC
:10397000C00F7047054B1B78002B05D1044B18680E
:10398000431E9841C0B270470120FCE7781C00201C
:10399000000400C0F0B5534B91B01C006A46E0CC67
:1039A000E0C2E0CCE0C260CC60C22033E0CBE0C239
:1039B00070CB70C230CB30C2012857D002281CD047
:1039C000032850D16A4620234C1E551E03E0013BBC
:1039D000002B00D17CE0E05CEA5C861A9042F6D0D5
:1039E000414B1A78002E00DB74E0022082433F48EE
:1039F0001A700C1D02003E4B50E06A4620234C1EFC
:103A0000551E02E0013B002B5CD0E05CEA5C861AAC
:103A10009042F7D0344B1A78002E55DA01208243B9
:103A20001A700C1D4B0759D1324BCB18002B55D0B7
:103A30000C684D68304B1C605D60304B8C68CD6805
:103A40001C605D602E4B0C694D691C605D602D4BE8
:103A50008869C969186059602B4B2FE0224B1A788E
:103A600004210A431A70012011B0F0BD1F25202344
:103A70004C1E6D4402E0013B002BEFD0E05CEA5CA1
:103A8000861A9042F7D0184B1A78002EE8DA0420F4
:103A900082431E481A7002001D4B0C1D0D68056004
:103AA0002068506088689060C868D06008691061BC
:103AB0004869506188699061C969D161002200201C
:103AC0001A60D1E7084B1A7801210A431A70CAE735
:103AD000054B1A7802210A431A70C4E706480A4BBC
:103AE0000200DBE7681D0610781C0020B40400C04B
:103AF000D40400C074FBFF3F900400C0980400C0D1
:103B0000A00400C0A80400C0B00400C06C0400C041
:103B10008C0400C0431E10B5022B1DD8C200164BEA
:103B200012189200D318880718D114481018081AD0
:103B3000022813D91A680A605A684A609A688A602B
:103B4000DA68CA601A690A615A694A619A698A61BF
:103B5000DB69CB61002010BD0120FCE70800521A90
:103B60002030054C8B18A44663441B780B70013140
:103B70008842F6D1EEE7C046480400C0490400C0C0
:103B800010B514F0B5FB10BD10B511F0E5F810BD7F
:103B900010B510F099FC10BD10B510F09FFF10BDCE
:103BA00070B584B06E466C466D46B68D248CAD8C77
:103BB00003960A9E01950296009411F0BFF904B095
:103BC00070BDC04670B584B008AC20CC0AAE247875
:103BD000367801940296009511F0F0F804B070BDAB
:103BE00010B50AF0E3F910BD10B512F081FC10BD5C
:103BF0000120704710B509F0B7FF10BD10B514F0E3
:103C0000EDFD10BD10B512F037FB10BD10B515F06D
:103C1000AFFE10BD10B50AF09FF910BD10B50AF047
:103C2000A3F910BD10B50EF063FA10BD10B517F072
:103C3000D7FE10BD10B517F0F7FB10BD10B517F08B
:103C400057FF10BD10B517F016FC10BD10B510F0E1
:103C50002DF910BD10B510F039F910BD10B510F0E8
:103C600041F910BD10B511F0C1FA10BD10B50EF03C
:103C700015F810BD10B511F0F9FC10BD10B511F01C
:103C800005FB10BD10B511F033FC10BD01207047CD
:103C900010B50DF0AFF810BD10B519F0FFFF10BD55
:103CA00010B519F0CFFF10BD10B519F0B3FF10BD5E
:103CB00010B51AF08DF910BD0120704710B51AF03B
:103CC0000DFA10BD10B51AF0CFF910BD10B518F0EF
:103CD000C7FB10BD10B518F0DDFB10BD10B518F016
:103CE00057FC10BD10B518F04DFB10BD10B518F005
:103CF00061FB10BD10B518F07FFB10BD10B518F0BA
:103D0000DFFB10BD10B518F0F5FB10BD10B517F0B6
:103D1000E7FB10BD10B517F0B7FB10BD10B517F0DD
:103D2000A7FF10BD10B517F09FFE10BD70B50400C1
:103D30000DF044FA050002F089F901281CD072B692
:103D400002F084F9002812D01A4B19781A4B1A780D
:103D5000022808D0022002F027FD184B1B78002B08
:103D60001CD162B670BD013002F01EFDF9E762B6EB
:103D700003300DF047FAF5E702300DF043FA600129
:103D8000001B800000193221C000FCF7E9F9010096
:103D900003200DF01CFA0DF0C7FAD0E70DF00EFA73
:103DA00029000DF005FA1421FCF7DAF901F0DEFF25
:103DB000D7E7C0467A1C0020791C00200C000020A8
:103DC000024B1870024B19707047C0467A1C0020D5
:103DD000791C0020F0B5C64600B58AB004F0E4F9BD
:103DE000604C0120210000F0EDFD5F4B0121E61841
:103DF0005E4B0027F050012003F04EFB04A803F0B7
:103E0000EBFA802304936B4604A81F7503F000FAB5
:103E100080235B0104936B4604A81F7503F0F8F937
:103E20004023062504936B4640201D7503F0E6FAF7
:103E300004A803F0EDF980206B46C0011D750490C5
:103E400003F0DCFA04A803F0E3F920239846049376
:103E50006B4620201D7503F0D1FA04A803F0D8F9B1
:103E60000F2304936B460F201D7503F0C7FA04A8B7
:103E700003F0CEF9102304936B4610201D7503F058
:103E8000BDFA04A803F0C4F980231B0104936B4618
:103E9000053D04A81D7503F0BBF980235B00049366
:103EA0006B4604A81D7503F0B3F9314B03A81A88BB
:103EB000013502809B78837003F0E0FE80220023AE
:103EC00006A806920793089503F0A4FA802200231F
:103ED000520106A806920793089503F09BFA8420E6
:103EE000400103F0CDFA84200121400103F0BCFA27
:103EF00041460191210080231E4A2439A2180091D5
:103F000030001D49DB00FFF7FDF92500E12100230A
:103F100008225035300000974902FFF731FA280097
:103F20001649FFF703FC64212800FFF71FFC8121DD
:103F300060342000C905FFF783FC02212000FFF751
:103F40008BFC0121802003F0A7FA0D4803F084FECA
:103F500003F088FE08210820FFF732FF0AB080BC7A
:103F6000B846F0BD182A002000FBFFFFFC0400004B
:103F7000A81D0610DCFBFFFF000030400000D04011
:103F8000FD7F0700014B024A985470471825002016
:103F9000690500000FB4F0B5144B154D0024EB5C1F
:103FA00083B0002B05D1200003B0F0BC08BC04B0E6
:103FB000184701210F4E09AFA8594942019700F057
:103FC00053FF80210C4C3B00089A2000490006F06A
:103FD00079FD210002002800FFF726FA00230400E3
:103FE00000220021A85900F08FFBDCE769050000E2
:103FF00018250020FC0400007C1C002010B5074898
:10400000FFF7C8FF012001F0E7FDBFF34F8F044B1E
:10401000044ADA60BFF34F8FFEE7C046C839061086
:1040200000ED00E00400FA050FB4F0B5C64601212A
:1040300000B582B0124C08AE124F08CEE05949428A
:104040009846019600F010FF80210F4D3300424644
:104050002800490006F036FD290002002000FFF785
:10406000E3F90500002300220021E05900F04CFB99
:10407000280002B080BCB846F0BC08BC04B01847A9
:1040800018250020FC0400007C1C002070B582B0C4
:104090006B46DD1D00230D4C010020002B70FFF747
:1040A00099FA01210A4E4942A05900F0DDFE29008B
:1040B00001222000FFF742FA002300220021A0592C
:1040C00000F022FB287802B070BDC0461825002001
:1040D000FC040000F0B5C646AB2600B5504CF60017
:1040E00082B0A75D0500A0550F2003F087F94D4B66
:1040F0004D49E358181C984604F022FE06F0CEFA0B
:104100004A4A4B4B05F0A0FD06F00AFB07F0A0FE63
:1041100006F0C4FA474A484B05F096FD0022474B8B
:1041200005F092FD464B474A05F0B4FF06F0F8FA59
:10413000A35D011C082B03D03B4804F001FE011CC9
:10414000AA23DB00E018FFF74BFB4246354BE25059
:10415000043BE35CBB4204D0AA23DB00E018FFF77A
:104160006BFB082D58D8384BAD005B599F4601209A
:1041700003F040F9042003F03DF9022003F03AF97E
:10418000002F0FD1684603F027F910236A460093E9
:104190000B3B6846137103F03BF8202003F022F933
:1041A00000280CD002B080BCB846F0BD012003F05E
:1041B00021F9042003F01EF9002FE3D0F2E70121DA
:1041C000202003F01FF9052001F006FDEAE7082092
:1041D00003F010F9002FD5D0E4E70021202003F0F0
:1041E00011F9684603F0F8F810236A4600930A3B79
:1041F0006846137103F00CF8D4E7012003F0FAF8D5
:10420000002FBFD0CEE7012003F0F4F8022003F026
:10421000F1F8002FB6D0C5E7002FC3D1B2E7C046F2
:10422000182500205C0500000000C8429A99999961
:104230009999A93FD2847F2DC91BF03F00005940B6
:104240002BB5E53FE1C39F8BA03F061070B5184921
:10425000041C04F075FD06F021FA164A164B05F011
:10426000F3FC06F05DFA07F0F3FD06F017FA134AC7
:10427000134B05F0E9FC0022124B05F0E5FC124B54
:10428000124A05F007FF06F04BFAAB23104DDB0096
:10429000EB5C011C082B03D0054804F051FD011C08
:1042A000AA23DB00E818FFF79BFA0A4BEC5070BD1D
:1042B0000000C8429A9999999999A93FD2847F2D73
:1042C000C91BF03F000059402BB5E53FE1C39F8B70
:1042D000182500205C05000070B5202003F082F84E
:1042E000002826D01B4C02212000FFF7B5FA200041
:1042F000FFF7CAFA184B051C9C46AB236444DB004D
:10430000E35C002B10D0202003F06CF8002818D0BC
:10431000281C124904F01CFC114904F095FA011CF8
:104320000E4804F00DFD70BD0021202003F06AF856
:10433000EEE70121203003F065F8052001F04CFC88
:10434000D0E70121203003F05DF8052001F044FCA6
:10435000DEE7C046782A0020A0FAFFFF0000C8422E
:104360003333534010B582B06A46084B03CB03C2C7
:10437000402003F043F8684602F04AFFAD220121D5
:10438000034BD200995402B010BDC046AC1D0610BC
:1043900018250020402310B582B06A4600240093FF
:1043A000002368469380947102F032FFAD22024BE5
:1043B000D2009C5402B010BD1825002010B582B068
:1043C0006A460E4B6C4603CB03C2684602F020FFE0
:1043D000402003F00FF8072001F0FEFB402003F01F
:1043E0000DF8AD22064BD2009B5C002B01D002B031
:1043F00010BD6846237102F00BFFF8E7AC1D0610F4
:1044000018250020802010B5400102F0EBFF013894
:1044100043425841C0B210BD8022012300B585B08F
:104420005201029068460092019302F0F3FF05B03A
:1044300000BDC04600B5802085B003F025F80128F6
:1044400007D08020400103F01FF8012815D005B0E7
:1044500000BD7F3003F014F869460020FCF72EFC05
:10446000009B002BEDD080228020144B52051A6057
:10447000400103F009F80128E9D18020400102F051
:10448000B1FF802201235201013800920193431EA3
:1044900098410290684602F0BDFF8020400102F082
:1044A000EFFF69460120FCF709FC009B002BCED0F2
:1044B0008022024B52051A60C9E7C04604ED00E0B5
:1044C00010B50E4803F0C8FB01F044FC952801D854
:1044D000012010BD0A4C00212000FFF703F800283E
:1044E000F6D08020400102F07DFF0128F0D0AB2300
:1044F000DB00E35C002BEBD10320EAE7FD7F070044
:1045000018250020002382608A1801604260C16083
:10451000016143617047C046F0B5C646856843698E
:1045200004000E0000B5ED1A954200D91500E068B0
:1045300067683F1ABD420DD22A00310006F07FFBAA
:10454000E2685219636928005B19E260636180BC0C
:10455000B846F0BD3A00310006F071FBEB1B9846FF
:104560001A002068F11906F06AFB22684244E9E764
:10457000F0B5C646456904000E0000B5954200D965
:104580001500216967687F1ABD420DD22A003000EC
:1045900006F055FB22695219636928005B1B2261F2
:1045A000636180BCB846F0BD3A00300006F047FBBE
:1045B000EB1B98461A002168F01906F040FB2268B0
:1045C0004244E9E770B51600026C0400856B002ACE
:1045D00006D1066801350020002E25D0A56370BDE8
:1045E000002E0ED1406806F02AFB6368226C01356C
:1045F0009B18A2686360934201D323686360002024
:10460000ECE7C06806F01BFB226CE36851429B1A82
:104610002268E360934202D2A3685B18E360022E33
:1046200007D000200135D9E7A06801F081FDA66020
:10463000D4E7002DF5D00020D0E7C04670B582B099
:104640001C006B461D7E002C0ED000280AD0002ACC
:104650000CD0002906D050230193019B502B3CD055
:1046600072B6FEE772B6FEE772B6FEE70029F9D130
:1046700050230193019B502BF2D12200019B462332
:104680000126E6542260E0632164020C0B0C002A30
:1046900035D1002B23D101F021FF216CE36B22687F
:1046A0004B43D018A06000205B1A6260D218E26011
:1046B000FF234422A0632000A3540132A3541030EE
:1046C00002F038F82000243002F034F801F012FF34
:1046D0004C232000E55402B070BD019BCFE7844617
:1046E0001A1C89B20B00614680B2434389B292B270
:1046F0004A431B0CD3181B0CCDD072B6FEE7002B1F
:10470000FBD18C46EDE7C046F0B5CE46474680B5B6
:1047100085B0041E88469946019200D102E1002925
:1047200000D19DE04B46022B00D19FE001F0D6FE68
:10473000A26BE36B9A427FD34A460023022A7BD0C6
:1047400026002436019A002A00D1F5E0002B00D182
:10475000E4E001F0CFFE01F0E7FA01F0BFFE4422F1
:10476000A35C5BB2013301D10023A3544522A35CB7
:104770005BB2013301D10023A35401F0BBFE01A9B8
:1047800002A801F027FC002800D0D9E001F0A6FE25
:10479000A26BE36B9A4200D16EE001F0ABFE01F038
:1047A0009DFE4523E55C6DB2002D05DC13E0013D67
:1047B000EBB26DB2002B0ED0636A002B0BD0300031
:1047C00001F074FB0028F2D0013D01F039FCEBB29E
:1047D0006DB2002BF0D14523FF22E25401F08AFE96
:1047E00001F07CFE4423E55C6DB2002D16DD270050
:1047F000103704E0013DEBB26DB2002B0ED02369FF
:10480000002B0BD0380001F051FB0028F2D0013D05
:1048100001F016FCEBB26DB2002BF0D14423FF2265
:10482000E25401F067FE01F087FA01F057FEA16B38
:10483000E26B0123914285D24A4641462000FFF7B0
:10484000C1FE636A002B00D071E0002800D06BE04D
:1048500001F050FE012005B0C0BCB946B046F0BD25
:10486000036C002B00D15DE772B6FEE7E36B012B12
:1048700000D15BE772B6FEE72700103701F03AFE81
:104880003800019901F0C2FA01F028FE4523E55CE9
:104890006DB2002D05DC13E0013DEAB26DB2002AD5
:1048A0000ED0636A002B0BD0300001F0FFFA002815
:1048B000F2D0013D01F0C4FBEAB26DB2002AF0D1A2
:1048C0004523FF22E25401F015FE01F007FE4423C8
:1048D000E55C6DB2002D05DC13E0013DEAB26DB27E
:1048E000002A0ED02369002B0BD0380001F0DEFA2D
:1048F0000028F2D0013D01F0A3FBEAB26DB2002A1C
:10490000F0D14423FF22E25401F0F4FD01F014FA47
:10491000002800D089E701F0D5FD86E702A801F064
:104920004DFB16E772B6FEE701F0CCFD90E72000E4
:10493000243001F0BBFA88E701F0DCFD00208AE7B3
:1049400001F0CCFD4523E55C6DB2002D12DD2600A3
:10495000243604E0013DEAB26DB2002A0AD0636A4F
:10496000002B07D0300001F0A1FA0028F2D001F0AE
:1049700067FBEFE74523FF22E25401F0BBFD01F0A6
:10498000ADFD4423E55C6DB2002D12DD260010362E
:1049900004E0013DEAB26DB2002A0AD02369002B7F
:1049A00007D0300001F082FA0028F2D001F048FB75
:1049B000EFE74423FF22E25401F09CFD01F0BCF933
:1049C000002048E770B505000C0082B0002938D0FF
:1049D00050230193019B502B01D072B6FEE70026B5
:1049E0004622019B01238B542160CB630E6401F0AE
:1049F00075FD216CE36B22684B43D0185B1A626033
:104A0000D218E260FF234422A0602000A663A354D2
:104A10000132A354103001F08DFE2000243001F04B
:104A200089FE01F067FD4C230022E554002100239C
:104A30002000A6602660E660FFF766FE200002B058
:104A400070BD72B6FEE7C046F0B54F464646D64644
:104A50000400C0B51D000F001600002837D0002943
:104A600018D0022D04D1E36B012B18D072B6FEE7EB
:104A700001F01EFE0021A26BE36B804689469A423C
:104A800011D3404601F018FE4846E0BCBA46B14694
:104A9000A846F0BD036C002BE3D072B6FEE701F030
:104AA00007FE8046A36B45239A46E35C2A005BB26F
:104AB000994639002000A36BFFF784FD4B46013374
:104AC00007D1636A002B12D101239946D9E772B648
:104AD000FEE701F045F98145F6D24B467F2B04D025
:104AE000524601335BB2A354EEE772B6FEE72000F4
:104AF000243001F0DBF90028E6D0002EE4D00123B9
:104B00003360E1E7F0B5C64604000D0000B50028AB
:104B10001BD0036C002B01D072B6FEE70368002B9C
:104B200015D001F0C5FDA36BE26B06009A4213D9C4
:104B30004522A75C01337FB29046A3637B1C13D14F
:104B4000636A002B1CD1012407E072B6FEE783687C
:104B5000002BE6D072B6FEE70024300001F0ACFD79
:104B6000200080BCB846F0BD01F0FAF88742EAD2D6
:104B70007F2F11D0434601377FB2E7540124ECE781
:104B80002000243001F092F90028DCD0002DDAD08A
:104B9000012301242B60E0E772B6FEE7F0B547463B
:104BA000CE4680B585B0041E8846019200D138E11A
:104BB000002900D12FE101F091FCA56B002D00D060
:104BC00031E1019B002B00D1D0E0260002A801F0CA
:104BD000F5F94427243601F08DFC01F0A5F801F029
:104BE0007DFCE35D5BB2013301D10023E355452237
:104BF000A35C5BB2013301D10023A35401F07AFC22
:104C000001A902A801F0E6F900285AD101F066FCDA
:104C1000A36B002B00D0B1E001F06CFC242399467B
:104C2000A1444846019901F0F1F801F057FC4523F1
:104C3000E55C6DB2002D05DC13E0013DEAB26DB21A
:104C4000002A0ED0636A002B0BD0484601F02EF9E3
:104C50000028F2D0013D01F0F3F9EAB26DB2002A6A
:104C6000F0D14523FF22E25401F044FC01F036FC70
:104C70004423E55C343B99466DB2A144002D05DC2C
:104C800013E0013DEAB26DB2002A0ED02369002B79
:104C90000BD0484601F00AF90028F2D0013D01F09E
:104CA000CFF9EAB26DB2002AF0D14423FF22E254D8
:104CB00001F020FC01F040F800284ED101F002FC88
:104CC0004BE001F00BFC4523E55C6DB2002D05DCEB
:104CD00013E0013DEAB26DB2002A0ED0636A002BE8
:104CE0000BD0300001F0E2F80028F2D0013D01F0D5
:104CF000A7F9EAB26DB2002AF0D14523FF22E254AF
:104D000001F0F8FB01F0EAFB10239946E55DA144B0
:104D10006DB2002D05DC13E0013DEAB26DB2002A50
:104D20000ED02369002B0BD0484601F0BFF80028B5
:104D3000F2D0013D01F084F9EAB26DB2002AF0D15F
:104D4000FF23E35501F0D6FB00F0F6FF01F0C6FBB0
:104D5000A36B002B0AD001F0CDFB01F0BFFBA56BCC
:104D6000002D60D1019B002B00D034E701F0C2FB85
:104D7000002005B0C0BCB946B046F0BD01F0BAFB9A
:104D800001F0ACFB4523E55C213B99466DB2A144A3
:104D9000002D05DC13E0013DEAB26DB2002A0ED011
:104DA000636A002B0BD0484601F080F80028F2D04F
:104DB000013D01F045F9EAB26DB2002AF0D1452378
:104DC000FF22E25401F096FB01F088FB4423E55CEE
:104DD000343B99466DB2A144002D05DC13E0013D42
:104DE000EAB26DB2002A0ED02369002B0BD04846E0
:104DF00001F05CF80028F2D0013D01F021F9EAB29F
:104E00006DB2002AF0D14423FF22E25401F072FB7C
:104E100000F092FFA1E7036C002B00D1CBE672B645
:104E2000FEE772B6FEE7226C002A0AD0E168A368AA
:104E30008918E160994201D32168E160404605F09C
:104E4000FEFE2369013DA563002B03D101F052FB57
:104E500001208EE72000103001F028F80028F5D05E
:104E600001F030FBF2E7C046F0B5CE46474680B5CC
:104E700085B0041E019100D1EFE0036C002B00D03F
:104E800094E001F02BFBA36B002B00D053E1019BBE
:104E9000002B00D13EE102A801F090F8002326008B
:104EA00098464427243601F025FB00F03DFF01F031
:104EB00015FBE35D5BB2013301D10023E3554522CD
:104EC000A35C5BB2013301D10023A35401F012FBB8
:104ED00001A902A801F07EF8002869D101F0FEFACC
:104EE000A36B002B00D0BDE001F004FB2368002B76
:104EF00000D117E124239946A1444846019900F0C6
:104F000085FF01F0EBFA4523E55C6DB2002D05DC71
:104F100013E0013DEAB26DB2002A0ED0636A002BA5
:104F20000BD0484600F0C2FF0028F2D0013D01F04E
:104F300087F8EAB26DB2002AF0D14523FF22E2548D
:104F400001F0D8FA01F0CAFA4423E55C6DB2002DF5
:104F500017DD343B9946A14404E0013DEAB26DB24D
:104F6000002A0ED02369002B0BD0484600F09EFF8C
:104F70000028F2D0013D01F063F8EAB26DB2002AD8
:104F8000F0D14423FF22E25401F0B4FA00F0D4FE41
:104F9000002800D1B3E001F0A1FAA36B002B00D0F0
:104FA000C9E0019B002B00D07DE7B3E072B6FEE7BD
:104FB00001F094FA4523E55C6DB2002D05DC13E0A9
:104FC000013DEAB26DB2002A0ED0636A002B0BD00D
:104FD000300000F06BFF0028F2D0013D01F030F806
:104FE000EAB26DB2002AF0D14523FF22E25401F06B
:104FF00081FA01F073FAE55D6DB2002D17DD102323
:105000009946A14404E0013DEAB26DB2002A0ED0F7
:105010002369002B0BD0484600F048FF0028F2D04F
:10502000013D01F00DF8EAB26DB2002AF0D1FF2384
:10503000E35501F05FFA00F07FFE01F04FFAA36B39
:10504000002B0CD101F056FA4346002B5AD1002018
:1050500005B0C0BCB946B046F0BD72B6FEE701F07F
:1050600049FA98E701F046FA01F038FA4523E55C81
:105070006DB2002D17DD213B9946A14404E0013DAE
:10508000EAB26DB2002A0ED0636A002B0BD04846FC
:1050900000F00CFF0028F2D0013D00F0D1FFEAB291
:1050A0006DB2002AF0D14523FF22E25401F022FA2A
:1050B00001F014FA4423E55C6DB2002D17DD343B9A
:1050C0009946A14404E0013DEAB26DB2002A0ED037
:1050D0002369002B0BD0484600F0E8FE0028F2D0F0
:1050E000013D00F0ADFFEAB26DB2002AF0D14423D9
:1050F000FF22E25401F0FEF900F01EFE4BE701F042
:10510000E1F948E701F0EAF9616A002905D1A068F0
:1051100001F04CF801F0EEF999E70421236B1B68CC
:10512000C91AF4E701F0DAF9A06800F0B7FF804689
:1051300001F0E0F9DEE6013BA3632368002B0FD00A
:105140002369002B03D101F0D5F9012080E720006D
:10515000103000F0ABFE0028F5D001F0B3F9F2E713
:1051600001F06AF8A060EBE7F0B5C64600B50400B0
:1051700001F0B4F9384A394E1368013313603368CB
:10518000002B35D0364BE26A98461B68002B29D09D
:10519000344D35490B6801330B60A364334B1968F8
:1051A000914200D21A6093009B189B00E9184A684C
:1051B0009068A26084466746E060201D7860906039
:1051C000EA5861610132EA5001F094F943461B68E4
:1051D000002B04D03368DA6AE36A9A4211D380BCA8
:1051E000B846F0BD3368DB6A9342D1D83460CFE76C
:1051F00034601368012B07D0194BE26A9846194DA9
:10520000C7E701F05FF9EAE7164D280001F092FACE
:105210002800143001F08EFA2800283001F08AFAB4
:1052200028003C3001F086FA114B9846180001F036
:1052300081FA104F380001F07DFA0F4801F07AFA38
:105240000E4801F077FA42460D4B1A600D4BE26AA8
:105250001F60034B98469CE710220020BC220020D0
:10526000042200206C220020F421002008220020CB
:10527000582200204422002028220020142200204E
:10528000402200203C22002000222C4B70B51A60E6
:105290000BF094FF2A4B2B4A1B68C01A2A4B18604C
:1052A00019681068814239D8284C1B68284D136052
:1052B0002A682849930098188000085800281ED1B1
:1052C000002A33D0501E83001E18B6008E59002EBF
:1052D00031D100282AD0901E83001E18B6008E59A6
:1052E000002E28D1002821D0D01E83001E18B60021
:1052F0008E59002E1FD1043A9300002816D09B1817
:105300009B00CE18706808334068C91870608842E6
:105310000ED0C36823602A60236870BD0B4C1E68E2
:105320002568A96D091A8919A965BEE772B6FEE755
:10533000F0687060EDE70200E1E7C046FC21002064
:10534000E0210020E8210020E4210020BC220020F0
:10535000082200206C220020F8B55746DE464E4653
:105360004546E0B50F68002F3FD008239946CE6828
:105370008944B1454DD0284B0400984602239B46F2
:10538000264B00279A46F568002D35D02B00296B57
:1053900034336360EB6AE16123612B68256023622B
:1053A0006B6C6362AB6CA3602B6D6361AB6DA361CF
:1053B00043461B689D4222D05B46237301F08EF862
:1053C000AB6A534522D001F095F8296B0B78A52BD9
:1053D0001AD100230133CA5CA52AFBD09B0876684A
:1053E000A36201372C34B145CDD13800F0BCBB46A7
:1053F000B246A946A046F8BD43461D68C6E700234D
:1054000023730B78A52BE4D00023E8E70123237353
:10541000D9E70027E9E7C046BC2200202822002067
:10542000F0B5DE4657464E4645465B4BE0B51A683A
:1054300083B0013294461A60002A5FD057490B6846
:105440009C4562D3564B99461B681B68002B00D1C4
:105450009CE000239846534B534E9B46534B01917F
:105460009A4639E0002159611168013911609A6A40
:10547000002A0ED0D969186A556888604160190001
:1054800018318D4200D171E0002199621168013913
:1054900011605246D96A1268914201D95246116090
:1054A0008A0052189200B518686887689860DF60B3
:1054B0007C6084605D61B3580133B3505B461B6808
:1054C0004246DB6A8B429B415B421A434B461B6858
:1054D00090461B68002B54D04B461B68DB68DB688A
:1054E0005A6894454AD35A699868D9681C1D8160E6
:1054F00048605068A042B5D15160B3E7284B1A68A4
:105500001268002A20D072B6FEE700239846254B89
:10551000254E9B465B4601201B68254AD96A1268C6
:105520008B005B189B00F3589842804113005A1E71
:105530009341404218434346184303B0F0BCBB4676
:10554000B246A946A046F0BD1A4A1968106818600C
:10555000116019490A6801320A601A681268002A43
:1055600006D101230D495B420B6068E750608BE771
:105570001B680A49DB681B680B6060E701990A60D9
:10558000C8E7019901235B420B60C3E79846054BCE
:10559000054E9B46F6E7C0460C220020F021002075
:1055A00040220020BC2200206C2200200822002083
:1055B000FC2100203C220020F8210020F0B5DE462E
:1055C00057464E464546544CE0B5236883B0013BF0
:1055D00023602368002B00D081E0504B1B68002B18
:1055E0007DD04F4B9C461B68002B00D190E04D4B6B
:1055F0004D4D98464D4B019499464D4B9A4600238C
:105600009B466346DB68DB68D869196A9A6A8160E1
:105610004860180056681830864200D172E059463A
:1056200099621168013911605A699868D968566899
:1056300081604860181D864262D01168013911608E
:105640004146DA6A09688A4201D941460A609100F6
:1056500089188C002E1971688F689960DF607860F6
:1056600088605E612B5901332B514B461B68DB6A06
:105670009A423FD9534601221A6063461B68002BA9
:10568000BFD12C4B019C1A681268002A3CD01B68C1
:10569000DB681A68284B1A60284E3568002D14D034
:1056A000012708E0FFF7BCFE002801D053461F6029
:1056B000013D002D08D02368002BF3D03368013D55
:1056C00001333360002DF6D1356053461B68002B43
:1056D00005D0164B01241B6800F0F4FE00E0002406
:1056E00000F008FF200003B0F0BCBB46B246A9465C
:1056F000A046F0BD63461B68002B00D081E7C0E7E1
:1057000051609AE751608AE70B4B013A1A60C3E790
:10571000074B9A46C0E7C046EC210020102200202B
:1057200028220020082200206C220020BC22002019
:10573000FC21002040220020F02100200022002037
:10574000404BF0B5D6469A463F4B4F4646469946A3
:105750003E4BC0B598463E4F3E4C3F4D3E68012EF5
:1057600018D82368002B4BD12B68DB6A002B1AD08A
:105770003A682368002B41D12B68DB6A002BF8D1F3
:10578000012A1DD92368002B38D12B68DB6A002B36
:10579000EFD1F7E700F096FE2368002B32D12B689B
:1057A000DB6A002BDAD13B68012B41D9012EDFD90E
:1057B000D4E72368002B21D12B68DB6A002BD8D1DA
:1057C000534649461B6809685B1A012BF1D94346C9
:1057D00042461B680133136053461A684B461B68E8
:1057E0009A422DD32368002B11D02B6800F076FE4F
:1057F00043461B68002B07D172B6FEE72B68B8E75B
:105800002B68B5E72B68A9E7FFF7D8FEA6E72B685A
:10581000DB6A002BEAD13B68012BE7D853461868B6
:105820004B461B68C01A0128E0D9FEF77FFADDE776
:1058300053464A461B6812689B1A012BC7D8B5E726
:1058400072B6FEE7F02100200C220020EC2100209F
:105850006C22002008220020BC220020F8B5CE4691
:10586000474604000D0080B5414B002830D0210090
:10587000343120686960E16A2C602961216B2862FB
:10588000606CE9616862A06CA860206D6861A06DC1
:10589000A861052A31D01B689C421BD02A73032AB9
:1058A0001BD000F01BFE334BA26A9A424DD000F091
:1058B00021FE216B0B78A52B4DD100230133CA5C4F
:1058C000A52AFBD09B08AB62C0BCB946B046F8BD68
:1058D0001C68CCE700232B73ECE7274E33680133B9
:1058E0003360A36A002B3BD002232B7300F0F6FD3C
:1058F0003368002B2CD172B6FEE71A68002394425D
:1059000021D000F0EBFD1D4B66691B68A76A984625
:105910001B4B1B68994600F0EDFD164B216B9F4217
:1059200023D0464519D04E4517D0164A012396423A
:1059300009D1A26A0133002A05D15E33E35C013B41
:105940005A1E934102332B73B4E701232B73AEE746
:10595000FFF734FEA5E70023B5E702232B73A9E781
:105960006023E35C012BBFD0C0E701232B73A1E7C9
:10597000BC22002028220020EC2100204022002010
:105980003C22002014220020F0B54746CE4680B5C8
:1059900083B098460B9B07000D0014000C9E002B53
:1059A0000AD0002E06D064230193019B642B05D0FE
:1059B00072B6FEE772B6FEE772B6FEE76422002119
:1059C0003000019B05F0AAF80B9B02223363612390
:1059D000A400F254A52122000B9805F09FF8336B28
:1059E000043C1C1907239C437464002D4BD03422C3
:1059F0002B78B354002B43D06B780132B354002B77
:105A00003ED0AB780132B354002B39D0EB78013261
:105A1000B354002B34D02B790132B354002B2FD048
:105A20006B790132B354002B2AD0AB790132B354D5
:105A3000002B25D0EB790132B354002B20D02B7AE8
:105A40000132B354002B1BD06B7A0132B354002BBC
:105A500016D0AB7A0132B354002B11D0EB7A01325D
:105A6000B354002B0CD02B7B0132B354002B07D046
:105A70006B7B0132B354002B02D04223AA7BF25439
:105A800043230022F2540A9B032B01D972B6FEE78E
:105A9000351DF3623365280000F058FE30001830E1
:105AA00000F054FE04230A9A39009B1AB36142465F
:105AB00020003661766200F04BFD306000F00EFD94
:105AC000394B3A4F1A6801321A603A68002A34D0CA
:105AD000374BF26A98461B68002B04D13B68DB6A9F
:105AE0009A4200D33E60334C33490B6801330B605C
:105AF000B364324B1968914200D21A6093009B182C
:105B00009B00E1184A689068B260F060456095605B
:105B1000E25871610132E25000F0ECFC43461B6830
:105B2000002B04D03B68DA6AF36A9A420ED3300045
:105B300003B0C0BCB946B046F0BD3E601B68012B47
:105B400007D01B4BF26A98461A4CCDE700F0BAFC1E
:105B5000EDE7184C200000F0EDFD2000143000F0BF
:105B6000E9FD2000283000F0E5FD20003C3000F089
:105B7000E1FD134B9946180000F0DCFD114A1000BE
:105B8000904600F0D7FD104800F0D4FD0F4800F01B
:105B9000D1FD4A460E4B1A6042460E4B1A60044B2A
:105BA000F26A9846A0E7C04610220020BC220020DE
:105BB000042200206C220020F42100200822002072
:105BC00058220020442200202822002014220020F5
:105BD000402200203C220020F0B5C64600B504005B
:105BE00082B000280CD01D4D2B6801332B602B6830
:105BF000012B0BD072B6FEE7FFF7E0FC002801D1C5
:105C000000F060FC02B080BCB846F0BD144B154EED
:105C10001F68154BE4191B689846144B1B683068C5
:105C20000193043000F0AEFD336831685C600431EC
:105C3000A74209D9019800F08DFD00F04FFC2B68B8
:105C4000002BD9D172B6FEE7404600F083FD084B29
:105C50001A689442F1D21C60EFE7C046EC210020A4
:105C60000C220020BC220020402200203C220020E8
:105C7000F0210020642330B583B00193019B642B95
:105C800001D072B6FEE7204C642200212000019B67
:105C900004F044FF61230222E25480221B4DA5211F
:105CA000D2002800256304F039FFFF239B009C46A7
:105CB000072365449D43164B201D6363656400F014
:105CC00045FD2000183000F041FD04230022114959
:105CD0002800A3612461646200F03AFC2060200087
:105CE000FFF742FA72B601220B4B52421A600B4B7D
:105CF00002321A6000220A4B1A6000F079FC094B4C
:105D00001B6803B030BDC0467C2100207C1D0020F4
:105D100049444C4541570410F02100200422002042
:105D20000C220020C43F0610024A1368013313609E
:105D30007047C046EC21002010B500F0CFFB044BAB
:105D40001B68002B01D172B6FEE7FFF737FC10BDD0
:105D5000EC210020014B18687047C0460C2200203F
:105D6000014B18687047C0461022002070B5124DD4
:105D7000124A2B6811681B180400994201D272B6AE
:105D8000FEE712689A4203D02B681B192B6070BD86
:105D90000B4B1B68002B01D172B6FEE7002801D126
:105DA00072B6FEE700F09AFB064A013C1368013325
:105DB000136000F09FFBE7E70C220020F021002099
:105DC000EC21002000220020064B10B51B68002BA0
:105DD00002D1FFF725FB10BD034A002013680133F1
:105DE0001360F8E7EC21002000220020054B10B5DD
:105DF0001B68002B03D00122034B1A6010BDFFF774
:105E000043FAFBE7EC210020FC210020F0B5C64658
:105E10000C0000B5002821D01E4D2968183100F073
:105E200099FC1D4B1E681D4B1F681D4B1B68286885
:105E30009846043000F0A6FC631C11D02B6829683A
:105E4000A4195C600431A6421FD8380000F082FC1F
:105E5000144B1A68944215D21C6013E072B6FEE728
:105E6000114B29685A688A6090682968C860296857
:105E7000043141602968043191602A6853611A68CD
:105E800001321A6080BCB846F0BD404600F062FCAA
:105E9000F8E7C046BC2200200C220020402200204F
:105EA0003C220020F021002014220020C368F0B51D
:105EB000DB68002B54D0D869196A9A6A81604860FF
:105EC000180054681830844248D000219962116843
:105ED00001391160274AD96A1268002A15D0264A6A
:105EE0005468A568DC611D626860A0609A621368EE
:105EF00001331360214B00201B68DB6A8B4203D205
:105F000001221F4B01301A60F0BD5A699C68D868A5
:105F10001D1DA06044605468AC4229D0106801384F
:105F20001060184A1068884200D211608A00164832
:105F30005218920086187468A7689C60DF607D60C4
:105F4000A5605E61835801338350104B1A68126854
:105F5000002A07D10E4B013A1A60CBE75160B4E733
:105F600072B6FEE71B68DB681A68094B1A60C1E766
:105F70005060D3E7EC21002028220020BC22002022
:105F8000FC210020082200206C220020402200205A
:105F9000F021002010B5041E0AD000F09FFA054B36
:105FA0001B682360044B1B68636000F0A3FA10BDFC
:105FB00072B6FEE7F82100200C220020034B1B687C
:105FC0000360034B1B6843607047C046F821002004
:105FD0000C220020F0B5C64604000D0000B50028D4
:105FE0001CD0002918D000F079FA134A2B681168E8
:105FF000581C1FD0114E60683768B846276847455F
:106000000ED088420CD8002301242B6000F072FAD5
:10601000200080BCB846F0BD72B6FEE772B6FEE75F
:106020000F1ABB42EFD95B1A1B182B603368236031
:10603000136863600024E9E70C220020F8210020A7
:106040000122014B1A607047FC2100200B4B0020FD
:106050001B68002B03D10A4B1B68002B00D0704734
:10606000084B1B68002BFAD1074B084A1B681068C5
:10607000013BC01A434258410130F0E7282200207A
:10608000FC210020002200201022002014220020E9
:10609000014B18687047C046BC220020F8B5041EAA
:1060A00021D0204DC26A2B68DB6A9A4214D28369E0
:1060B000002B04DB2B68D96A04235B1A83619300ED
:1060C0009B18194E9B006269F3189A420DD02B68F9
:1060D0000120DB6AE36205E02B68006DDB6A984211
:1060E00080414042F8BD0020FCE7271D380000F049
:1060F00049FB2B68DA6A0D4BE26219688A4200D9C3
:106100001A6093009B189B00F1184A689068A2607F
:10611000E06047609760F258616101320120F250FF
:10612000E0E7C046BC2200206C22002008220020AC
:1061300070B5041E10D01A4B1B68834201D072B692
:10614000FEE75B6D002B09D0C16A026D013B436520
:10615000914201D0002B03D0002070BD72B6FEE743
:10616000051D280000F00EFB0423226D9B1AA3617D
:106170000C4BE26219688A4200D91A6093000A49FE
:106180009B189B00C81842689668A260E66075601C
:106190009560CA58606101320120CA50DDE7C046EF
:1061A000BC220020082200206C22002070B5041EB2
:1061B0000DD0436D002B01D172B6FEE7026D8A420D
:1061C00000D20A00E16A914201D0012B00D070BDDB
:1061D000164B1B68A34227D0A369E262002B02DBA7
:1061E00004239B1AA3618B00114D5B189B0062690D
:1061F000EB189A42EBD1261D300000F0C3FA0D4B8C
:10620000E26A19688A4200D91A6093009B189B00C1
:10621000E9184A689068A260E06046609660EA58B3
:1062200061610132EA50D2E772B6FEE7BC2200207B
:106230006C22002008220020034B1868002802D09E
:10624000436D013343657047BC220020F0B54E46D4
:106250004546DE465746E0B5734D87B02B689146FC
:10626000013301902B60714B1B688B4218D90022BF
:106270006F4B00241A600AF0A1FF6E4B186000F00B
:106280002DF92B68002B01D172B6FEE7FFF796F9C6
:10629000200007B0F0BCBB46B246A946A046F0BD00
:1062A00044239A4600230293634B644A9846644B06
:1062B00016009B464B46924404930595F36B002BC6
:1062C00045D0B76C574542D02C24029B00255C4337
:1062D000019B03969C46012399466444FE68002E68
:1062E00000D198E03300316B34336360F36AE161CD
:1062F0002361336826602362736C6362B36CA360AE
:10630000336D6361B36DA36143461B689E427BD0CE
:106310004B46237300F0E2F8B36A5B457ED000F091
:10632000E9F8316B0B78A52B73D100230133CA5CDC
:10633000A52AFBD09B087F68A36201352C34574502
:10634000CCD1029B039E9C46AC446346029314232B
:106350005B429C463B4B143EE2449E42AED1029CC3
:106360002C262000019F049BBC4670439946364B67
:1063700060441968059DFEF7EFFF04193000BC4624
:106380006043324B604419680197FEF7E5FF304BDC
:1063900004191A68002A19D01A00DF6808329742D7
:1063A00014D00199230088466643B0444446002631
:1063B000924698462100F8680322FFF74FFA7F685B
:1063C00001362C345745F5D14446A4194B46002BD1
:1063D00027D00AF0F3FE174F3B68C01A4B461860EF
:1063E0000022134B1A600AF0E9FE3860002C00D13D
:1063F00045E72C2100206143019B59181A682C3372
:1064000090659942FAD13AE7002323730B78A52BC4
:106410008BD000238FE743461E6863E74B46237308
:106420007DE7044FDCE7C046EC210020102200206D
:10643000E8210020E0210020BC2200206C22002066
:10644000282200201C220020402200203C22002084
:1064500014220020002382B00193064B1B680133F5
:1064600001D072B6FEE772B6019B002BFCD002B0E1
:106470007047C046842A00200A4B0B4A00211A604C
:106480001A220A4B1A600A4B44321A60094B5A3AD4
:106490001A60094A1160094A0949116007221A6005
:1064A0007047C046C822002000C40900C422002052
:1064B000C022002010E000E018E000E014E000E05E
:1064C000FFC309008022044B52051A60BFF34F8FAF
:1064D000BFF36F8F7047C04604ED00E072B6044A08
:1064E000136801331360BFF34F8FBFF36F8F704793
:1064F000842A0020064B1A68002A01D172B6FEE7F2
:106500001A68013A1A601B68002B00D162B6704706
:10651000842A002010B500F0CBF80400FFF754FCEB
:10652000002803D08022034B52051A60200000F09F
:10653000C3F810BD04ED00E010B58369023B1B7881
:10654000642B01D072B6FEE700F092F810BDC04691
:1065500010B58024031F64041C60043B19601749B4
:10656000043B19601649043B19601649043B196045
:106570001549043B19601549043B1960043B1A6036
:10658000134A043B1A60134A043B1A60124A043B44
:106590001A60124A043B1A60114A043B1A60114AFD
:1065A000043B1A60104A043B1A60104A043B1A600C
:1065B000032344385B42036010BDC0465564041099
:1065C000121212120303030302020202010101016B
:1065D00011111111101010100909090908080808F3
:1065E0000707070706060606050505050404040453
:1065F000194B30B51A68194BD16A83B0994201D052
:1066000072B6FEE7164B926B9A4201D072B6FEE765
:10661000FF22144B1204196800240A431A60FF2257
:10662000196812060A431A600F4B1C60FFF724FF1B
:106630000E4D2C6000F034F8FFF7D8FB01942B6866
:10664000013301D072B6FEE772B6019B002BFCD07D
:10665000002003B030BDC04608ED00E01167041013
:10666000C166041020ED00E01CED00E0842A00204B
:10667000074A1168086804C8022181F31488203091
:1066800080F30988BFF36F8F1047C046C046C046ED
:10669000BC220020000000000000000000000000FC
:1066A00062B6BFF34F8FBFF36F8F64DFC046C04643
:1066B000EFF3108072B6704780F310887047C046C1
:1066C000EFF309800E4A1168243808607346F8C059
:1066D00044464D4656465F46F0C072B6FFF786FB0D
:1066E00062B6074A116808681430F0C8A046A94687
:1066F000B246BB4680F309882438F8C81847C0461C
:10670000BC2200200000000000000000000000008B
:1067100004207146084203D0EFF30980044B184768
:10672000EFF30880024B1847C046C046C046C0463B
:10673000396504100300083301224360C36003611C
:1067400000235242826003607047C0460023036109
:106750007047C046030030B50D6808336A1C0DD081
:106760001C005B681A68AA42FAD94B6099600368FA
:106770008C60013361600861036030BD0469636847
:10678000F3E7C0460369416882688A6051605968CE
:10679000814205D0002202611868013818607047F4
:1067A0005A60F7E703207047F0B54546DE46574686
:1067B0004E46E0B5EA4C0500A54402911400EFF303
:1067C000108A72B6E74B1A000393002313701AF075
:1067D00011FB06002800FFF7E5FF07002800FDF782
:1067E0006FFE331CBE4200D93B1CDAB2AA4200D96C
:1067F0002B1CDAB2824200D9031CD8B2DA4A8100DB
:106800008B58019001338B50002800D151E20128B0
:1068100000D15AE2D54D6FA82C70029B8AAF2B7124
:1068200001F05EFD2B7ADBB20593D14B9B889BB2C6
:106830000693D04B1A680792C02292009A5854923D
:10684000C12292009A585592C22292009A585692AA
:10685000C32292009A585792C42292009A58769274
:10686000C52292009A587792C62292009A5878923E
:10687000C72292009B587993BF4B1B680893BF4B6C
:106880001B6A09938023DB051A680A925A680B92E7
:106890009A680C92DA680D921A690E925A690F92F0
:1068A0009A691092DA691192DA6A12921A6B13924B
:1068B0005A6B14921A8F5B6C92B21693B04B15926E
:1068C000DA6817921A7FD2B218929A8C92B2199201
:1068D00028229A5CD2B21A922C229A5CD2B21B92D3
:1068E0001A6B1C9234229A5CD2B21D921A8F92B209
:1068F0001E9248229A5CD2B21F9250229A5CD2B267
:10690000209254229A5CD2B2219258229A5CD2B23E
:1069100022925C229A5CD2B2239260229B5CDBB210
:106920002493984B1A6825925A6826921A7CD2B200
:1069300027921A7DD2B2289224229A5CD2B229924E
:106940001A8D92B22A92DA6A2B921B8E9BB22C93EA
:106950008D4B1A685B925A685D929A8B5F921A8C83
:1069600061929A8C63921A8D6592DA6A67924C22D0
:10697000995A6991196D6B919B6D6D93834B196851
:106980005C9159685E91998B6091198C6291998C98
:106990006491198D6691D96A68919A5A82A96A920E
:1069A0001A6D89466C929B6D7AA96E93B0231B0673
:1069B0001B6888462D93764B49465A682E929A68F2
:1069C0002F921A8A92B230929A8A92B231929A692E
:1069D00032921A7FD2B233921A8E92B234925A6B9A
:1069E00035929A6B3692DA6B37921A6C38925A6CEF
:1069F0009B6C39923A93674B9A8892B23B921A8970
:106A000092B23C921A7CD2B23D921A7DD2B23E92A0
:106A10001A8B92B23F921B7FDBB240935E4B9A88F7
:106A200092B241921A8992B242921A7CD2B24392A5
:106A30001A7DD2B244921A8B92B245921B7FDBB27E
:106A40004693564B1A685B6847924893544B1A68B2
:106A500049921A7AD2B24A92C02212019B585A1E07
:106A60009341504A5B4213404F4A944663445393C8
:106A70004E4B5A6882921A687A929A688A92DB68B8
:106A800092AA92934A4B93465A684A6041461A68C2
:106A90004A609A6849467A605A46DB685360454BBB
:106AA0005A688A6041461A688A609A684946BA609C
:106AB0005A46DB689360404B5A68CA6041461A6880
:106AC000CA609A684946FA605A46DB68D3603B4B15
:106AD0005A680A6141461A680A619A6849463A61E9
:106AE0005A46DB681361364B5A684A6141461A6858
:106AF0004A619A6849467A615A46DB685361314B6C
:106B00005A688A6141461A688A619A684946BA6138
:106B10005A46DB6893612C4B5A68CA6141461A6831
:106B2000CA619A68FA615A46DB68D3618123DB0542
:106B30005A684B921A7BD2B24C925A8B92B24D92B7
:106B40001A8B92B24E925A6A4F929A6A1B8850924E
:106B50009BB25193C0231B069B685293019B35E067
:106B600094FDFFFF0C000020CC22002000002040FC
:106B70000000104000E100E020ED00E00000904047
:106B800000003040000040400000A0400000B04045
:106B90000000F0400000D0400000E04010E000E0C5
:106BA00000007040AF1A33E551E5CC1A080000A090
:106BB0001C0000A0300000A0440000A0580000A06D
:106BC0006C0000A0800000A0940000A0032B06D160
:106BD0009022C023D20551689B050B4353603F4B65
:106BE0003F4D1B682C001E00643E049332002B00B6
:106BF000643402CA02C3A342FBD13A4B049A5893AD
:106C00001A60394B1A7919788023DB051B685B0AF7
:106C10004B409A434DD1552156205AAB5B185AA987
:106C20001B78091809781B010B43112B00DD7AE250
:106C30009023DB055B682D4A01201360599201F017
:106C400059F8F9F73DFA002001F054F8039B1B783E
:106C5000002B59D18021264A490053585B0617D48E
:106C6000244B5458586A244B1B68984200D171E257
:106C70008023224A5B0311680909C81C984200D28C
:106C800057E21F4B9C46614413681B098B42FBD1A2
:106C9000552256215AAB9B185AAA1B7852181278C3
:106CA0001B011343112B00DD7FE2019B032B00D15D
:106CB00049E28AF3108800209B239B009D44F0BC8E
:106CC000BB46B246A946A046F0BD00210D4B1A7A3C
:106CD0001972D2B230BF1A72EBE7C046000004103E
:106CE000E0220020DC2200200000204018000020CC
:106CF00000E100E000ED00E0682300201000004803
:106D00000400F0FF000070400122EB4B1A830022C8
:106D10009A811A6108CD08C6A542FBD1589B049AF6
:106D200054991A60069AE54B40259A80079AE44BDD
:106D30001A60C02292009950559904329950569980
:106D400004329950579904329950769904329950E7
:106D5000779904329950789904329950799904328C
:106D60009950089AD74BD8491A60099B0A9A0B6226
:106D70008023DB051A600B9A5A600C9A9A600D9A70
:106D80001798DA60109A1A9C9A610F9A5A610E9AB3
:106D90001A61119A9A62DA61129ADA62139A1A6384
:106DA000149A5A63159A1A87169A5A64C74AD06079
:106DB0001898107719989084282014541B9C04303C
:106DC00014541C98106334201D9C14541E981F9C4E
:106DD000108748201454209C08301454219C0430FF
:106DE0001454229C04301454239C04301454249CC6
:106DF000043014542598B64A299C10602698506097
:106E00002798107428981075242014542A981085F7
:106E10002B98D0622C9810865B98AE4A10605D98D3
:106E200050605F9880B29083619880B210846398BC
:106E300080B29084659880B210856798D0624C20AB
:106E4000699CA4B214526B9C14656D9C94655C9C07
:106E5000A14A14605E9C54605AAC248B94835AAC53
:106E6000248C14845AAC248D94845AAC248E1485BA
:106E7000689CD4625AAC6419248814526C981065CA
:106E80006E989065B0222D98120610604898934A2B
:106E900050600020906047981060914A2E98506092
:106EA0002F9890603098108231989082329890613B
:106EB0003398107735985063369890633798D0633D
:106EC00038981064399850643A98906434981086D1
:106ED0003B98844A90803C9810813D9810743E986D
:106EE0003F9C1075402084431483409C1477419C40
:106EF0007D4A9480429C1481439C1474449C147574
:106F0000459C84434698148310774998774A539C4C
:106F100010604A981072C020000114508298744A80
:106F200050607A9810608A9890609298D0604A4633
:106F30005068704A506040464068106078689060C1
:106F400058464068D0604A4690686B4A5060404658
:106F500080681060B868906058468068D0604A4683
:106F6000D068664A50604046C0681060F86890601B
:106F70005846C068D0604A461069614A5060404631
:106F8000006910603869906058460069D0604A46D0
:106F900050695C4A50604046406910607869906072
:106FA00058464069D0604A469069574A506040460A
:106FB00080691060B869906058468069D0604A4620
:106FC000D069524A50604046C0691060F8699060CC
:106FD0005846C069D06081224B98D20550604C98C9
:106FE00010734D9850834E9810834F98506250986C
:106FF000906251981080C0225298120690600A7ACE
:10700000002A2ED1029A002A2BD02B4A118909225C
:107010000A40092A00D1CFE0274B1A8911231340D7
:10702000112B00D1CDE0244B1A8921231340212BB1
:1070300000D1CDE0204B1A8941231340412B00D1D0
:10704000CDE01D4B1A8981231340812B09D1802368
:10705000DB05DB699B0404D580230121184A5B0012
:10706000D150019B032B00D191E0294B059A0021BF
:1070700000201A7200F080FF059BDB0700D418E6A1
:1070800000F016FA5AAB588002331B885B0546D4D1
:10709000204B1B881B0742D59021599BC9050A69C3
:1070A0001B689B1A1B021B12DA179B185340202BDC
:1070B00035DC0A692D322FE0000010480000104036
:1070C00000E100E020ED00E00000904000003040D2
:1070D000000040400000A0400000B04010E000E090
:1070E0000000F0400000D0400000E0400000704090
:1070F000080000A01C0000A0300000A0440000A078
:10710000580000A06C0000A0800000A0940000A027
:1071100000002040C00000200B699A42FCD21522DA
:10712000324B1A70C5E5324B00201A6000F004FFA4
:107130007EE513681B09984200D8A9E513681B096E
:107140009842F6D8A4E59022D205536829490B400D
:107150005360AEE5284B51581B688B4204D012682F
:107160005C40224200D083E52449254B4A681B68D5
:107170005A40D20000D57BE54A6853405B0100D4F9
:1071800086E5204B1B689B0700D481E570E59022C3
:10719000D2055368174900200B4053601A4B059ADB
:1071A00001211A7200F0E8FE66E7012000F0C4FE3B
:1071B0000F4B164A1A6078E5DB699B0500D54BE753
:1071C0002AE78023DB05DB695B0500D544E72AE776
:1071D0008023DB05DB691B0500D53DE72AE780231B
:1071E000DB05DB69DB0400D536E72AE70000C04099
:1071F00014000020FFFFFFCF6423002000ED00E01B
:107200006C23002010E000E000002040CCBCECFC2F
:10721000F0B54F46D6464646C0B507798446046861
:1072200082B0002F00D08DE08022D2055368A343A6
:1072300053600027E30706D580220F21D205D36AC9
:107240008B433B43D362A30707D58021F020C905B8
:10725000CA6A3B0182431343CB62630707D580228E
:10726000D205D36A57490B4039020B43D362230737
:1072700007D58022D205D36A53490B4039030B430B
:10728000D362E30607D58022D205D36A4F490B406B
:1072900039040B43D362A30607D58022D205D36AF3
:1072A0004B490B4039050B43D362630607D5802257
:1072B000D205D36A47490B4039060B43D3622306F4
:1072C00007D58022D205D36A39071B011B090B435E
:1072D000D3620F2240218025002301269146494296
:1072E000ED051A0020000832D04006420ED0DAB276
:1072F000072B38D9083A072A4CD9484688402A8FA4
:10730000824338008840024392B22A870133043115
:10731000122BE6D1634680225B79D205012B1ED069
:10732000D368A343D360634680229B79D205012BA7
:1073300011D09368A343936002B0E0BCBA46B14653
:10734000A846F0BD062F00D074E78022D20553680E
:10735000234353606DE7936823439360ECE7D3685E
:107360002343D360DFE78020C005026B980092467C
:107370000F22019082405046904382463A00019885
:10738000013382405046104302008020C005026352
:107390000431A6E78020C005426B92462022904629
:1073A00088444046113A82400190504690438246BC
:1073B0003A00019882405046104302008020C005E8
:1073C0004263A3E7FFF0FFFFFF0FFFFFFFFFF0FFA8
:1073D000FFFF0FFFFFFFFFF0002303608371838037
:1073E0007047C0468023DB051B681840431E984148
:1073F000C0B270478023DB05D86370478023DB056C
:10740000186470478023DB05012901D01864704798
:10741000D863FCE7802142680368C905012A1FD0B0
:107420000A699A430A618268012A10D0002A05D0AD
:107430008021C9054A6913434B6170478022D205F8
:10744000916999439161516999435161F5E78022AE
:10745000D205916919439161516999435161ECE7F2
:107460000A691A430A61DEE78022D205D36900293E
:1074700002D00343D36170478343D361FBE7C04627
:107480008023DB05986270478023DB055B6A184028
:10749000431E9841C0B27047044A136A012902D0C2
:1074A00083431362704703431362FBE7000090407D
:1074B000374B197A374BCAB21B899BB2002905D0CA
:1074C000022A33D00220042A2BD170470920184009
:1074D000093842425041112240011A40112A27D056
:1074E00021221A40212A29D041221A40412A2BD098
:1074F00081221A40812A2DD002221900FF32114028
:10750000914230D01900244A1140914233D00522D3
:107510001A40052A36D0DB439B07D6D108231843EF
:10752000D3E7083A53425A419000CEE70120CCE716
:107530002F32104321221A40212AD5D15F32104325
:1075400041221A40412AD3D1BF32104381221A402E
:10755000812AD1D18032FF32104302221900FF323A
:1075600011409142CED180221900D20010430A4A24
:1075700011409142CBD180221201104305221A40C2
:10758000052AC8D1DB430B3210439B079DD1C5E7C9
:10759000000090400000104801040000054A01214D
:1075A000136B002802D00B43136370478B431363A4
:1075B000FBE7C0460000304070B54E4B04001B6B2B
:1075C00001681B0700D56FE04B480901F8F7C8FDBB
:1075D000484AC3099BB29384484B034001335B087C
:1075E0009BB23F2B02D93F223F3B13402821414A07
:1075F000DBB253540323602625790431505C1D40CF
:107600006D01B043284350546579107F2B40B0433F
:107610005B01034313770123A579505C2B400825B8
:10762000DB00A84318435054107FA843034313774B
:10763000E379002B3DD10220535C83435354137FE5
:1076400083431377012215002A4B217A186B2C4EA5
:107650000D406D02304028431863186B294D4908CE
:10766000284015001140090201431963617A186B23
:10767000254E0D403040AD0328431863186B234D51
:10768000490811402840C90301431963A07A2C24FA
:1076900002401020195D1201814311431955197FD1
:1076A00081430A431A7770BDC9001348F8F758FDA3
:1076B0008EE7022B0ED002250420535C2B4353543B
:1076C000535C03435354137F2B431377137F0343BC
:1076D0001377B7E702250420535C2B435354535CC4
:1076E00083435354137F2B431377137F83431377C1
:1076F000A8E7C046000030400000127A7F0080FFFB
:10770000FFFDFFFFFFFEFFFFFFBFFFFFFF7FFFFF4C
:10771000044A138F002902D0034313877047834321
:107720001387FBE700003040024BC005C00D1880F6
:107730007047C04600003040FF20024B1B881840B5
:107740007047C04600003040074B002805DB1B8B0C
:107750001840431E9841C0B270475B681840431EF2
:107760009841C0B2F8E7C04600003040034B9B8F01
:107770001840431E9841C0B27047C04600003040D8
:107780004423014AD052704700003040342210B5E3
:107790000724034920408B5CA34303438B5410BD53
:1077A000000030403421072210B5044C1040635CC7
:1077B0003132C00093430343635410BD0000304096
:1077C0001022038B10B593430383038B1032934332
:1077D0000383037D193A93430375037D3132934349
:1077E00003750B78802B27D00324028B2340A24300
:1077F00013430383038B154A134003838022CB7802
:107800000374038B1343802203838B888380CB888C
:107810000381038B9343038307234C78027D1C4031
:107820009A43224302758978027D0B403821DB00A0
:107830008A431343037510BD038B353A9343038387
:107840008023028B5B0013430383D7E7FFFEFFFF18
:107850000023038043808380C3807047038B01290A
:1078600003D0802293430383704780221343038312
:10787000FAE7C046002908D1038B01310A400F31D5
:1078800012018B431343038370470129FCD1038BFF
:107890000A401F3152018B4313430383F4E7C04670
:1078A0000321812310B50478DB052140C0245A68E8
:1078B0008901A2430A435A6044780F2C29D05A68A0
:1078C0001A490A40072121400E245A605A6849008B
:1078D000A2430A435A60032281210479C905224048
:1078E00030244B681201A34313434B608378082B69
:1078F00015D04B680E4A13404B6081210322C0789B
:10790000C9054B6802400B481202034013434B6009
:1079100010BD80225968D2030A435A60DBE78023F6
:107920004A681B0113434B60E7E7C046FFFFBFFFF8
:10793000FFF7FFFFFFFCFFFF012806D08122102187
:10794000D20513880B43138070478123DB055A68E7
:10795000520205D58022198852000A431A80F3E7A3
:1079600004211A880A4301211A801A880A431A80BE
:10797000EAE7C04601280AD081234021DB051A88A6
:107980000A4302211A801A888A431A80704781228A
:107990000221D20513880B431380F7E78122D20519
:1079A0001388012803D080218B43138070478021E6
:1079B0000B431380FAE7C0468123DB051B7C18408C
:1079C000431E9841C0B27047F8B58123DB055A6861
:1079D0000500520350D4D88A80B28123DB055B684E
:1079E00000B29B059E0F01F05FFB041C072D41D8E0
:1079F000894BAD005B599F468123DB055B685B03C8
:107A000000D5F3E0854D300001F092FB8122D205D4
:107A10005368061C1B069B0F012B03D053681B06E3
:107A20009B0F06D18123DB055B685B0300D5EDE08E
:107A30007B4D291C201C00F007FF7A4901F088F8D3
:107A400002F02CFE02000B007748784902F022FB7E
:107A50000D00FE2104008905301C00F079FD02F0C4
:107A60001DFE02000B002000290002F0EDF802F0DC
:107A700057FE041C201CF8BD988A80B2ADE7812314
:107A8000DB055B685B0300D5B9E0644F300001F0B3
:107A90004FFB8122D20553681B069B0F012B03D09D
:107AA00053681B069B0F06D18123DB055B685B03D4
:107AB00000D5A7E05A4FFE21890500F049FD391C89
:107AC000051C201C00F0C0FE011C281C01F040F821
:107AD000544901F03DF8041CCCE78123DB055B68C9
:107AE0005B0300D588E04D498122D20553681B060F
:107AF0009B0F012B03D053681B069B0F06D18123DC
:107B0000DB055B685B0300D584E04549201C00F081
:107B10009BFE444901F01CF802F0C0FD02000B007E
:107B20004148424902F0B6FA02F0FAFD404901F03C
:107B30000FF8404901F004F9041C9BE78123DB05A1
:107B40005B685B0355D435498122D20553681B0617
:107B50009B0F012B03D053681B069B0F05D181237C
:107B6000DB055B685B0353D42D49201C00F06CFEE1
:107B70002C4900F0EDFF02F091FD02000B002A48B5
:107B80002A4902F087FA02F0CBFD2B4900F0E0FF12
:107B9000041C6FE78123DB055B685B0323D41F4D67
:107BA000300001F0C5FA8122D2055368061C1B067D
:107BB0009B0F012B03D053681B069B0F05D181231C
:107BC000DB055B685B031FD4154D291C201C00F0EE
:107BD0003BFE144900F0BCFF02F060FD124A134B5B
:107BE00001F0E4FA34E78E25ED05D9E78E25ED05A1
:107BF00009E78E21C905A7E78E21C90574E78E27FD
:107C0000FF0543E70D4F56E70C4DDEE70B4D10E740
:107C10000A49AAE7094979E7C83F061000720A47EE
:107C2000002C21479A991940333333333333E33FE0
:107C30000080C843008085431F858B4000031547A3
:107C40008123DB055A68520302D4D88A80B2704778
:107C5000988A80B2FBE7C046014B18607047C04667
:107C6000000070400121044B1A7A0A4302211A7263
:107C70001A7A0A431A727047000070401F2170B5CB
:107C80000124037819408C4081785A09002904D1D5
:107C90002032164B9200D45070BDFF2603213500D0
:107CA000407819408001C90006408D408E4058B28E
:107CB000ED43310000280BDB0C489B088446C020B4
:107CC0009B00634480001E5835400D431D50E0E783
:107CD0000F2003400648083B84469B089B006344F2
:107CE000D86928400143D961D3E7C04600E100E0EC
:107CF00000ED00E0054A04211369002802D00B437F
:107D0000136170478B431361FBE7C04600ED00E051
:107D10007047C0467047C0467047C0467047C0466F
:107D20007047C0467047C0467047C0467047C0465F
:107D30007047C0467047C0467047C0467047C0464F
:107D40007047C0467047C046012130B52E4A85B005
:107D5000137A03240B43137200222C4B1A606B46D8
:107D60009D1CFFF7A5FB28802B88002B03D1013C2D
:107D7000E4B2002CF5D12B881F2B02D8012005B0CE
:107D800030BD2B885B0524D401AC200000F0A8FA9C
:107D90006278A37812011A431D4B1B681B0725D577
:107DA00090211C48C9050C690368283B1B1B1B025A
:107DB000002B0EDD112A08DD8022174B52029BB2E8
:107DC0001343CB60CB681342FCD190230268DB05E0
:107DD0005A600122114B1A70F8F79BF9BFF34F8FCD
:107DE0000F4B104ADA60BFF34F8FFEE7112AF0DD28
:107DF00080219022084B49029BB20B43D205D360ED
:107E0000D3680B42FCD1E4E70000204014000020BE
:107E1000C0000020180000201C0000200C000020E2
:107E200000ED00E00400FA0510B5FFF78DFF1B48D8
:107E30001B4B984207D2013B1A1A9208013219498A
:107E4000920002F0FCFE1848184B984207D2013B02
:107E50001A1A920801321649920002F0F0FE1548F3
:107E6000154B984207D2013B1A1A920801320021A1
:107E7000920002F053FE1148114B984207D2013B89
:107E80001A1A920801320021920002F047FE0D4BAF
:107E900083F30888F8F7ACFA10BDC046B824002078
:107EA000D82A0020B0480610080000203400002026
:107EB00084480610C0000020CC020020D002002020
:107EC000B8240020006000201723F621962070B50A
:107ED00001250024174A82B0FF31938100021583E7
:107EE0001461138B002BFCD013690139019389B203
:107EF000019B002914D08342F1D8012600250D4AA8
:107F000016831561138B002BFCD0136901989842DE
:107F10000DD20198181A019C0193A40A844201D33E
:107F200002B070BD013989B20029E9D1F8E70198A2
:107F3000C01AF0E700001048802330B50D4C5B02FA
:107F40002204120C1A43002806D09021C905CA60E9
:107F5000CA681A42FCD130BD0425A078A178C0B20D
:107F6000A943A1709021C905CA60CA681A42FCD110
:107F7000A070F0E71C000020F0B54F464646D646FC
:107F8000C0B58AB003AC22007B4B05000E0083CB4A
:107F900083C283CB83C21B78684613706F4600F0A0
:107FA0009FF9002D33D044230121744AA373137A1F
:107FB0000B4313726C23E372513B2375704B714A70
:107FC0001B68190C91424FD06F4B6E4A1B68190CFD
:107FD000914258D06D4B6B4A1B68190C91423AD0B4
:107FE0000422E37A9343E3727878BB780001184364
:107FF000112858DC802190222404240C49020C43CF
:10800000D205D460D3680B42FCD111286BDC604AE6
:10801000138B002BFCD00123138316339381002391
:108020001361002E09D090221021D2051069136926
:1080300043401942FBD0FFF747FF002D02D0152225
:10804000544B1A70544B554A1A600AB0E0BCBA46F9
:10805000B146A846F0BD0322E17D9143E175E17D83
:108060001A400A43E275BBE77022E17D1B01914390
:10807000E175E17D1A400A43434BE2751B68414AB2
:10808000190C9142A6D1302261791B019143617193
:1080900061791A400A433D4B62711B68394A190CD9
:1080A00091429DD1D7E7E37D1343E375E37DDBB2D6
:1080B0009C463B4B1A78002A50D0002100229A5C43
:1080C00001328A18D2B29F5C1100002FF7D11C2A0E
:1080D00034D90222334B1A7033325A7062469A7086
:1080E0000022DA7086E72E4B1A78002A3DD0002154
:1080F00000229A5C01328A18D2B2985C11000028E2
:10810000F7D11C2A00D982E799188846571C941C7D
:10811000D01C022199542122DA55193A1A5500220D
:108120001A544346802190221B041B0C49020B4326
:10813000D205D360D3680B42FCD168E7511C884656
:10814000D11C8A46971C02219954352241465A5423
:1081500062465146DA5500225A54BAE70322924643
:10816000023A904602270022EDE7984603200224B7
:1081700001270022CDE7C046B41D061000002040B4
:10818000E807001055AA0000E4070010B00700102F
:10819000000010480000C04014000020CCBCECFCE3
:1081A000442300201C000020F0B50822D6464F468C
:1081B0004646C021434BC0B59A80434A434D136A9B
:1081C00009042B4089460B43C0211362136A090638
:1081D0001B021B0A0B431362C022FF209200904631
:1081E0003B4B84469A58474682433F388246024377
:1081F00040461A501A58C020364E00023240024300
:10820000DA51C122644692009F58A743544627433F
:108210009F509C582700374007439F509C58270089
:108220002F409F509C582402240A27000F439F5040
:108230000832904644469A58324002431A511A591D
:108240004C462A40224344461A511A591202120A35
:108250000A431A51C4229200904644469A5832402A
:1082600002431A511A594C462A40224344461A5195
:108270001A591202120A0A431A51C52292009C5836
:1082800027006446A7433C00574627434C469F506F
:108290009F583E40304398509858284004439C5083
:1082A00098580002000A0143995001200121FFF76C
:1082B00063FE094B094A1A6262B6E0BCBA46B1468F
:1082C000A846F0BD0000104000ED00E0FFFF00FFF9
:1082D00000E100E0FF00FFFF0000904066000E009C
:1082E00010B51249124CCB691B061A0FCB691B073C
:1082F0001B0F83700F4B196801234160A14208D105
:108300000D490E4B8C461B68634459424B415B0040
:1083100002330370131CD2B2002A00D10123437030
:10832000074B9B8A01339B00836010BD0000904087
:1083300041A0000228009040BC5FFF0D1C0000100F
:1083400000001040F0B5114B114D0400D869DB69F5
:10835000104E2F6800061B070125000F1B0FB742A8
:108360000AD10D4F0D4EBC4636686644771EBE419D
:108370007642AE4335000435094EB68A2570C4B244
:10838000002C00D1012008701370F0BD0000904057
:108390002800904041A00002BC5FFF0D1C000010AF
:1083A00000001040F7B5040C0D0091B20F006143BE
:1083B0008C460600019383B2100C5F43444358433C
:1083C0003B0C60441B18994202D980214902641871
:1083D000019955437143180C04191B04BFB2491984
:1083E000D819091903B0F0BD9E2110B5C905041CA8
:1083F000F7F72EFF00280AD09E21201CC90500F0A7
:108400009FFC00F033FE80231B06C01810BD201C0B
:1084100000F02CFEFAE7000070B500220B4B0400C0
:108420000D00F7F79FFF00280BD0084B002220001B
:10843000290001F02FFE02F0FFF880231B06C01870
:1084400070BD2000290002F0F7F8F9E70000E041D4
:10845000F0B587B006000F00059204938B4200D957
:1084600066E001D1824263D804990598F7F7A2FF2C
:10847000390001903000F7F79DFF019B04991B1A0A
:108480001A0005980193F7F72DFF04000D00B9427B
:1084900046D801D1B04243D801200021019AF7F714
:1084A00021FF361BAF4102900391019B002B2ED080
:1084B000E90762080A4301996B088C4601240025EC
:1084C000BB4232D801D1B2422FD830003900801AD5
:1084D0009941001849410019694106000F00012126
:1084E00049428C4461460029EAD1029C039D300038
:1084F0003900019AF7F7EAFE019AA4197D410600B6
:108500000F00F7F7EFFE241A8D41029403950C9BA0
:10851000002B01D01E605F600298039907B0F0BD88
:108520000022002302920393BFE7B6197F41D6E7EA
:108530000023002402930394E9E7427803781202AF
:108540001A438378C0781B0413430006184370470E
:10855000F0B543025A0A85B044004F0003924A0224
:10856000240EC50F3F0E500A01909B09C90F9209B6
:10857000E01B8D4200D096E0002836DD002F13D19D
:10858000002A07D0461E012802D101249B181EE0B4
:10859000FF2810D1DB08FF2861D1002B5FD080229B
:1085A000D203FF2013435AE0FF2C00D13FE180218A
:1085B0000600C9040A4301211B2E07DC2020801B72
:1085C00011008240F140501E824111435B185A0154
:1085D00000D413E1601CFE2C00D1D8E001229749A1
:1085E0001A405B080B4013435BE0002820D0381B87
:1085F000002C08D1002B04D0441E0128C5D0FF2830
:1086000008D11300C6E7FF2F00D109E18021040043
:10861000C9040B4301211B2C07DC2020001B19007F
:108620008340E140581E834119433C008B18CEE73C
:10863000FE21601C084230D1002C1BD1002B00D140
:10864000ECE0002A00D1E0E09A1880211000C90473
:108650000840D3080A4202D00120794A1340FF2281
:10866000C005D2055B0210405B0A1843ED072843A2
:1086700005B0F0BD002B00D1D4E0002A00D1D2E03B
:1086800080210398C903884203D30198884200D20D
:108690001300DB080193029580E0FF2877D09B1838
:1086A0005B080400AAE0002827DD002F1DD1002A66
:1086B00000D16FE7461E012802D19B1A01240EE06B
:1086C000FF2800D166E701211B2E07DC2020801B3C
:1086D00011008240F140501E824111435B1A5A0141
:1086E00000D48BE09B019E096FE0FF2C00D19EE03F
:1086F0008021C90406000A43E5E7002824D0381B7E
:10870000002C0BD1002B07D0441E012802D10D00F4
:10871000D31AD3E7FF2808D10D0072E7FF2F00D14D
:1087200083E08024E4042343040001201B2C07DCA5
:1087300018002025E0402C1BA3405C1EA3411843D9
:108740003C000D00131ACAE7671CFE26BC463740E2
:1087500002976746374233D1002C1AD1002B06D13D
:108760001D00002A00D17AE70D00019B77E7002A5F
:108770004BD09C1A660106D50D00D31A0020834207
:1087800000D16CE78DE7231E00D003E7050000232E
:1087900065E7002B05D1002A4BD00291019B029D79
:1087A000FDE6002A3FD08020039CC003844200D213
:1087B0006FE7019C844200D36BE713000D0068E76C
:1087C0009E1A770114D50D00D61A3000F7F7D4FDA4
:1087D00033000538834084420DDC2022001B013029
:1087E000121A19009340C1405A1E93410B43C5E72A
:1087F000002ECBD0E9E7134A241A13405A0704D0BD
:108800000F221A40042A00D004335A010FD5601CED
:10881000FE2CBCD00A4ADB08134020E71300ADE76A
:108820003800EEE61300FF20B4E6380074E72000BD
:10883000B0E68023DB030193B0E7C046FFFFFF7D76
:10884000FFFF7F1FFFFFFFFBF0B5C30F85B04402A2
:1088500045000391640A2D0E01932ED0FF2D39D0CF
:108860008023E400DB047F3D1C4302950027039B2B
:108870005D025E00DB0F6D0A360E039330D0FF2ED3
:108880003BD08023ED00DB041D4333007F3B002100
:108890000398019A42400298D2B2C31AB800084322
:1088A00001380E2842D8F7F7FDFC6CA87EA89DA8D9
:1088B0007E6C6C9D7E2E2E2E720001270294002C61
:1088C000D5D02000F7F758FD773F431F9C403B1A57
:1088D0000293CBE703270295002CC8D1013FC6E7DE
:1088E0002B000121002DD3D02800F7F745FD431FB1
:1088F0009D4076235B421B1AC9E733000321002DFC
:10890000C6D10139C4E73900019A022939D00329B7
:1089100000D170E00025280001291ED16D026D0AEA
:10892000C0052843D207104305B0F0BD64016D01B6
:10893000AC4228D31A200121641B012627004900DC
:108940006400002F01DBA54201D8641B31430138CC
:108950000028F3D1601E84410C4318007F300028AA
:1089600024DD610704D00F212140042900D0043404
:10897000210103D58033180023490C40E508FE2867
:10898000CCDD00250DE01B200021013BD5E7802335
:10899000DB031C4201D01D4229D08025019AED0342
:1089A0002543FF20BAE72C00039AAEE701210025FA
:1089B000091A28001B29B1DC9E3325009C40CD40BC
:1089C000631E9C4125436B0704D00F232B40042BCF
:1089D00000D0043580232800DB0418401D420FD14D
:1089E000ED089BE7002380240193E403D5E7039B74
:1089F0002C000193D1E70192CFE7002528008DE7F5
:108A0000002501208AE7C046FFFFFFF770B54B0045
:108A1000440245004E02C20F640A01202D0E760A60
:108A20001B0EC90FFF2D06D1002C13D1FF2B11D126
:108A3000002E06D00EE0FF2B0CD09D420AD1B4428E
:108A400008D100208A4205D00130002D02D120003B
:108A5000431E984170BD30B5420245004C02C30F21
:108A60004800520A2D0E640A000EC90FFF2D01D1D5
:108A7000002A19D1FF2801D1002C15D1002D20D1B9
:108A8000002813D1002A1ED1002C21D0012000295A
:108A90001ED102381CE08542F8DBA2420CD800202F
:108AA000A24215D20130F2E7022008E0002AEDD000
:108AB00099420AD18542EEDD0120002908D04042CA
:108AC00006E00028F4D1002CF2D10120002BF6D1D1
:108AD00030BD30B5420245004C02C30F4800520A77
:108AE0002D0E640A000EC90FFF2D01D1002A19D1E5
:108AF000FF2801D1002C15D1002D20D1002813D141
:108B0000002A1ED1002C21D0012000291ED10238BC
:108B10001CE08542F8DBA2420CD80020A24215D20C
:108B20000130F2E7022011E0002AEDD099420AD18B
:108B30008542EEDD0120002908D0404206E00028F1
:108B4000F4D1002CF2D10120002BF6D130BD000071
:108B5000F0B5C30F85B04702440003917F0A240E8D
:108B600002930AD0FF2C71D080227F3C2600002384
:108B7000FF00D204174301930CE001233E1E019332
:108B800008D03800F7F7F8FB7626431F9F4076425F
:108B9000361A0194039B5C025D00DB0F640A2D0E04
:108BA00003935AD0FF2D64D080232800E400DB0417
:108BB0001C437F380023019986198800721C1843D2
:108BC0000A2800DD7EE00299039D69400291022897
:108BD00055DC0138012864D9B9B20D003B0C200CDA
:108BE000A4B2654341435C43434309191F002B0C66
:108BF0005B189C4202D9802149027F181904ADB24A
:108C00004D19AC01611E8C411B0CAD0EDB192C43C0
:108C10009B011C431B0167D5012361081C400C43C9
:108C200010007F30002861DD630704D00F2323404C
:108C3000042B00D00434230103D5803210003F4BB5
:108C40001C40E108FE2834DD00214BE00323260010
:108C50000193002F9ED1013B8DE720000123002CC2
:108C6000A9D0F7F789FB431F9C4076235B42181A73
:108C7000A0E728000323002C9DD1013B9BE70121A5
:108C80008140A6200D00C000054001421ED1902069
:108C90008000014246D1B938FF3801429CD0039987
:108CA0000291022BD0D0032B42D000210800012BCF
:108CB000B6D1029B4902490AC0050843DB071843A5
:108CC00005B0F0BD0F2804D00B28E8D03C00019B74
:108CD000E7E78023DB031F4201D01C4226D080211E
:108CE000C9033943FF20E4E7320099E7012300215B
:108CF0001B1A08001B2BDCDC9E3221009440D9405B
:108D0000631E9C4121434B0704D00F230B40042BCF
:108D100000D0043180230800DB041840194209D137
:108D2000C908C6E780270295FF03D8E7039B029393
:108D30002700D4E700210120BBE7C046FFFFFFF773
:108D4000F0B543025A0A85B04F02440002924E0029
:108D50007A0A9446C50F0092240E9B09360EC80F5E
:108D6000D200FF2E02D10100002A01D10121414091
:108D7000A01BA94200D093E0002836DD002E13D1BD
:108D8000002A07D0461E012802D101249B181EE0AC
:108D9000FF2810D1DB08FF285ED1002B5CD0802299
:108DA000D203FF20134357E0FF2C00D13DE1802187
:108DB0000600C9040A4301211B2E07DC2020801B6A
:108DC00011008240F140501E824111435B185A014C
:108DD00000D411E1601CFE2C00D1D5E0012296499F
:108DE0001A405B080B40134358E0002820D0301B8A
:108DF000002C08D1002B04D0441E0128C5D0FF2828
:108E000008D11300C6E7FF2E00D107E1802104003E
:108E1000C9040B4301211B2C07DC2020001B190077
:108E20008340E140581E8341194334008B18CEE73C
:108E3000FE21601C08422DD1002C18D1002B00D13E
:108E4000EAE0002A00D1DEE09A182000D30852019F
:108E500002D50120794A1340FF22C005D2055B02EA
:108E600010405B0A1843ED07284305B0F0BD002B06
:108E700000D1D5E0002A00D1D3E080210298C903B7
:108E8000884203D30098884200D21300DB089C4636
:108E9000019580E0FF2877D09B185B080400ABE0C9
:108EA000002827DD002E1DD1002A00D172E7461EC2
:108EB000012802D19B1A01240EE0FF2800D169E7A6
:108EC00001211B2E07DC2020801B11008240F14075
:108ED000501E824111435B1A5A0100D48CE09B0161
:108EE0009E096FE0FF2C00D19FE08021C90406009D
:108EF0000A43E5E7002824D0301B002C0BD1002BBF
:108F000007D0441E012802D10D00D31AD3E7FF2851
:108F100008D10D0075E7FF2E00D184E08024E40421
:108F20002343040001201B2C07DC18002025E0400F
:108F30002C1BA3405C1EA341184334000D00131AE0
:108F4000CAE7FE27661C03963E400196039E3E42FA
:108F500033D1002C1AD1002B06D11D00002A00D1DC
:108F60007AE70D00009B77E7002A4CD09E1A770124
:108F700006D50D00D31A0020834200D16CE78DE79F
:108F8000331E00D006E72500002365E7002B05D13E
:108F9000002A4CD001916346019D00E7002A40D091
:108FA0008020029CC003844200D26FE7009C844270
:108FB00000D36BE713000D0068E79E1A770114D504
:108FC0000D00D61A3000F7F7D7F933000538834083
:108FD00084420EDC2022001B0130121A190093403B
:108FE000C1405A1E93410B43C5E7002EEAD105004C
:108FF000CAE7134A241A13405A0704D00F221A4012
:10900000042A00D004335A010FD5601CFE2CBBD0BB
:109010000A4ADB0813401FE71300ACE73000F0E614
:109020001300FF20B6E6300073E72000B2E680238D
:10903000DB039C46AFE7C046FFFFFF7DFFFF7F1FBE
:10904000FFFFFFFB42024B0240004900520A5B0A4D
:10905000090E000EFF2802D1FE38002A05D100209B
:10906000FF2902D11800431E984170474102430076
:10907000C20F490A00201B0E7E2B03DD9D2B02DD53
:10908000084BD0187047802000040843952B05DD5D
:10909000963B9840002AF5D04042F3E79621CB1A40
:1090A000D840F7E7FFFFFF7F70B503000400051EFF
:1090B0000ED0C21785185540C40F2800F7F75CF989
:1090C0009E231B1A962B0ADC08282BD008388540D3
:1090D0006D026D0AD8052843E407204370BD992B23
:1090E0001BDD020029001B3291400A00511E8A41FB
:1090F0000521091ACD4015430B4A2A4069070FD0B4
:109100000F210D40042D0BD00432D508510107D595
:109110009F23064A1B1A1540DAE7421F9540EBE7EA
:10912000D508D5E79623D3E7FFFFFFFBFFFF7F1F9F
:10913000002310B50400984209D0F7F71DF99E23CB
:109140001B1A962B08DC082829D0083884406402B2
:10915000D805640A204310BD992B1BDD02002100B5
:109160001B3291400A00511E8A410521091ACC4048
:1091700014430C4A224061070FD00F210C40042CED
:109180000BD00432D408510107D59F23064A1B1A7D
:109190001440DCE7421F9440EBE7D408D7E796235E
:1091A000D5E7C046FFFFFFFBFFFF7F1FF7B5DF0FCF
:1091B000BC460D034C001E03C90F00916D0A410F00
:1091C000760A570F294337435D00009E640D6D0DED
:1091D000C000D200631B664500D02EE1002B00DCEE
:1091E0007AE0002D3CD13D0015431ED05D1E012BC1
:1091F00018D1821882428041C919404209181000D2
:109200000A0200D402E1BA4A0133934200D18AE251
:10921000B84C42080C40012101400A43E0071043CA
:109220006108F3E0B24EB34222D14C07CA08B049FC
:10923000C00804438B4206D12100114300D175E2DE
:10924000802109030A432000AB4C1B051203234075
:10925000120B1343009AD2071343190003B0F0BD59
:10926000A34DAC4200D1DDE180252D042F431D002C
:10927000382D2CDC1F2D19DC20233E005B1B9E406B
:10928000B44616000193EE4063461E43019BEF4037
:109290009A4013005A1E934133431B188342804166
:1092A00079184042091818002300A9E72B003E0056
:1092B000203BDE400023202D03D040335B1B9F402A
:1092C0003B0013435A1E934133430027E5E73B001D
:1092D00013435A1E9341F8E7002B50D02B1B002C50
:1092E00012D10C0004430CD05C1E012B06D1801857
:1092F00090429241C9195242891881E77C4EB3428B
:109300000AD13900100090E7794CA54200D104E25F
:109310008024240421431C00382C2BDC1F2C18DC57
:1093200020230E001B1B9E40B44606000193E6401E
:1093300063461E43019BE14098400300581E834151
:109340003343981890429241C91952422B00891810
:1093500056E723000E00203BDE400023202C03D0E4
:1093600040331B1B99400B000343591E8B41334371
:109370000021E6E70B000343591E8B41F8E75F4DE0
:10938000631C2B4234D10B000343002C14D1002B5F
:1093900000D1BDE13B00134300D11EE1821882429F
:1093A0008041C919404209180B0200D4B1E1514B68
:1093B00010001940012338E7002B00D1ADE13C003B
:1093C0004B4B144300D130E74B07C0081843CB0880
:1093D000802109030B4206D0FC080C4203D1230074
:1093E000D0087F073843410FDB001943C00019E163
:1093F0003F4CA34200D196E1821882428041CF19AE
:1094000040423F18F807520810437908420709D034
:109410000F220240042A05D0021D824280414042B0
:10942000091810000A0200D4FFE6314A01339342C2
:1094300000D178E12F4A1140F7E6002B60DD002DC6
:1094400036D13D00154300D1EFE65D1E012B0DD155
:10945000821A90428041C91B4042091A10000A0238
:10946000D4D549021C004D0A019008E1204EB342B8
:1094700000D1DAE6382D35DC1F2D22DC20233E001A
:109480005B1B9E40B44616000193EE4063461E43AC
:10949000019BEF409A4013005A1E93413343C31A75
:1094A00098428041C91B4042091A18002300D6E7A0
:1094B0000F4DAC4200D1B5E080252D042F431D0097
:1094C000D8E72B003E00203BDE400023202D03D0B8
:1094D00040335B1B9F403B0013435A1E9341334371
:1094E0000027DCE73B0013435A1E9341F8E7C046D0
:1094F000FF070000FFFF7FFF0000F07FFE07000076
:10950000002B54D02B1B002C15D10C0004430FD082
:109510005C1E012B09D1101A824292416346791ACE
:1095200052420093891A012399E7814EB3420AD12E
:1095300061460091E5E67E4CA54200D1EBE0802437
:10954000240421431C00382C2CDC1F2C19DC202384
:109550000E001B1B9E40009333000600E6401E4396
:10956000009BE14098400300581E83413343D01ACA
:1095700082429241791A5242891A62462B00009225
:109580006DE723000E00203BDE400023202C03D09B
:1095900040331B1B99400B000343591E8B4133433F
:1095A0000021E4E70B000343591E8B41F8E7614EAD
:1095B000651C354250D10E003D0006431543002C7A
:1095C00028D1002E0FD1190018000093002D00D1D2
:1095D0002BE6390010006346009303000B4300D1D3
:1095E0009EE0002312E7002DF7D0851AA842B6416D
:1095F000CC1B7642A41B260206D5101A8242924149
:10960000791A5242891AE6E7280020435CD02100EB
:109610002800E2E7002E07D1002D7CD18021180020
:109620000093C903424B00E6414B002D00D1FCE5FD
:109630004B07C0081843CB08802109030B4200D117
:10964000D1E6FC080C4200D0CDE6D00862467F0788
:10965000230038430092C6E6851A0195A842AD4121
:109660006D422E00CD1BAD1B2E022AD5131A9A4235
:109670009241019363467F1A5242BD1A0093002D16
:1096800025D02800F6F778FE0300083B2022019938
:109690000198D21A9D40D140984029439C4233DC26
:1096A0001B1B5A1C1F2A1EDC20230D009B1A0400C2
:1096B00098409D40D440431E98412543D1402843C3
:1096C0008BE701982843DAD101000090ADE50198BD
:1096D000F6F752FE030018331F2BD7DD0199083827
:1096E00081402800DAE70C001F3BDC400023202AE1
:1096F00003D040339B1A99400B0003435A1E9341F9
:1097000020000021184368E70B4AE31A11407DE668
:109710003900100061E7634600933900100081E7CB
:109720001900180081E5002108007EE50A008AE59D
:10973000FF070000FE070000FFFF7FFFF0B589B0C4
:10974000009201930D034B00CA0F060004002D0B7D
:109750005B0D039245D0644A93426BD0420FED00FB
:109760001543802212042A430292604AC4009F18C3
:109770000026019B019A1D03D20F5B0000982D0B60
:109780005B0D069266D0584A934200D189E0ED0005
:109790005649420F2A4380255B189C462D041543E9
:1097A000C2000021069B03985840C3B2059363464C
:1097B000B0000843FB1A013804930E2800D999E041
:1097C000F6F77AFD8E002D02D3012D021E022D0226
:1097D000D3018E008E001E02D3017E007E007E002B
:1097E000C5012B00034302932CD0002D15D0280077
:1097F000F6F7C2FD010003000B391D22521A310099
:109800001800D140083885400A002A4335008540B9
:109810000292374F2C00FF1AAAE7F6F7ADFD0100C0
:109820000300153120331C29E7DD3200083882405F
:109830000292EEE702002A43029207D114001F00B1
:10984000022696E7029C0126270092E71F000326C6
:1098500002958EE7009A2A432AD0002D15D02800C1
:10986000F6F78AFD010002000B391D2310005B1A78
:10987000009908388540D9402943009D85401C4BFC
:109880009B1A9C462A000D008BE7F6F775FD010038
:109890000200153120321C29E7DD0099083881408B
:1098A000EDE7009A2A4307D115009C46022179E78B
:1098B00015009446012175E702009C46032171E7DB
:1098C0003100039B0593022900D1ACE1032900D1AB
:1098D000A2E1012900D001E100242300220026E1B9
:1098E00000231C00004A22E1FF07000001FCFFFFEB
:1098F0000DFCFFFF029B9D4204D300D022E1A24257
:1099000000D91FE1029BE607D907630819430C0041
:10991000029B5B08029313022D02170E00932B0C7F
:109920002F4306930699BBB202980393F6F754FCB3
:10993000BBB243430A04210C050011438B4207D9F3
:10994000C919013D8F4203D88B4201D9851EC9191F
:10995000C81A0699F6F740FCBAB242430904A4B209
:1099600003000C43A24207D9E419013BA74203D8E4
:10997000A24201D9831EE4192D041D43A41A009BA1
:10998000009A1B0C12040393120CABB207925A43B9
:1099900007980292039A290C484353435143029A71
:1099A0001B18120C94466344984202D9802252023A
:1099B0008918029A180C12041B04120C40189A18E9
:1099C000844203D302951ED196421CD26B1E029391
:1099D000009BF6189E429B415B42DB19E418A742AC
:1099E00003D310D1009BB3420DD8A04202D80AD1B4
:1099F000B24208D9AB1E0293009BF6189E429B41CF
:109A00005B42DB19E418B51AAE42B641201A764221
:109A1000801B874200D1ADE00699F6F7DDFBBBB2B3
:109A200043430A04290C040011438B4207D9C91986
:109A3000013C8F4203D88B4201D9841EC919C81A30
:109A40000699F6F7C9FBBBB243430904ADB2020065
:109A50000D43AB4207D9ED19013AAF4203D8AB42EF
:109A600001D9821EED19ED1A2304039E13430799B1
:109A700007981C0C9AB25143604372437443121806
:109A80000E0CB218904202D9802040022418100C0B
:109A900009041204090C00195118854204D31C0052
:109AA000854219D1002919D07D195C1EBD420ED303
:109AB000854203D310D1009A8A420AD29C1E009B91
:109AC0005A009A429B415B42DB19ED180092854295
:109AD00002D1009B994201D001231C43049B554AAB
:109AE0009A18002A49DD63070BD00F232340042B6B
:109AF00007D0231DA342A4410299644209191C0006
:109B00000291029BDB0108D54B4B029A1A4080233D
:109B1000DB009C460292049A6244484B9A4200DD64
:109B200081E0029BE4085B071C43029BDB081B03EC
:109B300012051B0B1343059A2000D207134319008B
:109B400009B0F0BD049B0026013B0493E3E68023AB
:109B500002991B03194201D01D4258D08023029A5A
:109B60001B031343039A0592BCE6069B140005935E
:109B70000295A8E601246442B0E70121891A382938
:109B800000DDA9E61F2926DC2D4A049B9446634488
:109B900020009C40029AC8409A4023000243581E6D
:109BA00083411A43029B1400CB40620709D00F2265
:109BB0002240042A05D0221DA242A44164421B195E
:109BC000140080211A0009040A400B422ED1E1083A
:109BD0005C070C43AAE71F235B429B1A029ADA40F8
:109BE0000023202906D01749049B8C460299634420
:109BF00099400B001C43631E9C4100231443D4E78F
:109C000000231C00039380231B030293A6E7069BFB
:109C1000140003930295A1E7059B03939EE700239D
:109C20001C001A0083E7002423005BE600230122C6
:109C30001C007CE7FF030000FFFFFFFEFE070000A3
:109C40001E0400003E040000F0B58BB000920193AA
:109C50000D034B00CA0F06002D0B5B0D039200D1C4
:109C600011E1CE4A934200D135E1ED00420F2A4383
:109C700080252D041543CA4AC4009B181F000023E9
:109C80000293019B00981E035A00DB0F360B520D06
:109C9000049300D12EE1C14B9A4200D150E1430F11
:109CA000F60033438026BE4936041E43C3005018D5
:109CB0000022C119069101310091029988001043D8
:109CC0000A2800DD76E10399049F79400391022878
:109CD00000DD44E10138012800D853E1190C9BB2A2
:109CE00002911900220CA4B2514320008C46029F1D
:109CF000029958435143674305916744010CC919C0
:109D000004908C4505D9802040028446059F674415
:109D10000597080C84466846008A090409180991C9
:109D2000310CB6B2049130003100049F61435043BE
:109D30007C437A4324180F0C3C19A04202D980209E
:109D400040021218200C8218240489B2079262186B
:109D50000892089962468C46290CADB22800029FF1
:109D600058436F434B4362449446029CFF18020CD5
:109D7000D2194C43934202D980235B02E418130C9E
:109D80001B1902932B0080B212041218049873431B
:109D900045434E434143A8191D0C2D18AE4202D92C
:109DA000802040020918059F089867448742B64101
:109DB000BF189742924128049BB2C018079B764275
:109DC000C01853420493029B84199C46A4446346E2
:109DD000049AB442A4419B18079A6442904280417D
:109DE000029A4042044394458041049A2D0C9342C8
:109DF00092414042524210436419099A241864184F
:109E0000790211434A1E9141FF0DDE0D6402394370
:109E10005B0226430B43E40100D4DEE001215A0833
:109E20000B401A43F307CE401343009A5D49521882
:109E3000002A00DCD4E0590709D00F211940042979
:109E400005D0191D99429B415B42F6180B00F101A8
:109E500006D58021C9008C46534A1640009A6244B8
:109E600052498A4200DD07E17407DB081C43F6080B
:109E700013053603039A360B3343D20713432000EE
:109E800019000BB0F0BD2C0004432BD0002D16D0D0
:109E90002800F6F771FA040002000B3C1D23300085
:109EA0001B1B1100D84008398D4003002B4335009F
:109EB0008D403F492C008A1A17001D00DFE6F6F797
:109EC0005BFA04000200153420321C2CE6DD33005E
:109ED00008388340EDE704002C4307D11F0025001C
:109EE0000223CDE6250027000123C9E61F00040058
:109EF0000323C5E6009B334329D0002E14D0300045
:109F0000F6F73AFA010003000B391D221800521A25
:109F1000009908388640D1403143009E864024484D
:109F2000C01A33000E00C3E6F6F726FA010003005C
:109F3000153120331C29E8DD009908388140EEE70F
:109F4000009B334307D110001E000222B1E61E0021
:109F500018000122ADE6030010000322A9E601214A
:109F60008140A6200F00C0000740014226D190206A
:109F70008000014276D1B938FF38014200D1ADE608
:109F800004990391022A77D0032A72D0012A00D0C3
:109F90004BE70026340032006AE7C046FF070000A6
:109FA00001FCFFFFFF030000FFFFFFFEFE070000B4
:109FB0000DFCFFFF0F2805D00B28E1D02E00230059
:109FC000029ADFE780221203154201D016424ED0DA
:109FD000802636032E432C4A4AE7069A009224E74D
:109FE0000120801A3828D4DC1F2827DC2749009A52
:109FF0008C461C006244310093409140C4401A00DA
:10A000002143531E9A410B00C64013435A0709D0FF
:10A010000F221A40042A05D01A1D9A429B415B4226
:10A02000F618130080213000090408400E4226D1A2
:10A030007407DB0802001C43F60819E71F21494298
:10A040008A1A3100D1400022202805D01048009AF9
:10A05000844662449640320013435A1E93410026C0
:10A060000B43D3E780253C0003972D03B0E7049A08
:10A07000039235001C00ABE700263400ABE7002656
:10A0800001223400F4E6C046FF0700001E04000071
:10A090003E040000F0B585B002920393CB0F0D0390
:10A0A0000193039B4C006D0A410F1F032943DE0FF0
:10A0B0005D00029B7F0A5B0F029A3B43BD4F640D1C
:10A0C000C0006D0DD200BD4203D11F00B44617433E
:10A0D00002D101277740BC46019E671BB44500D0E2
:10A0E0002DE1002F00DC7AE0002D3CD11D0015434E
:10A0F0001ED07D1E012F18D1821882428041C918BE
:10A100004042091810000B0200D401E1A94B0137AD
:10A110009F4200D185E20122A74B0240194043082B
:10A120001343C80718434908F2E0A24EB74222D1B0
:10A130004A07CB089F49C00802438F4206D111004D
:10A14000194300D170E2802109030B4310009B4AA0
:10A150003F051B0317401B0B1F43019BDB071F43DE
:10A16000390005B0F0BD934DAC4200D1D8E1802557
:10A170002D042B433D00382D2CDC1F2D19DC20260F
:10A180001F00761BB740BC4617000296EF4066469C
:10A190003743029EEB40B2401600721E96413E438A
:10A1A000361886428041591840420918270030006D
:10A1B000A9E72E001F00203EF7400026202D03D0E7
:10A1C0004036761BB3401E001643731E9E413E432D
:10A1D0000023E5E713431E00731E9E41F8E7002F9E
:10A1E00050D02F1B002C12D10C0004430CD07C1E2D
:10A1F000012F06D1801890429241C9185242891805
:10A2000081E76C4EB7420AD11900100090E7694C03
:10A21000A54200D1FEE18024240421433C00382CD7
:10A220002BDC1F2C18DC20260F00361BB740BC4649
:10A2300007000296E74066463743029EE140B04081
:10A240000600701E86413E43B01890429241C918E4
:10A2500052422F00891856E726000F00203EF74093
:10A260000026202C03D04036361BB1400E0006439A
:10A27000711E8E413E430021E6E701430E00711E30
:10A280008E41F8E74E4D671C2F4233D10D00054338
:10A29000002C14D1002D00D1B7E11C00144300D1D3
:10A2A00019E1821882428041C918404209180B0204
:10A2B00000D4ABE1404B10000127194038E7002DD6
:10A2C00000D1A7E11C00144300D129E14C07C008CC
:10A2D00020438024C9082403214206D0DD082542FA
:10A2E00003D12900D0085B071843CA00410F11436E
:10A2F000C00015E12F4CA74200D192E182188242A2
:10A300008041CB1840421B18D80752081043590807
:10A31000430709D00F230340042B05D0031D8342BC
:10A3200080414042091818000B0200D400E7214B7D
:10A3300001379F4200D174E11F4B1940F8E6002F0E
:10A340005FDD002D3ED11D00154300D1F0E67D1EDE
:10A35000012F0DD1821A90428041C91A4042091A38
:10A3600010000B02D4D549023C004D0A029003E1D3
:10A37000104EB74200D1DBE6382D3DDC1F2D2ADC24
:10A3800020261F00761BB740BC4617000296EF4000
:10A3900066463743029EEB40B2401600721E96415D
:10A3A0003E43861BB0428041C91A4042091A270029
:10A3B0003000D6E7FF070000FFFF7FFF0000F07FBF
:10A3C000FE070000994DAC4200D1A9E080252D0484
:10A3D0002B433D00D0E72E001F00203EF740002613
:10A3E000202D03D04036761BB3401E001643731E4B
:10A3F0009E413E430023D4E713431E00731E9E413B
:10A40000F8E7002F51D02F1B002C14D10C0004436F
:10A410000ED07C1E012F08D1101A82429241591A87
:10A420005242891A634601939BE7804EB7420AD194
:10A4300061460191E8E67D4CA54200D1E8E0802428
:10A44000240421433C00382C2ADC1F2C17DC202656
:10A450000F00361BB74001963E000700E740374328
:10A46000019EE140B0400600701E86413E43901BB5
:10A4700082429241591A52422F00891AD2E726008D
:10A480000F00203EF7400026202C03D04036361B1C
:10A49000B1400E000643711E8E413E430021E6E7A7
:10A4A00001430E00711E8E41F8E7614E651C354276
:10A4B0004FD11D000E0015430643002C28D1002E5D
:10A4C0000FD1210020000194002D00D130E61900A9
:10A4D00010006346019303000B4300D19DE0002769
:10A4E00016E7002DF7D0851AA842B641CC1A76425D
:10A4F000A41B260206D5101A82429241591A5242D2
:10A50000891AE6E7280020435BD021002800E2E713
:10A51000002E07D1002D7BD1802138000197C9037F
:10A52000424F05E6002DFBD04C07C0082043802495
:10A53000C9082403214208D0DD08254205D15B0764
:10A54000D0081843634629000193CB00410F1943FB
:10A55000CEE6851A0295A842AD416D422E00CD1A75
:10A56000AD1B2E022AD5101A824292415B1A52422A
:10A570009D1A634602900193002D25D02800F5F71F
:10A58000FBFE08380700202302990298DB1BBD4020
:10A59000D940B8402943BC4233DC3F1B7A1C1F2AF8
:10A5A0001EDC20230D009B1A040098409D40D440DF
:10A5B000431E98412543D14028438CE70298284305
:10A5C000DAD101000190B3E50298F5F7D5FE070056
:10A5D00018371F2FD7DD0299083881402800DAE7A5
:10A5E0000C001F3FFC400023202A03D040339B1A5D
:10A5F00099400B0003435A1E934120000021184349
:10A6000069E70C4BE71B194082E61900100062E76E
:10A61000614601911900100082E7190018001F001F
:10A6200086E50021080083E50B008FE5FF070000A9
:10A63000FE070000FFFF7FFF0B0070B5114E0C03FB
:10A6400049000200240B0020490DDD0FB14204DD5A
:10A650000D48814202DD0D4BE81870BD802040039B
:10A6600020430B4C641A1F2C08DC0A4EE240891967
:10A6700088401043002DF0D04042EEE7064B5B1AB5
:10A68000D840F7E7FE0300001D040000FFFFFF7F36
:10A6900033040000EDFBFFFF13040000FE2270B541
:10A6A0004400240E4302611C5D0AC60F11420DD006
:10A6B000E0229200A4181B0B6D071B031B0B240543
:10A6C000F6071C4334432800210070BD002C18D12C
:10A6D0002300002DF1D02800F5F74EFE0A280ADCF1
:10A6E0000B232A001B1ADA40130002001532954092
:10A6F000094C241AE1E703000B3B9D402B00250089
:10A70000F6E7002D06D01A0B80231B036D071343B9
:10A71000024CD2E72B00FBE789030000FF07000093
:10A720000A03F0B5520A4B00460F5B0D1643304A40
:10A730005D1CCC0FC700154241D02E4A9D18FE2D3E
:10A7400054DC002D32DC2A0017324BDB8021090457
:10A7500031431E26761B1F2E16DC274A9B183A0013
:10A760009F409940781E8741F2400F433A430023AF
:10A77000510739D00F211140042935D0043251013D
:10A7800032D50133002228E0022208005242521B37
:10A79000D04002000020202E03D018481B189940FA
:10A7A00008003843431E98410243E0E78201531EEC
:10A7B0009A41F6007F0F32432B003A43D8E73A0024
:10A7C0003243002B03D1002A07D00122D6E7FF2312
:10A7D000002A02D08022D2033243D8051043E40776
:10A7E0002043F0BD0023F0E7D208F6E7FF23C9E7D6
:10A7F000FE07000080FCFFFF82FCFFFFA2FCFFFFC2
:10A80000F0B50F0087B006000490F80F039018030E
:10A81000000B5C000290600D0190D80F8446184830
:10A820000D0349002D0B490D0592814207D12C00E3
:10A83000012034431FD1019C8C421CD102E0019CB9
:10A84000844204D1029802430120002A13D1019BC3
:10A85000012099420FD1029B9D420CD1049B059A85
:10A86000934208D1039B634507D0002903D12800F8
:10A870003043431E984107B0F0BD0020FBE7C046BF
:10A88000FF070000F0B587B0009001910099019892
:10A89000049101992C4F0903090B8C460199C50FAE
:10A8A0004900490D1C03580003910592240B400DEB
:10A8B000DE0FB94203D1674600990F4335D12249D3
:10A8C000884202D1270017432FD100270399B942AC
:10A8D00005D16146009F0F4339004F424F41002888
:10A8E00025D12243002F06D0002A2AD00120002E95
:10A8F00027D1023825E0002A1BD10120002D20D0CD
:10A9000040421EE0039B8342F0DBA445F5D808D10A
:10A91000049B059A9342F0D8049B059A0020934229
:10A920000FD20120002D0CD1E3E70220E8E7002F31
:10A93000DCD1AE42E1D1039B8342E3DD0120002E56
:10A94000DED107B0F0BDC046FF070000F0B587B00C
:10A950000090019100990198049101992C4F0903ED
:10A96000090B8C460199C50F4900490D1C0358007D
:10A9700003910592240B400DDE0FB94203D16746C7
:10A9800000990F4335D12249884202D1270017434D
:10A990002FD100270399B94205D16146009F0F438B
:10A9A00039004F424F41002825D12243002F06D0C5
:10A9B000002A2AD00120002E27D1023825E0002AC3
:10A9C0001BD10120002D20D040421EE0039B83427A
:10A9D000F0DBA445F5D808D1049B059A9342F0D842
:10A9E000049B059A002093420FD20120002D0CD128
:10A9F000E3E7022009E0002FDCD1AE42E1D1039B66
:10AA00008342E3DD0120002EDED107B0F0BDC04659
:10AA1000FF0700000EB48123F0B500269CB021ADE5
:10AA200002AC9B0080CDA3811B9602900690F5F7A7
:10AA3000CDFC0B4B03900B930123079009485B421D
:10AA4000E3813A002B00210000680F9614960195CF
:10AA500000F0BEFB1CB0F0BC08BC03B01847C046F9
:10AA600069AA0410882A00200020704770B50600EB
:10AA7000140008001A009AB0002C05DA8B2301207C
:10AA8000336040421AB070BD8223694600259B00A6
:10AA90008B81199500900490AC4200D0651E012373
:10AAA0005B42CB8130001E9B8D604D6100F030FA1F
:10AAB000431C01DA8B233360002CE3D00022009B7F
:10AAC0001A70DFE713B5044C009313000A0001006D
:10AAD0002068FFF7CBFF16BD882A002030B5002480
:10AAE0000139A24201D1002005E0035D01340D5D72
:10AAF000AB42F6D0581B30BD10B5884202D98B1836
:10AB0000984208D300239A4207D0CC5CC454013346
:10AB1000F9E78B5C8354013AFBD210BD0300821825
:10AB2000934200D1704719700133F9E7F0B5002264
:10AB3000040003270A4EA35CF05C3840012800D1D2
:10AB40002033885C355C3D40012D00D120301D1A3A
:10AB5000834203D101320028EDD1F0BD2800FCE78B
:10AB6000E93F0610C9B20378002B04D08B4200D114
:10AB700070470130F7E74B42594149420840F7E737
:10AB8000030030B51D00002A06D00C78013A0133CD
:10AB90002C700131002CF5D100219A18934200D17C
:10ABA00030BD19700133F9E7030041188B4202D020
:10ABB0001A78002A01D1181A70470133F6E770B5E8
:10ABC0000024CDB2C9B2A14206D12900FFF7CAFFC5
:10ABD000040006E01C00581C2900FFF7C3FF031EF9
:10ABE000F8D1200070BD0A7830B5002A0CD130BDF4
:10ABF0009A4208D10123CC5C002CF8D0C55CA54258
:10AC000001D10133F7E701300378002BF0D11800B0
:10AC1000EDE70000014B18687047C046882A002005
:10AC20007047704710B500F00AF810BD10B5FFF777
:10AC300063FF10BD10B5002200F08EFF10BD002391
:10AC400010B59A4200D110BDCC5CC4540133F8E772
:10AC500070B505000C1E10D0043C2368002B00DAF0
:10AC6000E418280000F0E0F81D4A1368002B05D115
:10AC700063601460280000F0DFF870BDA34208D9BB
:10AC8000206821188B42F3D119685B68091821608C
:10AC9000EEE71A005B68002B01D0A342F9D91168D6
:10ACA0005018A0420BD12068091850181160834237
:10ACB000E0D118685B68411811605360DAE7A04280
:10ACC00002D90C232B60D5E7206821188B4203D1D1
:10ACD00019685B680918216063605460CAE7C04660
:10ACE000B424002070B50F4E0D0031680400002917
:10ACF00002D100F01FFF30602900200000F01AFF91
:10AD0000431C03D101256D42280070BD0323C51CDF
:10AD10009D43A842F8D0291A200000F00BFF013013
:10AD2000F2D1EFE7B0240020F7B50322CB1C934308
:10AD3000083305001F000C2B34D20C27B94233D83E
:10AD4000280000F071F8374E33681C00002C2FD11A
:10AD500039002800FFF7C6FF0400431C5FD13468A8
:10AD60000094009B002B4AD1002C52D0236828006D
:10AD7000E3180099019300F0DDFE019B834248D166
:10AD800023682800FF1A3900FFF7ACFF013040D0DC
:10AD90002368DB19236033685A68002A33D1009B8B
:10ADA000336019E0002BC9DA0C232B600020FEBDB4
:10ADB0002168C91B20D40B290AD9E2192760A342B4
:10ADC00004D1326063681160536005E05A60F9E7AE
:10ADD0006268A3420ED13260280000F02DF82000F6
:10ADE00007220B30231D9043C21A9842DFD01B1A52
:10ADF000A350DCE75A60EFE723006468A6E7009CF5
:10AE000063680093ADE71A005B68A342FBD100239F
:10AE1000DAE70C2328002B6000F00EF8C6E7076085
:10AE2000DAE7C046B424002010B50248FFF7F8FE68
:10AE300010BDC046AC24002010B50248FFF7F1FE5B
:10AE400010BDC046AC240020F0B58E6885B01F0050
:10AE50000C00330002900392BE4254D80C22885E4C
:10AE60009022D20010422CD00322096923685B1A79
:10AE7000019363695343019ADD0FED187B1C6D103C
:10AE80009B182A00AB4201D91D001A00400527D5A6
:10AE900011000298FFF748FF061E2AD0019A216987
:10AEA000FFF7CDFEA289194B1A4080231343A381DB
:10AEB000019B2661F618266065613E00ED1A3B0095
:10AEC000A5601F003A0003992068FFF715FE0020D7
:10AED000A3689B1BA3602368DB19236005B0F0BD4A
:10AEE000029800F04BFE061EE2D121690298FFF79E
:10AEF000AFFE0C230120029A40421360A289343332
:10AF00001343A381EAE73E00DCE7C0467FFBFFFF77
:10AF1000F0B59FB002901C008B890E0015001B0637
:10AF200011D50B69002B0ED14021FFF7FDFE3060DB
:10AF30003061002805D10C23029A136001204042A1
:10AF4000D4E0402373610023292102AA52180B93F5
:10AF500020331370013102AA103352181370059474
:10AF60002C002378002B01D0252B48D1671BAC4245
:10AF70000BD03B002A0031000298FFF765FF01303B
:10AF800000D1AEE00B9BDB190B932378002B00D193
:10AF9000A7E00122532100235242079202AA52182D
:10AFA000651C06930993089313701C93554F2978D9
:10AFB0000522380000F0D7FD6C1C069906AB00286E
:10AFC0001FD1CA0604D55327202202A8C019027037
:10AFD0000A0704D553272B2202A8C01902702A7829
:10AFE0002A2A15D02C0000200A27DA682178651C4F
:10AFF0003039092950D9002811D009920FE00134C5
:10B00000AFE70123C01B83400B4325000693CDE728
:10B01000059A101D12680590002A37DBDA60227845
:10B020002E2A0CD162782A2A3BD1059A0234111DAE
:10B0300012680591002A01DA012252425A60324D0B
:10B0400003222800217800F08EFD06AF002806D0EC
:10B050004023401B8340069A013413430693217812
:10B0600006222A48651C397600F07DFD00283FD075
:10B07000274B002B29D10722059B07339343083325
:10B0800005930B9B03995B180B9369E75242DA60B7
:10B0900002220A430692C2E77A432C00012052188A
:10B0A000A4E700220A205A6011001300013422781C
:10B0B000651C303A092A03D9002BC0D00791BEE79E
:10B0C00041432C0001238918F1E705AA00923900B9
:10B0D0003200104B029800E000BF0390039B013345
:10B0E000CFD1B3890B985B0600D527E71FB0F0BD21
:10B0F00005AA009239003200064B029800F03AFA95
:10B10000EBE7C046E9400610EF400610F34006109A
:10B110000000000049AE041070B514004B1C03D1B0
:10B1200001256D42280070BD938920229343626BF4
:10B13000A381CEB26368CDB2002A10D0A26B9A422E
:10B1400007DD2368013B23601E7063680133636081
:10B15000E8E7210000F0B0FC0028F2D0E0E7216928
:10B160002268002907D0914205D2511E0878A842D2
:10B1700001D12160EAE7236423004433636303239E
:10B18000A36323004633E2631E7023600123DEE7DE
:10B1900010B50C00496B00290ED0230044339942AE
:10B1A00001D0FFF755FD0020236C6063636083428C
:10B1B00002D0E36B236010BD2369012023600023CC
:10B1C000A289636020331343A3814042F3E7000068
:10B1D000F0B5AA4C0D000021A5440190BE20489175
:10B1E000499105A94A91A64945AC40002150A5497D
:10B1F00004302150049313780293002B00D13BE1DB
:10B20000A14E0820F15C0823571C0B4001421CD0C2
:10B210006B68002B10DD08212B681A78B25C0A429B
:10B2200001D13A00E7E722690133013222616A68FD
:10B230002B60013A6A60EBE7C0235B002900E3580A
:10B24000019898470028E6D0EBE70299252962D1BA
:10B25000A360236053782A2B02D11A3B2360971CEA
:10B260003E000A223178771C0B00303B092B1FD996
:10B27000864B03221800039300F075FC002807D0CA
:10B28000039B3E00C01A01238340226813432360BE
:10B290003378771C782B06D8572B10D8252B3AD02B
:10B2A00034D8002B55D00323A3610733636077E0C4
:10B2B000A3683E005343303B5B18A360D2E71800FD
:10B2C00058382028EFD8F5F789F84B00EEFFEEFF4D
:10B2D0006000EEFFEEFFEEFFEEFFEEFFEEFFEEFF93
:10B2E00089005E00240024002400EEFF5500EEFFDC
:10B2F000EEFFEEFFEEFF910059004700EEFFEEFF7C
:10B300008F00EEFF5E00EEFFEEFF4B00453B022B91
:10B31000C9D8052335E06B68002B0EDD2B68029938
:10B320001A788A4200D0A7E001336A682B6023694B
:10B33000013A01336A60236173E7C0235B0029008F
:10B34000E358019898470028E8D04898002800D092
:10B350008AE0012040428BE0202221680A432260DB
:10B360008022216892000A432260102246926E2BAE
:10B3700006D801E000234693032302E00823469306
:10B3800004234B930CE00A22F0E7390005A800F0F3
:10B3900059FB402322680700134323600123A36164
:10B3A0006B68002B31DD23685B0608D4C02676006D
:10B3B0002B6835491A788A5C08210A422ED14B9BAA
:10B3C000022B3DDC2A002100019804AB00F0DEF9DD
:10B3D000012851D0022800D023E7B6E74023226895
:10B3E000134323600023DAE70223CAE72268D30667
:10B3F00000D516E7049B2169181D04901B68D60729
:10B4000001D519800DE719600BE7C0235B00290007
:10B41000E358019898470028C5D096E72269013281
:10B4200022616A68013A6A60002A02DD01332B60FA
:10B43000BEE72900A359019898470028B8D084E7AF
:10B44000042B06DC2A002100019804AB00F0FEF971
:10B45000BEE70F4B002B00D1E3E62A002100019844
:10B4600004AB00E000BFB3E7AB895B0600D570E733
:10B47000A7239B009D44F0BD4898F9E764FDFFFFBA
:10B4800019B1041091B10410E93F0610EF40061005
:10B4900000000000F7B5160001938A680B690C00E4
:10B4A0000090934200DA1300220033604332127896
:10B4B000002A01D00133336023689B0602D533682C
:10B4C000023333602268062315001D401A4227D03C
:10B4D000230043331B785A1E93412268920630D4CE
:10B4E000220001990098089D4332A847013025D0D9
:10B4F0000622236800251340042B05D13368E56834
:10B50000ED1AEB43DB171D40A3682269934201DD6E
:10B510009B1AED180026B54220D1002010E001351D
:10B52000E36832689B1AAB42D2DD22000123019905
:10B530000098089F1932B8470130F0D101204042ED
:10B54000FEBD3020E1184331087021005A1C4531FE
:10B550000978A218433202331170C1E72200012397
:10B5600001990098089F1A32B8470130E6D0013699
:10B57000D1E70000F0B58BB006920A004332079382
:10B58000059003920A7E0C00109B782A09D8622A43
:10B590000BD8002A00D1BAE07A490491582A00D188
:10B5A0008EE0250042352A7022E01000633815280D
:10B5B000F7D8F4F713FF16001F00F6FFF6FFF6FFAB
:10B5C000F6FF1F00F6FFF6FFF6FFF6FF9F003600BE
:10B5D0007E00F6FFF6FFB000F6FF3600F6FFF6FF3E
:10B5E000820025001A684235111D196013682B70FE
:10B5F00001239EE018680968021D0D060BD5066838
:10B600001A60002E03DA2D23039A764213705D4BE5
:10B610000A27049318E006681A604906F1D536B285
:10B62000EFE70868196840C9050602D4400600D54E
:10B63000B6B21960534B0A2704936F2A00D1023F18
:10B640002300002243331A706368A360002B06DBDB
:10B6500004212268039D8A43226033430CD0039D5A
:10B6600030003900F4F7B8FD049B013D5B5C2B70A2
:10B67000330006009F42F3D9082F09D12368DB0766
:10B6800006D5626823699A4202DC3023013D2B70A3
:10B69000039B5B1B2361079B210000930598069B7E
:10B6A00009AAFFF7F7FE013048D1012040420BB054
:10B6B000F0BD202209680A432260782232490491B1
:10B6C000210045310A701968226840C9100602D469
:10B6D000500600D5B6B21960D30702D52023134314
:10B6E0002360002E01D01027AAE72022236893436D
:10B6F0002360F8E71A680D68101D4969186013681F
:10B700002E0601D5196002E06D06FBD519800023D5
:10B71000039D2361BFE71A68111D19601568002198
:10B720002800626800F01FFA002801D0401B60600A
:10B73000636823610023039A1370ACE72A0023692E
:10B7400006990598079DA8470130AED023689B074E
:10B7500015D4099BE0689842A9DA1800A7E72200EF
:10B76000012306990598079E1932B04701309CD0F5
:10B770000135E368099A9B1AAB42F0DCE9E7002542
:10B78000F7E7C046FA4006100B410610F7B5150062
:10B790008A680C000190002A04D18A69002A17D116
:10B7A0000132A2602268D20603D41A68111D196002
:10B7B00017680026A069002816D001280BD12B6835
:10B7C00062691B78D35C002B0ED1002E3BD029E0A0
:10B7D00001225242E5E7022824D12B681A4A1B783D
:10B7E000D35C082213421DD1102223680136134274
:10B7F00003D12B681B783B7001372A686B680132D4
:10B800002A60A268013B013A6B60A260002A09D05D
:10B81000002BCFDCC0235B002900E3580198984738
:10B820000028C7D022681023110019401A4206D1FF
:10B83000E3680133E360A369002B00D03970002076
:10B8400023699B192361FEBDE93F0610F0B58BB05B
:10B850000193764B1600049007AAA1CBA1C2744AAB
:10B860008B690C000592032B01D1724B0593AE221C
:10B870000020A3685200591E0390914205D95E3BF7
:10B88000FF3B03935E23FF33A36023001C3300932D
:10B89000D023002722681B0113432360009B0293DF
:10B8A000336807A81978BB000222185800F05BF92A
:10B8B000002829D0012F5DD16368002B06D1083301
:10B8C00022686360F933FF331343236023685A4AC5
:10B8D00013402360A3685A1EA260002B14D0336863
:10B8E0005A1C32601B78029A13707368551C013B16
:10B8F0007360002B07DCC0235B003100E358049821
:10B90000984700287DD102950137032FC8D163687D
:10B91000002B01D10A336360002748496069C91AC6
:10B9200000F090F8029DA36820680293002B3FD09E
:10B93000316863690A789B5C002B39D0302A28D1A2
:10B9400080231B01184224D0039B0137002B05D014
:10B950001A00029B013A01330392A3607368013B12
:10B960007360002B1CDD336801333360A368013B37
:10B97000A360D8E7022FADD1C02380212268DB006D
:10B98000134089008B42C2D110236360F03313430C
:10B990009FE72B4B034023600B782B700135DDE7CD
:10B9A000C0235B003100E358049898470028DDD09D
:10B9B0002368DB050ED5009B9D4207D9BE23013DC0
:10B9C0005B0032002978E35804989847009B0120D7
:10B9D0009D4228D0216810230A001A4019421BD129
:10B9E0002A70636800990498059EB047019B2168FE
:10B9F0001B681A1D8E0606D501990A601B6818601F
:10BA000007E00027D4E7CE07F6D501990A601B6846
:10BA10001880E3680133E3600020009BED1A23697E
:10BA2000ED195B1923610BB0F0BDC046D01D0610A7
:10BA3000F9BD0410F1BC0410FFFAFFFF2C41061001
:10BA4000FFF6FFFF70B50B7804005E2B19D04D1C7C
:10BA500000212200601CFF30117001328242FBD1B4
:10BA6000681E002B26D001264E402800E65401789F
:10BA7000451C2D2909D05D291BD000291AD00B00A7
:10BA8000F3E74B788D1C0121E3E742785D2AF6D07D
:10BA90009342F4DC19000230013166548A42FBDC27
:10BAA000934203DB00220133D318E0E7D21A013AB4
:10BAB000F9E7280070BD00000B00F7B54D6B44336B
:10BAC0000C009D421CD18026F6003100FFF72CF9B6
:10BAD000002802D101204042FEBD23006063A6631E
:10BAE00046331A78104BC254230045331A780F4B53
:10BAF000C2542A780E4BC254C01820600020EBE7D5
:10BB00008E6B290073001A00019300F037F8051EB0
:10BB1000E0D08719010032003800FFF790F8019B50
:10BB200027606563A363E9E7FF030000FE030000ED
:10BB3000FD030000002370B5064D040008002B60D3
:10BB4000F7F7D8FB431C03D12B68002B00D02360F0
:10BB500070BDC046A82400200B0010B511001A00CB
:10BB6000FEF7DCFF10BDC9B28218904201D100205F
:10BB7000704703788B42FBD00130F6E7F7B506003B
:10BB80000C001500002905D11100FFF7CDF80400C5
:10BB90002000FEBD002A03D1FFF75AF82C00F7E77A
:10BBA00000F02EF90700854202D84308AB42EFD3DC
:10BBB00029003000FFF7B8F80190002801D1019C5E
:10BBC000E6E72A00BD4200D93A0021000198FFF7BC
:10BBD00036F821003000FFF73BF8F0E7F0B585B00C
:10BBE00017001E0003900191242B23D80C00012B79
:10BBF00020D03D4B08229C46230061461D7801342D
:10BC0000485D010011401042F6D12D2D19D1257843
:10BC10009C1C012300931022330093431DD1302D2F
:10BC200015D1202123788B43582B10D1657802340D
:10BC3000102612E0FEF7EEFF16230360002005B089
:10BC4000F0BD00912B2DE6D125789C1CE3E7002E5A
:10BC5000EED10A36302D00D1023E244A009B944694
:10BC60006344310018000293F4F7B6FA00228446C8
:10BC700010002B00303B092B11D81D00AE421DDDFA
:10BC8000531C09D001225242844505D301D1A94257
:10BC900011DB01227043281825780134E9E72B00D5
:10BCA000413B192B01D8373DE8E72B00613B192BAD
:10BCB00004D8573DE2E701225242EDE7531C08D178
:10BCC0002223039A02981360002FB8D0631E0193B9
:10BCD00007E0009B002B00D04042002FAFD0002A8D
:10BCE000F4D1019B3B60AAE7E93F0610FFFFFF7F0D
:10BCF00010B5FFF773FF10BDF0B51E003D4B1700E8
:10BD00000C009C46082285B00390009123006146F8
:10BD10001D780134485D010011401042F6D12D2DEF
:10BD200012D125789C1C01230293102233009343E7
:10BD300016D1302D0ED1202123788B43582B09D1D9
:10BD40006578023410260BE002912B2DEDD1257879
:10BD50009C1CEAE7002EF5D10A36302D00D1023EB8
:10BD6000012031004042F4F7FBF90190012031003D
:10BD70004042F4F731FA002318002A00303A092A29
:10BD800012D81500AE421EDD5A1C0AD00123019ABA
:10BD90005B42824205D301D1A94211DB01237043EA
:10BDA000281825780134E8E72A00413A192A01D8F1
:10BDB000373DE7E72A00613A192A04D8573DE1E701
:10BDC00001235B42EDE75A1C07D122220399180098
:10BDD0000A60002F09D105B0F0BD029A002A00D0F8
:10BDE0004042002FF7D0002B01D0631E0093009B30
:10BDF0003B60F0E7E93F061010B5FFF77DFF10BD8F
:10BE00000B1F1B68181F002B01DA0B58C018704756
:10BE100070B5041C00F048FA211C051C201CFDF71D
:10BE200011F9002810D1201C00F076F8FE218905B8
:10BE3000F4F704FA002807D0FEF7ECFE2123036094
:10BE4000024800F0EDF8051C281C70BD081E061005
:10BE500070B5041C00F08AFB051C201C00F0D8F80B
:10BE600000280BD00D49201CF4F7E8F9002807D171
:10BE70000B49201CF4F7CEF9002808D1281C70BD0E
:10BE8000FEF7C8FEFF252223ED050360F6E7FEF767
:10BE9000C1FE222300250360F0E7C0461772B142BD
:10BEA000B5F1CFC210B51B4A430082B05B08934284
:10BEB00018D9FF22D205934204D3011CFCF740FF9E
:10BEC00002B010BD694600F075FC032301990340E0
:10BED0000098012B11D0022B08D0002B15D100F0B7
:10BEE000A3F8EDE7002100F09FF8E9E700F09CF8E7
:10BEF00080231B069C466044E2E7012200F05CF9C7
:10BF000080231B069C466044DAE7012200F054F9C6
:10BF1000D6E7C046D80F493F400040087047C046AA
:10BF2000F8B506000F0014001D0000F03DF80028D1
:10BF300002D129002000F8BD2000290000F034F8CB
:10BF4000002807D022002B0030003900F4F700FA57
:10BF5000002802D034003D00EBE726002F0034001B
:10BF60003D00E6E7F8B506000F0014001D0000F0E4
:10BF70001BF8002802D129002000F8BD200029006C
:10BF800000F012F8002807D022002B003000390002
:10BF9000F4F7CAF9002802D034003D00EBE7260090
:10BFA0002F0034003D00E6E70B00010030B5020031
:10BFB00083B019431ED0802109068B4216D0114848
:10BFC000590049080D181048854215D980250320CD
:10BFD0006D03AB4208D3802424061C19AC4203D362
:10BFE0000A4C0020A14209D003B030BD431E984145
:10BFF0000230F9E70220F7E70420F5E7504250410C
:10C00000F2E7C0460000F0FFFFFFDF7F0000F07F97
:10C01000FF234000DB0540089842804140427047C2
:10C02000004870470000C07FF8B54746CE46C82399
:10C03000460080B5051C0F1C76089B059E4248D221
:10C04000FDF714F8002800D19FE0291C281CFCF7FC
:10C050007FFD4F49041CFCF77BFD4E49FCF778FA45
:10C06000211CFCF775FD4C49FCF76AFE211CFCF70E
:10C070006FFD4A49FCF76CFA211CFCF769FD484941
:10C08000FCF75EFE211CFCF763FD4649FCF760FAF5
:10C09000211CFCF75DFD8046FC21201C8905FCF776
:10C0A00057FD4146061C201CFCF752FD391C041CA0
:10C0B000281CFCF74DFD011C201CFCF741FE011C57
:10C0C000301CFCF73DFE011CFE208005FCF738FE0D
:10C0D00053E0011CFCF73CFD2D49041CFCF738FD26
:10C0E0002C49FCF735FA211CFCF732FD2A49FCF7F4
:10C0F00027FE211CFCF72CFD2849FCF729FA211CFE
:10C10000FCF726FD2649FCF71BFE211CFCF720FD51
:10C110002449FCF71DFA211CFCF71AFD224B80462E
:10C120009E42B9D9214B9E422BD8FF231B069C4629
:10C13000FE206644311C8005FCF702FE8146FC218E
:10C14000201C8905FCF704FD311CFCF7F9FD414674
:10C15000061C201CFCF7FCFC391C041C281CFCF7EA
:10C16000F7FC011C201CFCF7EBFD011C301CFCF74C
:10C17000E7FD011C4846FCF7E3FDC0BCB946B046EC
:10C18000F8BD0B4B0B4E9946D9E7FE208005F4E72E
:10C190004ED747ADF6740F317CF29334010DD03792
:10C1A000610BB63AABAA2A3D9999993E0000483FE7
:10C1B0000000383F0000903EF8B54746CE4680B5B7
:10C1C0001700C8224300041C0E1C5B089205934212
:10C1D00005D2FCF74BFF0300201C002B32D0211CA2
:10C1E000201CFCF7B5FC051C011C201CFCF7B0FC56
:10C1F00027498046281CFCF7ABFC2649FCF7A0FD2C
:10C20000291CFCF7A5FC2449FCF7A2F9291CFCF722
:10C210009FFC2249FCF794FD291CFCF799FC20495E
:10C22000FCF796F98146002F10D1011C281CFCF761
:10C230008FFC1C49FCF784FD4146FCF789FC211C5E
:10C24000FCF786F9C0BCB946B046F8BDFC21301CED
:10C250008905FCF77DFC4946071C4046FCF778FC45
:10C26000011C381CFCF76CFD291CFCF771FC311C0F
:10C27000FCF766FD0B49051C4046FCF769FC011CF8
:10C28000281CFCF765F9011C201CFCF759FDD9E7B7
:10C29000D3C92E2F342FD7321BEF3836010D50392A
:10C2A0008988083CABAA2A3EFE22F8B5430001006B
:10C2B000041C5B089205934211D00AD8FC22920517
:10C2C000934211D28C229205934200D97EE0984885
:10C2D00004E0FCF735FD011CFCF7B6FAF8BD0020C0
:10C2E000002CFBDC9348F9E7002800DAC1E0FE20CF
:10C2F0008005FCF725FDFC218905FCF729FC041CC1
:10C3000000F0F6FB8C49061C050B201CFCF720FCFA
:10C310008A49FCF71DF9211CFCF71AFC8849FCF737
:10C320000FFD211CFCF714FC8649FCF711F9211CB8
:10C33000FCF70EFC8449FCF703FD211CFCF708FC0C
:10C340008249FCF705F9211CFCF702FC8049071C17
:10C35000201CFCF7FDFB7F49FCF7F2FC211CFCF7DD
:10C36000F7FB7D49FCF7F4F8211CFCF7F1FB7B4956
:10C37000FCF7E6FC211CFCF7EBFBFE218905FCF732
:10C38000E7F8011C381CFCF75FFA311CFCF7E0FBF6
:10C390002D03071C291C281CFCF7DAFB011C201CA0
:10C3A000FCF7CEFC291C041C301CFCF7D1F8011C46
:10C3B000201CFCF749FA011C381CFCF7C9F8291CA1
:10C3C000FCF7C6F8011CFCF7C3F887E7FCF7C0FBD5
:10C3D0005949051CFCF7BCFB5849FCF7B9F8291C66
:10C3E000FCF7B6FB5649FCF7ABFC291CFCF7B0FB8D
:10C3F0005449FCF7ADF8291CFCF7AAFB5249FCF79D
:10C400009FFC291CFCF7A4FB5049FCF7A1F8291C50
:10C41000FCF79EFB4E49061C281CFCF799FB4D4976
:10C42000FCF78EFC291CFCF793FB4B49FCF790F8BA
:10C43000291CFCF78DFB4949FCF782FC291CFCF701
:10C4400087FBFE218905FCF783F8011C301CFCF7F3
:10C45000FBF9211CFCF77CFB011C4148FCF770FC3C
:10C46000011C201CFCF76CFC011C3E48FCF768FC1E
:10C4700034E7FE218905FCF76BF8FC218905FCF700
:10C4800067FB2D49041CFCF763FB2C49FCF760F8A3
:10C49000211CFCF75DFB2A49FCF752FC211CFCF730
:10C4A00057FB2849FCF754F8211CFCF751FB26499F
:10C4B000FCF746FC211CFCF74BFB2449FCF748F831
:10C4C000211CFCF745FB2249051C201CFCF740FB06
:10C4D0002049FCF735FC211CFCF73AFB1E49FCF710
:10C4E00037F8211CFCF734FB1C49FCF729FC211C04
:10C4F000FCF72EFBFE218905FCF72AF8061C201C00
:10C5000000F0F6FA311C041C281CFCF79DF9211CD4
:10C51000FCF71EFB1249FCF713FC211CFCF718F872
:10C52000011CFCF715F8011C0F48FCF709FCD5E6C7
:10C53000DB0FC93FDB0F494008EF1138047F4F3A4A
:10C540004611243DA80A4E3E90B0A63EABAA2A3E14
:10C550002EC69D3D6133303F2D57014039D11940E2
:10C560006821A233DA0FC93FDA0F4940F0B5FF2244
:10C57000D6464F46464643000100C0B5041C5B0842
:10C58000D20593426AD8C60F934200D1C3E0794ADC
:10C59000904200DDB3E0002800DAB4E0764A93422E
:10C5A00063D9764A934200D9C1E0754BB500E9588A
:10C5B000201CFCF7C5FB734B071CEB580125984664
:10C5C0007540AD1B4146381CFCF7BAFB011C041C2E
:10C5D000FCF7BEFA6C49061CFCF7BAFA6B49FCF78B
:10C5E000AFFB311CFCF7B4FA6949FBF7B1FF311C12
:10C5F000FCF7AEFA6749FCF7A3FB311CFCF7A8FA7D
:10C600006549FBF7A5FF311CFCF7A2FA011C201CB1
:10C61000FCF796FB011C8246061C201CFCF798FACE
:10C620008146002D54D08020311CC005FCF788FBCA
:10C63000011C4846FCF708F9011C4046FCF780FB4A
:10C64000391CFCF77DFB011CFE208005FCF778FB04
:10C650002B007D3363DBED05281801E0FBF778FF45
:10C66000E0BCBA46B146A846F0BDD022920593423E
:10C6700009D24A49201CFBF76BFFFE218905F3F71D
:10C68000DDFD002870D1211C201CFCF761FA3E4919
:10C69000051CFCF75DFA3D49FCF752FB291CFCF731
:10C6A00057FA3B49FBF754FF291CFCF751FA39496B
:10C6B000FCF746FB291CFCF74BFA3749FBF748FF10
:10C6C000291CFCF745FA011C201CFCF739FB8246AB
:10C6D0005146201CFCF73CFA8021051CC905504638
:10C6E000FCF72EFB011C281CFCF7AEF8211CFCF704
:10C6F00027FB011CFE208005FCF722FBB0E7002091
:10C7000000F0F0F9ACE7264A934200D846E7002053
:10C7100000F0E2F9A4E7002EA2D00020A0E7D82183
:10C720006435ED0528180905FCF712FA98E71D494C
:10C73000201CFCF70DFA1C4BB600F158FBF708FF64
:10C74000FCF794FC0500FCF7AFFC1849061CFCF74D
:10C75000FFF9011C201CFCF7F3FA1549071C301CDB
:10C76000FCF7F6F980462DE7FE21201C8905FBF732
:10C77000EFFE75E71772B1421872B13E9115853F11
:10C7800040410610384106104CBB31330EEADD350E
:10C7900055B38A38610B363BABAA2A3ECAF24971BF
:10C7A000B5F1CF423BAAB83F484106108071313FF6
:10C7B000D1F71737F0B545464E46DE465746E0B549
:10C7C000AB4B45000E00804689B0041C6D089D42AD
:10C7D00000D874E0A74B9D4222D8A74DA749054039
:10C7E000002800DC1DE1FCF7ABFAA54B041C9D42C0
:10C7F00000D170E0A349FCF7A3FA011C051C201C22
:10C80000FCF79EFA9F49FCF79BFA012735607060A0
:10C81000380009B0F0BCBB46B246A946A046F0BD00
:10C82000994B9D4267D9FF23DB059D424CD2EC1505
:10C83000863CE705EF1B381CFCF718FCFCF734FCC2
:10C84000011C0590381CFCF77BFA8721C905FCF711
:10C850007FF98146FCF70AFCFCF726FC011C0690D8
:10C86000071C4846FCF76CFA8721C905FCF770F9EC
:10C870000021079005ADF3F7C7FC002800D1CEE0FA
:10C880000021381CF3F7C0FC4342434101337F4A87
:10C8900031000192022228000092220000F09EF94D
:10C8A00043460700002BB3DA802212069446336811
:10C8B000474263443360736863447360A8E70023AE
:10C8C000002708604B60A3E7011CFCF739FA00273A
:10C8D000706030609CE76E49FCF732FA6D49041CC9
:10C8E000FCF72EFA011C051C201CFCF729FA6949EB
:10C8F000FCF726FA89E7FFF70FFB67498146FCF74B
:10C9000027F9FC218905FBF723FEFCF7AFFB0700A5
:10C91000FCF7CAFB59498346FCF71AF9011C484643
:10C92000FCF70EFA574982465846FCF711F9011CEC
:10C9300002905046FCF704FA81461F2F20DC574A2C
:10C94000791E8900564B8A582340934218D04B4693
:10C95000494633605046FCF7F3F90299FCF7F0F9C9
:10C9600043467060002B00DB52E780231B064B44DC
:10C97000336080231B069C46604470607F4247E71B
:10C980004B46FF24DB0DED152340EB1A082BDEDDB3
:10C990003F495846FCF7DCF88146011C5046FCF73D
:10C9A000CFF9011C03905046FCF7CAF94946FCF741
:10C9B000C7F9814637495846FCF7CAF84946FCF79B
:10C9C000BFF9039B0290011C181C9A46FCF7B8F9AA
:10C9D000C30D1C4081462D1B192DB8DD3149584629
:10C9E000FCF7B6F8039D041C011C281CFCF7A8F9F1
:10C9F000011C8246281CFCF7A3F9211CFCF7A0F9B6
:10CA00002949041C5846FCF7A3F8211CFCF798F9A7
:10CA1000011C02905046FCF793F9814697E70323E7
:10CA200035E7FBF795FD164B071C9D420FD01549C6
:10CA3000FBF78EFD011C041C381CFCF781F9114921
:10CA4000FBF786FD0127346070607F42E0E6104905
:10CA5000FBF77EFD0F49051CFBF77AFD011C041C4A
:10CA6000281CFCF76DF90B49FBF772FDEAE7C0469D
:10CA7000D80F493FE3CB1640F0FFFF7F800FC93F3F
:10CA8000D00FC93F43443537800F4943D04106108A
:10CA90000044353708A3852E84F9223F5041061003
:10CAA00000FFFF7F00A3852E32318D2470B50D006D
:10CAB000041CFEF7AFF80560201C70BD10B50B1C00
:10CAC000002802D080231B06CB18181CFCF740F866
:10CAD0002221FFF7EBFF10BD802110B54905FFF7BC
:10CAE000EDFF10BDE02110B5C905FFF7E7FF10BD50
:10CAF000F0B5FF21C6464300020000B5041C5B08E8
:10CB0000C9058B4251D2002B4CD0002856DBC315EF
:10CB1000014208D180210023090452001C00013386
:10CB20000A42FAD0634280241E005202520A2404B0
:10CB30007F3E1443DB073FD58022192100270025C3
:10CB4000761064005204A8182300A04202DC851865
:10CB5000231ABF1801395C0052080029F3D1002BB9
:10CB600019D01C4C1C4D2068296823689846FCF796
:10CB7000E7F8011C4046F3F757FB00280BD020686C
:10CB80002968FBF7E5FC2468011C201CF3F742FB35
:10CB900000281AD00237FC239B059C467F1067446F
:10CBA000F005C01980BCB846F0BD011CFBF7D0FFF2
:10CBB000211CFBF7CDFCF5E76400BDE7011CFCF789
:10CBC000BFF8011CFBF740FEECE7012301379F4350
:10CBD000E1E7C046EC440610E8440610F0B5DE4636
:10CBE00057464E464546E0B5DFB0039018000B911E
:10CBF00068990893D94B14000D928A00D15803000C
:10CC0000013B8B4622000293231D00DAC8E2072372
:10CC1000033AD1170B409B18DB1006930133DB005E
:10CC20000C930C9A0D9B9B1A0493069A029BD41AA0
:10CC30005A46D6180ED40136699F22AD3619002007
:10CC4000002C03DBA300F858FCF72EFA013401C5D1
:10CC5000B442F4D15B464AAD002B1ADB029B22A9F9
:10CC6000884699469F00089BB8445B440593039B04
:10CC700000219C462A0040464B4604376744029CEC
:10CC8000002C00DBC4E1059C013302C20430A34246
:10CC9000F5D15B460DAA9B00D2180A920EAA9446C3
:10CCA000699A083B63449446089A0993069B960048
:10CCB000039A9B00634494465A46DA469B46664470
:10CCC000059206955346069A9B00D4580193534605
:10CCD000002B26DDA24BB14653449B00D7180EAB68
:10CCE00090461E00EE21201C8905FBF731FFFCF762
:10CCF000BDF9FCF7D9F98721C905051CFBF728FF09
:10CD0000011C201CFCF71CF8FCF7B0F9396801C6BF
:10CD1000281CFBF71DFC3B00041C043F9845E1D197
:10CD20004E46049F201C390000F028FBF82189059D
:10CD3000051CFBF70DFF00F083FB8221C905FBF703
:10CD400007FF011C281CFBF7FBFF051CFCF78EF9F5
:10CD50008146FCF7A9F9011C281CFBF7F1FF80466E
:10CD6000002F78DD53465A1E92000EAB98580821CA
:10CD70000300C91B0B4199448B400EA9C31A8B5069
:10CD800007211800C91B08410790002800DDCEE0EC
:10CD900000214046F3F738FA00286FD0059B9A45EA
:10CDA0000FDD0EAA944600226D4B0A9853449B0057
:10CDB00063441968043B0A438342FAD1002A00D035
:10CDC00049E1012353449846059B0EAA013B9B0071
:10CDD000D358002B00D019E10122099B1968043BAC
:10CDE00001320029FAD0524491460699089B8C469C
:10CDF00053449B0022ADEA18019B63449A46434684
:10CE0000904601935A46019B9B00D058FCF74CF981
:10CE100043461860029B002B1BDB45460027039C02
:10CE2000296801CCFBF794FE011C381CFBF790FB32
:10CE3000043D071CB442F3D10422534694465F607C
:10CE4000019BE04401330193E2444B45DADDCA46DD
:10CE500038E70027F0E7049B002B00D1BBE0FC2162
:10CE60008905F3F7F5F9002800D09EE100230021A1
:10CE700040460793F3F7C8F900288FD14B46089333
:10CE8000059B0D9A9B460C9B4046991A069D00F007
:10CE900075FA8721C9055746041CF3F7D9F900280C
:10CEA00000D11BE2EE21201C8905FBF751FEFCF7A7
:10CEB000DDF8FCF7F9F88721C905061CFBF748FEE9
:10CEC000011C201CFBF73CFFFCF7D0F8019A0EABCD
:10CED0009850049B3C000833301C0493FCF7C6F8C0
:10CEE0000134A7000EABD851FE200499800500F054
:10CEF00045FA002C00DBD4E0689B022B00DD23E226
:10CF0000002B00DD28E2689B0020002B05D1079B49
:10CF1000002B00D0F7E10B9B18600720089B1840FE
:10CF20005FB0F0BCBB46B246A946A046F0BD0121A9
:10CF30008C465146E144002900DCF4E10EAB1800B8
:10CF4000002152460E9D002D3ED092468022520076
:10CF5000521B02605446FF2007E0C0461C450610E5
:10CF6000FFFFFF3F1A68821A1A60013104338C42B6
:10CF7000F8DCA2460125049B002B0DDD012B00D11E
:10CF800004E1022B08D15346013B9B000EAAD15865
:10CF90003F220A400EA9CA50079B022B00D0F7E699
:10CFA000FE2041468005FBF7CBFE8046002D00D1D8
:10CFB000EEE6FE200499800500F0E0F9011C4046F1
:10CFC000FBF7BEFE8046E3E6013104338A4240DDD2
:10CFD00018001D68B7E75346013B0EAA9B00D358C3
:10CFE000DA1107927F2B00DCD2E601239C465346E0
:10CFF000E144002BA2DC079B022B00D0C8E6FE20F8
:10D0000041468005FBF79CFE8046C1E6C146ECE642
:10D0100099469046AA4601900025019E039C3168DE
:10D0200001CCFBF795FD011C281CFBF791FA043E8F
:10D03000051CBC42F3D1434601C39846019B04330F
:10D04000019301239C46059BE1449945E4D1554653
:10D050001FE692468FE74A4653460892059A5C1EA1
:10D0600019009346A300049A0EA8C358083A069DD7
:10D070000492002B0DD10B00BE498C4663448446BC
:10D080009B0063441968043B013C083A0029F9D02D
:10D090000492FE200499800500F070F9002C00DA5B
:10D0A0002AE7A3000EAA1E009446EF183D00A046F2
:10D0B00003936644041C3068FBF7F6FF211CFBF762
:10D0C00047FDEE2128608905201CFBF741FD0EAAD3
:10D0D0003300041C043E043D9A42ECD136AB994621
:10D0E00002930023444698465A464B4641460194D3
:10D0F000002A00DA91E099469F4BCB468846B94614
:10D100009A461700049443460024B846002500269A
:10D110001F000EE04B46195953461859FBF718FDEE
:10D12000011C281CFBF714FA0136051C0434B04519
:10D1300001DBB742EEDA3B00474698465B4620C328
:10D140009B4601239C46053BE0449C46019BE144F1
:10D15000013B01D30193D6E7049C689B022B65DC5D
:10D16000002B2CDC00D0D8E6029B00209C46039EBE
:10D1700066443168FBF7ECF9029A3300043E9A42A8
:10D18000F7D1079B002B00D1C5E6BCE05346013B1D
:10D190009B000EAAD1587F220A400EA9CA50FBE676
:10D1A00008230C93002306933BE501239C4601339F
:10D1B00007935346E144002B00DDBFE61FE7029BC7
:10D1C00000259C46039E369F6644281C3168FBF769
:10D1D000BFF9029A3300043E9A42F7D1079B051C1F
:10D1E000002B00D082E0011C381CFBF7A9FD0B9B33
:10D1F0001D60002C0ED0012537AE02CE0135FBF7A5
:10D20000A7F9AC42F9DA079B002B03D080231B0659
:10D210009C4660440B9B58607FE6002001C3019848
:10D220000131043F013898D3019061E7689B032BDB
:10D2300000D072E6002C00D18CE0029B03991A000A
:10D240008C4662449C460D1F654490462E00A946BC
:10D25000A24617683368381C191C9B46FBF778F9FF
:10D260003C1C011C071C5846FBF76AFD211CFBF700
:10D270006FF9029B350070603760043EAB42E9D124
:10D2800054464D46012C65D043461C682F68201C2F
:10D29000391CFBF75DF9261C011C041C381CFBF72C
:10D2A0004FFD311CFBF754F9029B2E0068602C6087
:10D2B000043DAB42EAD1444600202168043CFBF720
:10D2C00047F9A642F9D1029B0799369A5B68002973
:10D2D0001ED10B990A604B6088601EE6201CFBF78C
:10D2E000C5FE019A0EAB3C009850D2E680230B9A03
:10D2F0001B06C318011C1360381CFBF721FD002C12
:10D3000000D078E782E780231B069C46604402E653
:10D31000802109068C460B996244634460440A608C
:10D320004B608860F9E5049901290BD0022900D0EF
:10D3300061E63F210B400EA98B50079B022B00D0CA
:10D3400026E55CE67F21F5E736AB0293689B032B6D
:10D3500000D0E2E50020B6E7079B3698002B04D00A
:10D3600080230B9A1B06136050E700230B9A13606F
:10D3700050E7C046FEFFFF3FF0440610420070B584
:10D38000031C0C0006005508002A1AD0FF21C9050D
:10D390008D4217D2014219D19821C905FBF7D8FB5C
:10D3A000204A031C94422CDB42001F49120E060047
:10D3B000193A8C420EDD1D48002B1DDB1B49FBF783
:10D3C000C7FB70BD011CFBF7C3F8FAE71649120E44
:10D3D0008C42F0DC1119FE29EDDC002915DC0A0075
:10D3E000163217DB1931C805CC21114B89051E40B7
:10D3F0003043FBF7ADFBE4E70C490E48FBF7A8FB15
:10D40000DFE70D49FBF7A4FBDBE70948C90530401E
:10D410000843D6E70848002B00DA08480649FBF71E
:10D4200097FBCEE7B03CFFFF50C30000CAF2497142
:10D43000FFFF7F80CAF249F16042A20D6042A28DD7
:10D44000F0B5C64644006708240E7F3C060000B5D0
:10D45000051C162C1CDC8046002C22DB1A4F2741B1
:10D46000074211D01949FBF773F80021F2F7E6FEE5
:10D47000002809D0002D04DA80231B04234198469C
:10D48000A8444346BB431E00301C80BCB846F0BDD8
:10D49000FF23DB059F42F7D3011CFBF759F8061C5D
:10D4A000F2E70A49FBF754F80021F2F7C7FE00281B
:10D4B000EAD0002D01DB0026E6E7002F02D180260E
:10D4C0003606E1E7024EDFE7FFFF7F00CAF249714F
:10D4D000000080BF10B50FF0E9FB10BD10B50CF0D7
:10D4E000C9FF10BD10B50CF0CFFE10BD08B500226D
:10D4F0006B461A700346FA2268460DF05DFA08BDC5
:10D500007CB5069D079C002805D0860705D14607F7
:10D5100003D4060701D442207CBD002903D0012991
:10D5200001D00229F7D10095019400F041FB7CBDA8
:10D53000FFB583B003980C9D1E4614460F46002885
:10D5400004D0012802D0422007B0F0BD002F01D046
:10D55000012FF8D1E81F0A28F5D20D981028F2D82B
:10D56000A842F0D30E98002801D00128EBD114492D
:10D570000F988842E7D81098002801D00128E2D1FE
:10D58000F6F79AFB012804D02046304305D011203D
:10D59000DAE7022CD7D8012ED5D868460399017056
:10D5A00047708472C67285700D99C1700E990172B0
:10D5B0000F9801906846109941720FF0C7FDC3E7BC
:10D5C0003F420F0010B5042801D9422010BD0FF0D2
:10D5D000D1FD10BD10B500F07BFC040002D101208C
:10D5E0000AF0CCFE204610BD10B5002B03D0032B53
:10D5F00001D0422010BD00F081FC10BD10B50DF02F
:10D6000033FD10BD10B50AF049FF10BD70B51C46C2
:10D6100013460D46012C03D0022C03D0422070BDCE
:10D62000022200E010221946F6F744F92C7000207F
:10D6300070BDF0B587B01C460B46054600A9023107
:10D6400001A80C9F0D9EFFF7E1FF00280ED1684650
:10D65000058084828775C6750E9901760F9941768B
:10D66000109981766946119801F0A4FC07B0F0BDCD
:10D6700070B586B014461D460A4603466946881CA6
:10D680000A9EFFF7C3FF002804D1012C04D0022C0E
:10D6900002D0422006B070BD23462A466946304675
:10D6A00001F0D2FEF6E710B50022114601F07CFF32
:10D6B00010BD10B502F0C4F910BD38B56D46049C1C
:10D6C0002A806B8023466A4602F070FC38BDF0B5B4
:10D6D00085B084460AA8F0C868468581C68103A83B
:10D6E000019002970094604602F094FC05B0F0BDF2
:10D6F00010B503F0DDF910BD10B503F0FBF910BD56
:10D7000010B503F011FE1D4C41212068490141185C
:10D71000097F00290DD1A0300079C00705D100F0A4
:10D72000B7FB02F025F80DF0D5FB03F01DFB10F060
:10D7300019FD00F001F92068014640310A78C979E5
:10D740008A4319D13E21095C002915D10C490A8868
:10D75000120711D50922D2061269497A836AC900D3
:10D7600059181123DB01C018806A801A00020012C8
:10D77000814201DA0CF020FB10BD000004250020DE
:10D78000C000002010B5837F01220024920241686E
:10D79000082B03D94224914202D310E0914201D2D6
:10D7A00042240CE0014634220648F6F783F800F0E4
:10D7B00083F8002801DA482401E000F02DF9204622
:10D7C00010BD0000E00200203EB5174D1548296845
:10D7D000827F0846A0310A730024603004764476C4
:10D7E0008476E122C27680220277022242773020BC
:10D7F00008704C7002AA01A96846FAF7A3FD6846B2
:10D800000078A22201016846007A891C00020143C7
:10D81000684600790003014328681152A030047162
:10D820003EBD0000E00200200425002070B503F09A
:10D8300061FD0BF0EDFC0AF057FA11F07BFA03F0F2
:10D840003DFF1A4C1A4920681A4D401881101320C8
:10D850002A68C0011018C162616889080163A16863
:10D86000890841630FF062F929681F208001228B2B
:10D8700008188280628B0F23C280DB01A28BCB1839
:10D88000DA87628C028022462032127882703D2232
:10D89000520100208918087300F088FA03F074FA26
:10D8A00003F0FAF910F0E4FC70BD0000E002002083
:10D8B0000000FCEF0425002070B50025ED43F6F7CD
:10D8C000E5F901282ED0002318490322888BFF2474
:10D8D000401E10438A7F593462438218088B2824E3
:10D8E00060431218488B30246043121808462030D9
:10D8F00040782C24604310180D4A18188418486981
:10D90000A0420DD10B4884420AD90D69F6F7BEF941
:10D91000C1B2284608F07EFE08F0B8FF401B251A69
:10D92000284670BDFF23B533CEE70000E00200209B
:10D9300089190000B8090000F8B52C4F3C68206E2A
:10D940005C34401C002814D0002529480023C07BEB
:10D9500000283ED00926F6062648002D1CD00021BE
:10D960000A460B464169521C994204D1002902D053
:10D9700004E00125E9E7204B9A42F2D321600069D7
:10D9800060603069A1680002090E000A09060143BF
:10D99000A16000F033F81DE03169A2680902090AAC
:10D9A000150E08D0018BC90712D0416921600069AA
:10D9B0006060E37210E0881A00027D2300121B03EE
:10D9C000984205DD100E00060843A06000F016F82E
:10D9D000F8BD6360002DFBD003CC0CF013F9FA20E6
:10D9E0000CF000F939688862F8BD000004250020B9
:10D9F00000030020000010488813000004490020A4
:10DA000008610448012100686030C171704700005E
:10DA10000000104804250020F8B5062632484025AD
:10DA20000560324800270780A9050920C00641602B
:10DA30002F4A9160016801602E4803210469426900
:10DA4000601E08433946401CF5F738FFF6F71EF90B
:10DA5000C1B2204608F0DEFD08F018FF08F022FFF2
:10DA6000F6F7E0F8244917208881244C20684219F1
:10DA700001465770FA20886228201070F6F7B8F82F
:10DA8000012805D12068102240300178114301702F
:10DA9000F6F712F9012805D120688022403001787C
:10DAA0001143017020680146403002783243027011
:10DAB0000020C0430866F5F743FFFFF785FEFFF738
:10DAC000B5FE206801212030017707214177012030
:10DAD00002F0EEFF06F032FCFFF72EFF024880381E
:10DAE000056002210160F8BD80E100E0C000002077
:10DAF00040000048E00200200000104804250020FB
:10DB000038B5184A14682246BA32AE34A378DD0715
:10DB100001D001290AD05B070CD501290AD021794F
:10DB200049070BD5E17A002905D007E0E07880218C
:10DB30000843E07038BD0121E17250802079410630
:10DB4000090FF7D078210840694608700020487016
:10DB50006A460221422000F063FB207987210840B9
:10DB6000207138BD0425002038B510480021046814
:10DB70000846AE3407F0F4FD694648702079C107C5
:10DB800004D001216A46117088432071C0B2810718
:10DB900005D502216A461170FD210840207102213D
:10DBA0006A46084600F03CFB38BD00000425002012
:10DBB000FFB50C4678A103C995B0019100900021F2
:10DBC00008A801730321C90268464186012108A8FB
:10DBD000734E017435681746AE3513F091F900287D
:10DBE00008D17049306840180AF064FCA878002811
:10DBF00002D0462019B0F0BD0BA81599F6F70AF827
:10DC00000028F7D1072010A90871012C05D0022C9B
:10DC10000AD0002C0ED04220ECE708A8017B10208F
:10DC2000014308A8017305E011A90BA8F5F7D8FF77
:10DC30000028DFD110A8027901230CA9284601F0A1
:10DC400003FC00287ED1022229461898F5F732FEFF
:10DC500029886846818115214902018207840126AD
:10DC600086734E2108A881700024C47006710721B4
:10DC70004171867103A902A801F09CF9002861D1C5
:10DC8000022202A91E98F5F715FE082F02D2684657
:10DC9000478502E008206946488569460C850B46A1
:10DCA00028880AAA098902F081F900286DD13E4925
:10DCB000684601820227078408A8847103A902A884
:10DCC00001F078F9002860D1022202A91F98F5F727
:10DCD000F1FD68460470694644704F850B462888FC
:10DCE0000AAA098902F062F900284ED108A8007B2F
:10DCF000C00723D02C496846C91C01820821018431
:10DD000008A88770047103A902A801F053F900283C
:10DD10003BD1FF216846C1718171C1708170417032
:10DD20000170447104716946082048850B462888B3
:10DD30000AAA098902F03AF9002826D108A8007B2E
:10DD4000800600E021E022D52988684681811649B5
:10DD5000A53101820684867308A88770C470047197
:10DD600007214171847103A902A801F023F9002859
:10DD70000BD169460E700C854E850B4628880AAA81
:10DD8000098902F013F9002801D0472032E708A8DA
:10DD9000007BA87000202DE7626C75656E726721AC
:10DDA0000425002033070000012A00000348002159
:10DDB0000068AE30C17081707047000004250020FB
:10DDC00070B50D4B1C68AE342379DD0612D45B07A9
:10DDD00010D533280ED1E07A02280BD10420107020
:10DDE00000205070C9B2022000F01AFA2079FB21FD
:10DDF0000840207170BD00000425002038B502469F
:10DE0000174801240068AE30022A1FD0052A03D02B
:10DE1000072A07D00B2A20D1084609794088FFF746
:10DE20006FFE1AE000790024020600D50124820763
:10DE300003D1C20601D480060FD5084600216A46E8
:10DE40001170694600F0D4F8044606E0817849076D
:10DE500003D50179FB2211400171204638BD000035
:10DE60000425002010B509480468AE34E078800726
:10DE70000BD500200BF044F8022000F0A9F9E0785F
:10DE800001210843FD210840E07010BD0425002059
:10DE90001FB50E480468AE34E078010612D5A178AB
:10DEA000C9070CD0800708D5042069460873684666
:10DEB00003F014FB022000F08BF90020E070400614
:10DEC000400EE070F5F7AAFE1FBD000004250020FB
:10DED000002000B58DB00A900B9008900990059035
:10DEE000069007900490009001900290034602462D
:10DEF0000146039000F0B2F80DB000BD10B5144615
:10DF00008CB000220B9206920A9208920992059216
:10DF1000079204920292019303920B4602460094E8
:10DF20000021052000F09AF80CB010BD0949B2227A
:10DF300009681423525CBA311A4208D04988000596
:10DF40000905090D000D814201D101207047002013
:10DF5000704700000425002002780907090F0A43D2
:10DF6000027000207047000030B50E4885B005688B
:10DF70002C46AE352879BA34400711D5E87A012805
:10DF80000ED1152149026846418001210170608847
:10DF90006B46054A00F0A4FA002801D10220E8727D
:10DFA00005B030BD04250020FFFF00007CB504460D
:10DFB000E1200D46800005F067FF0BA103C900902A
:10DFC0000191684603F038F801200BF0F1FE0028BB
:10DFD00001D047207CBD20782021084320700920F3
:10DFE000287000207CBD00001F020000000000001F
:10DFF00030B5194B047A1B68C268AE331B799D0695
:10E00000AD0F04D10078042801D000200EE00120DB
:10E0100030BD155C002D0BD0401C80B2155C012D6D
:10E0200008D01518203DED7F281880B2A042F0D30B
:10E03000087830BD401CDD07012480B2002D02D0DD
:10E04000105CC00703E09B07F2D5105C8007002836
:10E05000EED00C70ECE7000004250020FFB595B071
:10E060000E46054620210CA8FCF7E4FD0020049094
:10E07000564800270468681EAE34042802D8A078E9
:10E08000C0070BD0062D02D0002D0AD002E0A078E8
:10E09000800703D5E0784006800E0AD0462019B0EC
:10E0A000F0BDA0788007F9D0E0784006800EF5D06A
:10E0B0000FE0002D0DD0012D20D0022D28D0062DEF
:10E0C00033D0032D33D0042D37D0002E3BD0422047
:10E0D000E5E700200AF014FF0028E0D1E07880078F
:10E0E00008D5042069460873684603F0F7F9022052
:10E0F00000F06EF80120E0700020D0E7012EE6D09D
:10E10000042EE4D01F980028E1D10627042008E05F
:10E11000012EDCD0042EDAD01F980028D7D1052795
:10E120000220E0700120049010E040200DE0022E5B
:10E1300001D0032ECBD1082007E0012E01D0042E00
:10E14000C5D1102001E004272020E07000230BAA95
:10E1500019461E9809F06AFF030002D000F0E0F8AB
:10E1600032E01022002107A8F5F7A8FB07A86C46AB
:10E17000279B269A1F990FC42B463046189A179949
:10E1800000F088F80300E9D108A8017BC170259848
:10E1900003AC049B289A29990FC422AB07CB0292A7
:10E1A0000091019039460CA8209B219A00F0C2F8FA
:10E1B0000300D3D107A80BF0BFF90300CED1012093
:10E1C0000AF09EFE0300C9D1184668E70425002026
:10E1D00010B50446C1061148006803D51522BF21B9
:10E1E0000C4006E0392149014118897BC90710D04C
:10E1F00012222107890E08180121C9024018C06C9B
:10E200000023214610F074F8010004D0204610F0DD
:10E210005BF8002010BD072010BD00000425002081
:10E22000F8B5891ECDB20646A81C03210843401C40
:10E230008308174817460068F10603D51C22BF2142
:10E240000E4008E0392149014118897B090601D4B3
:10E250000020F8BD19223107890E08180121C902D2
:10E260004018C06C314610F043F804000ED03978E5
:10E27000217179786171A5712A46B91CE01DF5F705
:10E2800019FB2146304610F01FF8E1E70720F8BDE2
:10E2900004250020F8B5204B204D1B6801265B1992
:10E2A000069CB6030093002814D0042812D002283C
:10E2B00013D0032811D006252B46012810D00F4675
:10E2C00017430DD0914203D8202901D3B2420AD975
:10E2D0004220F8BD30256023EFE7A025F023ECE7CE
:10E2E0002580638001E02180628020710798A07101
:10E2F000089820720998002805D001462046062279
:10E300000930F5F7D7FA0720607100982030807B3C
:10E3100060710020F8BD00000425002058080000AE
:10E32000034881220068A030417C1140417470474D
:10E3300004250020F8B505463E481E460068079FA4
:10E340000024AE301346002905D002222A70012293
:10E350006A70A9700324002E10D080788006800F88
:10E360000CD13019401C1F2854D82E55641C281974
:10E3700032461946F5F79EFAA019C4B2002F0DD007
:10E380003819401C1F2845D82F55641CE4B22819A1
:10E390003A460699F5F78EFAE019C4B26846008C41
:10E3A00000281BD06846808C002817D0601D1F28CD
:10E3B00030D805202855641CE0B212212954401C95
:10E3C000C4B228190646022208A9F5F773FAB01C50
:10E3D000022209A9F5F76EFA241DE4B20C98002870
:10E3E00012D0E01C1F2815D802202855641CE0B26A
:10E3F0000A212954401CC4B268460BF0B9FB684698
:10E4000000782855641CE4B20B9800280CD0001941
:10E410001F2801D94220F8BD28190B9A0A99F5F74F
:10E4200049FA0B982018C4B2214628460AF0E0FFAA
:10E43000F8BD00000425002000B500F009F8002810
:10E4400005D0852201699201114200D0002000BD53
:10E4500010B50D4900050B68092109025918CA6E4B
:10E460000021000DA0331B7B0AE04C01145B240546
:10E47000240D844202D14801801810BD491CC9B244
:10E480008B42F2D8002010BD04250020FEB58C6818
:10E49000CD88267B012E01D00020FEBD4126052D12
:10E4A00001D01E7019E0247C0A2C00D01E70002AB6
:10E4B0000DD08968052268460C31F5F7FBF96D1E11
:10E4C00000AAA9B232200132FFF77AFC05E00088E9
:10E4D0000A460146022000F0FDF94120FEBD000081
:10E4E000FFB589B0074646251E781022991C05A85D
:10E4F000FCF798FB012E04D0022E02D042200DB072
:10E50000F0BD3846FFF798FF040024D0202239469A
:10E51000002009F0C7FB07001CD005AD04960FCD05
:10E520006D460FC5394620460B9B0A9A09F043FDFC
:10E53000050004D00021384609F010FC0BE0012151
:10E5400020694903084320610448A061384600F06F
:10E5500051FC00E064252846D1E7000061E5041085
:10E5600010B5502100F001F810BDF0B58BB00D468C
:10E5700004460020694608710490E669002E16D012
:10E58000A806800F03D02088FFF7D0FC049001ABD1
:10E5900031462046049AFFF779FF412865D0E80705
:10E5A00008D021883246022000F018F95DE04120B1
:10E5B0000BB0F0BD680705D521883246022000F077
:10E5C000D3F852E0A80739D5F0886188814205D98F
:10E5D00021883246022000F08DF846E0206941068D
:10E5E00004D5012189020843206180E0218820228E
:10E5F000002009F057FB05001ED02188324602207A
:10E6000000F078F8A068801C00F0D0F96188401E06
:10E61000401886B2A06800F0C9F902463346294680
:10E62000204609F0A4FC284600F0E4FBA06831462F
:10E63000801C00F0B7F954E04520B9E7E80614D58E
:10E64000F088412702280ED9B168801E4D7B80B228
:10E65000854201D9012016E0002D04D02946F1F7AA
:10E66000BBFD00290FD068460771012021694003D6
:10E6700081432161049800282DD001AA0121312075
:10E68000FFF79EFB2DE002900220002703901EE082
:10E69000049800280DD0039805AB001D81B22A46CE
:10E6A000304609F0BFFA05AA29463320FFF788FB58
:10E6B00007E003980096C2B22B462188022000F0A2
:10E6C000C7F80398401980B27F1CBFB2039002982C
:10E6D0008742DDD3C9E7684602792188022000F02D
:10E6E00035F90121E06909F039FB0020E0610020E3
:10E6F0005EE70000F7B5064690790321401EC5B2DB
:10E70000E81C0843401C8308164817460068F106B9
:10E7100003D52C22BF210E4008E0392149014118C0
:10E72000097C090601D40020FEBD29223107890E8B
:10E7300008180121C9024018C06C31460FF0D8FDFD
:10E7400004000DD00198A080A5712A460521384605
:10E75000E31D09F067FA214630460FF0B5FDE2E708
:10E760000720FEBD04250020F7B506469079032159
:10E77000401EC5B2E81C0843401C830816481746D3
:10E780000068F10603D52D22BF210E4006E0392195
:10E7900049014118497CC90719D02A223107890E3D
:10E7A00008180121C9024018C06C31460FF0A0FDC5
:10E7B00004000ED00198A080A5712A460521384694
:10E7C000E31D09F02FFA214630460FF07DFD0020B1
:10E7D000FEBD0720FEBD000004250020F7B506465B
:10E7E00090790321401EC5B2E81C0843401C8308F1
:10E7F000164817460068F10603D52B22BF210E40AC
:10E8000008E0392149014118097C490601D400205A
:10E81000FEBD28223107890E08180121C9024018BF
:10E82000C06C31460FF064FD04000DD00198A0804B
:10E83000A5712A4605213846E31D09F0F3F9214662
:10E8400030460FF041FDE2E70720FEBD0425002021
:10E85000FFB59B1E0646DDB2681D03210843401C20
:10E8600083081B4881B000681746F10603D536229D
:10E87000BF210E4009E0392149014118897C8907EF
:10E8800002D4002005B0F0BD33223107890E0818EC
:10E890000121C9024018C06C31460FF029FD040067
:10E8A00014D00298A0800A98234680682A4608302F
:10E8B000C0190079E0802572B91D09330A9809F062
:10E8C000B1F9214630460FF0FFFCDAE70720D9E71F
:10E8D00004250020F8B5044690680F460146154609
:10E8E000467B0E3102226846F4F7E4FFA868022353
:10E8F000057C1548E10603D53522BF210C4009E00F
:10E900003922016852018918497C090601D4002086
:10E91000F8BD322221070068890E08180121C902BA
:10E920004018C06C21460FF0E3FC010009D08F8035
:10E930008E716A4612880A818D7220460FF0C4FCDF
:10E94000E5E70720F8BD00000425002070B50E465D
:10E9500001230446C10612481546006803D5342237
:10E96000BF210C4006E0392149014118897CC907C3
:10E9700011D031222107890E08180121C90240183F
:10E98000C06C21460FF0B4FC010006D08E808D7162
:10E9900020460FF099FC002070BD072070BD0000DC
:10E9A000042500200170090A417070470178407801
:10E9B000000208437047F8B5069C1F4615460646F8
:10E9C000002C13D0A06802220D30F4F773FFE81E6C
:10E9D00082B23B460721204609F014FAE580A06880
:10E9E000012E05D01D2101730020F8BD4720F8BD80
:10E9F0001B21F8E7F1B5FFB001248BB06002059050
:10EA00000027CC4807970168CB48C94D08180390E8
:10EA10008A980AAA0005000D05A90BF0CDFE069004
:10EA2000002872D104260AA805994218203AD27FFC
:10EA30000B2A23D00026002004900AA88119022264
:10EA400001A80291F4F736FF6846818809AB08AA4D
:10EA5000039801F0A7FC012817D002287ED0684651
:10EA60008088854200D30546844200D9204604466A
:10EA700002988078012872D013363CE1491E761E38
:10EA800036040591360CCFD1D5E708980090002FB9
:10EA900066D10099022228310298F4F713FF00286A
:10EAA0001ED100982030017B02988078814217D1D6
:10EAB000012808D10098029902220830C91CF4F7F5
:10EAC00001FF002815D002988078022808D100980C
:10EAD000029910220830C91CF4F7F4FE002808D06F
:10EAE0000098008DA84200D80546A04200D22046DA
:10EAF000044602990AA88978012907D01336059996
:10EB0000B6B28E4204D3012707E006E1761DF6E790
:10EB10008119022201A8F4F7CDFE0399009808316B
:10EB20008E462FE084466946026A8B8820300DE0CD
:10EB3000918B994203D3012F7ED199427CD9A9426E
:10EB400000D80D46A14200D30C4612688242EFD194
:10EB50000498002804D16046006802E015E0BFE098
:10EB60008AE070450ED0018D994203D3012F09D15F
:10EB7000994207D98D4200D30D468C4200D80C46ED
:10EB8000012F59D17045CDD1BAE008980090002FDF
:10EB900072D1009902221C310298F4F793FE0028EA
:10EBA0001ED100982030C17802988078814217D118
:10EBB000012808D10098029902220830C91CF4F7F4
:10EBC00081FE00281AD002988078022808D1009887
:10EBD000029910220830C91CF4F774FE00280DD0E9
:10EBE0000098808BA84200D80546A04200D220465B
:10EBF000044602988078012826D003E002988078A5
:10EC0000012805D013360798B6B201281ED021E09E
:10EC100000984A490089884216D18A98FFF718FC63
:10EC20000146009800F08CF80099098C484300993F
:10EC300089694018022200E038E00299491DF4F782
:10EC400039FE01200790D4E7761DDCE7B61C0020D2
:10EC5000B6B207900598864201D3012705E00AA8BD
:10EC60008119022201A8F4F725FE039A00990832BF
:10EC700009980968944630E01AE086466A46938807
:10EC800020300DE08A8B9A4203D3012F0ED19A4295
:10EC90000CD9AA4200D81546A24200D314460968EE
:10ECA0008142EFD1049800282AD102E0012004908B
:10ECB00026E07046006860450FD0028D016A9A42D6
:10ECC00003D3012F09D19A4207D9954200D31546A3
:10ECD000944200D81446012FE8D16045CDD10FE011
:10ECE0000298C078022805D102980079292801D11C
:10ECF000B61CB6B2761D0598B6B2864200D301277F
:10ED00000598811B042902D3864200D293E6049819
:10ED10000028FBD1A54203D906987FB00CB0F0BD06
:10ED2000224629468A9801F083FB0690F5E7000009
:10ED3000FFFF0000042500206407000002290000F6
:10ED400030B5024623239B5C0020012B1AD1128987
:10ED50000D4B9A4216D10D4A092312681B02D31893
:10ED6000A032DB6E127B0AE045010C885D5B240556
:10ED70002D05240D2D0DAC4204D0401CC0B28242A2
:10ED8000F2D8002030BD0000022900000425002038
:10ED9000064909220968120289188008C96E4001D3
:10EDA00008180188002900D10020704704250020A0
:10EDB00010B50446022000F033F80D480021026827
:10EDC000092000021018A032C36E107B05E04A0132
:10EDD0009A5A002A04D0491CC9B28842F7D810BDFB
:10EDE00048011C52C018026904210A43026110BD87
:10EDF0000425002010B504460146042002F094FDCD
:10EE0000002808D0044805490068401821463C30D5
:10EE100010F0ACF8432010BD04250020640700006A
:10EE200004490A683D21490151180A7B02430A73CB
:10EE3000704700000425002000B51138C0B2FFF76C
:10EE4000A7FF002804D00122016952051143016186
:10EE500000BD0000F3B597B00D8848880590081DE7
:10EE60001DC80DAE1DC68C8ACE8A087E1390C86957
:10EE700020310190087800904878049088780390B9
:10EE8000C87802900F7900F0BFFD002817D101204B
:10EE9000400284425FD8B4425DD8002F01D1B44211
:10EEA00059D114A9284601F0ABFA002806D115AAB9
:10EEB0001499059801F094FA002802D0602019B046
:10EEC000F0BD149D11A92846183009F047FB10A881
:10EED0008088002810D0284612A9203009F03EFB77
:10EEE00010A8838800892A8D1818696A10188A8BDF
:10EEF000904203D16120E2E74820E0E715982C4BCF
:10EF000002899A4227D12322125C012A23D1006868
:10EF100000681690139801281FD16846808E292218
:10EF20001202801A030001F07CFD06041804040795
:10EF30000A18022C0FD110E0072C0CD10DE0042C84
:10EF400009D3E00707D1012F07D1A64203D3042E2E
:10EF500001D3F00701D04220B1E702980B90039B48
:10EF6000049A0A9309920098019A0C9708900696C1
:10EF7000059407920DA81DC8019002A81CC0139803
:10EF80000B4600902A461699179800F0B1F9002810
:10EF900095D168460649808EFF31884205D0179882
:10EFA000018800200A4601F043FA002087E70000AC
:10EFB00003280000F3B5A5B008881A9088780C469D
:10EFC00011901022091D13A8FBF72CFEA08A1090A7
:10EFD000A17D68460172E07D0F90207E2090677EC3
:10EFE000A07E1F90002006460146129020A80181B5
:10EFF0000F20BB4C2390BB4920684018199000F0AB
:10F0000003FD00280BD101211098490288425FD8E6
:10F0100021A91A9801F0F4F9002802D0602027B045
:10F02000F0BD2198179009F03DFA1A9988420CD149
:10F0300002A801901698009013AD0ECD119809F01A
:10F04000F5F9002801D06320E9E76846017A8806CF
:10F05000800F05D0012012902068A030007B460070
:10F06000C80703D01298401CB61C1290080603D59E
:10F070001298401CB61C129017980DA918301D90BC
:10F0800009F06CFA6846129C808EA41CA04237D30B
:10F0900017980EA92030019009F060FA6846018F98
:10F0A00000290DD01798179A6B46406A9B8E128DD7
:10F0B0005918808B5118081AA04201D26120AEE77E
:10F0C0001798846911982568012803D0022803D075
:10F0D0004220A4E7052000E01320E0832A463946B9
:10F0E0000F9809F0F1F9422899D0199FE28B403727
:10F0F000788B398B411A109810188019814201DAE7
:10F1000048208CE70EA9019809F028FA6846008F7C
:10F110000028179802D0406A808B00E0008D259966
:10F12000401C0880259801210088A0832598022290
:10F130000088401CA8836C4820812046203017900E
:10F14000C1700021817081711998398B406D401810
:10F150006946A061097A0170A06929461C31401CEA
:10F16000F4F7A8FB11980128A0697DD0102213A9FB
:10F17000C01CF4F79FFB2846102213A90830F4F7AF
:10F1800099FB388B133038832E4620361198F07057
:10F190001098E8831F98B0701098208410982884E5
:10F1A0001998398B406D4018A8610021109AF4F726
:10F1B00085FB398B1098081838831799012008713E
:10F1C00017990020487130716846007A810701D58F
:10F1D0000121317101070227002902DA317939430F
:10F1E0003171410703D53179042211433171400651
:10F1F00003D530790821084330710F987071209839
:10F20000B07121461D9809F0D2F92146019809F004
:10F21000AFF929461D9809F0CAF92946019809F065
:10F22000A7F91298002841D068461A998181A18BCC
:10F23000C18107844784012408A8047122A80A9088
:10F2400008A88473239941730F993820014008A8B6
:10F2500001730721C173002505746846007AC00751
:10F2600008D02248694600E02BE0088203A924A8C0
:10F27000FFF7F0FD6846007A8006800F07D01B4834
:10F280006946401E088203A924A8FFF7E3FD6846EB
:10F29000007A00060AD5292109026846018208A8D9
:10F2A0004473057303A924A8FFF7D4FD25980188AA
:10F2B0001298401C081882B2002001F0B9F8002012
:10F2C000ADE6022213A9C01CF4F7F4FA2846022284
:10F2D00013A90830F4F7EEFA388B401D53E700000D
:10F2E0000425002064070000032800000329000013
:10F2F000FFB55248524A006887B08218069210AA99
:10F30000109B0126169F9288012B04D14D4B9A42E7
:10F3100001D1A030067B069D34464035688B2B8B8F
:10F320007C43C31A099820300390A34222DA482074
:10F330000BB0F0BD2320405C012819D108896C4630
:10F34000208098420CD03F4C641EA04208D0641C20
:10F35000A04205D0641CA04202D0A41CA04207D148
:10F36000384CFF3CA04201D0904201D16220DFE73F
:10F37000096801E029231B0203988142DAD1099828
:10F380001B9984691898224609F09EF84228CFD02C
:10F390001C98012804D11598874201D24220C7E762
:10F3A0001598E083204620301C99059081702784B1
:10F3B0000A98808B401CA0831098012814D0204606
:10F3C000102211A90830F4F775FA05991098C87041
:10F3D0000698298B406D4018A061298B38467043F0
:10F3E0000818288300250FE011A80FC808340FC49F
:10F3F000183CEAE72846A16978430818159A179936
:10F40000F4F758FA6D1CEDB2B542F3D3059918988C
:10F41000487105991998087105991A988871099881
:10F420002146183009F0C3F82146039809F0A0F8E6
:10F430000798A18B018000207AE7000004250020B6
:10F440006407000002290000FFB58FB014460E7853
:10F45000102205A8891CFBF7E5FB4F484F490068BF
:10F46000451800F0D1FA00281ED1002C57D0012EEB
:10F4700009D16846808A4A49884204D12846A96849
:10F48000083081424BD128461030296903908142CF
:10F4900009D00AA9284609F061F86846018D601E66
:10F4A0000D90814202D2482013B0F0BD28460830AA
:10F4B0000CA9049009F052F86846008E002814D078
:10F4C000EF680AA93846183009F048F83846203065
:10F4D0000CA909F043F86846398D008D0918684673
:10F4E000008E401C081887B200E0012701200004AC
:10F4F000C01BA04201D26120D6E72C692868019088
:10F500001298012802D0022803D008E00520C0028A
:10F5100000E024486085012E03D0022E05D0422051
:10F52000C2E720460830022202E0204608301022BE
:10F5300005A9F4F7BFF9204631462030064601738D
:10F540000F98214607802785039809F030F8214657
:10F55000049809F00DF827461837E7616662A7613D
:10F5600026620D9884B20BE02846019909F01FF835
:10F570003846019908F0FCFF2868641EA4B2019087
:10F58000002CF1D10F9801880D98081882B2002044
:10F5900000F04EFF002087E70425002064070000EC
:10F5A0000118000001280000F7B5064636480F464E
:10F5B0000068364982B044183046FEF749FF05001E
:10F5C00060D02046243000900FF0E6FC002859D18E
:10F5D0002869000356D500980FF098FC04464FE0C8
:10F5E000A088B0424BD120223146002008F05AFBBF
:10F5F000060018D0A068002F017B427B15D033464F
:10F60000049810F0A3F8002001222969D204914344
:10F61000296100282AD0692802D03046FFF7EAFB8A
:10F62000002005B0F0BD6420FBE70A2906D00C29B4
:10F630000AD00E290ED0082912D023E032462146E6
:10F64000284611F03FF9DFE732462146284610F000
:10F6500073FDD9E732462146284611F069F8D3E711
:10F6600032462146284610F0F9FECDE721460098A3
:10F670000FF099FC0121204608F070FBCDE72468CB
:10F68000002CADD14120CCE7042500206407000008
:10F69000024608480849006841188868083103E0B4
:10F6A000038D934202D200688842F9D1884200D18A
:10F6B000002070470425002064070000034610B5B1
:10F6C0000E480F49006841188868083103E0148D1E
:10F6D0009C4203D8104602688A42F8D18A420CD173
:10F6E000018D994209D20146026A20318A4203D033
:10F6F000416A898B994200D2002010BD0425002068
:10F7000064070000024610B50B4812050168092085
:10F7100000020818C36E0020120DA031097B07E01B
:10F7200044011C5B2405240D944203D0401CC0B24C
:10F730008142F5D810BD000004250020F7B505462C
:10F74000174601980FF0E2FB2E050446360D0CE03B
:10F75000A0882568B04207D1214601980FF023FC0C
:10F760003946204608F0FAFA2C46002CF0D1FEBDAE
:10F77000F0B58BB000206349029063480A68141802
:10F7800072B610464030C57902231D43C57162B67A
:10F7900025464035287AC0077DD009200002101880
:10F7A0000026C76E49E071017A5A002A43D0C91970
:10F7B000069109694A021ED48A0226D502210491C3
:10F7C0000699012309880905090D03913921490189
:10F7D0004118097C89070ED5D90208304018232228
:10F7E000C06C02210EF084FD010004D0039A8A80CF
:10F7F00004980EF069FD069800880090069800F0C5
:10F8000085F800980DF0E6FA15E0480713D506983C
:10F8100000880005000D0DF06EFA002805D106984D
:10F8200000880005000DFFF7E5F806990420096936
:10F83000814306980161761CF6B23248AC2100681B
:10F84000095CB142AFD800F01BFF204624300646C9
:10F850000FF0A2FB012802D0012000F015FE204687
:10F8600018300FF099FB012802D0002000F00CFEA8
:10F870003C3420460FF090FB01280FD002A920460F
:10F880000FF0B3FB0420029902F04EF80028F0D0EC
:10F890002046029900E032E00FF055FB287A00067E
:10F8A0002DD530460FF078FB012828D1002008F034
:10F8B000D5F9A98B23314909491CC9B2F0F78CFC51
:10F8C00000281CD00F4D044628680123D9020830B7
:10F8D000401842263822C06C31460EF009FD010066
:10F8E0000DD000228A80CC8030460EF0EDFC3D2108
:10F8F0002A68490151180A7B802082430A730BB0A1
:10F90000F0BD00000425002064070000F0B50446A7
:10F910003B483C49006885B04518218A890419D5BF
:10F9200002210491392149014118897C4126278807
:10F930000123C9070ED0D902083040183122C06C0B
:10F9400002210EF0D5FC010004D08F808E71049846
:10F950000EF0BAFC2946208801221831FFF7EEFE8E
:10F960002946208801223031FFF7E8FE2946208809
:10F9700001222431FFF7E2FE2946208800223C3193
:10F98000FFF7DCFE20880005000DFFF7BBFE8500B9
:10F99000294611316846017301F0A0FD2946123154
:10F9A0006846017301F09AFD2946133168460173D8
:10F9B00001F094FD68461435057301F08FFD208831
:10F9C00000F03CFA208801050D48090D026813205B
:10F9D000C0011018028A914201D100210182E06920
:10F9E000002802D0012108F0B9F920220021204688
:10F9F000A568F3F763FF1720A560608005B0F0BD30
:10FA0000042500206407000010B50B480B4900686E
:10FA100044184034207AC00709D0002008F01EF9AD
:10FA2000217A890701D5002803D0002010BD472086
:10FA300010BD642010BD00000425002064070000F4
:10FA4000F0B55FA099B000685E4915905E4A0868FD
:10FA50008418092212028218D26E2546403514926B
:10FA60002A7AD20702D0622019B0F0BDAA8B0123F6
:10FA70005B029A4201D9AB8303E0172A01D2172215
:10FA8000AA83149AA0301392067B0DE0761EF6B27C
:10FA9000139871010F18B8680F9038462022002182
:10FAA000F3F70CFF0F98B860002EEFD12046083016
:10FAB000E0606460A06024600830139060612061A1
:10FAC000FF22002108300FF036FA2046FF220021E5
:10FAD00024300FF030FA2046AA7F002130300FF09A
:10FAE0002AFA2046FF2200213C300FF024FA00229F
:10FAF0002A7210461721334B05E0149E4701BE19A8
:10FB0000401C7180C0B21E68A036367B8642F4D895
:10FB1000002028832F8C688C0026149008E0282071
:10FB2000E16C70430918204608F022FD761CB6B23D
:10FB3000BE42F4D3002608E03020216D704309183E
:10FB4000139808F015FD761CB6B214988642F3D3CC
:10FB50000120FFF765F90124684604701B494180C4
:10FB60002346042269460CA8FFF76EFC002822D128
:10FB70006846018E818216490183042606858475B4
:10FB8000202108A881720024C472047307214173E4
:10FB9000847305A90DA8FFF70DFA00280BD168465C
:10FBA00004874687818E15AB0EAA008E00F0FEF901
:10FBB000002800D158E700202872472054E70000B1
:10FBC0000000FFFF0425002064070000011800006A
:10FBD000052A0000F8B5044683480E4600688349AC
:10FBE00047184820C05DC0076FD0B088FEF730FCD2
:10FBF0000546012C02D0002C68D0F3E0002D04D083
:10FC00002869410703D54520F8BD0121C7E0B26846
:10FC1000F188147B0029F0D062060AD568888842F2
:10FC2000F3D3D22C01D0522CEFD1384631461830C4
:10FC300048E0A106890E1E2949D81E2C20D10107B3
:10FC40001ED50821884328612988012008F078FC06
:10FC50000121304608F082F8634801230068D90288
:10FC60000830401842242D883922C06C21460EF0FD
:10FC70003FFB010003D08D8020460EF025FBB1E054
:10FC8000E1070BD01D2C1AD01B2C18D0410533D402
:10FC9000012189020843EE612861A3E0C00606D570
:10FCA0002B4602220321422000F07EFEADE7298888
:10FCB000002008F033FC29691020014329613846EF
:10FCC000314624300FF052F98CE015E016E0298817
:10FCD0002022002007F0E6FF05000DD0012130466C
:10FCE00008F03CF82B460022214606200FF02EFD9E
:10FCF0002846FFF77FF875E04120F8BDB068047B27
:10FD00001D2C3CD01B2C43D00021304608F026F897
:10FD1000002D67D0032C46D0052C44D0072C42D0B0
:10FD2000092C40D00B2C3ED00D2C3CD00F2C3AD0BF
:10FD3000112C38D0132C36D0172C34D0192C32D0AB
:10FD4000012C30D0022C35D0042C33D0062C31D0ED
:10FD5000082C2FD00A2C2DD00C2C2BD00E2C29D0D7
:10FD6000102C27D0122C25D0162C23D0182C21D0C3
:10FD7000522C1FD0D22C1DD01E2C2FD032E0002DA3
:10FD800003D02988012008F0C9FB3146022001E098
:10FD90003146012000F052FD002823D000213046DA
:10FDA00007F0DCFF1EE029691020814329612988C2
:10FDB000002015E02869402188432861010511D5FC
:10FDC000FF210131084328612988022008F0A6FBA1
:10FDD00001202969C0028143296103E029880320A9
:10FDE00008F0AEFB0020F8BD0425002064070000E9
:10FDF00010B5104A104B1268D2184032127AD2074E
:10FE000006D002280AD0052804D00B2810D101E022
:10FE1000412010BD4888FEF7CBFF09E04888FEF777
:10FE200017FB002804D001220169920511430161EA
:10FE3000002010BD0425002064070000F1B5FFB0CC
:10FE400085B04720019000206946088053485449F6
:10FE5000006847188498FEF7FBFA0290002874D0D7
:10FE6000B96808374FE0684600880D4604AC201892
:10FE70006B460222283100F0C5FD684600882946FD
:10FE800020186B4601222C3100F0BCFD2E46203696
:10FE9000307B69460128098804A809D040186B46C0
:10FEA00010222946083100F0ADFD01902C6A27E0B0
:10FEB00040186B460222F4E76946098804A84018F6
:10FEC00021466B4602221C3100F09CFD69460988E0
:10FED00004A8401821466B460122233100F092FD10
:10FEE0002320005D69460128098804A830D0401805
:10FEF00021466B461022083100F084FD01902468F1
:10FF0000B442D9D12968B942ADD1019800281CD199
:10FF10006846008881070AD0224A011D11406A46BE
:10FF200011800A1A04A908180B21F3F7C7FC0298DC
:10FF300000880CF0E0FE002807D18498694600058F
:10FF4000000D04AA09880AF06FFB7FB006B0F0BD6F
:10FF5000401821466B460222083100F053FD019003
:10FF6000208911498842CAD120460299FEF7E8FE4D
:10FF70004000A16903906A460918128804A88018F5
:10FF80006B46022200F03EFD0190A1690398022217
:10FF900008180021F3F792FCB1E7000004250020C7
:10FFA00064070000FCFF000002290000F0B50746CE
:10FFB00017480E4600683D2149014018007B85B076
:10FFC0001D461446C00706D003A9384600F018FAAB
:10FFD00000280AD102E0472005B0F0BD04AA30464F
:10FFE000039900F0FDF9002801D06020F4E704999E
:10FFF000228860880968002A00D0088C32466E4644
:020000041005E5
:1000000031C603233946002000F004F8E4E700007D
:1000100004250020FFB5002099B0239A0B90129080
:1000200005461490064615901C46DB480B460068B2
:10003000DA49229F411803910021089109915188C2
:10004000069111880A913D2149014018007BC007A3
:1000500006D00FA9184600F0D3F900280AD102E013
:1000600047201DB0F0BD10AA0F991B9800F0B8F9F9
:10007000002801D06020F4E71998002803D0600719
:1000800001D5012000E000201390A007800F1C90F4
:10009000109817902030C078012840D11798C04B95
:1000A00001899942F9D11798069904680A98228C17
:1000B0004118914233D8204620301690807801288C
:1000C00016D0E08B04901798806900788006800F26
:1000D0007ED0039840301890007A800778D51C981D
:1000E0000028F5D0AE4F0F99FF372031206814E07B
:1000F000BA4214D3B942DDD80497E4E70389A84A89
:10010000934203D12322125C012A08D0BB4203D1BF
:100110002322125C012A03D000688842EED134E128
:1001200005900028FBD09C4809210268090251185B
:10013000C96E0027009162E0780100990390085A87
:1001400001055AD01999002901D0884255D1059945
:100150007A008B69511C595C9A5C0902891889B232
:100160000D91890749D0022205990FF06DFB0028F7
:1001700004D01998002840D0652072E7002008A913
:10018000C8551C98C00718D0179880690078C00619
:1001900013D50D98C00710D00120C8550543009A0B
:1001A000039880184088159A904206D91590009AB5
:1001B0000398105A0005000D14901C9880071CD558
:1001C000179880690078800617D50D98800700E0A1
:1001D00083E012D50220CA5D05430243CA55009947
:1001E0000398401840881599884206D915900099BF
:1001F0000398085A0005000D14907F1CFFB2664852
:100200000068A030037BBB4296D8002D65D01898BB
:10021000007A00065FD460480168092000020818CF
:10022000C16E00201BE042018E5A360515D0AE0784
:100230000BD556183669B7070DD408AF3F5CBF071A
:1002400003D5360701D546200BE7EE0705D0521837
:10025000127CD20701D0432003E7401CC0B2834286
:10026000E1D81598C01E86B20498864200D9064689
:10027000A8070FD520220020149907F013FD129033
:1002800000287DD0F01C82B20021129800F0F4F812
:10029000002811D1E80720D020220020149907F06F
:1002A00001FD0B90002807D0F01C82B200210B98B2
:1002B00000F0E2F8002810D08020FEF7B1FD12987F
:1002C000002802D0002107F049FD0B98002802D039
:1002D000002107F043FD6420C3E6A1690A98069A4D
:1002E00008182499F3F7E6FA16988078012801D1C6
:1002F0000498E083002D46D0274B0920196800029E
:100300000818C16E002008AA0CE04301CF5A3F052F
:1003100006D05F18BC463B69175C3B4367463B61B0
:10032000401CC0B21C4B1B68A0331B7B8342ECD823
:10033000A8070DD512980090F01C82B221461C31FE
:100340000220A369FEF737FB0220129900F076FA2B
:10035000E80718D00B980090F61C2146B2B21C3169
:100360000120A369FEF727FB1398002805D00B98FE
:100370008021C07C08430B99C87401200B9900E0D0
:1003800005E000F05BFA00206BE6422069E6802081
:10039000FEF746FD9FE700000425002064070000EB
:1003A00003280000F0B58468083015E0258D8D42E3
:1003B00003D1146018600120F0BD26461C60203671
:1003C000256A06E0AF8B8F4202D102201560F0BD96
:1003D0002D68B542F6D124688442E7D10020F0BDF3
:1003E00010B50B6A203106E09C8B844202D10020BC
:1003F000136010BD1B688B42F6D1412010BD000078
:1004000010B5094A094B1268D2189368083206E001
:100410001C8D844202D100200B6010BD1B689342EA
:10042000F6D1412010BD0000042500206407000023
:1004300030B50F4B0F4D1B6804465B1940331B7AD8
:10044000412085B09B0710D56B469981DA81002049
:1004500018820420588203AA04A96D4607C5022306
:100460001A4601212046FFF7D5FD05B030BD00003A
:10047000042500206407000010B5121D806892B2A8
:1004800007F08AFC10BD0000F0B57B497B4A096883
:1004900085B08E18012806D03046183000900EF036
:1004A00035FD0446E5E03046243003900EF02EFD85
:1004B0000546BAE0A8682F68007B0290A888FDF77F
:1004C000C7FF040073D021882022002007F0EAFB38
:1004D000019000286CD0E8886188884204D9002205
:1004E0000420019B029920E04620009002980E28EB
:1004F0004ED00ADC801E030000F093FA0B1C13227E
:100500001329132F13381341130016285AD004DC73
:10051000102846D0122804D14BE018285BD01D28A3
:1005200072D000220620019B02990FF00FF90020E3
:1005300000905CE029462046019A0FF013FA4FE044
:100540002A4621463046019B0FF03EFC48E02946F2
:100550002046019A0FF040FB42E02069000353D48B
:1005600029462046019A0FF079FF39E020690003FF
:100570004AD429462046019A10F0A4F930E02069B7
:10058000000341D429462046019A0FF0D5FD27E00B
:100590002069000338D429462046019A10F0C8F893
:1005A0001EE029462046019A0FF066FE18E033E06F
:1005B0003EE02069800327D429462046019A10F0A6
:1005C000ACFA0DE0206980031ED429462046019A2A
:1005D0000FF0F6FC04E029462046019A0FF01CFAC1
:1005E0000090452810D069280ED046280CD0012153
:1005F00020690906884320610198FEF7FBFB0098FB
:10060000002809D010E0FFE70021019807F0A6FBC1
:10061000009845280CD0F2E7294603980EF0C3FC59
:100620000121284607F09AFB3D46002D00D041E706
:1006300005B0F0BDA0682668077BA088FDF708FF1D
:1006400005000DD0522F01D0D22F06D128694003CA
:100650000ED42146284610F0CAF92869400307D471
:10066000214600980EF09FFC0121204607F076FB02
:100670003446002CDED1DBE70425002064070000AF
:10068000F0B55848584A016885B08A180492092282
:10069000120289180027CD6E95E07E01A85B002824
:1006A0007BD070190090C06900284BD0009909696F
:1006B000CA0532D54A0530D580680124A402007BE2
:1006C000A143009A1D28116139D01B2837D0009A08
:1006D000927B824202D0012802D030E0012806D16C
:1006E0000098C0698068407B401C824269D1C8057F
:1006F00009D5A95B022007F023FF0098FF220169BA
:10070000013291430161009881698847452816D1DB
:10071000009801692143016111E0012107F01EFBEE
:1007200000980021C1610098012201699202914361
:100730000161022211464220009B00F035F9A85BBE
:1007400000283ED00498243001900EF0DFFB0446D0
:1007500035E020680390A068AB5B017BA0881A0598
:10076000120D904201D11D2904D0904226D11B299F
:1007700032D023E000990969CA040FD40122120380
:10078000009811430161A95B032007F0C7FEA95B34
:100790002246022000F078F808E012E0694608815D
:1007A00002AB02220321422000F0FEF8214601980C
:1007B0000EF0F9FB0121204607F0D0FA039C002C33
:1007C000C7D17F1CFFB207480068A030007BB84249
:1007D00000D962E705B0F0BD22461946022000F0BC
:1007E0009BF8E3E70425002064070000F0B5944679
:1007F00000220A806346104C1A60092322681B02FB
:100800008646D2184120D26E00230FE05D01AD185C
:100810002F697646374207D06F880E88B74203D9D2
:100820000F806046056000205B1CDBB22568A035A8
:100830002D7B9D42EAD8F0BD042500207CB50C46F6
:1008400005466A4601A9FFF7D1FF002801D04120E3
:100850007CBD6846E1888088814200D9E0800098AC
:100860000088A0802046FEF7C5FA0098012D07D029
:1008700001690822114302229143016100207CBDDD
:10088000016949084900F8E7F7B50646907991688B
:10089000C01E82B01746C5B2022268460D31F3F77A
:1008A00009F8681D03210843401C83081948F10614
:1008B00003D53222BF210E400AE0392201685201DD
:1008C0008918497C890602D4002005B0F0BD2F228A
:1008D00031070068890E08180121C9024018C06C50
:1008E00031460DF005FD040011D00398A080684644
:1008F0000088E080234625722A46072138460933BE
:1009000007F090F9214630460DF0DEFCDCE70720C9
:10091000DBE7000004250020F7B5064690799168D2
:10092000C01E82B01746C5B2022268460D31F2F7EA
:10093000C1FF681D03210843401C83081948F106C4
:1009400003D53322BF210E400AE03922016852014B
:100950008918497C490602D4002005B0F0BD302238
:1009600031070068890E08180121C9024018C06CBF
:1009700031460DF0BDFC040011D00398A0806846FC
:100980000088E080234625722A460721384609332D
:1009900007F048F9214630460DF096FCDCE70720C9
:1009A000DBE7000004250020FFB50546012381B0E8
:1009B00016460F46C00603D52422BF20054000E09E
:1009C00021220F4928070968800E40180121C90219
:1009D0004018C06C29460DF08BFC04000DD0277127
:1009E00066713246A01D0499F2F764FF214628463D
:1009F0000DF06AFC002005B0F0BD0720FBE7000009
:100A00000425002010B51C88A418A4B21C80012362
:100A10005B029C4203D8F2F74DFF002010BD41203D
:100A200010BD30B47446641E2578641CAB4200D2FD
:100A30001D46635D5B00E31830BC1847F7B51646EA
:100A400000241CE000981149001940188108019801
:100A50008900001942780578120215438278C0781F
:100A60001204000602430948154340420F18294664
:100A70003846F2F743FF3868854204D1241DB4425A
:100A8000E0D30020FEBDFB20FEBD00000000FCEF17
:100A9000F0B50E460746002407E03D1900F0CEF8F9
:100AA0002870000A6870A41CE4B2B442F5D3F0BD0B
:100AB00010B5012818D8072916D80C4A1268134611
:100AC0002033187759778007C906000E090E0143B5
:100AD0000020074BA03204E08401E418A172401CFE
:100AE000C0B2147B8442F7D8002010BD042500203A
:100AF00000010020F0B54F4F0446386885B07830CB
:100B00000D461646002C10D0062C14D0082C0FD001
:100B1000182C0DD0282C0ED02A2C0CD02C2C0DD01B
:100B20002E2C0ED0D02C47D048E0062D0FD045E01B
:100B3000102D0CD042E0022D09D03FE0012D06D04F
:100B40003CE0062D3AD17179890903296FD100194A
:100B50002A463146F2F7AEFE2C2C26D130780028FA
:100B600023D0F3F793F8012822D01B201F3040092F
:100B7000401C41004118012007F05EF8F3F786F8A9
:100B8000012817D01B201F304009410041182A4876
:100B90004078401AC01EC1B2002007F04DF83868F6
:100BA000F9224030017811400170002005B0F0BDFD
:100BB000FB20DBE7FB20E6E7012D04D0F3F766F826
:100BC000012804D005E010780DF03CFAEEE7D12CB6
:100BD00002D02F2C1ED02AE0082D28D10222314627
:100BE0006846F2F767FE0222B11C01A8F2F762FE26
:100BF0000222311D02A8F2F75DFE0222B11D03A8F8
:100C0000F2F758FE68468389028981880088F3F7E5
:100C100031F8CBE7012D0AD13078002807D0082819
:100C200005D249223968520189188876BDE7122019
:100C3000BCE70000042500200003002000210B2059
:100C40000007026852070DD5026804239A43026028
:100C5000026808231A43026004E0491C052901DDEB
:100C60000020704742689207F7D54168C907FCD059
:100C7000806880B2704710B5FFF7E0FF0446FFF7C9
:100C8000DDFF0004201810BD024909686831C880E2
:100C9000002070470425002010B50448044B00686C
:100CA00004220021C018F2F709FE10BD042500201F
:100CB0003907000004E003780B70401C491C521EE9
:100CC000002AF8D1704700003EB50B4801AA04681D
:100CD000694602A8683400F01FF800280BD0684667
:100CE000007AE18801228240114204D069460978E5
:100CF000019AF0F7C1FF3EBD042500200548002100
:100D000000686830017141710268D208D200026047
:100D1000C18070470425002070B514460D4A136841
:100D200072B668331A79002A01D0012500E0002547
:100D300000221A715A79027018784007400F087023
:100D400018684001000A00F0F5FB206062B62846F2
:100D500070BD00000425002003E00870000A491C53
:100D6000521E002AF9D1704710B5F2F715FFF2F7BD
:100D70008FFFF2F78BFF012801D1F2F773FFF2F733
:100D800045FF04F05FFA10BD70B5184C07212068CC
:100D90000902411800260E77154B4E770622FF21D7
:100DA000C018F2F78BFD392520686D0140190671D6
:100DB00020214171F2F76AFF012814D01F20216819
:100DC0000B4B491988712068093307220021C0188C
:100DD000F2F774FD064B206810330522FF21C0187E
:100DE000F2F76CFD70BD5F20E9E7000004250020EC
:100DF0001E070000F0B5574D0720296800020818AB
:100E0000007F91B080076FD5F2F7AEFD01286CD15D
:100E1000002406F03BFE0646F2F7ACFD012800D1A7
:100E2000032430007ED0392702267F01012802D01A
:100E300002287CD13BE069460220F2F76BFE0320DA
:100E400008A9F2F767FE002C06D1F9212868C9002D
:100E500041180120F2F75EFE2868A421095CC90749
:100E600001D0002100E010210E43694611231091AA
:100E7000F10603D50922BF210E4007E0C1194A79C6
:100E8000920654D58979090651D507223107890E72
:100E900009180120C0020818C06C31460DF028FA6C
:100EA000070044D0381D3C714022109936E0694655
:100EB0000220F2F72FFE002C04D02022FF216846EA
:100EC000F2F7FCFC2868A421095CC90701D00021C5
:100ED00000E010210E43694609230891F10605D56B
:100EE0000A22BF210E4009E029E030E0C1194A7909
:100EF00092061CD5C979C90719D008223107890E75
:100F000009180120C0020818C06C31460DF0F0F934
:100F100007000CD03C71381D08992022401CF2F7C4
:100F2000C9FC00E003E0394630460DF0CDF907205A
:100F3000296800020818017FFD221140017772B66E
:100F4000286880224030C1791143C17162B611B066
:100F5000F0BD00000425002010B50023F2F744FE88
:100F600010BD0000F1B51D4C072520682D02411968
:100F7000097F002690B0890701D53A262BE0F92792
:100F8000FF00C219202100200DF0DDF8002801D05B
:100F90001F2620E0402268461099F2F78BFC20685B
:100FA000022341190A7FC0191A430A77694606F0DD
:100FB00077FD002807D0206812264019017FFD2206
:100FC0001140017707E072B620684030C1794906C8
:100FD000490EC17162B6304611B0F0BD0425002043
:100FE0000A4610B50146002005F0C6FA10BD10B53E
:100FF00001460022412005F0BFFA10BD10B50D4892
:1010000007210068090241180A7F002493070DD4C4
:1010100002231A430A7772B64030C1794906490E55
:10102000C17162B606F064FD002800D03A24204663
:1010300010BD00000425002070B50546002440784E
:101040002646022801D0042803D1F2F7D1FD00285A
:101050000DD0084839210068490103192A5D5B1841
:10106000641CE4B29A71082CF7D3304670BD112687
:10107000FBE700000425002010B50A461F2801D90F
:10108000122010BD0146104608F06EFB10BD000096
:10109000FEB5064602200190B0880090B579032184
:1010A000681D0843401C83081348022100688C0215
:1010B00008300019377B1122C06C0DF019F90400BB
:1010C00017D00098A0800020A771E0710146234648
:1010D00025812A4630460A3306F0A4FD21460198B0
:1010E0000DF0F2F800240121304606F037FE2046CC
:1010F000FEBD0724FBE7000004250020F8B50746E5
:1011000085880E4810220068D40108300226001994
:1011100001233146C06C0DF0EBF801000CD08D803E
:1011200001220024CA8030460DF0CEF80021384656
:1011300006F014FE2046F8BD0724FBE70425002036
:1011400070B58AB01D461646002804D0012802D08A
:1011500012200AB070BD6A4610706C460622601CF0
:10116000F2F7A8FB10223146E01DF2F7A3FB05A819
:10117000102229460330F2F79DFB684602F01CFD61
:10118000E7E710B502F006FE10BD0000074A9142E5
:1011900002DC5242914200DA1146FF229932514359
:1011A0000A1251180A14511808187047FFFF4F000F
:1011B000401AC010810040180012704710B5092075
:1011C000C00600690002000A00F0B4F910BD70B555
:1011D0000D460446FFF7F2FF2946FFF7D7FF014609
:1011E000204600F001F870BD1FB56A463A30107312
:1011F0006846029100F038F9002800D0012004B0C0
:1012000010BD70471FB569463A300873684600F054
:1012100065F91FBD30B5EFF3108172B60922D20611
:101220001269FF25821A120214120C4A91351368B2
:10123000AC4208DC0122120690431A464032D479AF
:10124000DF252C40D471C2010724D20924021B19C6
:10125000DA65034A906081F3108830BD04250020D0
:101260004000004810B50300FFF7DBFB3A332D2D9B
:101270002D1E2130332A2A2A2A2A2A2A2A2A2424DD
:10128000242424242424242424242424242424241E
:10129000242424242424242424242424242424270B
:1012A0002727272727272733FCF7DCFD10BD06F06B
:1012B000ADFF10BDFDF7C0FD10BD00F05BFB10BD24
:1012C0000BF056FC10BD0BF0E5FE10BDF2F792FCE2
:1012D00010BD3A38C0B20428FAD2FFF792FF10BD11
:1012E0000348DF2200684030C1791140C171704766
:1012F0000425002070B50B481D21006889014418A1
:101300002646646008362460E6600025A6602069F1
:1013100029014118304607F02BF96D1CEDB20B2D59
:10132000F5D370BD04250020F0B5002693B0701EE3
:101330000E9042481D210068890144180920C0060A
:101340000069374605022D0A72B6A0692146281A9F
:101350000002000A223108F0AFFC6169A561401863
:101360006061364800684030C1798A0663D4202223
:101370001143C17162B6256814E0A8686169401A1A
:1013800000280ADCBA0001A8761C85507F1CF6B242
:10139000FFB2287BFFF766FF03E00E99884200D278
:1013A0000E902D68A542E8D12046083000250C900B
:1013B0001830129018E0AF0001A8761EC159F6B29D
:1013C000204607F0F4F801A8C1590C9807F0D0F8AE
:1013D00001A8C059007B3A2804D2129812990078CB
:1013E000401E08706D1CEDB2002EE4D12068A042B2
:1013F00017D03D256D04284608F056FC01460E988E
:10140000814201D8284601E008F0ECFBA1690818E8
:1014100000020121000A09064018FFF7FBFE13B085
:10142000F0BD72B60020054907220968120289182A
:10143000C8650349886062B6F1E700000425002012
:101440004000004810B504460920C00600690002AB
:10145000000A00F06FF8A168FFF798FEA060204630
:1014600000F002F810BD0000F8B51B4D06461D2126
:10147000286889014418317B481E3E2801D3422048
:10148000F8BD2046A2680830824205D03A2905D22C
:101490002021095D072901D36420F8BD694607F0C2
:1014A00079F8102231460098F2F704FA20460099A4
:1014B00007F05EF80098007B3A2803D220342078A9
:1014C000401C207072B62868DF224030C17911407C
:1014D000C17162B60020F8BD0425002070B5144E1D
:1014E0001D22316892018D182C681DE0017B227B42
:1014F000914218D12146284607F059F8284621463E
:10150000083007F035F8207B3A2803D220352878B8
:10151000401E287072B63068DF224030C179114019
:10152000C17162B670BD2468AC42DFD170BD0000ED
:101530000425002010B507491D22096892018C1866
:10154000A169401A0002000A08F0AEFB61690818A0
:1015500010BD00000425002070B50E46054601466A
:101560002022002006F09EFB040023D0284600F035
:101570006BF8050027D02879B04224D1A8788007DD
:101580001FD4A06801210173A06800214673A068E0
:1015900002268673A068C173A0680174A0684174B4
:1015A0000620E0802146052000F0BEF9002803D087
:1015B000412509E064250BE0A8783043A870002598
:1015C00006E0462500E042250021204606F0C6FB45
:1015D000284670BD7CB514460D4600281ED1052D49
:1015E00002D00B2D07D011E0627921796088A31D0C
:1015F0000BF0F4FC0AE021461231881F01910090A3
:10160000627921796088A31D0BF0FFFC21462846F2
:10161000FEF7EEFB2146284600F0B4FA7CBD70B51B
:1016200005460C46002000F00FF800280BD02905D5
:10163000090D018000218170002C01D108218170E9
:1016400001210171C17070BD30B502460A48012305
:101650000068DB020021C318A030047B07E0586B50
:101660000D0140190588954204D0491CC9B28C422D
:10167000F5D8002030BD00000425002030B50A490F
:10168000012309680246DB020020CB18A031097B48
:1016900007E05C6B050164192488944203D0401C68
:1016A000C0B28142F5D830BD042500208068017A9F
:1016B000407A0002081880B27047000070B500231D
:1016C000134A1DE00125ED0240191901466B002463
:1016D000C81C345410684019466B081D34541068F7
:1016E0004019406B445210684019466B0846083058
:1016F000345210680C314019406B5B1C4450DBB213
:101700001068AC21095C9942DCD8002070BD000053
:101710000425002010B5024688680C46817AC07AFC
:101720000002081881B2E088001FE080042909D077
:1017300005290CD006290FD00121204606F00EFB0A
:10174000002010BD21461046FEF744FA08E021466D
:10175000104600F03FF903E0214610460BF02AFA4C
:101760000028EED0E188091DE18010BDF3B581B0FD
:101770000D4600268888FFF767FF070056D0287BB4
:101780003C46083400900228F86833D0002845D041
:10179000E888002810D0218840182080284606F0CC
:1017A00057FA01466068806805F0D8F80120616842
:1017B00006F00EFA0020E8802088042828D360680C
:1017C000FFF774FF001D218880B2814226D8814234
:1017D0001BD16168C88061680198FFF79BFF0146D3
:1017E000002000290ED06168A94201D160602080EC
:1017F00045261FE0002801D04526DDE76560E88822
:101800002080D9E7606020800BE0452E06D008E0FC
:10181000452E06D1384600F0C7F90BE0384600F0F7
:10182000C3F9002E06D10098012803D101212846D2
:1018300006F094FA3046FEBD024610B50020002A9C
:1018400005D0012A02D11046FFF790FF10BD1046C7
:10185000FFF760FF10BD70B50546801E0C46030003
:10186000FFF7DFF80A0C1D1D06170B0B0B0B060B01
:101870000A4620782946FFF7ADFE70BD2846FEF7E0
:10188000B7FA60880BF0F2FA2146284600F07AF9A0
:1018900070BD4A890888A11C0BF0E0FB70BD62880E
:1018A000097828460BF002FB70BD0000F0B585B04A
:1018B000FFF7E4FE1B4D04462868A030007BA042E1
:1018C0002DD920463230694608736846FFF706FE78
:1018D00001262868F6028019426B00212401115369
:1018E000286827468019426BE01C115428680C3781
:1018F0008019426B201D115428688019406BC05913
:1019000000280CD0012106F029FA29680020891945
:10191000496BC85129688919496B0834085305B0C7
:10192000F0BD00000425002010B50C460146042837
:1019300005D0052903D0062901D0502010BDA0688C
:10194000A2790272E088020AA0684272A0688172DD
:10195000A068090AC172E088001DE080022020739F
:1019600020460DF015FA0028E8D0E088001FE0803E
:10197000412010BDF8B5323801060220144E009007
:1019800001253068ED020C0D421939214901526BD5
:101990004118C97B175B012349070CD50830401952
:1019A0001E220221C06C0CF0A3FC010003D08F802A
:1019B00000980CF089FC3168002049194A6B211D00
:1019C000505431684919496BE41C0855F8BD0000B2
:1019D00004250020F0B50D468DB000210A91A968BC
:1019E00000280F7B02D0012822D0C3E0A888FFF78F
:1019F00045FE624E04463068A030007BA04215D9F7
:101A0000122F08D15E480290204632306946087392
:101A10006846FFF717FD01203168C0020818406BC7
:101A2000210140188178FD221140817000219EE043
:101A3000A888FFF723FE06465048AC220168525C96
:101A4000B24218D90120C0020818406B3201841834
:101A5000A278100710D5122F10D1500710D4A988E2
:101A60002A46422000F0CEF8A07804210843A07056
:101A7000A868407B207179E0132F0AD0012F41D054
:101A8000A868417BA888FFF767FD0A9000286DD001
:101A900070E0A868E778437BBB4267D1520765D501
:101AA000027C407C01230002101887B2422004907F
:101AB000A8880690392040010818C07B80070FD500
:101AC000D802083108181D22C06C04990CF010FCD3
:101AD000010005D0069A8A80CF8004980CF0F4FBB0
:101AE000A078FB210840A070E078401C0006000EA2
:101AF000E07001D10120E070684632360673FFF7CE
:101B0000EDFC33E0100731D4A868E178407B8842CF
:101B10002CD150072AD5FB200240A270E078401C4F
:101B20000006000EE07001D10120E07068463236F8
:101B30000673FFF7D3FC114820220068910108309A
:101B400040184224AE880223C06C21460CF0D0FB22
:101B500001000BD0A868437B877BC07B8E8000028E
:101B600038188B71088120460CF0AEFB0121284605
:101B700006F0F4F80A980DB0F0BD0000042500202E
:101B80003075000010B5022809D0052801D00B28B7
:101B900008D1084609794088FFF741FD02E04888EE
:101BA000FFF784FE002010BDF8B5054680781021AF
:101BB0000843A870422000901148C901006801271D
:101BC0000830401802263B462122C06C00990CF0D8
:101BD0008FFB04000AD02771667132462946A01D8A
:101BE000F1F768FE214600980CF06EFBE8680028CB
:101BF00005D0012106F0B2F80020E8602881F8BD88
:101C000004250020F7B504230446C10622481546E2
:101C1000006803D52222BF210C4006E0392149018A
:101C20004118C97BC90732D01F222107890E081825
:101C30000121C9024018C06C21460CF059FB01007B
:101C400027D0AA68081D577BD57B937BBE462D0203
:101C50005F19557C137C2D025E19D57C937CBC46A4
:101C60002D025D19577D137D3F02DB19977DD27DD3
:101C70001202BA18019F07807746877067468780EF
:101C8000C68005814381828120460CF01DFB002027
:101C9000FEBD0720FEBD000004250020FFB507465D
:101CA000464881B000880D4645490922096812025C
:101CB00040078A18400F926E602358431418414819
:101CC0000E18F1F7E3FF002822D0142D04D0152DB3
:101CD00020D0072D59D05CE02146039803F0FFFA8D
:101CE0000121206989040843214640312061087F91
:101CF000022210430877820609D562795208520001
:101D00006271DF2210400877002F4ED151E0012090
:101D100005B0F0BD25464035287FC007F7D02146E5
:101D2000039803F0DCFA204603F0B0FA002825D02F
:101D3000A888E988884200D30846E881698AA88A89
:101D4000814200D2084668832A8AE98A8A4200D200
:101D5000114629836A882889824200D21046C90820
:101D60000E3989B26881884200D30846A881049858
:101D7000006801214906084304990860287F40084B
:101D800040002877002F10D113E00398C078142862
:101D900002D0002005B0F0BD4034207F042140086F
:101DA000400008432077002F03D00820C036F0738E
:101DB000ADE70820C036B073A9E70000C0000020DE
:101DC0000425002058080000F8B50926F6063168F9
:101DD0007A487B4A816013687A4A9D180022027013
:101DE00042708261C261027142718271764A1288C8
:101DF000F4145207520F82701C196027A46E5743C7
:101E0000E719724C92011219C7600261BA78C27068
:101E100057077F0F8803800F7ED16B4A188E508042
:101E20006B48664C01409013814204D1FFF758FA89
:101E3000A0683060F8BD05F021FE002807D1604899
:101E40000088503081B2012000040818F0605C491D
:101E5000002009684031C871E168C8735D49B80065
:101E600008588047A068002806DA05F007FE002819
:101E700002D1A07803F036FC012F04D0022F19D034
:101E8000052F17D03FE0A068C0013CD505F0F6FD56
:101E9000002838D1A0684003287E05D4022832D01B
:101EA0006079002809D02EE0022806D0A079012808
:101EB00003D028E02078012825D148484649016010
:101EC000232141606421684601706A461078401EF3
:101ED0001070F068C00302D510780028F5D1107892
:101EE0003E4882B2012000041018F060684601707C
:101EF00069460878401E0870F068C00302D508786B
:101F00000028F5D10878206900902946A369E26885
:101F1000E06903F081FE00E033E029462369E268CE
:101F2000E0690FF081F8207801282AD1E068006A82
:101F3000002826D00068002823D00027C17C05682F
:101F4000C9091CD0E268116A814208D10B6813628A
:101F50000F60E1680A6A002A0ED14F620CE00A683D
:101F6000824203D0114612688242FBD10D60E268C2
:101F7000536A834200D15162002105F0EFFE280030
:101F8000DCD10E4C2089000401D5FFF7A9F9A26825
:101F90001349D00306D50A48022400684018836B11
:101FA00023438363900306D5054804230068401843
:101FB000816B194381633260F8BD0000B8240020B2
:101FC0000425002058080000C0000020CC0000209C
:101FD0000080FBFFE024002002230102D82400201F
:101FE00000080000CA6802608A6842604A6882602D
:101FF0000968C16070470000F8B50C46CA88098AB4
:102000004030521A8089102695B2A84205D2054662
:10201000E07C4006400EE07403E02068002800D118
:102020000026002904D1207B800701D5022000E092
:102030000120CF060643FF0EE81982B20E48A169BF
:102040000368092000021818406F001D04F08FFC7F
:1020500060610948A5740168092000020818416FF1
:10206000B81C0E5404480168092000020818406F8B
:10207000FF1CC555F8BD00000425002018B40168F8
:10208000184ACB6813608C68012354604C689460D4
:102090000968D1604168144ACC6814608C68546047
:1020A0004C6894600968D16064216A461170092205
:1020B000D2066C462178491E21705169C90402D4A8
:1020C00021780029F5D122782270084A8168D468E5
:1020D0000C6094684C6054688C601268CA6003732A
:1020E00018BC704718000048280000483800004815
:1020F00003480249C1600349416170479D3305109F
:10210000E0240020D9240510F0B5EF48EF4900681D
:1021100095B04418EE4941180391EE498968CA0107
:102120007ED54A03EB4909697BD4C889012252074D
:1021300080184088851888898018408806A98718E3
:1021400028780607360F284606F00CFCE148806820
:10215000002867DA022012AB032E02D0052E69D0C8
:102160007AE1DC4EF178C9065CD501217171D6495E
:102170000968E031097C002921D008A9087003987A
:102180000C90099510A80E900A970B930D94084691
:10219000F1F7FEFC30713079012843D001200006B0
:1021A000B0613069018A20468030026A1180018C5A
:1021B00030690182817A8022114381724CE104A945
:1021C000284606F0C5FBA81C01460A786B79104624
:1021D0004A78120210438A78C9781204104309061B
:1021E0000843297800024906C90F08431946AB790C
:1021F0002A7A1B021943EB7912061B041943114377
:10220000090202F055F9049922689142C3D1059957
:1022100062689142BFD1012806D0F078400602E002
:1022200049E19FE088E002D500203071B6E7012047
:10223000307111E1A749C97809077DD50126002130
:102240000922D2065160A0490968E031097C0029C1
:102250002ED008A9087003980C90099510A80E902C
:102260000A970B930D940846F1F792FC01469948A2
:10227000017110A8F1F7F2FC01286DD0954E30796C
:10228000012869D03069009006AB21462846F268E3
:1022900006F072FB8C49002009682031C874204682
:1022A000C030C17BB278914246D10821C173D3E0DE
:1022B0000027089704A92846099706F049FBA81C9F
:1022C00001460A7810464A78120210438A78C97883
:1022D0001204104309060843297800024906C90F71
:1022E000084308906A79297A1046AA7909061202E9
:1022F0001043EA791204104308430002000A0990CF
:1023000008A8F1F7ABFC012800D1002609980102CA
:10231000089802F0CDF801466E4801220271049A35
:1023200023689A4216D1059A63689A4212D101290C
:1023300004D0C178090600E08EE00BD5C17889068B
:1023400007D50699A268914204D10799E2689142A3
:1023500000D10771002E91D1A420015B5D48006976
:10236000018279E05B4A8B89A021095B89B28B42AB
:1023700001D1012191712321490141188979524DDF
:10238000012969D1112189014218927DFF2A63D068
:1023900037214A431218FF3241320394507B002800
:1023A00036D11321C9012E6813787618B76806460E
:1023B0002A36BB552E68521C7618B7680646523628
:1023C000BB552E687618B76806467A36BB552E6818
:1023D0007618B7680646A236401CC0B2BB55062820
:1023E000E1D3286840224018816820310B7A1343DA
:1023F0000B72816840310B7C13430B748168603130
:102400000B7E13430B768068A03001781143017076
:102410000398007E012819D11121286889014118EB
:10242000897D372251430918FF202F30405C002856
:102430000CD10398FF31406B4831083001F0AEFBFE
:1024400003988022406B01781143017023212A6890
:1024500000204901511888711E480369997A0906BC
:1024600029D51D8A22468032918C89B28D4222D193
:102470002F21158A095DD97200210923DB065960D5
:10248000FF23691E5533994200D81182002D04D1D3
:1024900001218161807804F051FF0B4849210068D7
:1024A00049014018407E002802D0012007F034FD89
:1024B00001200CF0B1FD07488068400302D520469A
:1024C00006F00EF915B0F0BD0425002058080000F4
:1024D0003C090000B8240020F0B5FF48FF4900681F
:1024E00001254418FD21C9004318FD49ED030846A4
:1024F0008A68C06883B0AA4204D0856AAE7AEE27A3
:102500003E40AE72D70100260125002F52DA570354
:1025100036D4570104D50922D20656600D7021E049
:10252000570012D5C278521E1206120EC27003D185
:102530000922D20656600D704279170612D552064E
:10254000520E4271826942610CE0E64F3A4203D07A
:1025500022221555826942610279C270427952067F
:10256000520E42710927FF06DB6B3A699A1A130271
:1025700001221B0AD20593421CD90D707E6019E01E
:102580000A699389012252079B185B889A18436B4A
:1025900093420AD19278142A07D102464032134658
:1025A000127FDF273A402A431A7701220369D203B8
:1025B00093430361CA498B68590213D5C8490A6914
:1025C000978901225207BF187F88BA184A61416B68
:1025D000914207D191780D2904D101220169120499
:1025E00091430161002B6FDAB42109594A88012116
:1025F0004907BB4F5118F9610921C9064969C90D3D
:10260000C90707D009207D70C00646603D70B648F6
:10261000B861E4E0008A80040AD5F1F737FB0128AD
:102620002FD01C22F9694878024201D0001F48705F
:10263000AB49C869C96802788B6A5F8801235B0768
:10264000FB181B781343DB0604D4A54B1D7009232C
:10265000DB065E60D243920715D00869A04FC00325
:1026600077D5F1F713FB012874D01F20F969497859
:1026700008426ED009207D70C00646603D709A48C1
:10268000ACE0FC22CEE7877843783A469C461A2F86
:1026900072D2964B9A5CFF2A6ED062456CD1042FA1
:1026A00013D0052F16D0062F2BD0022F32D00D2F8E
:1026B00037D00A69D3033BD5894809214570C9063B
:1026C0004E600570884931E089E0894A0869104305
:1026D000086184E082490869067046714670867117
:1026E0008670C671C6700672802202714672C96811
:1026F00001230A695B021A430A61C17D0822114362
:1027000034E041230A699B029A430A61012174481B
:1027100089030BE0496B72480D60C0682721417145
:102720005DE06F4801228169D2051143816156E065
:102730000B2F10D00E2F1BD0092F1ED00C2F20D006
:1027400002466C4B39460020F1F790FA002846D13A
:102750002CE03BE038E0684B61481A430523DB027C
:102760009A430A610069C17DF7221140C17536E0C4
:10277000102002430A6132E020E001210903584899
:10278000D4E797070423002F07DA554FBB610223D4
:102790009A430823CE273B5500E01A432A430A6197
:1027A0000522C01C2C31FEF785FA18E04C4808229F
:1027B000C068016911430161C77110E0086908220E
:1027C00010430861CF710AE0FF204FE72146FB6804
:1027D0003A69F8690EF022FDB9690843B861404AC8
:1027E000D0681169076A8B89012149075B1800933A
:1027F0005B885918002351610193926811239B044F
:102800001A421ED153011CD4436B8B4201D00123C9
:1028100000E000230293884201D0012300E000235E
:102820009C46002F0DD0029B002B0AD06346002B44
:1028300007D0FB7CDB0904D03B68002B01D00123CF
:102840000193520202D4019A002A72D0427993076E
:1028500001D5002F17D052085200436B8B422BD169
:102860004271D2060BD51E4A55700922D206566017
:102870001B4A224B157092691A43194B9A61897849
:10288000152903D04AE02A434271E6E70146403168
:102890008C460A46097FFD23194011770A073DD56A
:1028A0000F4A012392695B061A430D4B9A61F72286
:1028B00011406246117731E081422FD03A8ABB7CC9
:1028C0000021D2183A827A69BA61BE743A8AFB88CA
:1028D0009A4217D2FB7C13E0042500205808000020
:1028E000B824002000004080088010002845061011
:1028F00000010100D0240020805401000880010064
:10290000DB0902D03F68202104E0D20602D1BA6977
:102910001268BA619F4A93691943916101690291F2
:10292000002101914179C90704D09A49406B48615F
:102930002EE048E0002F06D00CF0D8FA002802D193
:10294000029840050FD59348C1684161806800280E
:1029500002DB1120088000E00D8001220869D2030B
:102960001043086114E0012001908B49387C09680C
:1029700009221202C0068918C00E496F801C854AC0
:1029800040185061009948803946D068FFF734FB01
:10299000804F8121F8688901006908420AD0F1F767
:1029A00075F901280AD01F2279694878024201D0BE
:1029B000001D48700198002802D004E0FF22F3E7D0
:1029C0000099B88A4880734F21463B69FA68F869D4
:1029D00005F0FEFD387801287ED13B46D8681B699A
:1029E000417980229A7203894022125A5B1C03812A
:1029F000234620339F785200002F02D14769BF1A27
:102A0000476100269E70836A9E7A11273E439E721C
:102A10002646604BC036B77B9B789F4209D17389AD
:102A20009A1A728105D55B4A5C4F557093693B4396
:102A300093614369574A002B04DC5570584F9369E2
:102A40003B4393618B060AD54B0705D45570554B14
:102A500091691943916102E0FB23194041710179A9
:102A6000C1708179C90742D027464037798E0089E5
:102A7000081A012180B2C903884205D345484A4A51
:102A800045708169114331E0002830D14748008802
:102A90004007400F04F02CFC00903E484022C068E4
:102AA0008179490849008171317A490849003172B8
:102AB0009C21095B1152FA8D798D1205120C9446F6
:102AC00082898A4205D18369634502D1009A002A2E
:102AD00007D0304A402600E05AE0936933439361BF
:102AE00001E00822B2738181F98D090181612948D1
:102AF0002F4FC1688A79930728D576231B5B0E89EF
:102B00009B1B01269BB2F603B34205D34570264AB0
:102B10008169114381611CE0002B17D1FD231A400C
:102B20008A7180220169125921310A70130A4B708F
:102B3000130C8B70120ECA7060340169A27E2031B2
:102B40004A7101228169520511438161417800294E
:102B500012D0C068002181700920C006416013486E
:102B600000884007400F04F0E9FB0B480168C819D2
:102B7000407E002806D108E007480168C819407E59
:102B8000002802D0012007F0C7F901200CF044FA18
:102B900003B0F0BDB82400200425002008804000C8
:102BA000088004000880020008800800C00000209F
:102BB00020090000F0B5FF4885B00168FE480C18F8
:102BC000FE4EB168C8017DD5204680300090806BF4
:102BD000827AEE231A40827230464A030125C06889
:102BE000002A42DB4A0105D500200921C9064860B8
:102BF000357036E04A0012D5C178491E0906090E23
:102C0000C17003D10922D2065160357041790A069C
:102C100027D54906490E41718169416121E0E84AA1
:102C200011420AD0224620329570490202D5032172
:102C3000917000E095708169416101792246C1700F
:102C400040329179002908D00921C9068968A16418
:102C500000210223E1649377A16541794906490E79
:102C6000417100204621085543E031698A890121DC
:102C7000490752185288436B5218934213D19378E4
:102C8000142B03D09278042A08D00CE0034640337A
:102C90001A7FDF273A402A431A7704E001230269AA
:102CA0009B021A430261806A408840187D210078A7
:102CB000095D0843C00606D4002009213570C90605
:102CC000486010E07CE2606D06F08CFF0146092050
:102CD000C0060269236DD21A1202120A914202D270
:102CE000357000214160F06801220169D2039143EF
:102CF0000161B168480213D5306980890122520709
:102D00008018408880187061F268536B834207D145
:102D100080780D2804D1412310699B0298431061EB
:102D2000002948DA0098806B418801204007A34FB2
:102D30000818F8610920C0064069C00DC00707D017
:102D4000002009217D70C90648603D709D48F3E070
:102D5000F86841210069490108420AD0F0F796FF5E
:102D6000012829D01C22F86941780A4201D0091FA4
:102D70004170F8697D2201781155C94389071DD03A
:102D8000F8680069C00370D5F0F780FF01286DD0A6
:102D90001F20F9694978084267D0002009217D7019
:102DA000C90648603D708748B861F868012102692A
:102DB00009048A430261C0E0FC22D4E786784178A6
:102DC0001A2E76D2804A925DFF2A72D08A4270D142
:102DD000022E15D0F9684A79D2065BD4062E16D099
:102DE0000A69D30328D5002209237D70DB065A60C7
:102DF0003D70744ABA6101200A69000482435CE0B4
:102E0000F868406B0560F9682320487195E001225D
:102E1000B86992031043B8616C4A086910401522E2
:102E20005202104308612046C030C17BBA789142FB
:102E300030D10821C17380E0002E18D0012E2AD095
:102E4000032E2DD00A2E35D00B2E38D0082E39D097
:102E5000092E3AD00C2E3BD002465D4B3146012064
:102E6000F0F704FF002868D14BE05DE05AE00A4625
:102E70003E46214605F0F5FEF0698179C0790002F1
:102E800008435449400240185349896A814200D896
:102E90000846606551E00A46214605F0CBFE4CE04D
:102EA000BB6980263343412000040243BB610A61B1
:102EB00043E028E08920C00105E00A613DE0474881
:102EC0000240FAE710200243F7E70121090327E057
:102ED0003B4697070426002F08DA9F6937439F6116
:102EE00002239A430823CF26335502E0D30700D1AB
:102EF00032432A430A610522C01C2C31FDF7DAFE59
:102F00001BE0072E06D0F868082201691143016111
:102F1000C67112E0F969C9780E290ED1012189061E
:102F2000B9610AE0FF2034E72146FB683A69F86995
:102F30000EF074F9B9690843B861204BD868196973
:102F4000066A0F8A01225207BF1801977F88BA18B4
:102F500000275A6102979B681127BF043B421ED18C
:102F60005F011CD4476B974201D0012700E0002786
:102F70000397904201D0012700E00027BC46002EB5
:102F80000DD0039F002F0AD06746002F07D0F77C93
:102F9000FF0904D03768002F01D0012702975B0298
:102FA00002D4029B002B78D043799F0701D5002ED5
:102FB00020D015E00425002058080000B824002087
:102FC000000040800800100028450610DFFBFEFFCF
:102FD000D02400209AFDFFFFE0020020BFFFFEFF8B
:102FE0005B085B00476B974243D143719378042B96
:102FF00005D016E02B431F462F434771F2E72346C7
:10300000C033DF7B082F05D1DC4FBF78DF737D270E
:103010007F029F81D94B01279B69FF063B43D74F16
:10302000BB614379DB060CD5D44B09275D700023C7
:10303000FF067B60D14BD24F1D709B693B43CF4F46
:10304000BB619278152A32D1074640373A7FFD237B
:103050001A40BC463A77130729D5C84B01279B690C
:103060007F063B43C54FBB61F7231A4063461A777F
:103070001DE082421BD0338AB77C0022DB193382E9
:103080007369B361B274338AF788BB4202D2F77CAA
:10309000FF0903D03668202205E068E0DB0602D194
:1030A000B3691B68B361B54B9F693A439A61427932
:1030B0000027D20717D0B14A436B53619A78052A8B
:1030C0003BD1026920231A43026100200870487135
:1030D000487088718870C871C87008720871487229
:1030E0008020487229E0002E0AD00BF0FFFE002855
:1030F00006D1A2483322C16852010969114209D0A0
:103100009E490122C868486105800169D2031143C4
:10311000016112E09B4A317C126809231B02C90637
:10312000D218C90E526F0127891C89184161019A72
:1031300051803146C068FEF75FFF904E2121F06854
:103140008901006908420AD0F0F7A0FD012809D0E2
:103150001F2271694878024201D0001D4870002F7B
:1031600002D004E0FF22F4E70199B08A4880834E40
:10317000F26810694106890F13D080063178C00FBC
:10318000012902D0B16849031CD5002804D0306958
:10319000C17D0823194303E03069C17DF72319403D
:1031A000C17521463369F06905F012FA30780128BB
:1031B0000BD000997448896B0322091DFDF7CCFDE3
:1031C00005B0F0BD0028E7D1E1E76C480121C268F5
:1031D00000695379C67A01962026365C00278772EB
:1031E000204620300290807803281CD197796348CC
:1031F000002F18D19F06BF0F15D1624F3F682037AF
:10320000FF7C002F0FD1176A002F0CD1CF273F5D15
:103210008078874207D09089411C7043019E89B213
:10322000801980B201904020805A1689400048439E
:103230007118118102998978002902D15169091AFE
:1032400051610099896B8E7A11273E438E72264612
:103250004A49C036F77B89788F420AD1B189091A69
:10326000B1810FD54549494F4D708E693E438E61FE
:1032700008E056694149002E04DC4D70444F8E69C8
:103280003E438E61990605D53C49424E4D708B698F
:1032900033438B6111792746D1704037BD71E16CA2
:1032A00080B20818E0649079FB210840334E907199
:1032B000C00717D0B88E1189401A012180B2C90306
:1032C000884205D375703449B0690843B06109E09C
:1032D000002807D101230021204605F01FFAB1691B
:1032E0000843B061F06881798A0723D53A8F038952
:1032F000D21A521C012392B2DB039A4205D3757095
:103300002549B0690843B06114E0002A12D1FD22BA
:1033100011408171306900992130496801700A0AB1
:1033200042700A0C8270090EC17060343069E17E0F
:1033300020304171019806F039FC3169C872029859
:10334000002787707078002802D0B07803F0F6FF6D
:103350000C4C582120680D54492149014018407EE9
:10336000002802D0012006F0D7FD01200BF054FE0A
:1033700020684030077605B0F0BD0000B82400207A
:103380000800010004250020FA00300008804000F9
:10339000080004000800020008000800F0B599B019
:1033A00001200E90FD48FE490068FF4E4518FD21A2
:1033B000C9004418FB4947180121109100210F91C1
:1033C0000497F949B2680969D30116D5530314D596
:1033D000B8680A8A80B282420DD10091386A00230F
:1033E0002946F2680DF0C6FFC035A87BB178884247
:1033F00001D10820A87319B0F0BD002A7EDACA896D
:1034000001235B07D2185288D6182A4620320D9223
:10341000D278022A73D033781B071B0F1193012A2D
:1034200005D1022B03D0012B01D0042B54D1012252
:103430000F9200228A72FA684A82FA68927AE36BE3
:1034400094460922D20612699A1A130201221B0A13
:10345000D205934238D900220923DB065A60049A28
:103460009446D268927A49235B01C0180790807E07
:1034700000280BD060460123C0681A438272C87AC4
:1034800084462438C0B2032806D006E01120024347
:103490006046C06882721CE00020079A0123927E79
:1034A00083401A42049209D1401CC0B2032800D1C3
:1034B00000200123049A83401A4202D02530C0B272
:1034C00084466046C87204E06046EE210840F96810
:1034D0008872284605F004F9B048F0210068095CBC
:1034E000002905D1232149014118097A002922D058
:1034F0001321C90140188068002101E06AE22CE133
:103500006A461173059016A80690049614A80990AF
:103510000797089503A8F0F73BFBA3490871A24859
:10352000007901287ED0119804280D98C0787AD0AF
:10353000012879D0FBE030780AA90007000F099034
:10354000304605F00FFA04A9304605F001FAB01C28
:1035500001460A7810464A78120210438A78C978E0
:103560001204104309060843317800024906C90FC6
:10357000084306907279317A1046B2790906120230
:103580001043F2791204104308430002000A0102BA
:103590000790069800F08CFF0146834A00201071C6
:1035A0000998032804D0052802D0012804D00BE094
:1035B0007D4A0120107107E004982A689042F7D1F3
:1035C00005986A689042F3D10D980079002804D0DC
:1035D000002902D1744901200871099804289ED15C
:1035E0006E4801681320C00108188068082142183D
:1035F0001378194653781B0219439378D2781B0429
:103600001943120611430B020178C01CC9090B4370
:10361000082141180A7810464A78120210438A7825
:10362000120402E0ACE192E010E0C9781043090610
:10363000084300020699000A994203D10799814282
:1036400000D16CE7584901200871C0E10AA9304651
:1036500005F088F9514813230168DB01C818806818
:103660000B9A0178D2034906D20F490ED2011143B9
:1036700001704A4806220168C81881680AA8083102
:10368000FDF718FB4548F0210068095C012905D0C9
:10369000232149014118097A002927D011239B01D0
:1036A000C118097DFF2921D0372251430918FF3164
:1036B0004131497B012919D01321C9014018806883
:1036C000402302781A4302703448112200689201A4
:1036D00082184118127D37235A4310188968FF3029
:1036E00006224130891CFDF7E5FA20E01323DB01B7
:1036F000C0188068BF22017811406A68D203D20FD7
:1037000092011143017025480168C8188168286832
:103710008870020ACA70020C0A71000E48711F48B4
:103720000168C8188168A8888871000AC8710121D9
:103730001D48890281610D98C07801287ED11198B9
:1037400002287BD0012879D000201090A0E0012829
:1037500075D1C1021448816139E1F021095C002969
:1037600005D1232149014018007A00281ED00120EC
:10377000694608730020059016A80690049614A8C0
:1037800009900797089503A8F0F702FA064908710F
:1037900014A8F0F763FA012878D079E00425002016
:1037A000580800003C090000B8240020307806A921
:1037B0000207120F3046139205F0D4F804A93046E0
:1037C00005F0C6F8B01C01460A7810464A78120285
:1037D00010438A78C97812041043090608433178E7
:1037E00000024906C90F084308907279317A1046E1
:1037F000B279090612021043F27912041043084309
:103800000002000A01020990089800F051FE844667
:1038100038697969AB4B00221A71139A032A15D0C3
:10382000042A13D0052A11D0022A0FD0062A0DD05F
:103830000D9A1279002A0CD0604601E028E02BE0B6
:1038400000280CD0139801280CD017E001221A711F
:10385000EEE7069A824202D107988842F2D0012010
:103860001871EFE704982968884203D105986968C0
:10387000884203D001201871A9E007E018790128D7
:103880007ED008A8F0F7EAF9012801D100200E90B7
:103890008C480079012874D00D98C078022870D126
:1038A0000E9800286DD0B868864909690882386A80
:1038B0000590801C04900920C006216C8068081ABD
:1038C0000002071280480068806A0390874209DA84
:1038D000A06906F087F9C719208C401C2084039842
:1038E0008742F5DB384606F0DFF9C001040C059885
:1038F00080210078744A430630785B0E400008400F
:1039000003430598F02103701068095C012905D074
:10391000232149014118097A00293BD0112189014D
:1039200047187F7DFF2F19D0372257433818FF30B3
:103930004130407B012811D040200343059803709B
:10394000614800684118497D514308180599FF30C6
:1039500006224130891CFDF7ADF91BE00498296867
:1039600001700A0A42700A0C8270090EC170049933
:10397000A8880871000A48710598BF21007801E005
:1039800025E021E008406968C903C90F890108439F
:10399000059908700AA9304604F0E4FF05980A99D1
:1039A00001720A0A42720A0C8272090EC1720B99E4
:1039B0000173090A41738475210AC1750A98286147
:1039C0000B98686119B0F0BD10980028FAD00F98D4
:1039D000002845D13B48002102699172F868508265
:1039E000F868817A0920C006E36B06699B1B1E02FA
:1039F0000123360ADB059E4238D900214160324856
:103A0000036832481818C168897A492676019B19DB
:103A10009E7E002E0AD00126C06831438172D07A82
:103A200001462439C9B2032905D005E01122C06836
:103A30001143817211E000219B7E37468E40334254
:103A400008D1491CC9B2032900D100213E468E404D
:103A5000334201D02531C8B2D072284604F040FE6E
:103A60000925ED066868002804D011E0EE20014029
:103A7000F868DEE714480168492040010818407ED4
:103A8000002802D0012006F047FA01200BF0C4FA0A
:103A9000206C29690126401A0002000AF605B0428E
:103AA00090D3A06906F09EF8216C40182064218C08
:103AB000491C21842969401A0002000AB042F0D250
:103AC00019B0F0BDB8240020042500203C090000F6
:103AD0000A480B49006840180921C9060A690265AD
:103AE00000228030406A82720868002804DA0548A3
:103AF000C1680889401C0881704700000425002027
:103B000058080000B824002010B51648164900686F
:103B10004418A4200059817A490849008172F0F7BD
:103B2000B5F8012814D0FF20013006F05BF8216DB4
:103B300040180002000A20650121490640180921A9
:103B4000C90648600948C1680889401C088110BD41
:103B5000E06C06F047F8216D40180002000A20656D
:103B6000EAE700000425002058080000B8240020DF
:103B700010B500200921C90648600748492100689E
:103B800049014018407E002802D0012006F0C4F907
:103B900001200BF041FA10BD042500200A780270C4
:103BA0004B7843708A788270CA78C2700B7903713F
:103BB0004A79427170470000F0B58DB00026574D2C
:103BC000044606960796089609962868E030007C19
:103BD000012803D101F0FCFA012811D02968002046
:103BE000E0314874E01D0B940290173405940020D6
:103BF0000B9900F083F90646FF2804D0002003E06B
:103C00000C200DB0F0BD07200A902868F100444A4E
:103C10000918891803912F21490140180C90700848
:103C20007F285BD000F024FB0746F00903D07F1EFD
:103C30007606FFB2760E3720296878434418039839
:103C4000FF34C77103201B340B9900F027FB01469A
:103C50000020FF22A070E2702670FF2906D001220A
:103C6000A270E170CA000C995118CF71264601214B
:103C7000203671750746B075102206A90298EFF735
:103C800021FE00280BD01022201D0299EFF712FE12
:103C900021462C31201D01F05FF8277501E001203D
:103CA0002075102206A90598EFF70CFE00280DD00C
:103CB00020461530102205990390EFF7FBFD2146B1
:103CC0002531039801F048F8F77401E00120F07401
:103CD0006178012000F020FAFF206070104E00246F
:103CE000F836371F0EE0E10008188119002202980B
:103CF00001F018F8002803D12146022000F00CFA48
:103D0000641CE4B22868C1190978A142EBD829687B
:103D10000120E03148740A9873E700000425002070
:103D20006C040000F1B5194D00212868E0304174A1
:103D30000320009900F0E2F801270446FF281ED076
:103D400000263046009900F0A9FAFF280DD0C100E6
:103D500028680F4A09188918CA7937235A43101856
:103D6000FF301B308770C470C8792A68E100891859
:103D700040062F22400E52018918C87100E0072624
:103D80002868E03047743046F8BD00000425002064
:103D90006C04000070B5274C002520680126E03037
:103DA0004574007C012803D101F012FA01283CD0AF
:103DB000214B20687822FF21C018EFF77FFD1E4BB2
:103DC0002068F8337822FF21C018EFF777FD9D2394
:103DD0002068DB007822FF21C018EFF76FFD232158
:103DE0002068490141180D722721490141180D71C0
:103DF0002B21490141180D70F4210D58FF300F4A55
:103E000000211B30EFF75AFD2068FF210246E03207
:103E1000134691741122920182181176517691768F
:103E2000803045675E74002070BD2068E0304674C5
:103E30000C2070BD042500206C0400003903000034
:103E400010B5084C2F2320685B01F822FF21C01811
:103E5000EFF734FD172221680020920189180877B6
:103E600010BD00000425002010B5044601F0B0F993
:103E7000002801D00C2010BD02480068E030047416
:103E8000002010BD0425002010B56421064C4843D5
:103E9000216880314867FDF791F921688031886792
:103EA0000020C86710BD00000425002010B504469E
:103EB0000146042000F0F2F9FF2801D0012010BDD6
:103EC0002146042000F01AF8002010BD10B501466C
:103ED000042000F0E3F90146FF2802D0042000F09E
:103EE0001BF910BD00B50146042000F0D7F9FF28EA
:103EF00001D0012000BD002000BD0000F3B5050089
:103F00007F4883B0006808D0012D0DD0022D0ED05F
:103F1000042D1BD02F2149010AE07A498D22411836
:103F200001910F21D20020E09D21C90000E07649D7
:103F300041180191032D0BD0042D0CD00F21012D20
:103F40000BD0022D0CD0042D03D10CE06F49EFE70C
:103F50001F216F4A09E00821F1E76E4A801805E049
:103F60002B22520101E0DB22D2008018009004785D
:103F70008C4207D1002D15D0032D13D0042D11D064
:103F8000012D0FD08C4201D1022D0DD000262846E4
:103F9000049900F083F90290FF2807D0FE26002D37
:103FA0007ED0AAE0FF26A8E0FC26F0E7FE2E78D01F
:103FB000022D10D1FC2E0ED15148019A0068FF301D
:103FC0000130417ECB009A18D2794276022000F06F
:103FD000A3F8641EE4B2002C3DD00198E1000F1854
:103FE0003E46083E04990720401E0B5C325C9A1A3C
:103FF0000BD0002A0BDD0198E10008180722049974
:10400000EFF758FC261E26D02BE00028ECD13846CE
:1040100007223146EFF74EFCF079F871002D03D0FE
:10402000032D01D0012D12D1F079C14349060ED0E4
:1040300037214843324909684018FF301B30002DB2
:1040400002D0012D17D0C01C0178491C0170641EDC
:104050002406240EC1D1072204990198EFF72AFC07
:1040600000260098022D08D000780099401C0870A6
:10407000002D3DD041E0401CE6E70178002921D029
:104080000198CA001018C01D0278521CD2B2A24278
:1040900000D902700838491EF6D10098007801E076
:1040A00028E022E000280DD015480068FF300130DC
:1040B000417EA14201D3491C4176017EA14201D338
:1040C000491C01760E480168FF310131097ECA00A2
:1040D00001995118CC710068FF30013004760098C6
:1040E00000990078401C087007E0002D02D004E021
:1040F000FE2E02D1029E80200643304605B0F0BD60
:10410000042500206C04000064050000DC060000AB
:10411000DC050000E4040000F0B504004E4883B064
:1041200000680F4608D0012C0AD0022C0BD0042CBA
:104130002BD02F21490107E048494018009009E0A1
:104140009D21C90000E0464940180090032C1ED074
:10415000042C1ED00F20FF2F5ED0401EC0B23E4662
:10416000019087422ED20098F1000D18294608319F
:1041700028460722EFF79EFBE87BE871002C0AD067
:10418000032C08D0012C06D017E03649DCE71F20AD
:10419000E1E70820DFE7C14349060ED03721484355
:1041A0002D4909684018FF301B30002C02D0012C2B
:1041B0001ED0C01C0178491E0170761C0198F6B211
:1041C0008642D0D3C100009807220D182846FF214F
:1041D000EFF774FBFF20E871002C0BD0012C0FD0FF
:1041E000022C11D01C48042C006832D01E490FE06C
:1041F000401CDFE718488D210068C900401808E01E
:1042000015481A49006803E013482B21006849014A
:1042100040180178491E0170022C18D10E48006820
:10422000FF300130417EB94201D9491E4176017EFD
:10423000B94201D9491E017600980F21C01D0278AC
:10424000BA4201D9521E02700830491EF7D103B09C
:10425000F0BDDB21C900DBE7042500206C04000071
:1042600064050000DC060000DC050000E40400003A
:10427000094AFF201368002137224A43D218FF322F
:104280003B32527D002A04D0491CC9B20F29F3D316
:10429000704708467047000004250020F0B5234A07
:1042A0000028126808D001280BD002280CD004285E
:1042B0002FD02F235B0108E01D48121896460422D8
:1042C0000CE09D23DB0000E01A4BD2189646032831
:1042D00021D0042822D00422042821D00F20844693
:1042E00001209040C3B200265B08F018C0B26045C0
:1042F0000BD2C200744614190722521E8D5CA75CB3
:10430000ED1B0FD0002D00DD0646002BECD1FF2069
:10431000F0BD094BD9E705221F20E0E70322DBE7C8
:104320000820DCE7002AE8D1F0BD000004250020C9
:104330006C04000064050000DC06000070B5304D20
:104340002E4A28680021FF301B30EFF7B7FA2868A3
:10435000FF21F22211541122920182181176517616
:104360009176284AF4210A502F235B01F822FF217D
:10437000C018EFF7A3FA244B28687822FF21C01851
:10438000EFF79CFA204B2868F8337822FF21C018F9
:10439000EFF794FA9D232868DB007822FF21C018EC
:1043A000EFF78CFA194B28684022FF21C018EFF76D
:1043B00085FA232628687601002481190C722721AA
:1043C000490141180C712B21490141180C7017212A
:1043D000890141180C771B21890140180476FCF7EC
:1043E000EDFE29680B468033986788190A4601213B
:1043F0000471E0325174DC67847170BD39030000D0
:1044000004250020905F01006C040000DC06000021
:10441000F0B4234B00281B6808D001280BD00228D9
:104420000CD0042833D02F24640108E01D481B1849
:104430009C4604230CE09D24E40000E01A4C1B1968
:104440009C46032825D0042826D00423042825D000
:104450000F2701209840C3B200205B08C418E4B2C3
:10446000BC420FD2E50065442E686D682D02AA4259
:1044700003D8AA4206D1B14204D32046B14201D1A9
:10448000AA4202D0002BE8D1FF20F0BC7047074CB5
:10449000D5E705231F27DCE70323D7E70827D8E75D
:1044A000042500206C04000064050000DC06000008
:1044B0000A4610B501460320FFF7AAFFFF2801D0E6
:1044C000012010BD002010BDF0B5A3B001780E9101
:1044D000456881681091C76801691E91416905911D
:1044E00080690024189417940090FF2616941D9458
:1044F0000894A81CF4F721F8297800024906C90F8E
:1045000008433860681DF4F718F80002000A786064
:1045100028460830F4F711F829780002C909084341
:10452000029028460B30F4F708F80002000A0390C6
:104530007A681002810F012902D13978012900D04F
:1045400000211391039909028B0F012B03D1029BC8
:10455000DBB2012B00D000231593800F02D13878F5
:10456000012800D000201B90880F03D10298C0B210
:10457000012826D0002128780507FB482D0F036865
:104580001846FF301B302190F8481818149000206E
:104590000F9012900C9001201A901C90009842608D
:1045A00000983A680260F04800681990E030027C98
:1045B0000B92002A00D0012211920B9A012A02D0FC
:1045C00005E00121D7E7407C002800D101240E98A6
:1045D000002811D001284ED0032D02D0052D00D087
:1045E00001240598007E03287ED002287DD0012872
:1045F0007CD004287AD09CE0032D06D0052D04D071
:10460000042D04D0012D05D009E0012407E001208C
:104610000F9004E01198002801D101201290109809
:104620001690801C1890109808301790059820302C
:104630000079032810D001280ED000220C92059298
:1046400000280BD0012809D000201A900B980128CF
:1046500006D0012D09D0A0E00122EFE70120F4E708
:10466000012D6FD1002900D001241598002801D117
:1046700001201290C1E0002D02D0012D00D00124B4
:1046800005982030007901280ED000220C921B9A48
:10469000002A01D0002809D001220592159A002A8B
:1046A00006D0012D09D019E00122EFE70022F4E73E
:1046B000012D13D10B9A012A06D00B9A002A0BD098
:1046C000159A002A08D009E02323199A5B01D21811
:1046D0001279012A00D1012401221292139A002A90
:1046E00006D00B9A002A02E01CE019E01CE006D17B
:1046F000002801D101220F92139A002A07D00B9AA9
:10470000012A45D1002805D101201D9002E00B9817
:1047100001283DD1012D78D100296ED001246CE013
:10472000052D06D1012404E01399002908D0002AA0
:1047300006D000210F91032D05D0052D09D00FE0E3
:104740000121F7E729E005992031497BC90705D107
:1047500006E005992031497B890701D501210C919B
:104760000C990591012112911099891C18911099A9
:104770000831179110991691012A07D1012801D00B
:10478000042803D11B99002900D00124052D29D02C
:10479000012D32D00E98012837D01898F3F7CDFEAE
:1047A0001699000209784906C90F0843099018981C
:1047B000C01CF3F7C2FE0002000A0A900E980128FE
:1047C00023D01798F3F7B9FE169900020978C909A2
:1047D00008430D901798C01CF3F7AFFE0002000AC3
:1047E000109020E013990029D7D0012801D0042887
:1047F000D3D101200890D0E707E001211998890260
:104800004018C16D0991006ED7E71E9800691E9986
:1048100049690202CB03DB0F09041A43090A000E9F
:1048200001430D921091002C73D11398002866D08B
:104830000B9800281CD01198002860D0786839683F
:1048400002020120FFF7E4FD474B01469D22186854
:10485000D2008218FF290CD0FE293ED0C800801853
:10486000C6791498F100091807220098EFF722F88A
:1048700083E0052D02D10E99022904D0F221095CB2
:10488000FF2913D029E00121384600F0B3F941088F
:104890007F2903D0C10014980818E1E7089905980A
:1048A000084301D0012468E0002466E01121890159
:1048B0004118497EFF2910D1FF30072239460130C7
:1048C000EEF7F8FF284800210068F2221154014653
:1048D0004031CA79EF231A40CA710E99012904D0D8
:1048E000059C4AE001200F9047E023214901401830
:1048F000C0790228D6D20C980028F3D0D2E71B98B2
:10490000002802D00B98012804D0119800280CD15F
:1049100004E039E00020059C1C902EE0232119982A
:1049200049014018007A002827D0786839680202C7
:104930000020FFF76DFDFF281FD0C1001498081854
:10494000C6793720219970434018017D002900D095
:10495000012120302091807D002809D000201F9067
:10496000002907D009E00000042500206C040000A5
:104970000120F4E71F98002894D1574801681120BE
:104980008001081806754675119800284BD0FF2E37
:104990000BD00898002808D04F48016811208001EA
:1049A0000818807DB04200D001241D9800280BD04B
:1049B000FF2E09D048480168112080010818807E28
:1049C000B04201D0012447E0002C45D115980028C1
:1049D0002BD0012D29D14048029A0068C11DF93120
:1049E0000B699A4205D1039A4969120209028A4267
:1049F0001BD0112189014118497E1A9CFF2912D12F
:104A0000FF30072202A90930EEF754FF3248EF23A6
:104A1000016808464030C2791A40C2711122002054
:104A2000920189184876002C16D11C98002813D0C2
:104A30000C98FF2E07D000280ED037202199704304
:104A40004018807806E0002806D0786801023868AF
:104A5000FFF72EFD0028B5D00F9800282AD00D981A
:104A60003968884203D110987968884222D0119819
:104A7000002807D118480168232040010818007A4F
:104A8000002800D00120FF2E02D02099002907D055
:104A900000221F99002905D00021052D17D103E020
:104AA0000122F6E70121F8E7002810D0002A0ED0F5
:104AB00000290CD0002C0AD1129800280AD00299A3
:104AC0000998884203D103990A98884202D00120AC
:104AD00023B0F0BD0020FBE704250020F8B5FCF76B
:104AE0006DFB434C074621680A468031886FCB6FC7
:104AF000381A1818C8674B6F000B984236D300203D
:104B0000E032C8675074107C00282BD00025232683
:104B100076010BE03721694308180146FF31FF3069
:104B20004031303000F018F96D1CEDB22068811969
:104B3000097AA942EED800250BE03721694308180D
:104B40000146FF31FF3047311F3000F005F96D1C81
:104B5000EDB220688119097AA942EED821680120B6
:104B60008919887121680120E03148742068F82192
:104B70000F5072B601464031CA7910231A43CA71E8
:104B800062B60146E0310A7C002A24D0897CFF25E8
:104B9000002906D1FF30013000F02CF82068E03009
:104BA000857411262168B6018819407EFF2813D02C
:104BB000372250434018FF30FF3100223030093196
:104BC00000F0B0F8002808D0216800208919C875C5
:104BD0002068801945760020F8BD206801218219DF
:104BE000FF30D175013081680161C1684161EFE733
:104BF00004250020F3B505468DB0FF20454C0390F9
:104C00004549206847189D21C9004018049029464D
:104C10000220FFF743FBFF284AD100200590232004
:104C2000216840010918097A002931D9F87937211A
:104C3000484321682A79461838490E9B0A706A79D8
:104C400030464A70FF30AA791F308A7006AA061FC4
:104C500001F04EFC0322691C06A8EEF733FE002883
:104C600029D0307D012806D1072239462846EEF7A3
:104C700029FE00281FD005980837401CC0B20590B7
:104C80002320216840010818017A05988142CDD877
:104C900021680020E031487429460220FFF72EF9F0
:104CA00022680121E0325174FF2801D0FE200390D8
:104CB00003980FB0F0BD0598039021680020E03103
:104CC000487471780120FFF727FA154920684118C8
:104CD00009780F290CD19D23DB007822FF21C01811
:104CE000EEF7ECFD27222168002052018918087197
:104CF00029460120FFF702F97070C2000498F97983
:104D00001018C17121680120E03148740398FF2810
:104D1000BED0CDE7042500206C040000D0020020A6
:104D2000E404000010B50C460B790A4984B00B70FE
:104D300063794B70A3798B7013466A4601F0D8FBF8
:104D40000322611C6846EEF7BDFD002800D001205B
:104D500004B010BDD0020020F3B589B00D46FBF7BA
:104D60008AFF8002800A01218905084300226B46E0
:104D70001024114601E0032A04D2D7000646FE4063
:104D80001E7000E01970521C5B1C641E2406240E69
:104D9000F1D1002304AA6946099801F0A9FB032276
:104DA0006946281DEEF786FD032204A9681CEEF76C
:104DB00081FD012028700BB0F0BD0000FFB55C49FB
:104DC000964609685B4A8DB08D18392252018A18BF
:104DD000944652791127169B04920C46BF0100207D
:104DE000179E9206A034CF190833002A0FDA6246C4
:104DF000D27952070BD50D9A012A08D97246012A99
:104E000005D10E9A002A02D0FA7D002A0BD0F0229A
:104E1000525C012A23D13F7DFF2F20D02079C0078B
:104E200032D0002431E03A7D0120FF2A19D06F46AC
:104E300049C7372042435018FF300130807EC00000
:104E400041183D480B182079C00701D0002000E030
:104E50001020A12108437146109A10E0012011B0E2
:104E6000F0BD694649C12079C00701D0002000E0AB
:104E70001020A121169B0843012271469B1C00F0C3
:104E800061F9002850D1E9E71024A12004437046BD
:104E9000079010980990372047437818FF30013069
:104EA000807E0593C000421823480B961018089086
:104EB00018980290032213301043401C8308E00628
:104EC00003D50722BF20044007E004988006C5D51B
:104ED000604680798007C1D505222007800E4018E2
:104EE0000121C9024018C06C214609F001FA0600F0
:104EF0001AD007983071099870713546371D1835EA
:104F00000622B01D0899EEF7D5FC02983872FD60B4
:104F10002846029A0599EEF7CDFC0B983874314675
:104F2000204609F0D1F999E7296A0020087095E731
:104F3000042500203C0900006D040000FFB595B079
:104F400000257C480295039500880E467949400764
:104F5000C00D0C314018C18901204007091849884B
:104F6000FF230C18744837210268112080011018A3
:104F7000407D1B33414389185B5C0793E3799B09B0
:104F8000012B04D123785B0601D5012700E000271F
:104F900023235B01D2185279012A17D9FF2815D093
:104FA0001598002804D0607B8009012805D00DE009
:104FB0000622FF3102A8413106E02078000605D51F
:104FC00021460622083102A8EEF774FC002F35D0E6
:104FD00017983C2800D105AE574F11203968800141
:104FE0000818407DFF2824D00622A11C6846EEF751
:104FF00061FC07985149C5003868062228184118F5
:105000003046EEF757FC386823212A184901511819
:10501000097B3722891CB171112189014118497D11
:1050200051430818FF300622A11C4830EEF742FC1D
:1050300006E00622A11C3046EEF73CFC00950195E7
:105040003D48A4210068095CC90701D0002700E0A1
:10505000102717990C9118990B911599099171685E
:1050600008230902090E0A9102A9079169460691CF
:105070001E9913911F991291209980370903090CE9
:1050800011912199C9B20F91F90603D50B22BF21C5
:105090000F4009E03921490141184A79920635D576
:1050A000C979890732D509223907890E08180121E3
:1050B000C9024018C06C394609F01AF9040025D01D
:1050C0000C9921710B99E180099921720A99251D8A
:1050D000617206223146A81DEEF7ECFB2846062237
:1050E0000C300799EEF7E6FB2846062212300699A7
:1050F000EEF7E0FB13992983129969831199A9832B
:105100000F99A9772146384609F0DEF8179800284C
:105110000ED170680A4CC003C10F2068062281635B
:1051200031463930EEF7C6FB20683830EEF78EFD99
:1051300019B0F0BDC0000020042500206D0400005F
:10514000C4240020FFB504230546C1061F4881B0D2
:105150000C9E006803D50C22BF210D400CE03921C4
:10516000490141184A79920602D5C979490702D402
:10517000002005B0F0BD0A222907890E0818012178
:10518000C9024018C06C294609F0B2F8040019D0D1
:105190000298207103986071271D0622A01D0499B2
:1051A000EEF788FB0A9838723846062209300B99C8
:1051B000EEF780FBFE732146284609F085F80020B3
:1051C00005B0F0BD072005B0F0BD000004250020AB
:1051D00010B502F009FA082803D302F083F9082871
:1051E00001D2012010BD002010BD000070B5134990
:1051F00009220968120200208B18AC22525C19E0C7
:1052000060249D6E44432C195C252D5DED060FD561
:105210000B480818C030428A018A608900F0C2F940
:105220003A2804D04034207FEF210840207770BD19
:10523000401CC0B28242E3D870BD000004250020AB
:1052400058080000F8B5104E30682030C57D002D9C
:1052500019D0002409273F0210E0E9070BD0C0193C
:10526000816E6020604308184030417F204600F086
:1052700085F8002807D06D08641CE4B23068AC21C2
:10528000095CA142E9D8F8BD0425002070B5403082
:10529000018942880025914200D31146C38A028ABF
:1052A000934200D21A46C48883889C4200D2234687
:1052B000868A448AA64200D2344646898E4200D06D
:1052C0000125C189994200D00125018B914200D06E
:1052D0000125408BA04200D00125284670BD70B545
:1052E0000C46054602224831C01CFBF7E3FC214670
:1052F00002225631681DFBF7DDFC214602224631B1
:10530000E81DFBF7D7FC214628460222543109301C
:10531000FBF7D0FC403420891B211B2800D22181BF
:10532000E28AFF204930824200D2E082E2881B2AD2
:1053300000D2E180A18A814200D2A08270BD00002B
:1053400070B50D460B490024884204D8032102F0B1
:10535000EDF8082801D302240AE007490122096870
:105360002031C97D8240114202D1294600F006F861
:10537000204670BDFF0E000004250020F8B506464B
:1053800024480F460068244944180921090240189E
:10539000816E602070430D18304602F049F90028F4
:1053A00016D02046CF30CC3472B602780121B140FD
:1053B000082A02D36A7992070ED06879800726D42A
:1053C000144800682030C27D0A43C2753A201FE0AD
:1053D0002046CE30CA34E7E77A06104B5208D2187E
:1053E0006B6B1A603A0601D4132200E012226B792B
:1053F00013436B710670288B2080403505486F770A
:1054000000682030C27D8A43C275002000E00C2075
:1054100062B6F8BD0425002058080000030202000F
:10542000F7B50F4682B0032102F080F8064602F07D
:10543000FFF80090082E02D3022005B0F0BD2948E5
:10544000294900684518092109024018816E602029
:1054500070430C1872B6A0784007400F052804D09E
:10546000022802D00C2062B6E7E76079800701D0FD
:105470003A20F8E720464030478004990182017FB6
:10548000202211430177616B18480860676B204642
:1054900002224430F91CFBF70DFC20460222791D44
:1054A0005230FBF707FC20460222F91D4230FBF781
:1054B00001FC39462046022209315030FBF7FAFB45
:1054C00060790121084360717D2000994002002924
:1054D00004D0C035A881EE730020C4E7C0356881D0
:1054E000AE73F9E7042500205808000003091400F2
:1054F00070B5032102F01AF8082801D3022070BD0C
:1055000026490922096812028918896E60225043CF
:105510000D1868796E6B800701D03A2070BD2C465B
:105520004034E188A08800F09DF8E081A18A608A7B
:1055300000F098F860832189608800F093F860811A
:10554000E18A208A00F08EF82083C0080E3881B2EC
:10555000608900F087F8A081114830606C6B2846A4
:1055600002224430E11CFBF7A5FB28460222611D04
:105570005230FBF79FFB28460222E11D4230FBF729
:1055800099FB21462846022209315030FBF792FB55
:105590006879012108436871002070BD042500204E
:1055A00003091500F7B52C4F0E462C49386882B018
:1055B000441815460321029801F0B8FF0090092015
:1055C000396800020818816E0098602250430F1855
:1055D000009802F02DF8002807D0CF20005D009938
:1055E000082905D3022005B0F0BDCE20005DF6E706
:1055F0004037397F4A0701D51A20F4E732461B3A73
:10560000E12A05D22A46FF3A154B493A9A4201D37C
:105610001220E8E78A0601D4C90701D00C20E2E78E
:10562000082801D23A20DEE7C034A08AB04200D276
:105630000646E08AA84200D205467889B04204D1E5
:10564000388BA84201D10020CDE72A463146029886
:10565000FFF7E6FEC7E70000042500205808000019
:1056600049410000884200D308467047F8B51C46FF
:1056700015460E460746EEF709FB002805D004F054
:1056800007F9002803D00C20F8BD1120F8BD1249FD
:10569000124A0968002089183A461B3AE12A00D3C9
:1056A00030203346FF3B0E4A493B934200D3302023
:1056B0002B461B3BE12B00D330202346FF3B493BCD
:1056C000934200D3302072B6C0318F82CE820D83D8
:1056D0004C8362B6F8BD0000042500205808000085
:1056E0000107000018B51C490922096812028A182E
:1056F0006023926E5843121864206B461870092379
:10570000DB066C462078401E2070D868C00302D5A6
:1057100020780028F5D12078086D496D030C180A0F
:105720000002C9B20843D9B2002801D00B2901D91F
:105730007F200EE0062359437F3901E04008891D90
:105740001E28FBD8FF23A2335843044BC018800AFD
:105750004018907318BD000004250020A0460000EA
:10576000F3B5054693488DB0016893480F189248E9
:10577000E4300C18FD20C000081804900920000235
:105780000818806E069001F02FFF0646E0210E9863
:10579000C8553046082E0AD2002D7DD172B601F0D0
:1057A000CDFD62B6304600F065FE0026FFE0002D1C
:1057B00072D038468030C1680291866842200A90D3
:1057C00009907E48089000200C9001F0F3FE0546F9
:1057D00005AB3246029902F007F80121064649045A
:1057E00005E0800805900C98401CC0B20C9005980C
:1057F0008842F6D80C980599800440180B210905B9
:105800004018059078684021800A08406949C01C0A
:105810000A681321C90151188968087065480C216C
:1058200002681320C001101880684170614839680F
:1058300002681320C00110188068801C00F0E4F991
:105840005C4801681320C00108188168B888887115
:10585000000AC871574801681320C0010818416840
:105860009031A16141686031396341683031E16153
:1058700040682062E16900200870216A0870A06910
:105880006168E2685080E0680180388EE168626893
:1058900050806068018000E088E04648016813207D
:1058A000C0010818008921682268508020680180A2
:1058B0000021099B2768C81D02463B540A98E368EB
:1058C000985463689854059AE368081D1A54089A16
:1058D00063681A54059A23681A540A98491C000AE6
:1058E0000A900998C9B2000A09900598000A059023
:1058F0000898000A08900329DBD32E480168492044
:1059000040010B18987E002815D0E1686801C01C82
:10591000887221686801887261688872E168032072
:10592000C87221680122CA726168C872082D39D212
:10593000002E04D03BE0E16868011330E8E720491D
:10594000A8014018002181729B7E002B28D0DF0720
:1059500001D0252302E09B0722D52623C3722368AA
:105960000382E3684382174BC361174B8361202393
:105970001A54C1756020069B6843C018417172B605
:10598000049BAA401B7D03241A438470241F448176
:10599000C1730498027562B6184601F0C7FF06E0AD
:1059A0002723DBE7002E02D1412600E00C263046FB
:1059B0000FB0F0BD04250020580800002C01B000F5
:1059C000CC00002055555500D6BE898EF8B51D4631
:1059D0000F4602230446C10612481646006803D546
:1059E0000322BF210C4008E0072109024118897FEA
:1059F000090601D40020F8BD01222107890E0818EC
:105A00000121C9024018C06C214608F071FC010058
:105A100006D00F71CE800D72204608F055FCE9E7E4
:105A20000720F8BD0425002070B50E46012304466A
:105A3000C10612481546006803D50422BF210C4058
:105A400008E0392149014118C978090601D400202C
:105A500070BD02222107890E08180121C9024018D1
:105A6000C06C214608F044FC010005D00E71CD80C9
:105A7000204608F029FCEAE7072070BD0425002035
:105A8000FFB581B006460A98032113300843401C35
:105A900083081F48F106006803D50722BF210E4086
:105AA0000CE03921490141184A79920602D58979D9
:105AB000890702D4002005B0F0BD05223107890E08
:105AC00008180121C9024018C06C314608F010FCCA
:105AD00005001AD002982871039868712C462F1D72
:105AE00018340622A81D0499EDF7E4FE0A983872CE
:105AF000FC6020460A9A0B99EDF7DCFE0C9838748E
:105B00002946304608F0E0FBD4E70720D3E7000041
:105B100004250020FFB51F4605230646C1061E4882
:105B200081B0006803D50522BF210E4009E039216C
:105B3000490141184A79920629D58979C90726D0A1
:105B400003223107890E08180121C9024018C06CD0
:105B5000314608F0CDFB04001CD002982071039858
:105B6000E08027720A9860722046251D06220A30BE
:105B70000B99EDF79FFE0C98A8810D98E8810E987F
:105B800028820F98A8742146304608F09DFB00201B
:105B900005B0F0BD0720FBE704250020F8B51D4641
:105BA0000F4603230446C10616481646006803D56F
:105BB0001022BF210C400BE03921490141184A79DC
:105BC000920602D58979490701D40020F8BD0D223B
:105BD0002107890E08180121C9024018C06C21460E
:105BE00008F086FB01000AD00F71CE800D81069A65
:105BF0004A81079A8A81204608F066FBE5E707207C
:105C0000F8BD00000425002001700A0A42700A0C49
:105C10008270090EC1707047FFB506468DB050897D
:105C20000690F9480921006809020A904018806E20
:105C300014460C9052792046403051061D460B9078
:105C4000002901DBE8076FD0002008900B9800883E
:105C50000190A089A1698446A0784007400F0528DB
:105C60002FD003282DD001200990BF20024062715F
:105C70000E9FEA07384640301037002A09D03C21F1
:105C8000089100210E9F0691019181838C468180AD
:105C9000083739220A9B52019B185A79920612D56D
:105CA000DA7992070FD58088019B624601920390B2
:105CB000009302913946069B089A0998EDF770FF08
:105CC00032E00020D0E700790903090C6246019B0D
:105CD0000293039204910590786801970002000EE8
:105CE00000900A98A0300079C00701D0002000E0A1
:105CF00010208030099B069A0899FFF70BFFE807F0
:105D00000899C00F08430FD178680622C003C10F5D
:105D1000BE480068816339463930EDF7CBFDBB489A
:105D200000683830EDF792FF0E9F28070122C03738
:105D3000002872DA20698446E80301D5162017E0AE
:105D4000A80301D5132013E0280301D528200FE074
:105D5000E80201D53D200BE0680201D5222007E0D2
:105D6000680334D56079000601D4082000E03E20A5
:105D70000290B87B602148430C994018A04201D1A1
:105D80000820B873F87B602148430C994018A04262
:105D900001D10820F8739E48008843079A485B0F9A
:105DA0000068014640314F7B9A4097434F7305226C
:105DB00061469202114220D029041ED5218A49044D
:105DC0000ED5A0300079C00703D0002002E01F20CC
:105DD000CEE710208030069A0299FFF725FE0CE0EE
:105DE000A0300079C00701D0002000E0102000237F
:105DF0008030069A0299FFF7E9FD206A002801D059
:105E000008F0F8FF0020206260627F48A42100684B
:105E1000095CC90702D0002501E039E0102502998C
:105E2000069F022380350791E90603D50222BF2190
:105E30000D4006E0072109024118897FC90614D5E3
:105E400000222907890E09180120C0020818C06C19
:105E5000294608F04DFA010007D000220A71CF80D0
:105E6000079A0A72284608F02FFA20463830EDF7D4
:105E7000F1FE00272761E0693D46002807D08288AF
:105E800006998A4203D1012101F068FFE76187E1A9
:105E9000680621D5A0784007400F052801D1A169E7
:105EA0006161002105280CD0208BA2890004000D1F
:105EB000019000920B98069A03888020FFF76EFEEF
:105EC0006EE1606B4389028901930092C388802050
:105ED000069AFFF763FE6AE0680723D580200490E6
:105EE00049480721006809024118C97F0223069F1B
:105EF0000907CCD5990240180C22C06C049908F00F
:105F0000F7F90100C3D08F80F2788A713379727902
:105F100012021A430A81B379F27912021A434A81B2
:105F200004983BE12805800F06D00E98694631C1E0
:105F30006846EDF767FE33E1364805423DD0E80498
:105F400001D5002000E01A20079006980290F01C6E
:105F50008021089005912C48392100684901411899
:105F60004A79032392061AD58979090717D50121A1
:105F7000C90240180E22C06C059908F0B9F90190C9
:105F800000280CD0079901710299C18008220830BD
:105F90000899EDF78FFC0199059808F095F9A0781C
:105FA0004007400F052802D0022803D0F8E008205F
:105FB000B873F5E00820F873F2E068042CD5208A65
:105FC0004004114800680CD5A0300079C00701D00A
:105FD000002000E0102000218030069AFFF724FD09
:105FE0000CE0A0300079C00701D0002000E01020B4
:105FF000012300218030069AFFF7E8FCA0784007D3
:10600000400F0528D3D0CBE004250020C424002075
:10601000C00000200010000428021ED5208A0005C0
:106020001AD59348F1780068A0300079C00701D0F4
:10603000002000E0102000238030069AFFF7C6FC05
:10604000A0784007400F052801D10820B8734321EC
:106050002069890288432061A2E00E992A068031D6
:1060600084480191002A26DA02A9334607910D33AC
:106070007F4900930968169F09180822F01C2637EB
:10608000FAF718FEF17A307B0822000208430199E2
:10609000C88307990098FAF70DFE009B0422184662
:1060A00039460830FAF706FE01980299C163019853
:1060B0000399016474E029013CD56D49A422096863
:1060C000525CD20701D0002700E010270818039087
:1060D00001980323C08B80370590F80603D506226C
:1060E000BF20074009E03920400108184279920694
:1060F00056D58079C00653D504223807800E411842
:106100000120C0020818C06C394608F0F1F801906F
:10611000002845D0001D02900699018002980822AF
:10612000801C0399EDF7C6FB02980599418138461A
:10613000019933E0A80200D539E7A80130D58020C5
:1061400001900B98069F408902900B983921008B93
:1061500007900B984901C08906900B980323408B48
:1061600004904348006841184A79920618D5897905
:10617000490615D50121C90240180622C06C0199B3
:1061800008F0B6F801000BD08F80029ACA80079AF7
:106190000A81069A4A81049A8A81019808F094F843
:1061A000A8060AD5206A0168216200210160226ADE
:1061B000002A00D1616208F01DFEE8061AD5EDF74D
:1061C00065FD012852D01F277078B11C0740E06997
:1061D0003A46806800F0EFFBE069C780E06900277D
:1061E00007603078E1698007800F0873E06908F084
:1061F000B1FDE761E80137D51698C1890120400754
:1062000009184988081801784906CD0F06A902F037
:10621000A9FBA1200090A67B0698089007980990FA
:1062200013483921006849014118497E0223C907F2
:106230001AD09902001D40180F22C06C009908F076
:1062400057F8040010D02671271D6571042208A993
:10625000A01DEDF72FFB042209A9B81DEDF72AFBBD
:106260002146009808F030F811B0F0BDFF27ABE7E9
:10627000042500209C090000F0B58FB00768416834
:106280000A917949794A0968008989180B91012195
:10629000099100210891400514D50B988469C669BD
:1062A0002078617B05072D0F8909012903D1C009D9
:1062B00001D0012000E000200890022D0CD9062D0D
:1062C00008D109E00B983C6B066A207805072D0F72
:1062D000042D01D000200990E0798009012804D123
:1062E0002078400601D5012100E0002160480170BE
:1062F000E020C05D00283DD0012086460020844675
:106300003078132100901DE000200D9042182318D2
:10631000B25C9B789A4201D001220D92401CC0B21F
:106320000628F3D37046002804D00D98002801D029
:10633000012000E000208646891F6046401CC0B254
:10634000C9B2844600988445DED3704600287AD0CE
:106350000098401CC0B2042800D9042030701222DA
:10636000711CF01DFAF7A6FC314606221331A01C61
:10637000FAF7A0FC062D02D0022D02D002E0022581
:1063800000E0032520784006C00F0490012D0AD0BC
:106390006078801FC606F60E3348F0210068095C5D
:1063A000012914D02FE000266946204602F0D0FAD9
:1063B0002D480068E030007C0028EDD10098396855
:1063C00088424FD10198796888424BD11BE0112156
:1063D000890141180A7DFF2A15D025490B78012B28
:1063E00001D102234B7037235A431218FF32013276
:1063F000927E4978D2001018232252018018007B27
:106400004018C0B20490099800282BD00A98203771
:10641000807B02960094019038792A46049B089963
:10642000EDF7D0FB00281DD10A982146807B029011
:1064300008310D48009601910068A0300079C0072E
:1064400002D0002001E00DE01020A1210843A31C90
:106450002946049AFFF714FB002803D00B9800216B
:10646000006A01700FB0F0BD042500203C09000057
:1064700000250020F8B51B4E318804460907082086
:10648000090F0443A1422CD1174D002128688163D4
:106490001121C90140180921C906806A0969471AF2
:1064A000642003F09FFB717AC90040182968896A4B
:1064B0004018381A00020121000AC905884202D298
:1064C000002008F0A9FD0949286832881207120F38
:1064D000A24206D1826B8A4203D2826B521C826333
:1064E000F3E7F8BDC0000020042500200071020081
:1064F00030B50D461C49144609681C4A91B08918EC
:106500000922D206096D1269891A194A09021288EC
:10651000090A12070AD5002B08D1164AFF39914201
:1065200004D32246294609F0B5F81AE001461022A4
:1065300004A8EDF7BFF91022294608A8EDF7BAF92B
:1065400004A8009008A801900CA8029000206946B9
:1065500008736846FBF792FD10220CA92046EDF760
:10656000A9F9002011B030BD042500205808000012
:10657000C000002002FF7F00F8B514460A46054619
:106580000121104600F0D2FF0146082801D3022065
:10659000F8BD1C480922006812028018826E602033
:1065A00048431018184A89018B18426B002D07D0F8
:1065B000164972B643799B070DD062B63A20F8BDF2
:1065C00000215F18665C2037BE73491CC9B21029D0
:1065D000F7D30F49EDE71160417901221143417171
:1065E000002D09D00748492200680821520180186F
:1065F000C17162B60020F8BD012201695204114345
:106600000161F6E704250020CC00002003020D06FE
:1066100003010500F3B581B0984A012101A800F0FB
:1066200036F9974C04222060432101A800F02FF98D
:1066300001272168FF02C91908640422432101A827
:1066400000F025F921680422C9194864FF2184312A
:1066500001A800F01CF921688A4DC9198864A97F36
:106660000C2201A80B3100F012F913212268C90194
:106670005118C860A97F202201A800F008F9092656
:10668000216836028919C867A97F102201A800F085
:10669000FEF813212268C90151180860282205213B
:1066A00001A800F0F4F813212268C901511888608C
:1066B0003022052101A800F0EAF813212268C9015F
:1066C00051184860FA10012101A800F0E0F81321E8
:1066D0002268C90151184861A97F602201A800F011
:1066E000D6F82168202289198866A97F01A800F0C0
:1066F000CEF821688919C866AA8B012101A800F08B
:10670000C6F80F212268C90151188863298B2822F5
:1067100001A800F0BCF80F212268C90151180863D4
:10672000698B302201A800F0B2F80F212268C9015C
:10673000511848630C22012101A800F0A8F8216833
:106740000C2289194866012101A800F0A0F82168EF
:1067500028228919496E88602846203000904178A7
:1067600001A800F094F8216804228919496E89680B
:1067700088600098417801A8491C00F088F82168D9
:1067800010228919496E89684860A97F01A800F024
:106790007EF821680222C9194863A97F01A800F088
:1067A00076F821680222C919C860A97F01A800F003
:1067B0006EF821680222C9190861A97F01A800F0BA
:1067C00066F821680222C9194861A97F01A800F072
:1067D0005EF821680122C9198861A97F01A8491CB6
:1067E00000F055F821681022C91908630B2101A88F
:1067F00000F04DF80722216812028918086504226A
:10680000802101A800F043F8216889190867029ADD
:10681000DC204243012101A8443200F038F821680D
:1068200089194867029AD8204243012101A82C32D5
:1068300000F02DF82168F02289198867012101A84C
:1068400000F025F8104C7C222060A97F01A800F000
:106850001EF821680822C867032101A800F017F874
:106860002168282280310860012101A800F00FF87A
:106870002168803148600198FEBD0000B809000021
:1068800004250020E00200200C250020704710B5F0
:10689000034600680324401E20435143401C411816
:1068A000196010BDF0B52B4813240268E4011019DB
:1068B000C0681121C901034651180C33CB67092365
:1068C000054688671B021835D1180D600C354D60E0
:1068D0000C358D600C35CD600C350D610C35CD63FC
:1068E0000C350D640C354D64783088640020141923
:1068F000D21811E0D16F45014D19602141430F4677
:10690000966E3437F5510C254543E6688435751984
:106910002831966E401C75500F498D7F8542E9D80D
:106920000C4A002014681322D201A518E31807E0CE
:106930002C680601A61944010834DF6E401C3E5144
:106940008C7F8442F4D80348C9680068801881614C
:10695000F0BD000004250020E00200200268002AAB
:1069600003D010461268002AFBD10160704770B551
:106970000C461F21521E0A430546521C00201104DA
:106980004E0D17D0214608316A1A2846002A01DD2B
:10699000082A03DB2022F4F749F904E0082208C999
:1069A000521E08C0FBD120352046761E24683604CE
:1069B000360CE7D170BDF8B504460D46501E1F21B8
:1069C0000843401C00041646470D1ED020460830E0
:1069D0002946421A002A01DD082A03DB2022F4F7A7
:1069E00025F904E0082208C9521E08C0FBD1203551
:1069F000202E01D2304600E02020A080301A7F1ED9
:106A000024683F0486B23F0CE0D1F8BD70B50C4657
:106A100005460AE021462846A28808310830ECF7EE
:106A200049FFA088A8802D682468002D01D0002C83
:106A3000F0D1254301D0472070BD002070BDFFB5C7
:106A400081B01D466946002A09D000280CD08488F0
:106A5000944204D8121B12040068120CF5D10A806B
:106A6000040001D000261FE0184605B0F0BD6846BE
:106A7000A1880088814213D9091A8FB2AF4200D38E
:106A80002F460299201889193A460830ECF71AFF68
:106A90000028EAD1F01986B200206946088002E099
:106AA000401A694608802468B54201D9002CDED11D
:106AB000A81B05B0F0BD002959D0F3B58FB00C4626
:106AC000A088202813D0002C14D0029402980068CB
:106AD000029000282ED0868801463246083106A84A
:106AE000ECF7E8FE0027A088202805D007E02468FE
:106AF000002CE5D111B0F0BD24680020A080002E4C
:106B0000E4D080B22021091A8DB2AE4200D23546BF
:106B10002246083206A98018C9192A46ECF7CAFE8F
:106B2000701B86B2781987B2A0884019A080002E09
:106B3000D9D1CBE720680028DCD0002121600F9953
:106B400072B60A78002A03D04B6892009A581060F7
:106B5000002383800A78521CD2B20A704C689200DB
:106B6000A05000680028F4D162B611B0F0BD7047A3
:106B7000491EC904090E72B602788A420CD9511A0C
:106B8000C9B24A1ED3B203704268880010589900F7
:106B900052580021116000E0002062B670470021C9
:106BA000002804D0491C0068C9B20028FAD1084660
:106BB00070470021002804D0491C0068C9B2002891
:106BC000FAD14801704770B4417800292DD0866809
:106BD000002E2AD00025057041682A460D604178B4
:106BE00000291FD928215143891900230B6000294E
:106BF00013D072B60378002B03D044689B00E3588F
:106C000019608D8003785B1CDBB2037044689B00C5
:106C1000E15009680029F4D162B6521C4178D2B221
:106C20009142DFD870BC0020704770BC472070478D
:106C3000F8B51D460E466B46002A09D0002824D020
:106C40008488944204D8121B12040068120CF5D1F7
:106C50001A80040019D014E06846A1880088091A37
:106C60008FB2AF4200D32F4621183A463046083142
:106C7000ECF720FEF619E81B85B22468002069466F
:106C80000880002D03D0002CE6D14120F8BD002063
:106C9000F8BD002917D072B60278002A03D04368E5
:106CA00092009A58116010B400238B800278521C15
:106CB000D2B2027044689200A15009680029F4D150
:106CC00062B610BC7047704730B400240B1E22D04F
:106CD0002034A4B294421AD30A68002A35D072B67E
:106CE0000378002B03D044689B00E3581A6000240B
:106CF000948003785B1CDBB2037045689B00EA500C
:106D00001268002AF4D162B6002008601DE00B462C
:106D100009680029DCD1111B491EC9040A0E72B68C
:106D2000017891420CD9891AC9B24A1ED2B20270B6
:106D3000406889009200415882580020106000E0AD
:106D4000002162B61960002902D030BC00207047D3
:106D500030BC47207047FFB504465009000681B09B
:106D60001F46000E06D0002C23D0401E24680006CB
:106D7000000EF8D1D606F60E17E02020851BBD4286
:106D800000D33D46A0192A4608300299ECF792FD3F
:106D90000298711940190290781B87B2A088884226
:106DA00001D2A819A08024680026002F04D0002C4E
:106DB000E3D1412005B0F0BD002005B0F0BD0000DA
:106DC000FFB58FB01A9E0F9800F0D8FC9249FD20B5
:106DD0000A68C00015181046363084460F980828F7
:106DE00022D0044601200346A3403A24645D2707CD
:106DF0003F0F0446BC402343644624782407240FF5
:106E0000A0400343287D984311D068680190012079
:106E100000240C90A86CA0320690127B2746805C60
:106E2000A44696460D9430E0822013B0F0BD119830
:106E3000189B0268129800681018002240081A80F7
:106E4000400A119B40021860129B18601B9B1A801D
:106E5000724A80183268824201D8104600E03060E1
:106E6000800930600868A030017B0F9800F006FCB4
:106E7000CDE06A6A4100AB6A525A595A51188901E9
:106E8000614500D98C460699085C8645F1D1634876
:106E9000129940420968019A60440291914202D8D5
:106EA0001099C90701D0144632E01199096806917A
:106EB000814200D908460A9010460299E9F78CF9F8
:106EC000089006990198E9F787F9401C09900898FD
:106ED000002800D101200999069088420D9815D804
:106EE000002815D106990198E9F776F9C1050AD16C
:106EF0000A99884207D30299814204D304460121AA
:106F000006980D910C900698401CE4E7002803D0E9
:106F100011992046096804E0842086E700197F1C47
:106F2000BFB28142FAD80299814204D210998907EE
:106F300001D4852079E7119903AA086012980460AA
:106F400031683F20491E0143491C2046316000F052
:106F5000A3FB00280AD00EE030687F0840083060AC
:106F60001999490819910599814204D2109840074E
:106F700001D5002FF0D105983168884208D93F200B
:106F8000491E0143491C03AA2046316000F084FBDE
:106F90000599199881423CD3084603210902884289
:106FA00037D30C980890401E09906846017B0F98D3
:106FB00000F064FB72B61849AA6C0868A030007B28
:106FC000105C12E0EB6A41009C465A5A089B5A43F7
:106FD00063465A522B6B9C465A5A089B5A43099B4C
:106FE000D21863465A52A96C085C0B490968A03153
:106FF000097B8142E6D16C6062B604988002010C84
:107000001B9801800598800930601898078000203F
:107010000BE7862009E70000042500209AFDFFFF0A
:10702000F1B5B04AFD211068C90090B04118049133
:10703000AD4904464518C034014636310D91002152
:107040000291AA49497AC9000C91816A0B9104996D
:1070500020310E91897E079108297DD209210902EC
:107060004018816E17460798602250430818089010
:10707000079881019D480C3008180A90C07A2E4666
:1070800040360990B08B02F001FE39684031098E1C
:10709000401880B20390E96C039802F095FDE96C0A
:1070A00009020F1AB07F02F01FFE381802F09AFD95
:1070B000A96C41180C98081A0002000A0190109956
:1070C000411A0B98081A00020121000AC9058842DA
:1070D0007ED2049801994163099802F067FD0A99EC
:1070E000C8720D980078C143090706D04107079878
:1070F000490F4007400F81422BD10E980821807E16
:1071000008430D990870A86C2060E86C60600198D5
:10711000A0600298E060A86D2061686D6061B08B2E
:107120002083B07FA076284660300178E176B18C6C
:10713000A183318DE183B18D2184318E6184B18E43
:10714000A184318FE184C17E2820015584204059DB
:10715000E0620D98007800E07CE00799420749075B
:10716000520F490F8A4261D0F72108400D995D4FB7
:1071700008704007400F079009203968000208187E
:10718000816E079860225043081804900798810187
:1071900056480C3008180A90C07A0990208B02F0EB
:1071A00075FD39684031098E401880B203906168DE
:1071B000039802F009FD616809020F1AA07E02F02F
:1071C00093FD381802F00EFD216841180C9800E07C
:1071D00042E0081A070210983F0A391A0B98081A59
:1071E00000020121000AC905884258D2A760099807
:1071F00002F0DCFC0A99C87201980899C01B0002D1
:107200004979000A9022114210D10121C905884212
:107210000AD30498C17B0898C07B401C814203D8E4
:1072200004984079C00601D502F07AFFE96C039812
:1072300002F0CFFC0446B07F02F05EFDA96D20187D
:1072400040180721090508438035A96B0322091D51
:10725000F9F782FD11B0F0BD089840300088410078
:107260000A98203002780998101880B2099008987E
:10727000089A0089401C108108984069421A0898B1
:1072800042610898C07BFF2802D2089A401CD07344
:10729000E86C4018E86407980AF00AF8FBE60498DE
:1072A0004030008841000A98203002780998101870
:1072B00080B209900498049A0089401C10810498B7
:1072C0004069421A049842610498C07BFF2802D2A8
:1072D000049A401CD073606840186060079809F0F9
:1072E000E7FF64E70425002058080000C0000020E4
:1072F00010B51149FD220968D20089184C688B68C5
:1073000042009C4204D1086B4C8A805AA04201D0B2
:10731000012000E000204B608B688B614C6A8B89F8
:10732000A3528C6ACB89A3520C6B4B8AA3520B8A53
:10733000C96A8B5210BD000004250020F1B56749D1
:10734000674A086882B082180092FD22D20086182F
:10735000AC22155C04460346029AC034363395428B
:107360007ED909210902401817466021806E4F43DB
:107370000025B91C4554029800F05AF900280CD198
:107380005648BF1D0168092000020818806EC05DC4
:10739000002802D00098C030057272B64F48029D96
:1073A0000768012039462031CA7DA8408243CA754A
:1073B000317D81433175197808077AD44A070298DC
:1073C000520F82427CD030462030827E5507029A8E
:1073D0006D0F954276D181760F201870404AA068D3
:1073E0007063BD18A86D2169A9652061686D616928
:1073F000696560612146284618315C3000F0FEFA6C
:107400003748A37E5E3039180A780B70A276A86CD4
:107410002168A9642060E86C6168E96460603048B4
:10742000E37E603039180A780B7021462846E276F0
:107430001C31643000F0E2FA214628461E316830E3
:1074400000F0DCFA2146284620316C3000F0D6FAF4
:10745000214628462231703000F0D0FA214600E063
:107460003AE028462431743000F0C8FA2146284614
:107470002631783000F0C2FA194880357B3039184F
:10748000204628300A7803780B7002701448E26AAC
:107490008430381801680260E1620721E06809055C
:1074A0000843A96B0322091DF9F756FC0AE000E026
:1074B00006E03A20805D41070298490F814201D1E0
:1074C0000F2018702036B07E41070298490F814284
:1074D00001D10F20B07662B6FEBD00000425002069
:1074E0005808000070B5104809240268FD20C0004B
:1074F0001018037D2402082000211419A032157BE6
:107500000EE0DA0709D060224A43A66E921CB25CF4
:107510005207520F012A00D108465B08491CC9B224
:107520008D42EED870BD000004250020F8B5074656
:107530001F4809260568FD20C0002C182846363053
:1075400036023F0584463F0DAE19237D08200022F8
:10755000A0350097B6462D7B0EE0DE0709D07646B3
:10756000B66E60275743F6197689009FB74200D15F
:1075700010465B08521CD2B29542EED82034A27E4F
:107580001207120F824202D1CB0700D1082082429B
:1075900007D062461278130707D45207520F82426F
:1075A00003D1C90700D10820F8BD8907FBD5F8BD74
:1075B0000425002010B50B4800210368FD20C00001
:1075C0001818027D0820A0331B7B05E0D40700D1EA
:1075D00008465208491CC9B28B4201D90828F5D087
:1075E00010BD00000425002070B510480924026871
:1075F000FD20C00011180B7D240208200021151960
:10760000A032127B0EE060244C43AE6EA41C345DAD
:107610006407640F032C02D1DC0700D008465B0826
:10762000491CC9B28A42EED870BD00000425002072
:107630000B49FD220968D2008A182032927E363129
:107640001207120F824206D009780A0705D44907AB
:10765000490F814201D1012070470020704700008E
:10766000042500200448FD210068C9004118A0300D
:10767000007B896C085470470425002010B5054A2A
:10768000FD231268DB00D218936C5C5C1C54926C76
:10769000505410BD04250020F7B5074615462D4867
:1076A000FD220168D2008E188AB00022AF600792D6
:1076B0000292A031097B6A46117129700168B26C8F
:1076C000A031097B545C23E0706A6100405A80015C
:1076D0000090B06A405A0299800104900098411AC3
:1076E0000520C0010391814201D3081A039005AB24
:1076F0002A4601A90B9800F02FF804990098411828
:107700000520C0010818029068460471B06C045D41
:1077100010480068A030007BA042D5D10298391AE9
:107720000520C0010391814201D2002000E0081A27
:10773000039005AB2A4601A90B9800F00DF8A86844
:10774000381A03D00B99A9600DB0F0BD05AC0ECC72
:107750000EC5F9E704250020F0B58C689D68A542A8
:1077600003D860C92746E0C30839A04204D890680E
:10777000A04201D90BC90BC2F0BD0000F1B5194BF5
:10778000FD211868C9000246363241189646A030DD
:10779000027B886C805C0C462034A4461BE08D6C18
:1077A0002C5C009EB04212D06646B67E3607360F7D
:1077B00086420CD07646367877077F0F874201D114
:1077C000360704D501260F7D86403E4201D1AC54D8
:1077D00000E0024620461C68A034247B8442DED1AF
:1077E000F8BD000004250020F0B5074621488BB005
:1077F00000681E46FD23099100250891DB006946BB
:10780000C4188D82900807920D83082F0FD006A907
:1078100007AA05AB009302920391019008AB09AA55
:1078200007213846FFF7CCFA010002D01EE0822182
:107830001CE008986060A0616A46636A128B780059
:107840001A52A36A079A1A52E26A15526A46236BC1
:10785000928A1A5207980C2801D2832102E010283C
:1078600000D91020044A50438008306008460BB00D
:10787000F0BD00000425002071020000FFB5294E74
:10788000074689B0FD213068C9004518264905AB77
:1078900007AA06A86C4607910FC40CAB0BAA0121DE
:1078A0003846FFF78DFA0090002838D10C986860B0
:1078B00069466A6A898A78001152AA6A0799115240
:1078C000EA6A0021115269462A6B098B115209207C
:1078D0003268000212183C466023926E5C4300211D
:1078E000631DD15432680A991218926EA31CD154A8
:1078F000326800211218926EC9430833D15232689F
:1079000000211018806E0F34015572B6297D0120B8
:10791000B8400843287562B6084600F007F800989A
:107920000DB0F0BD0425002070170000F8B52F4FF2
:107930000546FD203E68C00034182D4830180090E0
:107940002C48363602F04EF92B494A7AD20080187C
:10795000002D36D031784A078E463A21095D520F04
:107960004B075B0F94469A4206D10E07360F012251
:10797000B2402E4696430DD09C4521D00B070121E5
:107980001B0F0A469A4073461B071B0F99400A4378
:10799000954315D10921C906096911220818000269
:1079A0000021000A616420603968D2018918896A5F
:1079B000401A00020012002802DC002007F02CFB15
:1079C000F8BD48220A80110609690025081800023E
:1079D0000099000A086565642060284607F01CFBD2
:1079E000386868304571F9F76FF9F8BD0425002053
:1079F0005808000066020000C000002002880B88C2
:107A000003800A80704700000B48FD210068C90010
:107A100040180A490988C36A4907028C090F5A525B
:107A2000036BC28B5A52836A428C5A52436A828BCE
:107A30005A5281694160704704250020C00000202F
:107A400070B50C460B4E81000B4832680D180123AF
:107A50002032D37721462846EBF750FF28680021D3
:107A6000844201D1084600E0FB2032682032D17701
:107A700070BD0000042500200000041002480068CA
:107A80002030C07F704700000425002003490028F3
:107A90000A7801D0002008701046704708250020A1
:107AA00070B5124C0E462178012500291BD10146E4
:107AB0000120EBF76FFF607031460220EBF76AFFA1
:107AC000617840186070314620310320EBF762FF87
:107AD000617840180006000E607004D1EBF73AFFA1
:107AE000022020700025284670BD000008250020D7
:107AF00070B5184D90B02878002802D0012010B041
:107B000070BD6E460024F9F7B6F8A100641C7050F1
:107B1000082CF8DB69460120EBF73CFF0128F1D087
:107B200020220D496846F3F77DF80B4920222031C9
:107B300008A8F3F777F869460220EBF72BFF08A9AE
:107B40000320EBF727FFEBF705FF0120287000204B
:107B5000D5E70000082500204445061070B5124AFC
:107B6000092312681B02D2180123526E83435B0063
:107B7000491E41249B184909491CC9B272B615799E
:107B80008D420ED31E785B78AD19EDB25B18AB4217
:107B900007D84000135C00245B1813541079401A76
:107BA000107162B6204670BD0425002070B50D002E
:107BB00004460AD0002C08D0A968A068FEF726FF6A
:107BC000002801D1E988E18070BD412070BD00002E
:107BD000F3B50F4612480921006809024018BE6833
:107BE000446E81B03046FEF7DAFF0546F888401E45
:107BF0004009401CC0B2A84211D23146A068FEF72D
:107C00005AFF3046FEF7CBFF281A72B60199490099
:107C1000625C121A625421790818207162B6FEBDA6
:107C20000425002010B51C4613460A4680682146EC
:107C3000FEF7FEFF10BD0000044A092312681B0274
:107C4000D218526E40008018417070470425002001
:107C50000022816808380260084670470D490922F1
:107C6000096812028918496E72B6012282435000D7
:107C70004218084B095C09201B6800021818406E66
:107C8000527800798A4202D9511A401AC0B262B6BB
:107C9000704700000425002010B58068FEF77FFFC4
:107CA00010BD0000F8B50D460E49092309681B02F6
:107CB000C9184E6E1F21521E0A431D3297B200246E
:107CC0003946FFF74BFF00280AD13946B068FEF766
:107CD0004FFF044608340068A0600020E074A580CF
:107CE0002046F8BD0425002070B51748092100681A
:107CF00009024018446E042200212046EBF7DEFD05
:107D0000124D688C23304009401CC1B20020FFF79F
:107D100093FF688CA97F23304009801C4843401C96
:107D2000C1B20120FFF788FF28462030A1684078C3
:107D30004870A068FEF747FFA06872B6007862B688
:107D40002071002070BD000004250020E00200200A
:107D500010B58068FEF773FE10BD0000F8B50E4642
:107D60000C490922096812028918083807464C6E26
:107D7000FEF715FF05463946A068FEF78AFF72B682
:107D80007100605C401B605420794019207162B61C
:107D9000F8BD000004250020F7B507461848092162
:107DA000006809024018446E41201646002F11D089
:107DB0003846FEF7FEFE0546B0420CD2301A81B2BC
:107DC0000198FFF7CBFE002804D132463946A0685F
:107DD000FEF77AFFFEBD32463946A068FEF774FF13
:107DE0006D1E761E69097209891A72B6019A5200CF
:107DF000A35C5B1AA35422795118217162B6FEBDAF
:107E00000425002010B51C4613460A46806821460A
:107E1000FEF7A1FF10BDFFB5C8880025401E83B046
:107E20000E4687B2012427E0B0680222083001190B
:107E30006846091DEBF73EFD68460088F7F73EFCF3
:107E400001001DD068460A8D0088824212D001AA26
:107E5000F8F7C6FA00280DD101992620405C4007AA
:107E600008D506986A00101802221C31EBF722FD93
:107E70006D1CADB2A41CA4B2BC42D5D30C98058035
:107E800007B0F0BDFFB5074683B0002000900D9805
:107E9000F7F714FC069905460C310191002826D00D
:107EA0000837BD4223D0288D0E9988421FD80D99DE
:107EB000884213D30E99884210D8294602222A31CB
:107EC0000198EBF7F7FC10220C990698EBF7FAFCF7
:107ED000002809D0298D0E98814208D02E462C6AA0
:107EE0002036B4423FD140E005980021018007B020
:107EF000F0BDA18B0D98814234D30E98814234D8C5
:107F0000204620300290C078012808D02046083052
:107F100010220C99EBF7D6FC002808D022E021466D
:107F2000022208310198EBF7C5FC0698F0E70298A9
:107F30008079400716D50098002801D1E08B009089
:107F4000E18B814211D105980222008841000498FA
:107F5000081821461C31EBF7ADFC059805990088FF
:107F6000401C08802468B442C3D12D6899E77FB5CE
:107F70000546684600890C4600281AD0A0680C21E6
:107F80000173A068022202A90D30EBF793FCA068F0
:107F9000022203A90F30EBF78DFC0520E0802121A0
:107FA00028698901084328610D20A873002004B0C6
:107FB00070BD4220FBE77FB50546684600890C9EF0
:107FC0000C46002816D069468989884212D8A068D4
:107FD00008210173A068022202A90D30EBF76AFCA8
:107FE000A068022203A90F30EBF764FC012E04D035
:107FF000022E0AD0422004B070BDA068022208A957
:108000001130EBF757FC072006E008AB10220921DE
:108010002046FFF7F7FE1520E0802121286989011D
:10802000084328610920A8730020E4E7FFB507464C
:1080300073480D4604688FB0AE34A1781E46C8065A
:1080400002D5E078C0067DD4880607D5E0788006A2
:10805000800F03D0022F01D0002E73D08806800F2E
:1080600006D0022F08D0032F06D0002E6AD003E0DE
:10807000012F01D0002FF8D1880603D4002D01D0A4
:10808000012D5FD1002E06D130200140384600F08E
:1080900018FE002856D1119900200870A178890691
:1080A0008A0F7DD00CA908A801F054F807900DA9FB
:1080B0000AA801F08DF806900798002802D00698CB
:1080C000002801D1012E58D1022F04A807D000F0BA
:1080D000CBF8002E3CD00798002803D012E004F023
:1080E00019FCF6E7464F47483B68062208A91818CE
:1080F000EBF7E8FB0028386808D04030417E49089B
:10810000490041760698002805D014E04030417EB1
:1081100001221143F5E73A4F3A483B6806220AA983
:108120001818EBF7CFFB002838680CD04030417EA0
:10813000FD22114041760798002809D006980028B2
:1081400006D01AE043E04030417E02221143F1E7BD
:108150002B48062203682B4804A91818EBF7AAFB42
:10816000052069460873002E02D10846F9F7B6F9D2
:10817000254802906846F9F765F9A078800611D580
:108180001198032101702079C10603D5002D01D07B
:10819000022D1CD1800605D5012D03D0032D00E052
:1081A00018E014D1A078C00627D5119901200870D5
:1081B0002079C10601D5002D09D1810601D5012DF7
:1081C00005D1000619D5002D17D0012D15D042205C
:1081D00013B0F0BD012F01D1002E03D0890F314320
:1081E00009D00AE00648062203680648611D1818EF
:1081F000EBF760FB0120119908700020E8E7000010
:108200000425002033070000A0BB0D003EB5FFF79A
:1082100069F90446FFF7E8F9082C01D1082813D0C2
:108220000A480B490068062241186846EBF742FBF2
:1082300068464079400601D5022000E00320012372
:1082400002AA0021FFF7F2FE3EBD00000425002037
:108250003307000003480068AE3080788006800F46
:108260007047000004250020F8B5204E044635680C
:10827000AE35F8F7E3FC2070000A6070F8F7DEFC1A
:10828000A070000AE070F8F7D9FCC2B28004830E37
:108290002271002163710846275C401C7918C0B226
:1082A00089B20628F8D30029E3D02078FF280CD122
:1082B0006078FF2809D1A078FF2806D1E078FF2850
:1082C00003D1FF2A01D1FF2BD3D00622691D2046FE
:1082D000EBF7F8FA0028CCD0316806222046783136
:1082E000EBF7F0FA0028C4D0F8BD00000425002008
:1082F000F0B5064600208DB00D46002A03D0F8F7F1
:1083000040FF002806D1002E03D0002D04D0002409
:1083100028E000200DB0F0BD4220FBE7E000001B8C
:10832000295C471908467F1C009100F01EF80028C0
:10833000F0D103AA3946009802F046F9002804D08B
:108340001022002103A8EBF7B9FA07A804F07AF984
:1083500007AB03AA39460098F8F7F2FE0028D9D1F6
:10836000641CE4B2B442D9D3D4E70021012802D07E
:10837000002800D0472108467047000070B592B031
:108380000646202221A101A8F2F74CFC202109A8D1
:10839000F2F750FC0A216846017000242546694620
:1083A00001A800F0F7FE6846027801A909A8EBF7DA
:1083B00081FA01A824E0015D491CC9B2914223D889
:1083C00003195B78B34214D16B461A78521A6118BC
:1083D000C9B24118D2B209A81A704019EBF76AFA6B
:1083E0006B4618782818C1B209A801F001F812B03C
:1083F00070BD521A6B461A7062186918D4B2CDB2A9
:1084000069460A78002AD6D11F20F0E702FF010250
:10841000010403028FFC00000000000000000000C7
:108420000000000000000000000000000FB410B5C4
:10843000079C01282DD1684680891749884210D1B0
:1084400003A80FC800F04CF800281DD102F0D0F8A6
:10845000FA281ED001281CD92078F321084020706A
:1084600017E00D49491C884208D0C91E884205D032
:10847000491C884202D0C91C88420AD103AC0FCCE7
:1084800000F02EF8002800D0632010BC08BC04B017
:1084900018470020F9E70000022A000010B5FCF799
:1084A0004FFF10BD02480068AE30008870470000E2
:1084B0000425002010B5034906220968B331EBF703
:1084C000F9F910BD042500202423184204D0C81F48
:1084D000092803D82032D17100207047422070470C
:1084E0001FB582B00024FFF7DDFF6946F7F788FF6C
:1084F000009A6846116A0089203209E023235B5CF8
:10850000012B04D10B89834201D1641CE4B20968B8
:108510009142F3D1204606B010BD00001FB50446BD
:10852000064802900846F7F7EDF880000019694602
:10853000113008736846F8F785FF1FBD30750000DD
:108540001FB504460846F7F7DDF8800000196946B4
:10855000113008736846F8F7C1FF1FBD0268002399
:108560000B80824203D09BB212685B1CF8E7704715
:10857000086042684A604268116041607047026862
:1085800004E08A4201D10120704712688242F8D18A
:108590000020704702680A60126802600A68126868
:1085A00050600A680020106009684860704700B594
:1085B0000B46FFF7E4FF002808D003CB083B086018
:1085C00003CB41600020083B1860586000BD0000EC
:1085D000FFB515691E46A8032E3689B01C461746FE
:1085E000002833DA102269463046F8F763FB092485
:1085F000E4060398A0610298E06101982062009867
:108600006062354801681320C0010818816AA162C0
:10861000406AE0620A988030016C2163C06B60633D
:1086200000F069F8A06B0390E06B02902B480168A2
:10863000019140680090102231466846F8F73AFBF5
:108640000120400485433D610DB0F0BDE8053CD5F7
:1086500005A80146009010223046F8F72BFBFF20BA
:10866000013085434120800205433D61099808227D
:1086700001A9C01CF8F71EFB0998214604222A31E3
:108680000B30F8F717FB154805A92838F9F7AAFCAD
:108690000924E4060298A0620198E062786B08223F
:1086A00003A90D30F8F706FB049820630398606374
:1086B00000F021F8094905A80839F9F793FC1022C0
:1086C00031460098F8F7F6FABEE7A07A0006BBD468
:1086D0000A9800F005F8B7E704250020400000489C
:1086E00010B504468034606C002803D0F9F7C6FC4E
:1086F0000020606410BD08B5642069460870092137
:10870000C9066A461078401E10704869C00402D439
:1087100010780028F5D1107808BD0000FFB582B0B0
:1087200000230193059B012B30D04B8C224D1C0163
:108730000B8C9C46CB7E6B438D8BAE46CD8B164609
:10874000403697690096A74206D19689664503D1BF
:10875000009E3688AE4201D04026019696790427C5
:10876000760876003E439671946154616446948124
:10877000009A1580059A012A17D00B6170464A6845
:10878000400010184860019806B0F0BD0346403321
:108790001D461B8E084E1C01AB8D9C4660231B5C46
:1087A0007343AE8C2D8DB646C9E783657146C26CA6
:1087B00049005118C164E6E7E204000070B50446C0
:1087C00016460D46084600F02AFA2060281D00F0E3
:1087D00021FA31044018606070BD0000FEB53949CF
:1087E0000922096812028A18936E602242439C187B
:1087F000354A80018D183549228946184020005B92
:108800002021895D521C228140006269002700B24C
:10881000101A6061F07A4018C0B2252800D32538BC
:10882000F072A079C0072ED0284640300090408ECC
:108830002189401A0004000C25D124480C380088F6
:108840004007400FFEF754FD8446A07940084000E1
:10885000A0712846C030017A490849000172009988
:10886000A3894A8DC98D0905090C934205D1A369D5
:108870008B4202D16346002B01D0402701E0082340
:108880008373A281A161A079800719D57620405B0E
:108890002189401A0004000C12D180214959603509
:1088A0000091A97E0191A179FD221140A17131466B
:1088B000684605222131F8F7FDF9012040050743FC
:1088C0003846FEBD0425002058080000CC000020DA
:1088D000F8B501461B480922006812028218936EFF
:1088E00060224A439E18184A00248518174A8801B6
:1088F0008718B0784007400F052802D0012805D01E
:1089000010E00846EBF77AF904460BE02A4680327D
:10891000108A002802D0401E108203E0012408467D
:10892000FEF70CFDF07BFF2801D2401CF073002CF9
:1089300006D023463246294600200097FDF76CF901
:10894000F8BD00000425002058080000CC000020DD
:1089500010B50B460178CA09014608311846FFF7E1
:108960002DFF10BD10B50B4601784906CA0F811CBA
:108970001846FFF723FF10BDFFB50D4607468DB023
:1089800000200921C906169E1446486038460E305C
:1089900000F045F90790B97CF87C0202387D0004AC
:1089A000104308430990787D06903846163000F051
:1089B00031F90A903846183000F02CF90B903846FF
:1089C0001A3000F027F90C9038461C3000F022F9DC
:1089D000039038461E3020370090F878C106C90E43
:1089E00047090920C00608918068A8640020314624
:1089F000E8642131052202910098F8F75BF9022121
:108A0000E170002022225055E0730B980C22504355
:108A10006061002031221055039801230001A061FC
:108A2000284621714030039083710B9871494002B0
:108A300040187149896A814200D208460021686560
:108A400021810C98A081204640300B9A02800A9A1E
:108A500001235200921CEA64039A9783039A978039
:108A6000A17121612380A26A1280A26A54800177D9
:108A70001B27FF21478049312B460182C0331A8AC8
:108A80001B2A02D15A8A8A4201D0102202771A8BFD
:108A90008280C780078147818781C7815A8B428244
:108AA0008182C18201834183288C5449401C80B259
:108AB000884202D94942401880B260812884C72088
:108AC0000190A16AC872052202990098F8F7F2F89D
:108AD0000020F072218D3182F0750798B0610998FD
:108AE000F061202108988855EBF7D0F88021012803
:108AF00000D1B175422002900590414804902F4664
:108B00001098404B803700283AD0B86B0080B96B82
:108B10000198C872388F708210983B4900682861AC
:108B200010984068686106984843FF30F530A865A2
:108B300003990120887718881946344A400712683B
:108B40004123400F5B01D21890706079C02210431E
:108B500060710020B072A078C008C000801CA070B6
:108B6000BA6B1B2090720888A16A40010830887295
:108B70000020C0433882B96B0322C91D029825E04A
:108B8000786B00807A6B0198D072B88E70826079B1
:108B9000C02210436071B172A0781D4DC008C000A2
:108BA000401DA07018884101A06A19318172796B4B
:108BB0000A208872FEF728FF796B0322C91D0298EC
:108BC000F8F7CAF8796B03222846091DF8F7C4F8AC
:108BD000012006F021FAA16A0322C91D0598F8F7C1
:108BE000BBF8A16A0322091D0498F8F7B5F811B083
:108BF000F0BD00009AFDFFFFE0020020FF0E000024
:108C0000FA003000C0000020E2040000042500202B
:108C10002C01B000017840780002084370470178C9
:108C2000427813028278C078120400061043184379
:108C30000843704770B5054616460C46C01CFFF742
:108C4000EEFF84210851E9797B2001552846083040
:108C5000FFF7E0FF40342087B07902210843B0716C
:108C600070BD70B50C460546C178602001551646AA
:108C7000281DFFF7CFFF4034A084A81DFFF7CAFFCF
:108C8000208528460830FFF7C5FFA08528460A3012
:108C9000FFF7C0FF208628460C30FFF7BBFFA086F9
:108CA000B07901210843B07170BD02460020014631
:108CB000535C002B00D00120491CC9B20629F7D310
:108CC0007047FEB50F4606460024FEF78DFC0546AC
:108CD000FEF708FC082D01D3082811D202A9684626
:108CE00000F020FA002F684606D04079400601D5F2
:108CF000022102E0032100E0017AB14200D04124C8
:108D00002046FEBDFFB507468DB0002008900790B5
:108D100077481E460168774815460C182320400105
:108D200008184771C271002B01D0002101710E9803
:108D300000287DD0FFF7B9FF002879D0002E03D09E
:108D400020342079012873D0FF24002E07D0022D73
:108D500002D0032D02D002E0002500E00125644886
:108D60006549006840180B90022F01D0032F6AD18B
:108D7000684605700622401C0E99EAF79BFD69467D
:108D80000020FBF78BFAFF2803D00B99C200511883
:108D9000CC7911239B015649002E14D00968CA18BA
:108DA0009476232300225B01C9180A71FF284AD058
:108DB000372044434E48FF2100682F312018095CBA
:108DC000002904D015E00A68D1188C75EEE7014639
:108DD000FF31FF3047311F30EAF7D6FE4448062204
:108DE00000682118FF3105A84831EAF763FD01202A
:108DF00007903F49FF2208684E322018125C002A73
:108E00001CD10146FF31FF3040313030EAF7BCFE63
:108E10003748062200682118FF3103A84131EAF7DC
:108E200049FD01200890002E08D00121304800E0C3
:108E300018E00268232040011018017107980028EB
:108E400001D0002E0AD0324629460E9800F05EFC72
:108E50000898002806D0012103A815E03246012118
:108E600005A8F3E7002F06D0012F1AD0022F02D059
:108E7000032F07D115E01E480622016868467831A5
:108E8000EAF718FD0021684600F05CFC0124A4020A
:108E9000002F10D0012F16D0022F0CD0032F24D179
:108EA00011E0134806220168144809186846EAF7D9
:108EB00001FD0121E7E70E480068816F04190902EE
:108EC0007B30E1650CE00A4805680C482818EFF78C
:108ED00034FB00022C19401CE0650848C01C28180F
:108EE000EFF72BFB0002000A2066002011B0F0BD56
:108EF00004250020580800006C040000330700001F
:108F0000F0B5824D04468249286885B0401801902A
:108F1000FEF7E8FA002C7DD008280DD34220074642
:108F200003907C4800240290FEF744FB0090082048
:108F300004900098082802D30C2005B0F0BD00F082
:108F4000A1FB00F091FA00987349800142181321A7
:108F50002868C9014018818801988030036BC031AE
:108F60005980016B09800021C94301820021456AB3
:108F7000CB1DEF54856AEF54C56AEF54056AEF5470
:108F8000066B039DF554039B3F0A1B0A0393466A35
:108F9000029D0B1DF554866AF554C66AF554066A9F
:108FA000F554066BF554029B491C1B0AC9B2029387
:108FB0000329DCD3009911234907090E456A0B43A5
:108FC000AB72856AAB72C56AAB72019B1D7E0223D0
:108FD000022D0BD1456AAE7A1E43AE72856AAE7A17
:108FE0001E43AE72C56AAE7A1E43AE72466A012750
:108FF000F772866AF772C66AF7721943036B997241
:10900000036A9972036B0321D972016ACF7200213E
:109010000B4600E04EE0535455186B71491CC9B221
:109020000529F6D38025957201992031CE7BD67221
:10903000868C1682068E5682384E9661384ED661E0
:109040003E462027BE54D375019A127E002A04D0D2
:10905000012A04D0062A12D110E018240FE00322BE
:10906000836828245202934209D1C368934206D1EF
:1090700000220492FF225632028200E01024497B33
:10908000002904D0012904D0022906D103E0C0211F
:1090900002E02C4301E040210C430499C26809021C
:1090A000806853184218E108C900491C0098FEF76F
:1090B000E5FB42E772B608280CD209212A680902AA
:1090C00051188B6E60214143891C5C5C6407640FFE
:1090D000012C01D062B616E0F024A45C002C04D070
:1090E0001126FF24B6019219947500225A543F218B
:1090F0002A68490151180B7F0122824093430B7764
:1091000062B600F0F7FB002017E7000004250020FE
:10911000580800008100B000CC000020D6BE898E27
:109120005555550070B5044608480D460068084975
:1091300046182046316800F0A3FB72682271100ABD
:109140006071100C2870002070BD00000425002004
:109150005808000070B50D460446FEF7C3F908280C
:1091600001D31F2070BD094809490068401800223A
:10917000416B931CC95CA154521C062AF8DB406B5E
:1091800000784006C00F2870002070BD0425002024
:109190005808000030B50C4A0C4B1268D218936A7C
:1091A0002032147B1F2C02D90020087030BD002211
:1091B00005E01D780570521C401CD2B25B1CA24217
:1091C000F7D30C7030BD00000425002058080000C3
:1091D000F8B50C460546FEF707FA082801D31F200C
:1091E000F8BD0A4E13273068FF01C01980680622B7
:1091F0002946801CF7F75EFD3068C019806800784A
:109200004006C00F20700020F8BD0000042500209B
:10921000F8B55E4B5E481E680022301801462031CA
:10922000027613240D460A73E40131198E68FF2774
:109230002836866389684937503141630831816235
:109240000721A973416B524E0A70456B0621697064
:109250001B68FB2519198C687834C4638968082455
:10926000A03101640146C0314A720A72CC738C731A
:109270001B240C824F828D82103ECE820D834E8342
:109280008C83CF8343495A65196513233F4C0146AC
:10929000DB012668B518F618B768603516462D7ECE
:1092A0002A36BD552668F618B76816465236BD559B
:1092B0002668F618B76816467A36BD552668F61839
:1092C000B7681646A236BD550D70521CD2B2491C65
:1092D000062ADED300230B70826B06215170426B8D
:1092E0005170024680325361194693611BE0092593
:1092F0002D025B1960254D439F6E2B46264E0A3387
:10930000FE52092327681B02FB189F6E2B4600267E
:109310002033FE50092327681B02FB1824359B6E5F
:10932000491C5E51C9B22368AC25ED5C8D42DED884
:10933000002501219583C902018455640920216813
:1093400000020918896F936B891C598021680818DD
:10935000806F516B801C48801048818D20684030A0
:10936000018600F0D1FC3F212068490141184122CB
:109370000D775201082180188170FAF761FDFEF720
:1093800071F920682030C574F8BD00000425002064
:1093900058080000862E0000FFFF0000E0020020B9
:1093A00010B5044680880321FEF7C0F8022172B68A
:1093B000082815D20D4A1368092212029A18602350
:1093C000926E5843831CD35C002B09D000211018E7
:1093D0002160016A002906D0416A0C60452144627F
:1093E00062B6084610BD0462F8E7000004250020BC
:1093F00070B51B4A1B4B1268D418E36B0833A36289
:109400001F2901D9302070BD0022656BE66BAD5C71
:10941000B554521CD2B2082AF7D3002205E00578D1
:10942000521C1D70401CD2B25B1C8A42F7D32C2008
:109430000155E06B891D4170FEF754F8217E01292A
:109440000CD008280AD2616BE06BE1636063803462
:10945000616A4880A16A4880E16A4880002070BD46
:10946000042500205808000030B531483149006813
:109470004018416B037E0A781B07920992011B0F6B
:109480001A430A70C16B037E0A781B079209920186
:109490001B0F1A430A70816B0A7892099201121D00
:1094A0000A70016C0A7892099201121D0A7000215B
:1094B000024620320BE0836A456B5C5C0B46083346
:1094C000EC54846AC56B645C491CEC5489B2137B10
:1094D0008B4201D91F29EED3017E012907D0D9B2D1
:1094E000426B891D5170416B0831816230BD03466A
:1094F000C26B1033083281688262446B0C22627046
:1095000000221546446B083561551970090A5B1C29
:10951000032A00D1C168521CD2B2062AF1D3406B93
:1095200002785206520EC9010A43027030BD000093
:109530000425002058080000F8B5504F0646504951
:1095400038684518FDF7CEFF082812D1FEF74CF811
:10955000082803D02320405D02280AD0386834460A
:109560002030807D093400070028307903DB032890
:1095700003D00C20F8BD012804D02046FFF795FB4E
:10958000002806D0327AF07900232146FFF7BAFB93
:109590000BE00023F0791A461946FFF7B3FB1122BE
:1095A0003968FF209201891888752C468034216A19
:1095B000288F48803079012821D030880002A060AF
:1095C00070880002E0600020C043208230790228C9
:1095D0001CD003281CD004281CD001281AD0052830
:1095E00000D3FF20287628462030B1794173717965
:1095F0000346817327200022CE070FD011E00320FD
:109600004002A060E060FF205630DEE70620E9E778
:109610000220E7E701200021B171E3E74908401C7F
:10962000C0B2521CD2B2022AE6D3052902D1801C54
:10963000C0B20321272801D9C01EC0B2666A228D9C
:109640003280A66AA28D3280E66AA28C3280666A77
:10965000AA8E7280A66AAA8E7280AA8EE56A6A8035
:10966000D873032902D0012904D005E0A16AA08C97
:10967000088001E0606A00800020F8BD0425002019
:1096800058080000FEB51F481F4900684718694682
:1096900001A8FFF747FDBE6B7D6BFC6B3B6C72B6A0
:1096A000002001AA811C175C6F54175C7754175C6B
:1096B0006754175C401C5F540628F3DB6946097841
:1096C0002A78BF20C9070240490E0A432A7069461A
:1096D00009783278C9070240490E0A433270694658
:1096E00009782278C9070240490E0A4322701A7885
:1096F000694602400878C007400E02431A7062B6FD
:109700000020FEBD0425002058080000034610B5C7
:109710000A48002A006806D0094A801872B60A462C
:109720001946103006E0064AE43A801872B60A4636
:109730001946083000F094F862B610BD04250020E8
:109740003C090000034610B50548064A0068801829
:1097500072B60A46194600F083F862B6002010BDC2
:109760000425002058080000F0B5144A144B126874
:10977000D3181A6C154608321F2901D93020F0BDC4
:1097800000249E6B1F6C365D3E55641CE4B2082CB1
:10979000F7D3002405E00678641C1670401CE4B280
:1097A000521C8C42F7D3186C891D4170986B9D63D5
:1097B00018648033186A45800020F0BD042500201D
:1097C00058080000FEB511481149006806224618E5
:1097D000104941186846EAF76DF80122694630469B
:1097E00000F03EF8B56BF46B736B366C00206A4684
:1097F000811C175C5F54175C6F54175C6754175CCF
:10980000401C77540628F3DB0020FEBD0425002011
:1098100058080000330700007CB50E4C0E49206844
:10982000062245180D4941186846EAF743F8296AA7
:1098300006226846891CF7F73DFA13212068C90102
:109840004018816806226846891CF7F733FA002021
:109850007CBD0000042500203C0900003307000007
:1098600070B5054616460C46084600F037F82860E5
:10987000217960790002084331044018686070BDA6
:1098800001700A0A42700A0C8270090EC17070479A
:1098900070B51148092402683F2040011018037F69
:1098A000002024021419A0320146157B10E0DA07CB
:1098B0000BD06022A66E4A43B21892785207520F1C
:1098C000052A01D0022A00D101205B08491CC9B237
:1098D0008D42ECD870BD000004250020017842784C
:1098E00013028278C078120400061043184308431C
:1098F00070470000F8B51B4E318804460907082060
:10990000090F0443A1422CD1174D0021286881631F
:109910001121C90140180921C906806A0969471A3D
:10992000642000F05FF9717AC90040182968896ADB
:109930004018381A00020121000AC905884202D2E3
:10994000002005F069FB0949286832881207120FC8
:10995000A24206D1826B8A4203D2826B521C82637E
:10996000F3E7F8BDC00000200425002000710200CC
:1099700070B50F4D0F49286841184030407B0028D2
:1099800014D0C031897B082910D1002402E040089E
:10999000641CE4B2C107FAD0204600F07BF82868C6
:1099A00001224030417BA2409143417370BD0000D1
:1099B0000425002058080000FFB533480E46006813
:1099C000324987B045181F461446304600F0B2F8B9
:1099D0000190301D00F0AEF800902078617802AE62
:1099E0000C02044302210798FDF7A0FD00213A78FC
:1099F0003270491CC9B2761C7F1C1029F7D3082885
:109A000002D302200BB0F0BDC035A97B082901D2DA
:109A10000C20F7E71C4909220968120289188A6E8E
:109A200060214143511872B64A79920702D062B65A
:109A30003A20E7E77D2252026A81A8734A6B1448F4
:109A400010600869020504D5487901221043487165
:109A500003E001221203104308614A6B0198506031
:109A60004A6B009890604A6B0298D0604A6B0398EA
:109A700010614A6B049850614A6B05989061486B7D
:109A8000C46162B60020BDE704250020580800002C
:109A900003010A007CB502462348244900684518A2
:109AA0000921090241188B6E602151435C18002185
:109AB0000091019172B6A1784907490F052901D09B
:109AC00062B67CBD2946C0318A737D2252024A812A
:109AD00062B6052269464830F7F7ECF88020009915
:109AE00041517A2101984855A08906222189504385
:109AF0000930081886B2616B0D480860606B05225A
:109B00008660616B6846C91CF7F7D4F8607901215B
:109B1000084360714035EE86A0790221C006C00E70
:109B20000843A0717CBD00000425002058080000F7
:109B3000030801000178427813028278C078120489
:109B400000061043184308437047000010B506484C
:109B500001680648406A002803D02022F7F7AAF8D7
:109B600010BD0020087010BD04250020E002002078
:109B700010B504460448807A8006400F00F006F8CD
:109B80002070002010BD0000000100200CB505A2CF
:109B900006CA00917F210192082801D26946095620
:109BA00008460CBDF2F5F8FBFE0204080549252223
:109BB0004143090C5143401A80B2252800D325386F
:109BC000C0B27047EB06000089084143880A401C78
:109BD00070474143080A292109014843C00A401C33
:109BE000704700000649C20B09684004096A400C2E
:109BF000CB0958435143000A0818203080097047A8
:109C00000425002070B51A4A1A4CD37B2268002B19
:109C100011D01A4E184B8009CDB2584375430B0A28
:109C20002D0A734310355B19154D80305B09000A0E
:109C30006943090C04E0192312481B04FF21E93190
:109C4000114D118669805362106209482038008ED8
:109C5000FFF7C8FFE914884200D3481E4005216879
:109C6000000E203108752988090700D4687270BD7C
:109C7000000300200425002053070000F6BC080064
:109C800055050000C2F52800C00000201FB5054C96
:109C900040071ECC03946C460EC4000F6946085A58
:109CA00004B010BD8445061008B500216A46118035
:109CB000694600F001F808BD10B50A4A830B126826
:109CC0008004526A800C140A60435A4380091018B9
:109CD00000228A5E821A10464030C009C3019A1AD7
:109CE0000A8010BD04250020032802D06320C04351
:109CF0007047662070470000012801D00148704776
:109D0000002070477A03000070B5274A00211068D0
:109D100003464030417601764920400118184176CB
:109D200081760F202033987513230846DB011468D1
:109D30000546E4186468303521541468E4186468F2
:109D4000615514683035E418646861551468E41886
:109D5000656804469034401CC0B229552D28E6D3CE
:109D60001068C3185C6809231B02C318DC6525460C
:109D700030359D6590345C65FF2348300370437037
:109D80008370C3701F23037112684D2081540748EC
:109D900001800921417105238371C17103724281E0
:109DA000FFF7D4FE70BD000004250020C000002095
:109DB00010B5FAF759F810BDFEB552480088602377
:109DC00041075148490F0268092000021018826EAD
:109DD00059435418A27825695207520F216A0092FC
:109DE000022A01D0052A20D12A0404D462799207DC
:109DF00001D1002919D0A66A444A2B0443D56379BE
:109E00009B0715D0676B77800120C00385432561D0
:109E1000E9F73CFF012809D01F217878014204D0DE
:109E2000218A890401D5001D7870FEBDFF21F4E769
:109E30000029FAD01542F8D10A7C406FD206D20E22
:109E4000921C1718B8B2019070802046F8F7D4F829
:109E50000120C0038543256105110098052800D124
:109E6000AD00E9F713FF01280BD01F2178780142DC
:109E700004D02169294201D0001D787001987080BA
:109E8000FEBDFF21F2E7708801235B07C0186379EC
:109E90009C469B0704D0636B834201D0012700E0FE
:109EA0000027666B864202D02388834212D10029A4
:109EB00012D015420ED1012300290ED086420CD0BB
:109EC0002488844209D00968002906D0154204D1AB
:109ED000012103E00023EFE7002300216246920600
:109EE000920F03D00022002F06D101E00122FAE7F1
:109EF0000B43C5D0002AC3D0017810221143017052
:109F0000FEBD0000C0000020042500206006000007
:109F10004101401880097047F0B57E4C05467E49E6
:109F2000206891B04018089000200D9072B606F09D
:109F3000BBFF002801D1002D07D07648002501681D
:109F4000492040010818467EDFE062B60D9811B046
:109F5000F0BDF0077ED07149A80140180E906D4801
:109F60000168092000020818816E602068430C18FF
:109F7000A178206A4907490F02294BD1A1794907E5
:109F800048D4002846D04020005B400009900002E1
:109F9000FFF728FE039000200F905E4836210068EE
:109FA000095C0A070AD44907490FA94206D10121D1
:109FB00080300F91416C0191806C06E00899C96C6A
:109FC00001910121C9024018C0690090FF205F3053
:109FD000FFF708FE51490C39497AC9004118009829
:109FE000411A0398081A07900E980B214156203009
:109FF000059100780A90002002902089069009209F
:10A00000C00601690798401A070201203F0AC005EF
:10A0100087422AD36CE001200D9007990398081A13
:10A020000790029903980818029009990198401A1C
:10A030000190616909980818606105990A98081AE1
:10A0400040B205900698401E80B206900598002800
:10A0500004DA00E056E0253040B205900920C00641
:10A0600001690798401A07023F0A6420FFF7BAFD0A
:10A070002A490C39497AC900411826480068806A83
:10A080000818B84207D20120C005874203D20999B7
:10A0900001988842BFD802990098401A01020D9891
:10A0A000090A00280CD01B4811220068D201801830
:10A0B000806A081A00020012002801DD00200D90BD
:10A0C0000F98002806D01348019A00688030426437
:10A0D000816408E0089A0198D0640E480268012063
:10A0E000C0021018C1610E990598C87206982081A7
:10A0F000084801220168492040010818417EAA4011
:10A10000914341766D1CEDB27608002E00D020E719
:10A110001BE700000425002058080000CC000020A8
:10A12000F8B54C4D4C492868441826464036B08B4B
:10A13000FFF7ACFD29684031098E401880B2E16C10
:10A14000FFF747FD0746B07FFFF7D6FDA16D381832
:10A15000411807200005014300913F4A2968363A1B
:10A160008818363100F084F84121286849014218E6
:10A1700091784B07014620318E7D5B0F37093F01F7
:10A180003B4393707207520F8A75334AA8313C3AA9
:10A19000801800F068F82868A16CC0300268A264DA
:10A1A00001602868E16CC4300268E26401602868DC
:10A1B0000099CC221150D030A16D0268A2650160D7
:10A1C0002868616DD43002686265016029682046A4
:10A1D0005C30D83100F042F8296820465E30DA3130
:10A1E00000F046F8296820466030DB3100F040F886
:10A1F000296820466430DC3100F030F829682046B8
:10A200006830DE3100F02AF8296820466C30E031F1
:10A2100000F024F8296820467030E23100F01EF882
:10A22000296820467430E43100F018F82968204687
:10A230007830E63100F012F8296820467B30E831AA
:10A2400000F016F8296820468430EC3100F00BF855
:10A25000F8BD0000042500205808000002880B8883
:10A2600003800A80704702680B6803600A607047C9
:10A2700002780B7803700A70704710B5C001000CAB
:10A28000E9F724FB002010BDF0B51E48132100683B
:10A29000C901401897B000240C271426C56AF9F7A5
:10A2A000CFFD0FA802301490284600F01DFDFC28B9
:10A2B00020D16946284600F005FD68464078C00771
:10A2C000149804D0EEF739F90002401C02E0EEF7D2
:10A2D00034F90002159010A80130EEF72EF90002B3
:10A2E000000A169015A8F9F71DFD002802D0472096
:10A2F00017B0F0BD641CAD19E4B2BC42D4D3002049
:10A30000F6E70000042500200FB4F0B5584F1320E5
:10A310003968C001081897B0C66A0FA80230002437
:10A320001590703014901BE0304600F0DDFC0546BF
:10A33000FC2809D0FE2D18D0002810D0FA2017B024
:10A34000F0BC08BC04B018476946304600F0BAFCBF
:10A35000062215991498E9F7B5FA00281BD014368F
:10A360002046641CE4B20C28DED318A8407C000907
:10A37000E5D00C2C76D972B600F06AFB62B61320D9
:10A380003968C0010818C66A304600F0ADFCFE28E6
:10A3900068D01436F8E7502269461CA8E9F792FA0B
:10A3A0000028CCD0304600F073FC0AE0143630466A
:10A3B00000F09AFC0546FC2803D0002D01D0FE2DAC
:10A3C000BCD12046641CE4B20C2801D2FE2DEDD194
:10A3D00018A8C17C6846C0788142C6D118A8407CC4
:10A3E000C0060ED468464078C0060AD502222DA8C1
:10A3F00011A9E9F75FFA18A9487C1021084318A9A8
:10A40000487418A8407C800615D4684640788006B9
:10A4100011D523A807A9102202300231E9F74AFA20
:10A42000062215991498E9F745FA18A9487C2021C5
:10A43000084318A9487418A8407C400695D468467B
:10A440004078400691D527A80BA91022023002318E
:10A45000E9F730FA18A9487C4021084318A9487444
:10A4600083E7FFE701221CA9304600F047FC66E7BE
:10A470000425002010B5064813210068C9014018C2
:10A48000C06AC001000CE9F721FA002010BD0000ED
:10A4900004250020F7B5214813210068C9014018A0
:10A4A00098B0C66A002511A814460C27149515907B
:10A4B0001CE0304600F018FCFC2802D000281AD11D
:10A4C00013E06946304600F0FDFB68464078C00660
:10A4D0000BD516AA1999159802F0E2F9022216A8CE
:10A4E0001899E9F7EFF9002808D0143628466D1CB2
:10A4F000EDB2B842DDD341201BB0F0BD6946204625
:10A5000000F0EEF805482346006821462A3314AAD5
:10A510002031803002F070F80020EDE704250020A3
:10A52000F8B5074627480E4600681321C9014018B0
:10A53000C56A1446002E18D0012E06D1787901067E
:10A5400001D5410611D480090FD07879400637D55E
:10A5500026461E36284600F0C7FBFC2824D0FE28DD
:10A560002ED000282AD0FA20F8BD20463E30009098
:10A57000284600F0B9FBFC2805D0FE2820D0002892
:10A58000F1D11435F4E72146284600F09BFB6078B2
:10A59000C007C00FB042F4D1062239460098E9F74F
:10A5A00091F90028E0D0ECE72146284600F08AFB2C
:10A5B0003146384602F0D5F90028D5D01435C9E720
:10A5C0005C20F8BD0425002030B50B4695B015463B
:10A5D00001466A461846FFF7A3FF040005D107A904
:10A5E000102228460231E9F765F9204615B030BD42
:10A5F00070B50C4813210068C90140181426C56ABB
:10A600000024284600F070FBFC2805D0FE2807D067
:10A61000002803D0FA2070BD641CE4B2AD19F0E745
:10A62000204670BD04250020F7B596B017465E267B
:10A6300002F0F6FB04004FD06078C507ED0F1ED086
:10A64000002D05D0E0798109032918D0800916D0A2
:10A65000E079400610D5214813210068C90140184F
:10A6600007AEC56A0236284600F03EFBFC280CD037
:10A67000FE2801D0002812D0472019B0F0BD0622D4
:10A68000A11C14A8E9F716F912E06946284600F063
:10A6900019FB3146A01C02F064F9002801D01435E2
:10A6A000E1E70FA9062214A80231E9F703F9002512
:10A6B0003B4614A92846179A00F0A0F806465D28E4
:10A6C0000AD172B600F0C4F962B63B4614A9284616
:10A6D000179A00F093F806463046CEE7042500208E
:10A6E00070B5044601200D46A076C97821776978B7
:10A6F000090603D5617F1022114361776A78617F73
:10A7000060231A40114361776978C90602D5A17F99
:10A710000143A177E86C6061A86C294620610E3185
:10A72000204610220E463A30E9F7C4F82946204662
:10A7300010221E315430E9F7BDF829462046102278
:10A740002E316430E9F7B6F829462046022244311A
:10A750002030E9F7AFF820460822A91D4A30E9F772
:10A76000A9F820460222291D5230E9F7A3F868789B
:10A77000800704D520890121490308432081687896
:10A78000400704D520890121890308432081687886
:10A79000000704D520890121C90308432081A87836
:10A7A000010706D5E0722046102231462A30E9F72B
:10A7B00081F8F120A07270BD70B594B015460E46B8
:10A7C0006C4602F02DFB002816D041782246C907BE
:10A7D000C90F801CFFF7A4FE002802D05C2014B033
:10A7E00070BD684640780FA9C007C00F2B4632469F
:10A7F000023100F0DFF9F2E74020F0E7FFB585B065
:10A800000D4600F039FA044600270C20029060E063
:10A81000204600F069FA0646FE2861D0FC2E04D0DE
:10A82000002E02D0FA2009B0F0BD204600F040FA18
:10A8300084465F49A000401800686A46030A137006
:10A84000030C5370000E9070641CA0004018006848
:10A85000D070030A1371000C5071641CA0004018E2
:10A8600000680390FC2E0AD105998C4506D106227A
:10A8700029466846E9F726F8002804D0039880089E
:10A880000419641C25E007990398884219D106220F
:10A89000FF216846E9F712F8002635E0641C4448B9
:10A8A000A10008180168684600F0CAF80898042258
:10A8B00080196946E9F706F8002824D0B008241A60
:10A8C000641EA41E204600F0E3F9039880080419D2
:10A8D000E41C384602997F1C884299D38F4210D8D5
:10A8E000344801681320C0010818026BC16A406B2C
:10A8F0008918401E091807980C30800800198142F9
:10A9000006D25D208FE7361D03988642C6D34DE000
:10A9100005986946C007C00F001F08702878487066
:10A9200068788870A878C870009900060902090A3A
:10A9300001432046FDF784F8002831D1E9786846C4
:10A9400001702979417069798170FF21C170009887
:10A95000641C0102FF20090A000601432046FDF79E
:10A960006FF800281CD1641C20460799FDF768F891
:10A97000002815D1079800258107890F0E18641C3F
:10A9800012E0089840190746EDF7D7FD0102F87864
:10A99000090A000601432046FDF752F8002801D0BD
:10A9A000FB2040E7641C2D1DB542EAD300203AE7A6
:10A9B0000000041004250020FFB597B00C2015906E
:10A9C000142014901D48002500681321C901401867
:10A9D000C66A1F462C461D70304600F085F9FC28DB
:10A9E0000DD0FE2806D014986D1C36181598EDB2BF
:10A9F0008542F1D31798047000201BB0F0BD694662
:10AA0000304600F05FF91999E01D884201D96420B1
:10AA1000F3E7684640780622C1071898C90F015528
:10AA2000641C1898A4B20FA900190231E8F742FF7C
:10AA3000A41D3878A4B2401C3870D4E70425002047
:10AA400001700A0A42700A0C8270090EC1707047C8
:10AA5000F0B5FFB0FFB085B00020009001900290EB
:10AA6000534E039013203168C00108180025C76AAF
:10AA700004952C460595384600F036F9FC280ED092
:10AA8000FE2812D000280CD013203168C00108180D
:10AA9000C06AFFF7F2FB7FB07FB005B0F0BD641C69
:10AAA000E4B26D1C14370C2DE5D32546042C00D9D7
:10AAB0000424281BC0B206903D48002701681320DB
:10AAC000C0010818C66A0CE0304600F00DF9FC28F9
:10AAD00006D10698002816D0401EC0B206907F1CF2
:10AAE0001436AF42F0D3324D13262868F601801990
:10AAF000C06AC001000CE8F7E9FE2868801900264A
:10AB00003546C76A4FE0049950204143B3A808185E
:10AB100001460890304600F0D5F855210598C90047
:10AB20000A1A04986946800007900A50059A09A9F4
:10AB30008B18694642180898014640783E31C00794
:10AB4000C00F00F037F8002807D0079900206A46A8
:10AB500050500498401C0490C1E707986946095872
:10AB6000059808180590F4E7502029464143B3A8FA
:10AB7000091800223846049100F0C0F8A900684680
:10AB8000059142581437002A08D009A8049983195E
:10AB900048783E31C007C00FFFF730FE0598694680
:10ABA000085886196D1CA542DED3002073E700000B
:10ABB00004250020FFB585B000F05EF80446079834
:10ABC0000026006803900C200290204600F08CF8CC
:10ABD0000546FE2835D0FC2D04D0002D02D0FA20E9
:10ABE00009B0F0BD204600F063F82249A2005218D7
:10ABF00013686A461F0A17701F0C57701B0E93705C
:10AC0000641CA200521813686A46D3701F0A177199
:10AC10001B0C5371641CA20051180F68FC2D09D144
:10AC20000599884206D1062268460699E8F74AFE49
:10AC3000002808D0B80804190298641C761C8642C3
:10AC4000C3D35C20CCE70398874201D94820C7E7EB
:10AC500007980025074E076008E0641CA0008019D3
:10AC6000016808984019FFF7EBFE2D1DBD42F4D393
:10AC70000020B5E700000410044801681320C0015B
:10AC80000818C16A006B08187047000004250020EE
:10AC9000810010B505480C182068010A09022046F9
:10ACA000E8F72CFE2068002010BD00000000041012
:10ACB0000349800040180068C007C00F70470000BB
:10ACC00000000410F8B5074F0E4604460025A0000A
:10ACD000C01901687019FFF7B3FE641C2D1D502DBB
:10ACE000F5D3F8BD00000410034980004018006847
:10ACF0000006400E4000704700000410F7B5002425
:10AD000050260546002A20D000270920C0060169E8
:10AD100042685201520F032A0ED042685201520F6C
:10AD20000AD04068401A0002000AFEF7BDFF014643
:10AD30001048814209D803E0FF20F53003F0ECF918
:10AD40007D20C0007F1C8742DFDB01980019077857
:10AD500041780B028178C0780A0401061143194337
:10AD600039432846FCF76CFE241D6D1CB442ECD31D
:10AD70000020FEBDCC040000F7B584B007211646C4
:10AD80000191009102F04CF8040004D07420005DA1
:10AD9000C00724D102E0402007B0F0BDA01C02F0A3
:10ADA000F3FD00281DD0002E02D0A07B000616D493
:10ADB000A27BD00613D4464D2868817D4B081943E9
:10ADC000C90702D0817E490709D400210291D10927
:10ADD000C901A173A27A002A08D0F12A03D0462023
:10ADE000DAE75920D8E7059AD2071ED0807EC04303
:10ADF000800721D0208920220105090D0020FCF7C1
:10AE000051FF07001AD0A020A072E07E2F21084039
:10AE1000E0760598800703D5A07B20210843A07326
:10AE20002868002E0CD0417B0EE001200143A17365
:10AE30002046E8F7FBFEAFE73820ADE76420ABE73C
:10AE40008030007B4007C10F2868827D53081A4379
:10AE5000D207C37DD20F007B00F093F9064620464F
:10AE600002F030FC0199009800910190227E334657
:10AE70000121384600F092F92146384601F0A0FB46
:10AE8000002802D04120029086E72968887EC243CC
:10AE9000920701D0401C88762046542200212030A1
:10AEA000E8F70CFD304618210840E072A07EF1075B
:10AEB00000D002210843A076E07E7107C90F084345
:10AEC000E07628688030C672A120A072029863E7FD
:10AED0000C250020F0B593B00020069072B65F4DAF
:10AEE000042128684030C2790A43C27162B6E8F78B
:10AEF000DBFE00265A4F73E03868C16F7C20704338
:10AF00000C186BD02089002868D0617BC9075FD0FE
:10AF10000005000D21462A310190102211910CA844
:10AF2000E8F7C8FC07A9204600F006FB00283CD043
:10AF30000198F6F75CF80B90207B80070CD0019805
:10AF400002F012FB0246474B0021012002F0DEF81E
:10AF5000207B0009000120730220049001980390D7
:10AF6000032002903921286849014118897B012377
:10AF7000890712D5D902083040181322C06C02216B
:10AF800003F0B6F9010008D0039A8A80029A0023E0
:10AF90008A71CB71049803F097F90B983A280AD07C
:10AFA000607B40084000607312E007A90198F6F743
:10AFB00017F80B90F1E710220CA91198E8F77AFC2A
:10AFC00072B62868FB224030C1791140C17162B667
:10AFD000A07A002802D0204600F064F9761CF6B270
:10AFE0002868A030007BB04286D830E006A93868D7
:10AFF00003F0FBFF0698808801F012FF010022D0C9
:10B0000006988268127B052A05D08B7A102B05D909
:10B01000F12B03D00BE002F0EDFB14E074235B5C3A
:10B02000DB0702D0012A0ED101E00B2A0BD101F07F
:10B0300075F9002807D0FD2805D00699386803F077
:10B0400082FF13B0F0BD01210698FCF787FE386837
:10B0500003F0A2FF0028C9D0F3E700000425002078
:10B060000C2500203075000070B501F0D9FE0400F9
:10B0700007D07420005DC0070AD0207B800707D16D
:10B0800001E0402070BDA07A002803D0F12801D053
:10B09000462070BD1A4E3068807EC04380072BD09A
:10B0A000208920220105090D0020FCF7FBFD050089
:10B0B00024D00220E880A8680B2101733068817DCC
:10B0C000C37D4A081143CA07417B007BD20FC007EA
:10B0D000C00F00F056F80146306880300173A86850
:10B0E00041732146284601F06BFA0028D1D1217B1B
:10B0F00001221143217370BD382070BD642070BDE2
:10B100000C25002070B50E4602230446C1061248E5
:10B110001546006803D51E22BF210C4008E03921E6
:10B1200049014118C97B890601D4002070BD1B224A
:10B130002107890E08180121C9024018C06C214658
:10B1400003F0D6F8010005D08E8020468D6003F014
:10B15000BBF8EAE7072070BD0425002001700A0A49
:10B1600042700A0C8270090EC170704701784278F3
:10B1700013028278C0781204000610431843084373
:10B180007047C007C907C00F490F0843D107090F0F
:10B190000843D907C90E084370470000F0B50724DB
:10B1A000059E069DC4808468D2072173084C81687F
:10B1B0002468D20F277E4F7381688A738168CB73AE
:10B1C0008168E27B0A7481684E7480688574F0BD82
:10B1D0000C2500200146896800204A7B042A05D8F6
:10B1E0008A7B012A02D8CA7B920701D50A207047C0
:10B1F000044A097C1268927B914201D31029F6D946
:10B20000062070470C250020F0B587B004461C22AC
:10B2100022496846EFF706FD227E0321D0438307CB
:10B220001F48002B006804D0E37A1D0705D5D50719
:10B2300001D0E1771CE09207FBD4E27E05252A428B
:10B2400012D0627E057E960096196F46F619AD5DA6
:10B25000E577002D0CD11B0708D4012A02D1027E0C
:10B26000012A01D0022202E0012200E00422E2775A
:10B27000407BC007C00F02D0E07F012806D0E07AF3
:10B28000000709D5E07F022804D005E0E1774720D8
:10B2900007B0F0BD0020E0730020F9E794450610E8
:10B2A0000C250020F0B50446807A2646603695B01D
:10B2B000102820D0D1287BD0D22879D0D32877D09D
:10B2C000D42875D0D52873D0F02875D0FE2877D033
:10B2D000A2287FD0B2287DD0B42868D0BF282046CD
:10B2E00077D0E8F7A7FCE07A000702D52046E8F718
:10B2F00011FD15B0F0BD60786A46C107C90FA01CEA
:10B30000FFF70EF90227474D00282AD0FCF7A2FFCD
:10B31000002824D0307DC00721D0FFF769F9FA2832
:10B320001DD000281BD0E079400618D502201490CB
:10B330003921286849014118C97B26890123090759
:10B340000DD5DD02083040191A223946C06C02F0D2
:10B35000CFFF010003D08E80149802F0B5FF0020CB
:10B360004AE069462046FFF7BBF920890104BAD5B7
:10B370000221149106053921286849014118897B69
:10B38000360D01230907AED5DD020830401915221C
:10B390003946C06C02F0ACFF0100A4D08E80149836
:10B3A00002F092FF9FE703E006E009E012E027E0E9
:10B3B000204600F041F996E7204602F0DFF992E7D7
:10B3C000307D00068FD57C2200212046E8F776FAF2
:10B3D00089E724E0E07A000704D52046E8F796FCE8
:10B3E000002880D0E07F022802D1E07EC006D9D5B7
:10B3F000307DC00702D0B420A07274E7A420FBE720
:10B40000204610216430F5F743FBE07A000703D5AE
:10B410002046E8F763FC66E7B521A17263E702F016
:10B4200035F960E70425002010B57421095CC907CF
:10B430000BD1817AA42909D0AC2916D0AF2904D127
:10B44000417F002914D0D021817210BD0446102103
:10B450005430F5F71DFBE07A0007204602D5E8F7E7
:10B4600039FC10BD00F0A8FC10BDE8F7DFFB10BDF3
:10B4700002F00CF910BD10B50146807AA92802D15E
:10B48000002000F059FC10BD10B50446807AAA28AF
:10B490000BD0BA2809D0B92810D07420005DC0079D
:10B4A00002D12046E8F7CEFB10BD204602F032FD67
:10B4B0000028F9D0012300220B210DE0E07F0428B1
:10B4C000F2D1E07E410602D5BA20A07210BD00067E
:10B4D000FCD5012300220C21204602F096F910BD74
:10B4E00070B50446134800250268402128463C32C6
:10B4F00002F029FE002804D002F05EFD02F08AFB73
:10B500000DE0E07A4106890F03290AD07421095D14
:10B51000C90708D0400602D5204602F08BFC284619
:10B5200070BD0125FBE78106F9D49B210840E0723C
:10B53000F2E700000C250020FEB504460020009034
:10B5400025462646A07A2A3532360F46BC2821D019
:10B55000F12810D1E07A00071CD42046203001AA3F
:10B560002946029001F09CF90222314601A8E8F731
:10B57000A9F9002806D0224629463046FEF78AFF60
:10B580004120FEBD09482B4600686A46029980307A
:10B5900001F032F8102200213846E8F78FF9227FB7
:10B5A00029463846E8F786F90020FEBD042500202C
:10B5B00010B58268527B4A768268927B012A03D159
:10B5C0000A7E02231A430A761A4B82681B68D27BD2
:10B5D00080331A728468647C5C728468A47C9C7278
:10B5E0008B7ED407E40F23438B76CB7E042422404A
:10B5F0001343CB768268127C0A777422525CD2079E
:10B6000012D08B7F0522DC08E4008C7783689B7C5A
:10B610005B075B0F23438B778068083080180079C5
:10B620004007400F487710BD836806225B7C5B07AC
:10B630005B0FF0E70C250020F0B58DB00027054624
:10B640000797008920220105090D3846FCF72AFBDF
:10B6500004006DD02E466036307DC106284620306D
:10B660000290002906DB0221F5F712FA307D102145
:10B6700008433075A87A2E462236D12808D0D22821
:10B680001AD0D3282CD0D42835D0D52852D047E092
:10B6900008213046F5F7FCF92C4803AB006807AAEF
:10B6A0000299803000F0A8FFA068062101731120E4
:10B6B000E0802A7F03AB1CE00B20E080A06807211C
:10B6C000017307AA3146029801F0EAF807AB02229B
:10B6D00005212046FCF796FB0822334607211CE093
:10B6E0001120E080A0680821017308A800F0AAFFDB
:10B6F00029E0052111E069460F7108A901A801F0B0
:10B7000081FF0820E0800921A068062201736946B4
:10B71000A0680979417308AB11462046FCF772FB1B
:10B720002946204600F04CFF002801D1DD20A872F8
:10B730000DB0F0BD1120E080A0680A21017308A9B6
:10B74000284600F06DFF08AB1022D2E70425002048
:10B75000F0B599B016460D4604463C2200216846D5
:10B76000E8F7ACF81022294604A8E8F7A3F8E07F30
:10B77000464D022802D0032806D00BE02868016954
:10B780006846FFF7EBFC05E02968102268461C318B
:10B79000E8F790F8012108A801702A68117E41702D
:10B7A000207EC107C90F08A8817011468031CB7A6D
:10B7B000C370D27B02710722427182710222C27170
:10B7C000627E0272207E8007C20F08A842720A7A47
:10B7D0008272227FC2724A7A0273897A41730F3071
:10B7E000471E05463946FDF79DFC60780622C107D5
:10B7F000C90F08A841751630A11C1790E8F75AF830
:10B8000011A807220130F91FE8F754F80FAC0722FE
:10B81000A01C08A9E8F74EF80122601CE11FE8F718
:10B8200049F8012239460FA8E8F744F80020694694
:10B8300013AF0A18127C235C5A403A54401CC0B221
:10B840001028F6D3324639466846F5F785FB1022B4
:10B8500000210FA8E8F732F806222946A01DE8F7D4
:10B8600029F806220FA81799E8F724F80021705C40
:10B87000625C50407854491CC9B21029F7D3324653
:10B8800013A96846F5F768FB19B0F0BD0C25002038
:10B89000F0B599B016460D4604463C220021684694
:10B8A000E8F70CF81022294604A8E8F703F8E07F2F
:10B8B0004A4D022802D0032806D00BE0286801690F
:10B8C0006846FFF74BFC05E02968102268461C31EA
:10B8D000E7F7F0FF012108A80170617E4170207E2A
:10B8E0008007C10F08A881702A68114680310B7A41
:10B8F000C370237F03714B7A43718B7A8371022368
:10B90000C371137E0372207EC307DB0F08A8437246
:10B91000C97A8172D17BC172607F4107490F08A843
:10B920000173A07F4107490F08A841731630471ED5
:10B9300005463946FDF7F6FB60780622C107C90FB8
:10B9400008A881730F30A11C1790E7F7B3FF11A867
:10B9500009A9072201300331E7F7ACFF0FAC07223A
:10B96000A01C08A9E7F7A6FF01223946601CE7F7EB
:10B97000A1FF01220FA8F91FE7F79CFF00206946ED
:10B9800013AF0A18127C235C5A403A54401CC0B2D0
:10B990001028F6D3324639466846F5F7DDFA10220C
:10B9A00000210FA8E7F78AFF0622A01D1799E7F7E5
:10B9B00081FF062229460FA8E7F77CFF0020315CB3
:10B9C000225C51403954401CC0B21028F7D3324693
:10B9D00013A96846F5F7C0FA19B0F0BD0C25002090
:10B9E0007FB5AC218172817B05468A072A350446E2
:10B9F000002A09DA102200216846E7F75FFF69464E
:10BA00002B460A46AD250FE0C80701D1480719D5D6
:10BA100021464A312246E07A5232000701D52B46B0
:10BA200001E023463A33AE2520890005000DFDF7DD
:10BA3000C3FF00280BD03A2801D00C2800D10020E9
:10BA400004B070BDC808C000A0734620F8E7A17B11
:10BA5000CA0703D010221143A173F125C9B2C90846
:10BA6000C900A173A572EBE7F8B502684168926856
:10BA7000FD20137B0E2B13D1CB7ADB0610D5CB7FA9
:10BA8000022B0DD14B7E022B0AD174235B5CDB07AA
:10BA90008B7A06D0B22B0AD0B42B08D0B52B06D0A7
:10BAA000F8BDA22B03D0A42B01D0A52BF8D1088977
:10BAB000392105050D484901006802264118C97B56
:10BAC0002D0D547B012349060ED502218F0208302B
:10BAD000C0191C22C06C02F00BFC010004D08D8048
:10BAE0008C71304602F0F0FB0020F8BD04250020E8
:10BAF00010B5036841689A68FD20127B0B2A07D0B5
:10BB0000022A0ED0032A13D0042A1ED0FC2010BD16
:10BB10008A7A002A01D0F12AF9D1184600F02EFACB
:10BB200010BD8A7AA12AFBD1184600F0F1F910BDA8
:10BB30008A7AA52A05D0A22A01D0A42AF7D1FF200B
:10BB400010BD184600F0F8F810BD8A7AA62AFBD17D
:10BB5000184600F06BF910BDF8B507468068FD2562
:10BB6000007B0C46012806D003285AD0042870D048
:10BB7000FC252846F8BDA07A00280AD0F12808D074
:10BB8000FB28F6D1012300220921204601F03DFEC9
:10BB900065E00026208901F0E7FC02460021314BD8
:10BBA000084601F0B3FA207BC14389070AD0810718
:10BBB00014D5012108432073207B0107890F012937
:10BBC00011D00BE00C210840D4D00428F4D0082870
:10BBD00025D00C2800D10126002ECAD02146384697
:10BBE00000F0DEFA3BE0FB21084008210843207307
:10BBF0001D483921006849014118897B02248906C2
:10BC00000DD502218B020830C0181722C06C00230A
:10BC100002F06EFB010002D0204602F055FB4320EB
:10BC2000F8BDA07AB5280FD0B22801D0B428A0D191
:10BC3000C87F02289DD10D480068007E022801D0EF
:10BC4000042896D1FE2594E7384600F0E1F906E095
:10BC5000FFE7A07AB6288CD1384600F017FA0546DF
:10BC600087E7000030750000042500200C25002027
:10BC700010B5026841689368FF201B7B0C2B03D032
:10BC80000D2B14D0FC2010BD8B7AA22B01D0B22B2F
:10BC9000F9D174235B5CDB07CB7A05D05B06F2D469
:10BCA000104602F085F810BD9B06F9D410BD8B7AC2
:10BCB000AB2B01D0BB2BF9D1104602F0F1F810BD2F
:10BCC000F8B504460025FFF79FFA472803D0E07F28
:10BCD000022802D026E0E57F24E015480068007DB8
:10BCE000002821D002200090208939210605114822
:10BCF00049010068360D4118897B012349070DD59C
:10BD000002218F020830C0191422C06C02F0F0FA30
:10BD1000010003D08E80009802F0D6FAE07EEF2179
:10BD20000840E0762846F8BDE07E10210843F8E799
:10BD30000C25002004250020F8B5074608890C468C
:10BD40000105090D20220020FBF7ACFF05000DD0F6
:10BD500026462A36002F05D03346102205213846C4
:10BD6000FBF760FFE07F022802D009E06420F8BD05
:10BD70002046102231466430E7F7A4FD002814D095
:10BD80001120E880A868042101732346543310224F
:10BD900005212846FCF736F82146284600F010FC1D
:10BDA0000028E4D1A621A172F8BD01232A4608216A
:10BDB000204601F02AFDF8BD30B50446008989B05F
:10BDC0000105090D20220020FBF76CFF050009D0BA
:10BDD000E07A000709D568460590049404A8E7F7BF
:10BDE00081FF08E0642009B030BD21466A46543125
:10BDF0002046FFF7ADFC1120E880A86803210173FD
:10BE00006B46102205212846FBF7FCFF21462846F9
:10BE100000F0D6FB050007D12046102269466430A9
:10BE2000E7F748FDA520A0722846DCE7F0B50B46F1
:10BE300093B00C4664330025102205210993FBF7CB
:10BE4000F1FEE07A00070BD504A80F900E940EA81F
:10BE5000E7F74CFF0546EB2807D1002013B0F0BDF3
:10BE600004AA20460999FFF773FC21462A311022C3
:10BE70000F4604A8E7F726FD002806D000231A463F
:10BE80000421204601F0C1FC3CE0204E217F3068B7
:10BE9000C07B814200D92077E07A000703D5204695
:10BEA000E7F728FF2FE0102200216846E7F706FD9C
:10BEB000E07F022802D0032806D00BE03068016939
:10BEC0006846FFF74BF905E03168102268461C31DF
:10BED000E7F7F0FC22460AAB54326846099900F0B5
:10BEE000C5FB102200213846E7F7E8FC227F0AA9AB
:10BEF0003846E7F7DFFCA07B02210843A073204609
:10BF0000E7F794FE05462846A8E700000C25002028
:10BF10007CB50C460646A425FFF75CF900281BD12A
:10BF2000E07A000707D5684600960194E7F7CEFE51
:10BF3000002811D1A225A07EFB2140084000A07658
:10BF4000E07E0840E07621463046FFF731FB204690
:10BF5000FFF7B6FE002808D0642805D0014601236B
:10BF60000022204601F051FC7CBDE17F022903D173
:10BF7000E17EC90600D4A225A5727CBDF8B50C46A9
:10BF8000897A0026A039502901D80020F8BD8068A0
:10BF90001D4F457B3868807D022803D1280701D4D6
:10BFA000032024E0A07B80210843A073208901F0B6
:10BFB000DBFA02460021154B084601F0A7F8A07AEB
:10BFC000F12806D1680704D520894004800F00D1EC
:10BFD00001263868E906C90E8030017320890022E5
:10BFE0000005000D3146FEF7C7FE0028CED0A17B2C
:10BFF0004906490EA1736428C8D0014601230022D6
:10C00000204601F002FCF8BD0C2500203075000030
:10C0100070B5064608890C4601058AB0090D202234
:10C020000020FBF73FFE050012D0002E06D023466D
:10C030002A33102205213046FBF7F4FDE07A000791
:10C0400009D505A80290019401A8E7F757FE08E07A
:10C0500064200AB070BD214605AA64312046FFF76E
:10C0600017FC1120E880A8680321017305AB10229A
:10C0700005212846FBF7C6FE2146284600F0A0FA17
:10C080000028E6D1B621A172E3E70000F0B506462C
:10C0900093B00020059008890C460105090D202267
:10C0A0000020FBF7FFFD050019D023465433102272
:10C0B000052130460293FBF7B5FDE07A01072046E3
:10C0C0002A30019000290DDA0FA8089005A80990E0
:10C0D00006A80A90079407A8E7F714FE10E064206A
:10C0E00013B0F0BD0FAA20460299FFF7D1FB102232
:10C0F0000FA80199E7F7E6FB0590BC206946087692
:10C10000264605986436254F002809D001232A4683
:10C110000421204601F079FB059800281BD03AE065
:10C120001120E880A86804210173334610220521FC
:10C130002846FBF767FE2146284600F041FA002812
:10C14000EAD16846007EA0723868217FC07B8142B8
:10C15000E2D92077E0E7E07A00071CD41022002122
:10C160000BA8E7F7ABFBE07F022802D0032806D03C
:10C170000BE0386801690BA8FEF7F0FF05E03968AD
:10C1800010220BA81C31E7F795FB31460BA8019B49
:10C19000029A00F06BFA0020A2E700000C250020B4
:10C1A000F3B55D4E00253068B427807E83B0C04370
:10C1B0000C4680070ED0208920220105090D0020A1
:10C1C000FBF770FD0290002807D0A17A0020F1292A
:10C1D00005D032E0082005B0F0BD6420FBE7E17E29
:10C1E0002F221140E1763168237FC97B8B4204D036
:10C1F000039A9268127C8A4207D8039A92689446FE
:10C20000127C9A4203D08A4201D8607715E0617FA0
:10C210008A0600D50225490601D504210D43614651
:10C22000497CA94203D001221543A94202D160777B
:10C23000A07702E0204601F06BF8B020A0723168D0
:10C24000887EC243920701D0401C88760398FEF78F
:10C25000C1FF039900288968CD7B4BD13068817D6F
:10C26000022903D12A0701D4032043E04A081143DD
:10C27000CA07C37D417BD20F007BFEF782FF0646D3
:10C28000354018200540E572280705D52046E7F718
:10C2900007FD00282ED1B227204601F013FAF0073F
:10C2A00000D00220A0767007C00FE07621460398E8
:10C2B000FFF77EF92046FFF703FD00281AD1E07F43
:10C2C000022803D1E07EC00600D4B227A07F617FA0
:10C2D00040074907400F490F00910190227E3346E5
:10C2E00002210298FEF75AFF2146029800F068F9F1
:10C2F000002806D0014601232046029A01F085FA63
:10C3000069E72189072212039143218102490968C3
:10C310008031CE72A7725EE70C2500207CB5054601
:10C32000C87A0C46000706D5684600950194E7F7E1
:10C33000F5FCFC2822D17420005DC00704D0214602
:10C340002846FFF709FC04E0684600950194E7F7EA
:10C3500075FCFC2812D12146284601F07DF84528BD
:10C3600003D047280BD0FC2808D1E17AFD2009072B
:10C3700004D5684600950194E7F7D4FC7CBDFD2008
:10C380007CBD000038B514C8D07F02280FD1084802
:10C39000D17B0068491E03690094CB40DB0701464E
:10C3A000DB0F90313C305432803300F072F938BDED
:10C3B0000C25002038B514C8D17F0023032904D0F0
:10C3C0000C480229006804D00AE0AA209072EB20F1
:10C3D00038BDD17B0369491ECB40DB07DB0F8033BF
:10C3E00001463C3190306432009400F052F9002054
:10C3F00038BD00000C2500201CB50446C07F042871
:10C4000006D0AA21022820D0012800D1A1721CBD8B
:10C4100001A8009010482346006822460146643374
:10C42000543290313C3000F00FFAB920A07201A8CC
:10C43000FEF79CFE0949E3F7CFFE20890A46010575
:10C44000090D0220FEF75EFE1CBDE07B1428DDD244
:10C45000A420A0721CBD00000C25002040420F004B
:10C4600010B50B4A016812688968927D4068C97BE3
:10C47000022A03D10A0701D4032010BD1823C27A6F
:10C48000DB4319430A40C272E7F70AFC10BD000003
:10C490000C25002010B5C17F012908D0042906D041
:10C4A000022907D0032901D101F03CFC10BDA521D0
:10C4B000817210BDC17B491CC173FFF77DFC10BDAB
:10C4C00038B514C80A48D17F00230068022906D174
:10C4D000D17B0369491ECB40DB07DB0F803301466C
:10C4E00090313C306432009400F0D3F838BD000045
:10C4F0000C250020FEB50468416802918668C56875
:10C50000BA20287000203060E17F1F4804291ED027
:10C5100002291BD10068E77B01697A1ED140CB0755
:10C52000029900910146DB0F224654323C31903093
:10C53000803300F0AEF8214610222A310298E7F746
:10C54000C1F93060142F01D2B4202870FEBD01A9BA
:10C5500000910068234601462246643354323C3140
:10C56000903000F071F9B920287001A8FEF7FEFDA7
:10C570000649E3F731FE20890A460105090D02202C
:10C58000FEF7C0FDFEBD00000C25002040420F005C
:10C5900010B5C17F012908D0042906D0022909D08D
:10C5A000032901D101F0BEFB10BD01460020FFF7B9
:10C5B0002FFD10BDC17B491CC173B521817210BD17
:10C5C00070B50D46064601460620F5F7ADF90400A4
:10C5D00005D000213046FBF7C1FB204670BD2889FD
:10C5E00000F0C2FF02460021024B084600F08EFD1B
:10C5F000F3E70000307500007FB50024009401943B
:10C60000029403940D786C46257049786170117816
:10C61000A1705178E1701A466946F4F79DFC7FBD20
:10C6200008B50B4605A2014612680548009200684D
:10C630006A4620318030FFF7DFFF08BD01000000AF
:10C64000042500201CB507A10968009103460021BC
:10C6500005480191006801AA69469030FFF7CCFFB8
:10C660001CBD000001000000042500207FB5164617
:10C6700004461D46082202A8E7F71CF908223146A5
:10C680006846E7F717F92A4669462046F4F764FC3E
:10C690007FBDF0B599B00E461C46174601460123F2
:10C6A000202268461E9D01F03EFD012320223146D6
:10C6B00008A801F038FD10A80470012310223946A3
:10C6C00011A801F030FD15AB11AA4121684603F015
:10C6D00020F80123102215A9284601F024FD19B0E5
:10C6E000F0BD0000FFB5A3B00F4605461C4638223A
:10C6F00025A16846309EEEF795FA012320222946AF
:10C700000EA801F010FD16AB2D4A20210EA803F053
:10C7100000F801A8012310223946013001F003FD81
:10C7200005A8012310220130259901F0FCFC08A87E
:10C73000447101230622801D2C9901F0F4FC08A805
:10C740002D990173012306220D302E9901F0EBFC87
:10C750001AAB16AA3521684602F0DBFF012310222E
:10C760001AA92F9801F0DFFC0121684601701EAB69
:10C7700016AA352102F0CDFF012310221EA9304652
:10C7800001F0D1FC27B0F0BD0062746C65000000C0
:10C790000000000000000000000000000000000099
:10C7A0000000000000000000000000000000000089
:10C7B0000000000000000000000000010000000078
:10C7C000AD450610FFB599B0044601231022684616
:10C7D000229F259E279D01F0A6FC0123102204A87C
:10C7E0001B9901F0A0FC0123102208A81C9901F05C
:10C7F0009AFC0123032239460CA801F094FC08A8F6
:10C800002399C174012306220DA8249901F08BFC01
:10C8100008A88676012306221B30269901F083FCA6
:10C8200001231022214615A801F07DFC11AB15AAA9
:10C830004121684602F06DFF0123102211A928460C
:10C8400001F071FC1DB0F0BDF0B59DB00D461E4667
:10C8500017460146012320226846229C01F063FC12
:10C8600001232022294608A801F05DFC01231022A3
:10C87000314610A801F057FC01231022394614A8B4
:10C8800001F051FC18AB14AA5021684602F041FF98
:10C89000012304221BA9204601F045FC1DB0F0BD78
:10C8A000F0B5054691B019A000680D9000200E90DB
:10C8B0001748144600680E4605AB0EAA0DA9903025
:10C8C000FFF79AFE05A80F906F461022002101A8DD
:10C8D000E6F7F4FF0822314601A8E6F7EBFF09AAC4
:10C8E00001A90F98F4F738FB022209A93846E6F7A8
:10C8F000E1FF684600782978484020706846407813
:10C9000069784840607011B0F0BD0000030000007D
:10C910000425002010B586B0044601A8FFF792FE5A
:10C92000F4F78CF969468870000A4870F4F786F9C4
:10C9300069460870887840214006400E08436946E1
:10C94000887005AA01A800F080F8032205A92046F6
:10C95000E6F7B0FF03226946E01CE6F7ABFF06B03E
:10C9600010BD38B50B460446C11C6A46184600F097
:10C970006CF8032221466846E6F7A4FF002800D0A1
:10C98000412038BDFFB593B014460FAA0BA91398E8
:10C9900000F076F81022002102A8E6F78FFF0025AC
:10C9A00002AE06AF1DE0281D81B206AB102214981E
:10C9B000FBF738F90020315C3A5C51403154401C9F
:10C9C000C0B21028F7D306AA02A91398F4F7C4FA44
:10C9D000102206A902A8E6F76DFF1035103CADB293
:10C9E000E4B2102CDFD827D01022002106A8E6F7E9
:10C9F00065FF002C08D01020001BC3192D1DA9B203
:10CA000022461498FBF70EF980200F21091B785459
:10CA10000FAC0020395C225C5140325C51403154F3
:10CA2000401CC0B21028F5D302A9169A1398F4F747
:10CA300093FA002017B0F0BD2D1D0BACA9B206ABC8
:10CA400010221498FBF7EEF8E3E770B588B01646AD
:10CA50000C460546102200216846E6F72FFF032208
:10CA600021466846E6F726FF04AA69462846F4F7F9
:10CA700073FA032204A93046E6F71CFF08B070BD24
:10CA8000F0B589B00346002015460C460090019091
:10CA90000290039004AA69461846F4F75DFA6846C6
:10CAA000C07F8727000600286E46214604A80DDABD
:10CAB00000F025F8684607700020215C325C514088
:10CAC0002154401CC0B20F28F7D301E000F017F842
:10CAD000E07B2946000620460ED500F010F8684697
:10CAE00007700020295C325C51402954401CC0B2C0
:10CAF0000F28F7D309B0F0BD00F001F8FAE730B520
:10CB0000027852000A7001221446835C85185B0685
:10CB10001B0E8B54203DED7F2D0601D523438B54F6
:10CB2000521CD2B20F2AF0D930BD000010B50F4C04
:10CB3000FF220021206802F0FEF9206800218176A2
:10CB4000C17601224273072383731023C3730276D5
:10CB50000175016102738175C17519461C30F3F7C7
:10CB600097FF0020E7F798F810BD00000C25002083
:10CB70007CB508380E4EC4B230687C21C06F4C437F
:10CB80000519288900230105090D0122022000F062
:10CB900077FB0220694600950871684600F016FF91
:10CBA00030687C22C06F00210019E6F787FE7CBD4B
:10CBB0000C250020F8B507460D460026888800F0B1
:10CBC0002FF9040064D0012F02D0002F09D062E0B9
:10CBD000E88841285ED833482946006802F0C6F943
:10CBE0005DE0A868007B06280BD0D52107280AD075
:10CBF000082819D0092819D00A281CD00B281ED0C3
:10CC000049E0D22006E0A07ADD2844D1A07F820747
:10CC100002D5D320A0723EE0400701D5A1723AE0D0
:10CC2000204600F05BFB36E0D420F3E7A07ADD2855
:10CC300031D1A07FF0E7A07ADD28F1D02BE0207B76
:10CC40008107890F012926D18843022108432073D7
:10CC500015483921006849014118897B4227C906D6
:10CC60000ED50121C902083040181622C06C0023DD
:10CC7000394601F03DFB010002D0384601F024FBAB
:10CC8000A07AF12807D1207B04210843207302E019
:10CC9000012F00D1012631462846FBF75FF800201E
:10CCA000F8BD00000C2500200425002000B500057B
:10CCB000000D00F0B5F8002806D0017B0A07920F9E
:10CCC000022A03D0462000BD402000BD0C221143A3
:10CCD0000173002000BD10B50C4600F0A1F800283B
:10CCE00007D0817A002904D0007FA04201D3002020
:10CCF00010BD5F2010BD10B594B0044600F090F850
:10CD000000281AD041786A46C907C90F801CFDF770
:10CD100007FC00280DD0204600F082F800280CD037
:10CD2000817AF12907D1807EC10704D0800702D51E
:10CD3000002014B010BD5E20FBE74020F9E70000A2
:10CD4000FFB59C46224B00241B6820490646A033B1
:10CD500081B02746204609681D7B08E07C23CC6F04
:10CD60004343E4182389002B0DD0401CC0B28542F8
:10CD7000F4D8854227D0002F25D003202070002A28
:10CD800003D0012002E00127F3E7002060700622B3
:10CD90006146A01CE6F78EFD26811020A072204679
:10CDA0006030029901750B994175062216300A9977
:10CDB000E6F780FD2046042200210C30E6F77EFDD8
:10CDC0000020C043606105B0F0BD00000C250020CC
:10CDD0000425002010B5412400F022F8002805D0D9
:10CDE0006030017D8022114301750024204610BD72
:10CDF00010B5002400F014F800280ED00089C104FA
:10CE000007D50124810401D5032402E0410400D5A3
:10CE10000524000401D408200443204610BD00006E
:10CE200070B500281BD003050F48002100680D4A8B
:10CE30001B0DA0301268047B0FE008467C2670436F
:10CE4000D56F0830285A0005000D984203D17C2286
:10CE50005143681870BD491CC9B28C42EDD80020FE
:10CE600070BD00000C250020042500201CB5FFF734
:10CE7000D7FF040016D0208900F076FB02460A4B4B
:10CE80000021012000F042F920890005000D00F08A
:10CE90008DFB0220694600940871684600F096FDFB
:10CEA000FE20A0721CBD000030750000F8B50746DA
:10CEB0000E4600251046FFF7B3FF040071D0002E88
:10CEC0000BD120890121090308432081E17F022938
:10CED0000DD003290BD0042909D020890105090DA3
:10CEE000002E10D07420005DC00723D03DE0E17A11
:10CEF000090702D50121890301E001214903084303
:10CF000001052081090DA07ABC2806D0AD2806D0E5
:10CF1000AE2806D0F12807D037E0BF2002E0AF20CE
:10CF200000E0F020A07230E0032F2ED100231A463B
:10CF3000422028E0A07AF12817D12648392100683C
:10CF400049014118897B422589060ED50121C90274
:10CF5000083040181722C06C0023294601F0C8F998
:10CF6000010002D0284601F0AFF900200125A0728F
:10CF7000032F0AD10522062E00D104222089002386
:10CF80000105090D022000F07BF97420005DC00747
:10CF900008D0207B810700D0012500090001207303
:10CFA0000CE016E0A07BC10608D5EF210840A07375
:10CFB000010603D54006400EA07301E0002D08D005
:10CFC000208900F0D1FA0246034B0021012000F035
:10CFD0009DF8F8BD0425002030750000F0B585B03F
:10CFE0000E4607461C46154602A804A9FCF79AF807
:10CFF0006946097C02A80191009023462A463146E1
:10D000003846FFF79DFE05B0F0BDFFB585B015466B
:10D010000E461C46062202A80F9F0E99E6F74AFC10
:10D0200002A8FBF742FE002806D0012069460874DA
:10D03000A80706D53B4605E002A804A9FCF772F84C
:10D04000F6E723466946097C02A8019100902A462A
:10D0500031460598FFF774FE09B0F0BD70B515466E
:10D060000E46FFF7DDFE040013D0607B012108436C
:10D070006073A07ABC280CD0E07A000709D420465F
:10D08000082231462A30E6F715FC32342570280A8A
:10D09000607070BDF8B51B4EC00031680546803128
:10D0A0000A68083D515D40234906490E51553268D2
:10D0B00019438032126800245155851F124F1AE01F
:10D0C000306880210958C26F20467C235843009065
:10D0D000801C101849190622E6F7F4FB002808D135
:10D0E0003068C16F00980818817AFB2901D110219E
:10D0F0008172641CE4B23868A030007BA042DFD8A3
:10D10000F8BD00000C250020042500207FB5002478
:10D11000002902D0012902D002E0082500E0002504
:10D12000A9186A4611730293012809D000280AD170
:10D130001046F4F7D3F96846F4F784F9044602E0A0
:10D140001046F4F7CBF9204604B070BD70B5054623
:10D1500000F076FA002801D0462407E004480024B5
:10D1600000680C2229460C30E6F7A4FB204670BD6F
:10D170000C25002030B50C4A002113680B4A1268B8
:10D18000A032147B0AE07C224A43DD6F0832AA5A9F
:10D19000002A01D0462030BD491CC9B28C42F2D8C9
:10D1A0001876002030BD00000C250020042500204A
:10D1B000F0B58BB00F46CE88FFF732FE050032D0B7
:10D1C00007A900F00FFA002802D05A200BB0F0BDDA
:10D1D000083EB1B26B460C223846FAF723FD68468A
:10D1E0000178407802026846807803046846C07877
:10D1F00004061C43144368690C43411C01D0A0423F
:10D200000CD2F2B203AB394607A8FFF7BBFB0822EA
:10D2100005A901A8E6F756FB002801D00520D5E7AF
:10D2200000206C61D2E74020D0E7000070B50D46C9
:10D2300001230446C1061148006803D51822BF2106
:10D240000C4008E0392149014118897B090701D4C4
:10D25000002070BD15222107890E08180121C9027E
:10D260004018C06C214601F043F8010004D08D80C5
:10D27000204601F029F8EBE7072070BD04250020C7
:10D28000F8B51D460F4601230446C106124816464E
:10D29000006803D51622BF210C4008E0392149015E
:10D2A0004118897B890701D40020F8BD132221078A
:10D2B000890E08180121C9024018C06C214601F0EE
:10D2C00017F8010006D08F808E71CD71204600F0D6
:10D2D000FBFFE9E70720F8BD0425002010B5742105
:10D2E000095CCA07417F07D0002902D0D021817292
:10D2F00010BD00F043FA10BDC906FAD5817B8A063D
:10D30000F7D5042211438173E6F790FC10BD0000AD
:10D3100030B50446A17E0020A5B0CA0779D08907A0
:10D3200077D55022002110A8E6F7C8FAFC2110A8F2
:10D330000170417860780622C007C00F014310A831
:10D340004170A11C3E30E6F7B5FA217F10A8C170EC
:10D35000607F404DC0066D4419D520464030827C28
:10D3600010A90A71C07C4871214611A808224A31CF
:10D370000230E6F79FFA214610223A312846E6F7B6
:10D3800099FA10A948788021084310A94870E07ADA
:10D39000010707D510A98870214610222A31284696
:10D3A000E6F788FAA07F052108420BD02146022229
:10D3B000203121A8E6F77EFA10A948781021084309
:10D3C00010A94870607F80060CD5214617A810224E
:10D3D00054310230E6F76EFA10A94878202108434C
:10D3E00010A94870607F40060CD521461BA810226A
:10D3F00064310230E6F75EFA10A94878402108430C
:10D4000010A948702089810404D510A94878022108
:10D4100005E01DE0400405D510A948780421084323
:10D4200010A948702089000405D510A94878082162
:10D43000084310A948702069229060692390402217
:10D4400014A96846EDF7EEFB10AD0FCDFCF75CFFBD
:10D4500025B030BD4E0000007CB50C468168054605
:10D46000087B0026821F042A7BD8A27AD02A01D00A
:10D4700047207CBD062808D0072809D008281DD0E1
:10D48000092826D00A2852D06CE023463A331AE005
:10D490004A7B214640318A74A8682346807BC87441
:10D4A0004A33082207212846FAF7BCFB607F102187
:10D4B000084360774007800F47D053E0607F8007C4
:10D4C00050D523465433102205212846FAF7AAFBEB
:10D4D00048E0607F800745D500200090062301903A
:10D4E0001A4669462846FAF733FC00281BD0A8687C
:10D4F0000622407B6070A31C11462846FAF792FB77
:10D50000607801280BD1E0798009032807D0012336
:10D5100000220821204600F078F9064622E0607FCC
:10D52000202108436077607F40070ED51AE0607FB6
:10D53000400717D523466433102205212846FAF701
:10D5400071FB607F4021084360777420005DC00755
:10D55000204603D000F012F904E002E000F096F853
:10D5600000E0452630467CBD30B502460D480068D7
:10D57000A030007B002A014612D00B4C130500207E
:10D580001B0D22680AE07C244443D56F08342C5BD1
:10D590002405240D9C4203D0401CC0B28142F2D825
:10D5A00030BD0000042500200C250020F8B50C4EED
:10D5B0000546306801F0AAFC2F0504463F0D0CE03B
:10D5C000A0882568B84207D12146306801F0EBFCFD
:10D5D00001212046FAF7C2FB2C46002CF0D1F8BD01
:10D5E0000C25002010B50B46417F490607D50146A2
:10D5F000102264311846E6F75DF9002010BD412085
:10D6000010BD0000024610B50B4800240068407DA4
:10D610001070002804D001280AD01F24204610BD15
:10D6200008460649062209687831E6F743F9F5E726
:10D630000846FAF73FFFF1E70C25002004250020FB
:10D6400030B5104A002013680F4A01461268A03214
:10D65000147B13E07C22DD6F4A43AA187425AD5C6D
:10D66000ED07957A06D0B02D06D3EAB2F02A03D89A
:10D67000012030BDA02DF8D2491CC9B28C42E9D896
:10D6800030BD00000C25002004250020C17A0A07C7
:10D69000817F03D4CA0701D0D12102E08A0702D5D5
:10D6A000D32181727047490701D5D521F9E774214B
:10D6B000095CC90704D0417F490701D0D021F0E7B8
:10D6C000F021EEE770B504460C4862780068D20796
:10D6D0008030406800254178D20F801C8A420AD1F0
:10D6E0000622A11CE6F7EEF8002804D1207E0121D5
:10D6F000084320760D46284670BD00000C2500200A
:10D7000070B500241D461646002804D0FFF7DAFF46
:10D71000002802D003E0002901D042240BE0094890
:10D72000002E0AD0012E08D0022EF6D100688030DB
:10D73000406818302860204670BD0068803040681E
:10D740000830F7E70C25002070B51C461546002967
:10D7500008D1008920220105090D0020FAF7A2FA5C
:10D76000010009D00220C880886805738868447366
:10D770000620F4F7D9F870BD642070BD7CB504466E
:10D78000008905052D0DFFF7EFFE0246174B00211E
:10D790000120FFF7BBFC2046FFF7BAFDE07F002623
:10D7A000032807D1124828220068002180304068F1
:10D7B000E6F784F82046042200210C30E6F77EF8D4
:10D7C00068460094067100F001F9F120A072002370
:10D7D0001A4629460220FFF753FD2089010404D58B
:10D7E0000105090D0220FFF721FD7CBD3075000009
:10D7F0000C25002010B50A46897AFB2904D08068E0
:10D80000417B104600F016F810BDF8B51D461446D1
:10D810000E460B46074605222146FFF795FF0446B4
:10D82000642801D1012D03D13146384600F002F8B9
:10D830002046F8BD7CB504460D460089FFF794FEEE
:10D840000246144B00210120FFF760FC20890005EF
:10D85000000DFFF7ABFE0220694600940871684690
:10D8600000F0B4F82046042200210C30E6F726F838
:10D87000E07E2F210840E076204600F00DF8FB20E6
:10D88000A072208902220105090D2B461046FFF7E0
:10D89000F7FC7CBD30750000F8B500240646012772
:10D8A000344D0CE080300168E000801C081806222E
:10D8B000B11CE6F707F8002821D0641CE4B2286800
:10D8C000417EA142EED8417E03293FD0491C4176DA
:10D8D0002868E70080300168B81C08180622B11CCF
:10D8E000E5F7E8FF2968802080310968641C224B35
:10D8F000C855E2B201210020FFF708FCF8BD2868F6
:10D90000E100803002688023505C184350542A683C
:10D9100080321268830705D5184EC30712D13843E9
:10D9200050540FE0C3070AD00223184350542A680A
:10D9300040088032126840005054114E02E03843D3
:10D94000104E5054641CE2B23346D3E700248030BA
:10D950000068E100415C4906BAD4641CE4B2032CBF
:10D96000F7D3012100243A4633460846FFF7CEFBA1
:10D97000AEE700000C25002088130000580F0200BD
:10D98000C8AF0000983A000070B50F4D064600245D
:10D990002868062280300168E000801C08183146A3
:10D9A000E5F790FF002805D0641CE4B2032CEFD308
:10D9B000412070BD2868E10080300068405C0006AE
:10D9C000F6D5002070BD00000C25002010B50168C0
:10D9D0006031097DCA070168897A0DD0B02908D362
:10D9E000F02906D806490A68917E8B0701D0491EA6
:10D9F0009176E6F75DF910BDA029F1D2F9E70000B4
:10DA00000C25002070B50546008920220105090D6E
:10DA10000020FAF747F9040018D01120E080A06830
:10DA20000D2101730D481022036805212046E033C3
:10DA3000FAF7E8F97420405DC00709D0BC262946F2
:10DA40002046FEF7BDFD002804D004E0642070BD30
:10DA5000AB26F4E7AE72002070BD00000C2500205C
:10DA6000F7B594B00D46002708A90F7204460F734E
:10DA70001022394606A8E5F721FFE07F444E022830
:10DA800009D13068694600690876020A4A76020CB4
:10DA90008A76000EC876012D0ED03068627E01466F
:10DAA00080314A72227E9207D20F8A720A7ACA7233
:10DAB000E17F032919D01EE03068017E8030417279
:10DAC000217EC907C90F8172E07F032813D1204648
:10DAD000FFF7F8FD00280ED00EAB012200212046F2
:10DAE000FFF70EFE10220E9902E0102201461C31B3
:10DAF00006A8E5F7DFFE7420025D21462046D30725
:10DB000054316430002B02D0002D0AD001E0012DE9
:10DB100007D0D3072B4307D0D30710D0012D03D054
:10DB20000DE00D910C9001E00C910D90012D08D0AD
:10DB3000D00728430BD0D00701D0002D07D04727AE
:10DB400022E011A80BAB0FAA0AA9009004E00FA8CD
:10DB50000AAB11AA0BA90090204600F01BF808AAF6
:10DB6000107B0FAA169B029211A903AC0BC430685C
:10DB700008AA127A014689310192009106ABD03091
:10DB80000C9A0D99FEF71EFE384617B0F0BD000046
:10DB90000C25002070B504466030407D049E1D4673
:10DBA000087013462146062276311846E5F782FEB4
:10DBB00060780622C007C00F2870A11C3046E5F728
:10DBC00079FE70BD10B5124C2022216808463C3009
:10DBD0009031E5F777FE002803D100F09BF800288C
:10DBE00009D020689022817E114202D18906890FD6
:10DBF00003D0382010BD1F2010BD9030F3F7B2F9CC
:10DC00000028F9D1216810238A7E1A438A7610BD34
:10DC10000C25002010B50A4C2068807E41060DD5E9
:10DC2000902108420AD1F3F7E9F9002806D12168CA
:10DC3000BF22887E104080221043887610BD0000ED
:10DC40000C25002030B50446C07A0025000710D509
:10DC5000208900F03FF8002801D0082509E0E07A8B
:10DC600001210843E072044804220068817E1143C8
:10DC70008176284630BD00000C25002010B50648EE
:10DC8000F9230068DB0020220249C018E5F712FEE4
:10DC900010BD0000FD4506100425002010B5012828
:10DCA00013D10A4C08222068817E114381762022FC
:10DCB00007493C30E5F7FEFD054920682022203168
:10DCC0005C30E5F7F7FDFFF7D9FF10BD0C2500200C
:10DCD000BD45061070B50D4A054613680C4A002074
:10DCE00012680146A032147B0DE07C22DE6F4A43AD
:10DCF000B218D67AF60704D01289AA4201D00120C0
:10DD000070BD491CC9B28C42EFD870BD0C250020F3
:10DD10000425002002480068807E0007C00F70477D
:10DD20000C25002070B588B004460025FFF7CAFC1A
:10DD30001E4E012823D105AB012200212046FFF70A
:10DD4000DFFC06AB022200212046FFF7D9FC01A828
:10DD50000090316800239031059A0846FEF799FC3F
:10DD6000102201A90698E5F7ADFD002807D004218F
:10DD7000012300222046FFF748FD054610E0207EE3
:10DD8000C10707D0800705D43068102200211C305D
:10DD9000E5F794FD7420005DC00704D0B620A072A2
:10DDA000284608B070BDA920F9E700000C25002026
:10DDB00070B51E4E0D463368997E090601D53A248A
:10DDC00032E0402205219033F9F72CFFFFF7FAFEED
:10DDD000040004D0122C1CD01F2C1ED024E0E87AA2
:10DDE000C0210843E8723068114920229030E5F7DD
:10DDF00069FD002818D10E49306820312022B0304A
:10DE0000E5F760FD00280FD1E87A04210843E872A5
:10DE10000AE0012300220B2102E001230022082155
:10DE20002846FFF7F2FC0024204670BD0C25002098
:10DE3000BD45061070B50646008941250105090D4E
:10DE400020220020F9F72EFF040025D000214522D2
:10DE5000A068F9F7A1FF05001ED14120E080A0686D
:10DE60000C2101730D4840220368052120463C33F4
:10DE7000F9F7C8FF31462046FEF7A2FB05000BD19B
:10DE8000F07A20210843F072FFF744FF002803D006
:10DE9000F07A04210843F072284670BD0C2500205A
:10DEA00030B589B00C466B4610220521F9F7BAFE51
:10DEB00004AA00212046FFF7D3FD050006D1102259
:10DEC00004A96846E5F7FEFC002806D001230022DD
:10DED0000B212046FFF799FC17E07420005DC00776
:10DEE00003D02046FFF78EFD10E0207F10210A1A94
:10DEF00021462A3140180021E5F7E0FCA07B0221F1
:10DF00000843A0732046E5F791FE0546284609B070
:10DF100030BD0000F0B5274D0446296800208A7EF8
:10DF200093B09206920F032A38D1202207A8D0314D
:10DF3000E5F7C0FC2868CF22817E26461140817615
:10DF40006036307D11AFC0072AD00FA805AB3A4626
:10DF500006A900902046FFF71DFE6A462968127E3A
:10DF60002046D0312A30039104900FA86B4685C318
:10DF70006A46137D224621466432543107A8FEF7D3
:10DF8000B1FB2A6801212046E032FFF769FD002835
:10DF900004D1317DC90708D0BB21A17213B0F0BDF7
:10DFA00006AB0FAA05A90097D4E72046FFF72AFD84
:10DFB000F4E700000C25002004480068817E0A0672
:10DFC00002D4402211438176704700000C250020C6
:10DFD00070B504680579E07A00072FD52089FFF72E
:10DFE00079FEE17A49084900E172154C002804D114
:10DFF0002168FB238A7E1A408A762168002D05D08D
:10E00000CA7E1032CA76002804D007E0C87E401CC1
:10E01000C87603E0887ECF221040887620680321EE
:10E02000C07E05090007000FE2F7D6F84019032863
:10E0300004D3FFF7C1FF21680020C87670BD00003F
:10E040000C25002070B5054600242046FFF742FE4F
:10E05000002801D0462404E0012D02D10120E5F77B
:10E060001BFE204670BD000070B51A4C0278236874
:10E07000411C987EC00626D5002A05D016480021EE
:10E080000068A030027B21E018462022D030E5F75E
:10E0900011FC20682022817E114313E07C20DD6F7B
:10E0A0004843281810D00589002D0DD0C57A2D06BB
:10E0B0000AD5012300220B21FFF7A7FB2068CF22FE
:10E0C000817E1140817670BD491CC9B28A42E5D873
:10E0D00070BD00000C2500200425002070B50D4DFA
:10E0E0000178441C2868827E5206520E82760029EE
:10E0F00002D0FFF761FF70BDFFF70CFE002802D0D1
:10E10000FFF7BCFD70BD2868402221463C30E5F792
:10E11000D1FB70BD0C250020002101E000BF491C8F
:10E120008142FBD3704770B5002407E00D5D002BE2
:10E1300007D0161B3618203EF577641C9442F5D3A1
:10E1400070BD0555F9E730B504460120002306E00F
:10E15000D55CA54201D0002030BD5B1CDBB28B42F8
:10E16000F6D330BDFEB572B63F4D08232868014690
:10E170004030C2791A43C27162B6002001276C4652
:10E18000FF0282005218D219D26C52884300401C00
:10E19000C0B2E2520328F4D372B6C8190021866BCC
:10E1A000816362B6F00702D00020E3F76BFDB00791
:10E1B00002D50120E3F766FD700702D50220E3F7E0
:10E1C00061FD300702D50320E3F75CFD002623E064
:10E1D0000D281AD2211D254A80001258204690474A
:10E1E000002812D072B62868F7224030C179114059
:10E1F000C17162B630E03A2807D21C49231D800065
:10E20000E8390A581946204690470298296840186C
:10E21000C019C06C2188018071006846415AB00065
:10E2200002902A688018C019C06C02889208920077
:10E230001418028808348A420ED0A27891070BD0B5
:10E240009107890F012901D104460834A07880087C
:10E25000C006E078CFD5BBE7761CF6B2032EDBD341
:10E26000F2F732FDFEBD000004250020084706102D
:10E2700070B5F2F743FD114D01242868E40200193E
:10E28000006C402100F0B7FC29680919C864486C8B
:10E29000402100F0B0FC296809190865886CFF214D
:10E2A000813100F0A8FC2B68082219194865044840
:10E2B00000211818E5F702FB70BD000004250020BE
:10E2C00038080000704700000A46400608D5D0789C
:10E2D0003A280AD2111D054B80001B5810461847DA
:10E2E000907880088000801C887070472046061057
:10E2F000FFB5044600262C4F83B09C460D46080609
:10E3000016D572B601AB6A466146204600F03DFC68
:10E3100000280BD068468188009882789208920085
:10E32000827001806180012662B615E062B621E04C
:10E3300001AB6A466146204600F027FC002819D050
:10E34000680609D46846818800988278920892000D
:10E3500082700180618001260098AA0081784023A4
:10E360008907890F1A40114381700599C170002EE9
:10E370000ED115E00020009072B6A8060FD401203F
:10E380003968C0020818816B08221143816362B6A4
:10E3900072B63868F7224030C1791140C17162B657
:10E3A000009807B0F0BD0000042500207047000071
:10E3B00010B507483922006852018018007C4007D8
:10E3C00004D5084649880088E3F77AFD10BD0000AF
:10E3D0000425002010B50648392200685201801833
:10E3E000407CC00602D50888E3F7B2FD10BD0000EE
:10E3F0000425002010B50748392200685201801812
:10E40000007CC00605D50A4610888978121DE3F7FE
:10E4100067FD10BD0425002010B5084839220068AA
:10E4200052018018007C000706D50B46CA78188870
:10E4300089781B1DE3F74CFD10BD0000042500206A
:10E4400008B509483922006852018018407C00074D
:10E4500008D50846C91D00918379828841880088C3
:10E46000E3F76EFD08BD00000425002010B5074845
:10E470003922006852018018007C000605D50A4642
:10E4800010888978D21CE3F743FD10BD04250020D5
:10E4900010B508483922006852018018407C800776
:10E4A00006D50B46CA78188889781B1DE3F740FD0E
:10E4B00010BD00000425002010B50848392200686E
:10E4C00052018018007C800606D50B46CA78188851
:10E4D00089781B1DE3F70CFD10BD0000042500200A
:10E4E00010B507483922006852018018407CC007E7
:10E4F00005D00A4610888978D21CE3F711FD10BDBB
:10E500000425002010B50748392200685201801800
:10E51000007C400605D50A4610888978D21CE3F7AE
:10E52000EFFC10BD0425002010B507483922006813
:10E5300052018018407C400705D50A46108889782A
:10E54000D21CFFF7BFFE10BD0425002010B5064801
:10E550003922006852018018C07B000702D5088864
:10E56000E3F788FC10BD00000425002010B5064824
:10E570003922006852018018807B000702D5088884
:10E58000E3F750FC10BD00000425002010B505483D
:10E590003921006849014018807B800601D5E3F7E6
:10E5A00051FC10BD0425002010B506483922006832
:10E5B00052018018807B400603D50878491CFFF77C
:10E5C000F5FE10BD0425002010B50748392200686B
:10E5D00052018018C07B400604D50846897800881F
:10E5E000E3F75EFC10BD00000425002010B50548CF
:10E5F0003921006849014018807BC00701D0E3F74A
:10E6000001FC10BD0425002010B507483922006820
:10E6100052018018C07B800604D5084649680088EE
:10E62000E3F730FC10BD00000425002010B50748BA
:10E630003922006852018018807B800705D5084682
:10E64000CA7889780088E3F751FA10BD04250020C4
:10E6500010B506483922006852018018807B4007B7
:10E6600002D50888E3F7D6FB10BD00000425002082
:10E6700010B508483922006852018018807B0006D6
:10E6800006D50B468A7818784978DB1CE3F7EAFB55
:10E6900010BD00000425002010B505483921006890
:10E6A00049014018807BC00601D5E3F7C3FB10BDCC
:10E6B0000425002008B50948392200685201801855
:10E6C000007CC00708D0084608310091C3888288C2
:10E6D00041880088E3F756FA08BD000004250020B1
:10E6E00010B508483922006852018018807C8007E4
:10E6F00006D50B460A79188849885B1DE3F750FC5C
:10E7000010BD00000425002010B50848392200681B
:10E7100052018018407C000606D508468B798A880D
:10E7200089780088E3F734FC10BD00000425002040
:10E7300010B508483922006852018018407C8006D4
:10E7400006D50B460A79188849885B1DE3F708FC53
:10E7500010BD00000425002010B5084839220068CB
:10E7600052018018407C400606D50B460A7918886D
:10E7700049885B1DE3F7FCFB10BD00000425002069
:10E7800008B50846C91D00918379828841880088B0
:10E79000E3F72EFC08BD000010B5074839220068D9
:10E7A00052018018807CC00704D008468978008810
:10E7B000E3F7E6FB10BD00000425002010B5064875
:10E7C0003922006852018018007C800702D5088831
:10E7D000E3F76EFB10BD00000425002010B50A46CB
:10E7E00010888978121DE3F7EBFB10BD10B50846C1
:10E7F0008A8849880088E3F71BFA10BD10B508889D
:10E80000E3F7EEFB10BD10B5084649880088E3F732
:10E81000DFFB10BD10B50B460A79188849885B1DCF
:10E82000E3F7C6FB10BD10B50A4610784978921C74
:10E83000E3F70EFC10BD000010B50848392200684F
:10E8400052018018407EC00706D00A4600201056AC
:10E850004978921CE3F7F4FB10BD0000042500206A
:10E8600008B508460021009182888178008800233D
:10E87000E3F7DEFB08BD00000EB50B483922006847
:10E8800052018018C07BC0070CD008468B894A898A
:10E890000989029301920091C38882888178008857
:10E8A000E3F7BEFB0EBD00000425002010B50748AD
:10E8B0003922006852018018C07B800704D50846C1
:10E8C00049880088E3F79CFB10BD00000425002068
:10E8D00010B507483922006852018018C07B4007F4
:10E8E00004D5088800221146E3F792FB10BD000012
:10E8F000042500207047000010B507480722006873
:10E9000012028018807FC00605D508460A7949881A
:10E910000078E2F74FFF10BD0425002010B507482E
:10E920000722006812028018807F000605D508467D
:10E930000A7949880078E3F7AFF910BD0425002073
:10E9400010B507483922006852018018C0780006C7
:10E9500004D5084649880078E3F7CCF910BD0000DB
:10E960000425002010B5074802683920400110181E
:10E970004279920605D58079800702D50120E3F718
:10E98000C9F910BD04250020084610B50E4986B00F
:10E990000A683921490151184A79920611D58979B5
:10E9A000C9070ED0847C038AC2898189049401AC92
:10E9B0000EC4811D00914379027941880078E2F705
:10E9C00023FF06B010BD00000425002008B50A484A
:10E9D0000268392040011018427992060BD58079DF
:10E9E000400708D5084609890091C3888288418874
:10E9F0000078E3F797F908BD0425002008B50A4818
:10EA00000268392040011018427992060BD58079AE
:10EA1000400608D5084609890091C3888288418844
:10EA20000088E3F7CFF908BD0425002010B507489A
:10EA300002683920400110184279920605D5C07944
:10EA4000400702D50120E3F7D5F910BD04250020C9
:10EA5000084610B5104988B00A6839214901511893
:10EA60004A79920616D5C979890713D5847F838B95
:10EA7000428B018B069403AC0EC4014612318A1FEF
:10EA8000831D0093019202914379027941880078B5
:10EA9000E2F75AFF08B010BD0425002010B5084861
:10EAA00002683920400110184279920606D5C079D3
:10EAB000C00703D00878491CE3F794F910BD0000A3
:10EAC0000425002010B508480268392040011018BC
:10EAD0004279920607D58079C00604D54A8908880C
:10EAE000891CE3F767F910BD0425002010B508481C
:10EAF00002683920400110184279920606D58079C3
:10EB0000000603D50878491CE3F764F910BD00003E
:10EB10000425002010B5094802683920400110186A
:10EB20004279920608D58079000705D50A46107803
:10EB30004988121DE3F736F910BD000004250020B6
:10EB400010B50120E3F7CEF810BD000008B5084865
:10EB50000722006812028018C07F000707D5C88806
:10EB600000908B888A7809880020E3F7B3F808BD05
:10EB70000425002008B50846891D00918388C278C5
:10EB800081780088E3F7BEF808BDF0B54488491CD9
:10EB9000A4B2E5B2A40809B21C808EB287883619E7
:10EBA000BE4204D9A6B2891B6D1C09B2EDB2A40005
:10EBB0002418083414601C88AD076418A400AD0F35
:10EBC0002C43A4B21C800388E31A9C07A40F012CD9
:10EBD00002D803D1002B01DD00230AE00123002924
:10EBE00007DA11688C78A408A400641C8C700830C3
:10EBF00010601846F0BD002202804280818070477C
:10EC000070B5C57804460E462846F2F724FE314614
:10EC10002846EFF7F3F80020E070A078BF21084005
:10EC2000A070452070BD10B50446C078F2F713FE01
:10EC30000120E070A078BF210840A070452010BDE1
:10EC400010B50446C078F2F706FE0220E070A07806
:10EC5000BF210840A070452010BD10B50446C07803
:10EC6000EFF7CCF8002806D00520E070A078BF218F
:10EC70000840A070452010BD70B5C57804460E460A
:10EC80002846F2F7E8FD31462846EFF7B7F80320AB
:10EC9000E070A078BF210840A070452070BD06211B
:10ECA000C1708178BF22114081704520704710B536
:10ECB0000446C078EFF7A2F8002806D00A20E070DA
:10ECC000A078BF210840A070452010BD70B5C57860
:10ECD00004460E462846F2F7BEFD31462846EFF7B9
:10ECE0008DF80920E070A078BF210840A070452071
:10ECF00070BD10B504460846E4F7E4FF0820E07054
:10ED0000A078BF210840A070452010BD10B5C07884
:10ED1000F2F7A1FD002010BD10B504460846E4F747
:10ED2000CDFF0720E070A078BF210840A0704520EB
:10ED300010BD00000648002102684B204001101859
:10ED40000170417003218170C17000207047000084
:10ED50000425002070B50D4D044601232868D90212
:10ED6000401890261A46C06C3146FFF7C1FA0100E0
:10ED700003D030464C60FFF7A7FA4B2029684001CA
:10ED800009180878401C087070BD00000425002098
:10ED900010B5044600202082A074A168A1616161C1
:10EDA00020602046FAF7FCFA452801D0412010BD2A
:10EDB000A0880321F8F7BAFB0446F8F739FC0028CD
:10EDC00013D072B60A48012201684920400109188F
:10EDD000487EA2401043487662B60020FBF79CF8BC
:10EDE000002802D0002000F017F9002010BD00001C
:10EDF0000425002070B5C17C0E4D4906490EC17432
:10EE0000044601232868D902401890260022C06CCD
:10EE10003146FFF76DFA010003D030464C60FFF732
:10EE200053FA4B202968400109184878401C487063
:10EE300070BD00000425002010B5C2780D4C086894
:10EE40002168A0310979C90705D0F2F721F9002816
:10EE500006D0432010BD01461046F2F7EDFCF6E760
:10EE600072B64B212268490152181178491E11705F
:10EE700062B610BD0425002070B503464322DC783D
:10EE80000026086810E005680660C17CC90702D04A
:10EE9000F2F734F903E001462046F2F7CDFC020018
:10EEA00001D043220EE028460028ECD1002A09D1E7
:10EEB00072B6054801684B20400109184878401E89
:10EEC000487062B6104670BD0425002006480168EF
:10EED0004B204001081801788078814201D9012037
:10EEE0007047002070470000042500200648016894
:10EEF0004B20400108184178C078814201D9012097
:10EF0000704700207047000004250020006870470B
:10EF100010B50446007AFF280BD00846F8F7BCFE6F
:10EF2000E17A627A89184018217A884201D9012051
:10EF300010BD002010BD00230360436041720272C7
:10EF4000C3728372704710B5044600680860206879
:10EF5000002800D1616008462160F8F79DFEE17A43
:10EF60004018E072A07A401CA07210BD10B5044693
:10EF700000200860206800280CD060680160084606
:10EF80006160F8F789FEE17A4018E072A07A401CCF
:10EF9000A07210BD2160F2E70068002801D00020B7
:10EFA00070470120704710B504460068884209D1B7
:10EFB0000268226000220260206800280BD1626093
:10EFC00009E0104602688A42FBD10A680260626862
:10EFD0008A4200D160600846F8F75EFEE17A081ABE
:10EFE000E072A07A401EA07210BD10B50446006801
:10EFF0000860206802682260002202602068002801
:10F0000000D162600868F8F747FEE17A081AE072FA
:10F01000A07A401EA07210BDF1B5FD4FFD223868E8
:10F02000D2000146851896B068301290092000027F
:10F030000818806E0F90F7480E180920C006006966
:10F040000990002014900824F348FAF7CBFD0290B1
:10F050000020139072B63868F7214030C2790A4018
:10F06000C271129801210171129801684A07520F6A
:10F070004271C9081298C900016062B6169800284A
:10F0800001D009980EE06420FAF7ACFD014609981A
:10F090000918E248427ADE480068806A10180818A9
:10F0A0000002000AF7F7BCFF686B05903A20405D4C
:10F0B0000D90082841D2012014900D9860214843FA
:10F0C0000F9940180390D648876AD448407AC00008
:10F0D000FAF7EAFD01460398403002885202891887
:10F0E000CD4A524289188F4200D239467165B82103
:10F0F00089590B794A79897912021A438907890B50
:10F100001143028B408BFF311018C3314018FAF7BE
:10F11000FFFE07465F200001FAF764FDB84204D9FC
:10F120005F200001FAF75EFD00E0384605990918F6
:10F13000BA48407AC00008181390706DFAF752FD73
:10F14000059940180190002007460390287D00286B
:10F1500009D10D98082806D3B0490020088009215C
:10F16000C906486060E168680790686C0490296887
:10F170000998401A00020412A84800884007400F6E
:10F18000F8F756FA002801D0002007E0002CFBDB3E
:10F190002046FAF789FD0499884200DA049001209C
:10F1A00080070824099000200B90297D3AE00D9AF1
:10F1B000904234D0964A12682032927D1207120F84
:10F1C00082422CD0EB6A420010930C929F5A009717
:10F1D0006B6A9A5A079B92017B43D318049A9C4608
:10F1E000934212DACA0710D02A6B0C9B079FD25A9F
:10F1F000521C93B21A467A43009F9444FA1892B272
:10F2000013460092109F0C9ABB52099A634694458C
:10F2100005D2CA0703D0009A099304460B92490805
:10F22000401CC0B20029C2D10998FAF7DBFC29685A
:10F230004718A86A6100405A8001FAF7D3FCC01948
:10F2400003907648407A5822C10071480068125CE9
:10F25000002A744A126939D0BB1A029A52009B1ACA
:10F2600038E0002001E0806A4018181A0002000A05
:10F2700001460A900120C005814209D3082C7DD0A7
:10F280002046F9F725FB6449099840180490686402
:10F2900001210A98C905884281D2082C6ED00B98AA
:10F2A000002835D0079948430490FAF79BFC296859
:10F2B00040180002000A2860696C0498081A686403
:10F2C00009990498081A002109901BE0029BBA1AB8
:10F2D0005B08D31A169A002AC5D0C2E7EA6A48002A
:10F2E00007909446105A0B9A801A04E02B6B079AE9
:10F2F000401C9A5A10180028F8DB079B6246491CEC
:10F30000D052C9B242480068A030007B8842E5D89C
:10F310000D9808286CD20598C01B01020120090A2B
:10F32000C005814223D30298391A1398081A0202A1
:10F330000120120AC005824201D313980FE0019AFE
:10F34000891A0902090A814201D2019808E00120C4
:10F350004002FAF747FC02994900791A081A01900D
:10F360000599401A0002000AFAF79EFC706502999E
:10F3700001984018C01B0102090A00E054E0012076
:10F38000C005814254D202994A0003995218059946
:10F39000511A0902090A81422AD20D986021484374
:10F3A0000F994218602060434018C17BD37B99427B
:10F3B00001D3102100E00021C90615D48179CA07C4
:10F3C00004D07221895B0289891A05E0890707D573
:10F3D00076218A5B0189511A491E0904090C07D05C
:10F3E0004079000604D423E05079902108421FD1CF
:10F3F000082C21D0084909984018686460200F99AA
:10F400006043401880784007400F01284BD013E03C
:10F41000042500205808000066020000C0000020FB
:10F42000E0020020000000481498002804D003D017
:10F43000059F0D9C01980390039839020002000A71
:10F440000390090A012000918002FAF7CBFB029099
:10F4500001204002FAF7C6FB074600990398401ABC
:10F4600000020012002809DD0299000A884200D932
:10F4700001460291B84200D838460746082C7DD094
:10F48000804800884007400FA0424FD060200F996D
:10F4900060434018079080784007400F052812D03D
:10F4A000022810D042E03146803103208A684002B1
:10F4B0008242C1D0C9688142BED0F1F7BFFB40058E
:10F4C000400DC719B8E70798A101006A04906D487C
:10F4D0000818818B079880B2814227D004980028B1
:10F4E00024D004990798F2F787FD674904980A68C1
:10F4F000007C09210902C0065118C00E496F801C0A
:10F5000040180490079801692120800101420DD024
:10F51000E4F7BCFB01283BD01F200499497808423E
:10F5200004D0049840780499001D48705648554905
:10F5300000682030847448202043088030468030A2
:10F54000436B997ACA06D20E61010A439A72826BA2
:10F55000907AC006C00E084390720098306501F0A2
:10F56000A3FC012816D0484846490068497A203053
:10F57000007D401A316DC000081800E03AE000023A
:10F580000121000A490641180920C00641600EE029
:10F59000FF20C2E70121306D090641180920C0068D
:10F5A0004160394800682030017D36484172082C9E
:10F5B00024D2602044430F98241872B61298A17880
:10F5C00000684907C008C000490F08432F49084098
:10F5D0000099C90008431299086062B6A0784007F4
:10F5E000400F03280FD0E4F751FB01280FD00398F8
:10F5F000C01B19E000200921C906486021490020EC
:10F60000088017B0F0BD02990398401A0CE040340E
:10F61000208B618B4018FF30C330FAF779FC8742AA
:10F6200000D938460399081A0002000AE863A88B3B
:10F630008001FAF7D7FA2968002644181448FAF727
:10F64000D1FA201A0002000A28640F4C2E84206888
:10F650004030407E002807D0FAF7B4F820684030E8
:10F66000417E49084900417620684030407E0028AC
:10F67000C7D0FAF7D1F820684030417EFD22114012
:10F680004176BEE7C000002004250020070000F8F6
:10F6900035020000F0B50F46B5B01546002130AA7E
:10F6A0000F23445C5E1A491C94551029F9DB102283
:10F6B000694630A802F006FA0026B400E019401CA2
:10F6C000E8F73BFF395D000208430321891B8900ED
:10F6D0002CAC761C6050042EEFDB214610236A46CA
:10F6E000084602F0B9F800200326311A8900635C4D
:10F6F0008200AB54635A52191B0A53706358401C62
:10F700001B0C93706158090ED1700428EDDB35B0E5
:10F71000F0BD70B5BAB0054600200C460090202020
:10F720006946087210200A9038901E46039201A87C
:10F7300002F078F82246294601A801F0FBFE6A464D
:10F74000314601A802F038F83AB070BD7FB50546E1
:10F750009868012202739A681C46517398680222C5
:10F7600002A90E30E4F7A6F8A16805200D74E08028
:10F770007FBD70B5064608881D460C46001D81B247
:10F78000134602223046F8F73DFB21882B46891CA0
:10F790002180091D89B202223046F8F733FB208808
:10F7A000801C208070BDFEB500240E4627460568EB
:10F7B00045E028680290A968022230460D31E4F73E
:10F7C00079F83088B84209D087B23846EFF776FF2B
:10F7D000014601AA3846F0F703FE019CA9680222FF
:10F7E00068460F31E4F766F8E888401F81B22220AE
:10F7F000005D002806D001280BD0002811D0012878
:10F8000014D01BE0E08B6A461288401E904206D35B
:10F8100007E0208C6A461288401E904206D20720DC
:10F82000FEBD684600880818E18B03E06846008842
:10F830000818218C884201D90D20FEBD029D002DA3
:10F84000B7D100203080FEBDF8B516460D460746FC
:10F850000024FDF7E5FA002806D03246294638464E
:10F8600000F030F8044604E020356879002802D022
:10F870000E242046F8BD2879C10701D1012E09D0F8
:10F88000810701D4022E03D04007F2D4042EF0D118
:10F890000324EEE70224ECE770B515460646FFF7B1
:10F8A000D3FF0446082D0BD1052C09D13046FDF7B6
:10F8B000B7FA002804D000894004800F00D000244B
:10F8C000204670BD70B515460C460646FDF790FA09
:10F8D00020346179012D09D00A0702D54207920F21
:10F8E0000FD0CA0625D5020709D522E0CA0702D0E3
:10F8F0004207920F05D08A0705D5020703D40820D6
:10F9000070BD052070BD490707D5C00709D0E17952
:10F910003046FDF7E0F95F2805D02079C00704D014
:10F9200005E00F2070BD0C2070BD022070BD0020CE
:10F9300070BD890607D5C007F3D0E1793046FDF7E1
:10F94000CAF95F28EFD02079810701D4022D07D0B2
:10F95000410701D4042D03D00007E8D4082DE6D1D7
:10F96000032070BDFEB50646294814460068294AA2
:10F970008518C888032806D02346002202210420C7
:10F98000FFF7E4FE42E08968022268460D31E3F7A2
:10F9900091FF326990052ED468460188172903D358
:10F9A0005C20405B172801D2172002E0814200D280
:10F9B000084670800120400202430220326101901B
:10F9C000134839210068490141183788097C768835
:10F9D000012349070FD5D902083040182422C06CF2
:10F9E0000221FEF785FC002805D08780C6800146ED
:10F9F0000198FEF769FCA06803260673A0682946F3
:10FA000002225C310D30E3F755FFE6800020FEBD99
:10FA10000425002064070000F7B590B000206A4676
:10FA20000D9090826A4A6B4B12680446D218CB88BC
:10FA3000022B08D0002218210420129BFFF786FE1B
:10FA4000002013B0F0BD8B6800205E7B0A900B9005
:10FA5000888830320192099000270198FFF756FA02
:10FA6000054620E028680890A9880998814219D1A4
:10FA7000A968022207A80D31E3F71CFF002F01D16E
:10FA80006846878B6846808B87420BD12946019850
:10FA9000FFF789FA002028600A98002811D00B98F7
:10FAA00005600B95089D002DDCD1002FD4D1129854
:10FAB00019218068017301211298012EC18002D0A2
:10FAC00081E00A95EDE702A90AA8FFF76CFE00287D
:10FAD00079D069460A891821129BFFF737FE002664
:10FAE00071E081680546022202A80D31E3F7E2FECB
:10FAF000012E66D168460089EFF7E0FD01466846B1
:10FB00000EAA0089F0F76CFC0E9C10992046EFF7C6
:10FB100017F90D9055E02F68012E3FD1002F06D028
:10FB2000B968022205A80D31E3F7C4FE02E0002007
:10FB300069468882A968022204A80F31E3F7BAFE59
:10FB4000E8880D99401F80B20090208CA26948433C
:10FB500069461018098A009A431809212846F8F7BF
:10FB600061F82220005D012804D16846018A0098CE
:10FB70000818E08368460189808A81420ED0208C73
:10FB80000D99A26948431018002101900091109826
:10FB9000E38B0188A28B022001F05EF80A990868C5
:10FBA0000A90002008600A99002900D10B900121D9
:10FBB0002846F8F7D3F869460889898A884202D12D
:10FBC0003D46002DA7D10A9800288AD139E70000C8
:10FBD0000425002064070000F7B578480F46006848
:10FBE000774988B04418F888072804D200220621F3
:10FBF00004200A9B2AE0B968022268460D31E3F727
:10FC000059FEB968022201A80F31E3F753FEB96823
:10FC1000022204A81131E3F74DFEF888C01F80B21C
:10FC2000039068460288808882420CD8002A0AD055
:10FC30000898002142880A9800F0BAF9002808D0F4
:10FC400045200BB0F0BD062101200A9BFFF77EFD89
:10FC5000ABE00A98072180680834017301216846E7
:10FC6000018105940088EFF729FD05007CD086E02E
:10FC70006846008A0522D202904202D0521C90426D
:10FC800026D168460088814278D329460B22083164
:10FC90003846039BF8F75CF869466A8D098A8A4200
:10FCA0006CD10399022901D0102967D1002865D1B0
:10FCB0002A462846296A28322030814202D06B6ABF
:10FCC0001C3300E0134602A90A98FFF752FD55E0E5
:10FCD0002E462C6A2036B4424ED14FE06946A08BA6
:10FCE0000988884247D369468988884257D82320A3
:10FCF000005D01283FD120460899EFF721F8218CBB
:10FD0000A269414351180B223846039BF8F720F8AB
:10FD1000069008980122008821460005000DFFF793
:10FD200093FD01466A462089128A904223D1002918
:10FD300021D1E28B03998A421DD1069900291AD15B
:10FD400008996A4649881289891A042927D32246C4
:10FD50001C491C32884208D12068B04205D0008975
:10FD6000884202D02468F7E719E023461C3302A931
:10FD70000A98FFF7FEFC2468B442AFD12D680598BD
:10FD800085420CD06846298D8088814207D8089822
:10FD90006A4640881289801A042800D368E76846BA
:10FDA0000089012803D90A99C880002049E76846DC
:10FDB000028806210A200A9B48E70000042500204B
:10FDC0006407000003280000FFB589B00024054641
:10FDD0000794D0881646052804D00022042108463E
:10FDE0000C9B20E0B168022208A80D31E3F762FD08
:10FDF000B168022268460F31E3F75CFD6846028C69
:10FE0000008882420CD8002A0AD00A980021428831
:10FE10000C9800F0CDF8002808D045200DB0F0BDBA
:10FE2000042101200C9BFFF791FCB9E06846008C8F
:10FE3000EFF744FC060076D0083504950498864216
:10FE400072D06946308D098C884230D36946098862
:10FE500088422CD8002C0AD1012107910C98052149
:10FE60008068022401730C980799806841730A988E
:10FE70004088001B042857D30798012854D1201D1F
:10FE800081B23346283302220C98F7F7BBFFA01D3E
:10FE900081B233462A330222A41C0C98F7F7B2FF32
:10FEA0006946A41C308D0988A4B2884274D03746B4
:10FEB000356A2037BD42C1D060E06946A88B098C05
:10FEC00088425AD369460988884265D8002C36D0C2
:10FED0002320415D0798814260D10A984088001B29
:10FEE000042802D30799012904D0122856D3079871
:10FEF000022853D1201D81B22B461C3302220C98BC
:10FF0000F7F780FFA41C0798A4B201280DD0201D8C
:10FF100081B22B46083310220C98F7F773FF204666
:10FF2000103084B229E03DE036E0201D81B22B463E
:10FF3000083302220C98F7F765FFA01CF1E7232095
:10FF4000415D07910C9805218068022201730C988D
:10FF50000799806841730C98294680681C310E30DF
:10FF6000E3F7A8FC079901290CD02B46083310228F
:10FF700008210C98F7F746FF14242D68BD429CD148
:10FF800036685BE70C9829468068022208311030F9
:10FF9000E3F790FC0624F0E7002C03D00C98C48013
:10FFA00000203BE76846028C04210A200C9B3AE7BC
:10FFB00010B5121D806892B2F7F7EEFE10BD00007A
:10FFC000F0B506465A480C4600685A498DB04718A5
:10FFD000E0881546052804D2134600221621042085
:10FFE000A2E0A168022208A80D31E3F763FC68468D
:10FFF000008C002873D0EFF761FB01006FD06846DA
:020000041006E4
:100000000A8D008C824204D1024616212B46032021
:100010008AE001AAF0F7E4F9002860D130880222D2
:100020000005000D0199FFF70FFC002804D0694678
:100030000A8C2B46162177E0384630302146009056
:10004000FEF766FF012844D00198203080798007B0
:1000500046D53069810343D4C00141D4A16802224E
:1000600009A80F31E3F726FC012130694904084350
:100070003061022007903088069001980321878B19
:100080006846868CA0790A94401FC5B2E81D0843D3
:10009000401C83082648022100688C0208300019A1
:1000A0003522C06CFEF724F904000FD00698A0801A
:1000B000E7802681A57223462A4609210B330A9838
:1000C000F7F7B0FD21460798FEF7FEF869200DB05E
:1000D000F0BD6846028C16212B46092024E01EE064
:1000E000E28800212846FFF763FF002801D0452061
:1000F000EDE7384621462430FEF755FF21462846D5
:10010000F7F754FD21460098FEF730FFA868172145
:100110000173E888002802D0E8806720D7E76846A6
:10012000028C2B4616210120FFF710FB0020CEE7A2
:10013000042500206407000070B50546C88888B013
:100140000C461646052804D0134600220C21042034
:100150001FE0A168022204A80D31E3F7ABFB68465B
:10016000028A002A13D0A168022202A80F31E3F705
:10017000A1FB6846008AEFF7A1FA010076D0684635
:100180000A8D008A824207D13346024620E0334678
:100190006FE0FFF7DBFA66E06A46F0F721F9002826
:1001A00064D1288801220005000D0099FFF74CFB5F
:1001B000002804D069460A8A33460C21E9E70098F2
:1001C0006A88C18BD31E994205D86846028A334695
:1001D0000C210B20DDE76B461B89994205D268464E
:1001E000028A0C2133460720D3E72621095C490700
:1001F0000ED529690C030BD40122D20411432961C5
:10020000828B2988022000F097FD692008B070BD1C
:1002100000213046FFF7CCFE002801D04520F5E74D
:10022000B0680D21017329460098EEF789FD01465B
:1002300000986A46C38B12899B1A9CB26B885B1E1E
:100240009BB29C4200D31C468369008C484318181B
:100250008318052122463046F7F7D4FD641C20049C
:10026000000C03D0F0800020D0E7FFE76846028A48
:1002700033460C2101208CE7F7B5002092B00546EB
:10028000089073480C460068724916464718E08883
:10029000072806D0152804D0134600221021042078
:1002A00045E0A168022205A80D31E3F703FBA16830
:1002B000022206A80F31E3F7FDFA6846828A008B16
:1002C000824231D8002A2FD0102263490DA8E3F7CB
:1002D000F1FAE1880CA8019007292BD003461022DF
:1002E00009212046F7F79EFC022207A8083701994A
:1002F000E3F7E0FA6846808B0521C902884202D004
:10030000491C88427ED16846808AEFF7C1F9040013
:1003100079D01298002142883046FFF749FE002824
:100320007ED0452015B0F0BD334610210120FFF7E7
:100330000DFA7FE01022484909A8E3F7BBFAA1684B
:10034000022211310198E3F7B5FACDE76946608DD5
:10035000898B884263D1002D0CD1B06811210173C3
:100360002C20005D012810D014200890B068089956
:100370004173022512984088401B042857D30898DF
:10038000062804D0142807D051E00620EDE72C20E1
:10039000005D012804D04AE02C20005D022846D1EF
:1003A000281D234681B22833022230460493F7F7F2
:1003B00029FDAD1C2046216A2030ADB2814206D015
:1003C000281D636A81B2022230461C3304E0281DD6
:1003D00081B202223046049BF7F714FD0898AD1C49
:1003E000001F81B21298ADB24088401B80B281429A
:1003F00000D208460390281D81B2234608333046B8
:10040000039A02E018E01DE00AE0F7F7FBFC03980E
:10041000281885B212984088401B042807D3246806
:10042000BC4204D06946208D098B88428ED9002DAC
:1004300008D0F580002075E76846828A102133468F
:10044000084674E76846828A102133460A206EE720
:1004500004250020640700003C470610F7B5FFB0F4
:1004600093B007460C46002080A903908883AD48CE
:10047000AD49006802264518E088072806D01528EF
:1004800004D0002208210420949B4CE0A1680222A1
:1004900085A80D31E3F70EFAA168022286A80F3174
:1004A000E3F708FA80A8828A008B824238D8002AB3
:1004B00036D010229D498DA8E3F7FCF9E088072883
:1004C00034D089AB102209212046F7F7ABFB3869FD
:1004D000000337D4398868460174090A417480A939
:1004E0000A8B898A89A86C4607C404AC8DAB87AA9D
:1004F0002846A11CF7F7C6FC80A8808B002821D0D5
:1005000001213A69C9040A433A614006020E39885A
:10051000A31C022000F0DCFB69207FB016B0F0BD08
:1005200008210120949BFFF711F9F2E010227F4986
:1005300089A8E3F7BFF9A16802228CA81131E3F77B
:10054000B9F9C4E77A8800219498FFF731FD0028B3
:1005500001D04520E1E7083580A88895808AEFF72B
:10056000ADF8050090A8019074D0B8E029460222A9
:100570002A310198E3F79EF9102289A98DA8E3F7A3
:10058000A1F9002806D02846203000902C6A844229
:100590007ED1A3E00398002804D0042810D01228AC
:1005A00006D0AAE02C20405D012806D0122003903E
:1005B0002C20405D022807D09FE00420039003E038
:1005C0002C20405D01287DD1301D81B22B4628337F
:1005D00002229498F7F716FC03982B46801E82B2ED
:1005E000B01D81B20833B61C9498F7F70BFC039842
:1005F0003018801E86B271E080A9A08B898A88425B
:1006000068D380A9098B884277D82320005D012810
:1006100008D020460830102289A9E3F753F90028B2
:1006200008D057E02146022208310198E3F742F949
:100630008DA8F0E7388801220005000D2146FFF75C
:1006400003F90399002915D1002804D0A28B0821B1
:10065000949B68E75FE0E18BFD2901D9FF2101E070
:10066000891CC9B203917988039A891E914201D2EB
:10067000C9B2039179888A1B03998A423DDB00281D
:100680003BD10398E18B801E0290814235D100E07E
:1006900021E0301D81B223461C3302229498F7F7E3
:1006A000B1FB39462046EEF74BFB218CA269414352
:1006B0000298531882B2B01D81B29498F7F7A2FB4A
:1006C000039800E019E0301886B27888811B0398FF
:1006D000814212DB2468009884428DD12D6888986D
:1006E00085420AD080A9288D098B884205D8788850
:1006F0000399801B884200DB38E7022E0BD99498BF
:1007000009218068017394980399806841739498D3
:10071000C680002001E780A8828A08210A20949BD5
:1007200001E7000004250020640700003C47061094
:10073000F7B5FFB085B00546002469468C815F4857
:100740005F49006846188598C088411E042902D375
:10075000C043C00704D000220E210420869B44E041
:10076000286900031BD403A8009004AB3046869A86
:100770008599F7F750FB6846808900280FD0012241
:100780002969D20411434006020E2961298804AB6D
:10079000022000F09DFA69207FB008B0F0BD6A88A1
:1007A00000218698FFF704FC002801D04520F3E7DC
:1007B0008598C088401E87B2012677E0301D81B23F
:1007C00001AB02228598F7F72DFA68468088002849
:1007D00032D0EEF773FF01002ED068460A8D808874
:1007E000824224D1002C03D007E0FEF7AFFF63E084
:1007F00086980F228068012402736888A04253D033
:100800002C22525C012A05D0001B80B2102806D38E
:10081000102004E0001B80B2022800D302200090C8
:10082000201D0B4680B208330146009A36E002AA2A
:10083000EFF7D6FD002805D0684682880E210120FA
:10084000869BD2E7288801220005000D0299FEF759
:10085000FBFF002804D069468A880E21869BC4E7E6
:10086000002C04D186980F218068012401736888C8
:10087000A04219D0029A001BD18B80B2884200D3CB
:100880000846009029461046EEF75AFA02998A69FE
:10089000098C41435318201D009A81B28698F7F7BE
:1008A000B1FA0098201884B2B61CB6B2BE4285D305
:1008B000002C01D08698C48000206DE7042500201C
:1008C00064070000FEB5044600200290C888154663
:1008D000032804D0134600220A21042026E0896858
:1008E000022268460D31E2F7E5FF684600880028DD
:1008F00019D0EEF7E3FE010073D068460A8D008838
:100900000B27052682421DD1A86807732C20405C66
:1009100001280ED00B460833102231462846F7F73F
:1009200071FA112059E02B4602465DE0FEF70EFFFA
:1009300054E00B460833022231462846F7F762FAA4
:1009400003204AE001AAEFF74BFD002849D1208897
:1009500001220005000D0199FEF776FF002804D062
:1009600069460A882B460A21E0E701992620405C67
:1009700040070ED5206902030BD40122D204104394
:1009800020618A8B21880220029B00F0D5F9692022
:10099000FEBD628800212846FFF70AFB002801D02F
:1009A0004520FEBDA868214607730198EEF7C8F9F7
:1009B0006188491E8AB20199CC8BA24200D21446AA
:1009C0008A69098C41435318314622462846F7F775
:1009D00019FA641C2004000C03D0E8800020FEBD3E
:1009E000FFE7684602882B460A2101209EE7F0B502
:1009F000044688680F460146007B083185B05228BE
:100A000010D00F250826F888A8425CD3022203A83C
:100A1000491DE2F74FFF68468089002853D0082E11
:100A200003D00DE003250426EDE72069400107D43B
:100A3000208839460005000DFCF7BAFB002842D19A
:100A40000121206989068843206168468089EEF784
:100A500035FE010037D068460A8D8089824232D047
:100A600002AAEFF7BDFC00282DD1208832460005F0
:100A7000000D0299FEF710FF002824D1F888401BD2
:100A800085B20298014620310A468978002902D0B1
:100A9000012902D004E0C18B00E0018CA94212D3ED
:100AA0009179890711D521694A030ED40122920454
:100AB00011432161E9B201970091828B21880323C0
:100AC000022000F061F905B0F0BD2146EEF738F9DB
:100AD000064602982A468169008C70430B1807214C
:100AE0003846F7F79FF80298014620318A78012AA4
:100AF00000D1C5838979C907E5D0018C826971432A
:100B00005118002200920191C38B828B208801052D
:100B1000090D022000F0A0F8D5E7F0B50446C8881A
:100B200087B00F461646032804D21346002212212E
:100B3000042016E0B968022205A80D31E2F7BAFEDA
:100B40006846808A002814D0EEF7B8FD010010D066
:100B500068460A8D808A824206D1024633461221B7
:100B60000320FEF7F3FD74E002AAEFF739FC00283A
:100B700005D06846828A122133460120F1E7208899
:100B800002220005000D0299FEF75EFE002804D047
:100B900069468A8A33461221E3E7F888C01E85B287
:100BA0000298014620318A78002A02D0012A02D018
:100BB0000AE0C28B00E0028CAA4205D26846828A13
:100BC000122133460D20CCE78979890714D5216994
:100BD0008A0311D4CA010FD40122520411432161A6
:100BE000E9B201970091828B21880323022000F053
:100BF000CBF8692007B0F0BD2146EEF7A1F80190CF
:100C00000298028C8169019842438B182A46072179
:100C10003846F7F707F80298014620310A468978E6
:100C2000012900D1C583B16813230B739179012584
:100C3000C9070DD0018C019A8369514359180022CC
:100C400000920191C38B828B2188022000F004F86E
:100C5000F5800020CEE70000FFB50F460646D81D00
:100C6000032108431D46401C8308184881B00068D2
:100C7000F10603D52522BF210E4006E039214901A6
:100C80004118097CC9071CD022223107890E081897
:100C90000121C9024018C06C3146FDF729FB040050
:100CA00012D0A7800399E1800A99218120466581AD
:100CB0000C302A460B99E2F7FDFD21463046FDF740
:100CC00003FB002005B0F0BD0720FBE70425002052
:100CD000FFB50F460546D01C03210843401C83087E
:100CE00081B01646E80603D53A22BF20054000E051
:100CF0003722104928070968800E40180121C902CF
:100D00004018C06C2946FDF7F3FA04000FD0A78005
:100D10007108A1712046324608300499E2F7CAFDF5
:100D200021462846FDF7D0FA002005B0F0BD072087
:100D3000FBE7000004250020F8B51D460446022309
:100D400016460F46C00603D53922BF20044000E0F6
:100D500036220C4920070968800E40180121C9027B
:100D60004018C06C2146FDF7C3FA010007D08F8000
:100D7000CE800D812046FDF7A7FA0020F8BD0720A0
:100D8000F8BD000004250020FFB581B00A9E05468D
:100D90000321701D0843401C83081746E80603D54D
:100DA0003722BF20054000E0342211492807096896
:100DB000800E40180121C9024018C06C2946FDF779
:100DC00097FA040012D00298A080E7802672049956
:100DD00023463246091D09330B98F6F723FF2146B7
:100DE0002846FDF771FA002005B0F0BD0720FBE7AB
:100DF00004250020F8B5294D002029680A46403214
:100E00001378D279934348D14A6E120E45D13E22CF
:100E1000525C002A41D1431E21488D6A467A1A4607
:100E20000024F600AD190926F606376900887D19F9
:100E300007070120002F07DA1123DB01CB189C6A7A
:100E4000631B1B021B1228D407273F02C919C96D57
:100E5000CF0103D54A1B120212121ED401252D0701
:100E6000002B06DA002A0ADA75600E488560032036
:100E70000AE01120000604437460002A03DB2943C2
:100E80000846F0F7C7F902200449096840314A785A
:100E9000002A02D0002048700320F8BD042500205D
:100EA000C00000204000004830B413480922036805
:100EB0001120C0011818D206806A11690F4C411A1E
:100EC00009022588090A2D0702D430BC0120704789
:100ED000647A9B6AE400E3188B4209D20123DB05A4
:100EE000994205D259000843506030BC0120704738
:100EF00030BC00207047000004250020C000002006
:100F0000F0B5454C13252668ED017019806900275E
:100F1000416B4248AE368DB0814242D006216846D0
:100F2000EFF7B6FD69464879C02108436946487124
:100F300020680622401980692430EFF77FFD0746BC
:100F4000102105A8EFF7A4FD206810224019806940
:100F500005A9001DEFF772FD0743102109A8EFF75F
:100F600097FD206810224019806909A91430EFF715
:100F700065FD0146394313D120682949401980692C
:100F8000264F4018800881002648081839460490EA
:100F9000E2F7B4FC04980068B84201D1002700E0F1
:100FA000FB27226850198069A63224300190062060
:100FB000014600900020FDF7C6F8002802D1206805
:100FC000A6300190701D009A0199E2F773FC226827
:100FD0001026314600208032FDF7B5F8002807D0F2
:100FE00020683246411989698030091DE2F762FCA8
:100FF0002268314600209032FDF7A5F8002807D07E
:10100000206832464119896990301431E2F752FC68
:1010100038460DB0F0BD000004250020AAAAAAAAF7
:101020003400FCEF00000410FEB55079156980070C
:10103000566B1F461446800F0DD1A8050CD5012014
:1010400040028543000105436C483060607901210E
:10105000084360711561FEBD280609D55120C00105
:101060008543E80401D4402005436548256198E0A4
:10107000E80439D5EFF7FFFD0090EFF7FCFD019094
:10108000EFF7F9FD02900120000385430320800261
:10109000054325616079012108436071606B394621
:1010A0002E3110220C30EFF705FE263702983870EB
:1010B000010A7970010CB970000EF8705148306067
:1010C000616B0822081DC91CEFF7F4FD616B022259
:1010D00008461C300B31EFF7EDFD616B0C226846C2
:1010E0000D31EFF7E7FDFEBD680235D5EFF7C3FD23
:1010F0000190EFF7C0FD0090EFF7BDFD014601AA9A
:1011000000203D1813782035AB72401CC0B2521C31
:101110000428F6D300983C4A0006801830600098F6
:101120000A06000A1043706001980A0A03061A436F
:10113000000AB260F0603548009A03681320C001CD
:101140001818426281626079012108436071206948
:10115000890588432061FEBD6805FCD4680716D563
:1011600021462031487C00280DD12948306027488D
:1011700000688030408C000430307060627901205B
:10118000024362714874042085432561FEBD28072F
:10119000082700280BDAE079BD431E4900064018F5
:1011A000256130606079012108435071FEBDE80679
:1011B00010D5102085432561E2F768FD16494007E8
:1011C0004018306000207060B060607901210843F1
:1011D0006071FEBD6803FCD51046E2F74FFD0028A4
:1011E00004D020464030017F39430177012080043C
:1011F000854325616089E2F745FDFEBD03010600D8
:1012000003010B0003170300130D04000425002045
:1012100003060C0B0302070003090909F8B51D4674
:10122000144606460027E2F731FD01280CD01F20A6
:1012300071780840060036D00020E861FDF746FED0
:10124000002803D0E86907E0FF20F1E7698932460A
:101250000120F6F727FDE861002801D0102722E0E1
:10126000E07D80214840E0751049286908421AD085
:101270006079401E60716079FF2814D1A079401E0A
:10128000A071A079FF280ED1E079401EE071E079CD
:10129000FF2808D1207A401E2072207AFF2802D130
:1012A000607A401E60723846F8BD000020280000B9
:1012B000FEB503462C484127026809200002101899
:1012C000816E602058430C18284811461018284E8B
:1012D0007F019D01D219AE199278C03100259A4242
:1012E0000CD1024640321746928E3F8F00978427DA
:1012F0003F58012301977B273F5C07E08A8CCF8C06
:101300000097CF6A0023019728277F5C0297A7796F
:10131000FF0708D02789D21B1204120C03D12246E2
:10132000F7F7FCF90546A079810710D522890099C5
:10133000891A491C0904090C09D1FD21084001AB97
:10134000A0713146052221311846EFF7B3FC002D7C
:1013500009D005480096016804482B460918224622
:101360000020F4F759FCFEBD0425002058080000B9
:10137000CC000020F0B50D4689B000270921C90630
:101380000E9E14464F60827BC17B94460B02017C0B
:101390000A04417C09061143194362461143049132
:1013A000827CC17C0B02017D090419431143059124
:1013B000027E417E090211430691827EC17E0902AE
:1013C00011430891027F417F0902114300910146B8
:1013D0001E3102912030C0783146C006C00E213146
:1013E0000790052203910298EFF764FC22204755ED
:1013F00031200755E7730220E07006990C22514313
:1014000061610099FF220901A1612071278108997A
:10141000A1812046403006990180A7712761077796
:101420001B21418049322B460282C0331F8A1B2F69
:1014300002D15F8A974201D0102707771F8B8780E0
:10144000C180018141818181C181598B4182828228
:10145000C2820283428301202080A06A0080A06AA9
:101460004480288C2F49401C80B2884202D94942CE
:10147000401880B260812884A06AC727C7720522FD
:1014800003990298EFF716FC0020F072218D31824B
:10149000F0750498B0610598F0612021079888558F
:1014A000E2F7F4FB8021012800D1B17542200390BE
:1014B00080350290686B0080686BC772A88E70825E
:1014C000C0206071B172A078174EC008C000401DE6
:1014D000A07016480088A16A400119308872696BB3
:1014E0000A208872F6F790FA696B0322C91D0398E7
:1014F000EFF732FC696B03223046091DEFF72CFC35
:101500000120FDF789FDA16A0322C91D0298EFF7AA
:1015100023FCA16A03220648091DEFF71DFC09B050
:10152000F0BD0000FF0E00002C01B000C000002044
:10153000FA003000F7B592B00F46040004D0002F37
:1015400006D11498002803DD6120400115B0F0BDDC
:101550001498002804DB102804DA2079800601D4CE
:101560009448F3E72079410701D4810702D59148D7
:10157000401CEBE740210843207120461430002531
:101580000F90143001901EE00026B0000490401926
:10159000C0190390E6F7D1FF00BA010A03980902C7
:1015A000C07807AA01430498761C0019406941409D
:1015B0000498042E1150E8DB636A07A8019A0F997A
:1015C00000F07CFA059D2846103005901499884259
:1015D000DADB2079800620D400291EDD0026B00049
:1015E00004904019C0190390E6F7A7FF00BA010A5A
:1015F00003980902C07807AA01430498761C0019D1
:10160000406941400498042E1150E8DB636A07A842
:10161000019A0F9900F052FACAE000200B900C904A
:101620000D900E900BA9636A0846019A00F046FAE5
:101630000B988721C00F48430B990C9A4900D20F91
:1016400011430B910C990D9A4900D20F11430C9143
:101650000D990E9A4900D20F11430D910E99149ACB
:1016600049004140284610300E9190421CD100267E
:10167000B00002904019C0190490E6F75EFF00BA6E
:10168000010A04980902C0780BAB01430298761C4A
:10169000001942690298185842405140029807AA1E
:1016A0001150042EE4DB79E00B988722C00F5043E1
:1016B0000B9A0C9B5200DB0F1A430B920C9A0D9B5A
:1016C0005200DB0F1A430C920D9ACB0F52001A43B3
:1016D0000D924A00424014980E92401B0390C0178E
:1016E000820F0398002610188010029019E0B000B5
:1016F00010904019C0190490E6F71FFF00BA010AC4
:1017000004980902C0780BAB014310980019426994
:101710001098185842405140109807AA115002984A
:10172000761CB042E3DCB00001190BAA49691258DB
:10173000514007AA1150039B00211B1A42199C46D5
:1017400096460BE072465218BA5CCD0018235B1B1C
:101750009A4007AB1D586A401A50491C8C45F1DC71
:10176000002909D0CD00182107AA4D1B135880214C
:10177000A9404B40135005E007A90A580123DB0795
:101780005A400A5007A90BAA05E0B00003195B698B
:1017900015586B400B50761C042EF6DB636A07A8C5
:1017A000019A0F9900F08AF92079042108432071E9
:1017B0000020CBE61D0C0000F8B516460F460400CD
:1017C00009D0002E07D025468035E86D401E102830
:1017D00004D31348F8BD61204001F8BD20794006CC
:1017E00004D4002211462046FFF7A4FE20790221EE
:1017F00008432071002018210CE0C217920F121824
:1018000092089200121983075269DB0ECB1ADA4054
:101810003A54401CEA6D8242EFDC00203260F8BD91
:101820001F0C000010B5040007D002230022A1689D
:1018300000F00CFA010003D00CE06120400110BD63
:10184000102020610020024683001B19401C5A61B1
:101850000428F9DB084610BDFFB5D908490083B05C
:10186000891D02910368116854684B40416895686E
:1018700061408468C0686C40A446D4681E0E604015
:101880008B4CC5B2A65D655D3606354367460E02D4
:101890003F04360E3F0EA65DE75D36043F023E4331
:1018A0003543AE460F0EDDB2E75D665D3F063E4353
:1018B00065462F0205043F0E2D0EE75D655D3F0472
:1018C0002D022F433E43CDB20096665D65462F0E36
:1018D000E75D1D043F063E4307023F0E2D0EE75D08
:1018E000655D3F042D022F433E4301966546EDB2F0
:1018F000070E665DE75D0D043F063E431F023F0E87
:10190000E75D2D0E645D3F0424022743029C3E43A5
:10191000641E10320294002C63DD664C7046204039
:10192000430070466449C00908401B2148434340B6
:10193000704658401821C841434070461021C841A4
:10194000434070460821C841434010685A4D434007
:101950000098594F204041000098C00928401B259D
:1019600068434140009818254840E84141400098AC
:101970001025E841414000980825E8414140506861
:10198000019D41400198ED0920403D4040001B274A
:101990007D436840019F05467D401827FD41684012
:1019A000019D1027FD416840019D0827FD416840C9
:1019B000956868408446304620403F4DF4092C40ED
:1019C00040001B256C436040044674401825EC41E0
:1019D000604010243546E54108246840E6417040E7
:1019E0004BE7334CC5B2665D1D0E645D240626438D
:1019F0000C02250E2E4C645D65462D042F0E2C4DD9
:101A00002404ED5D2D022C432643294C0096DDB2C3
:101A1000655D0E0EA45D2406254364462402260E51
:101A2000234CA45D0604370E214E2404F65D3602D5
:101A300034432543AE461E4CCDB2645D65461C4E14
:101A40002F0EF55D2D062C4305022F0EF55D1F04AC
:101A50002E043D0E164F7F5D65463F023E433443E4
:101A6000EEB2134DAF5D050E1148405D0006074311
:101A70001802030E0E48C05C09040B0E0C4900044A
:101A8000C95C93680902084307431068009E6340DD
:101A90005168049C7040D268206075460498694083
:101AA000416004987A4083600498C26007B0F0BD3A
:101AB0004C4706107F7F7F7F0101010100B5FFF7D2
:101AC000CBFE00BDF7B50298860800240DE0009813
:101AD000A7003D182846E6F730FD00BA000AE9786D
:101AE000000208430199641CC851B442EFDB01991C
:101AF000029A084600F002F8FEBD0000F0B5920818
:101B0000002303E09C0005590D515B1C9342F9DB57
:101B10004D4FF81FF938042A48D0062A6DD0082AFC
:101B200043D10023CA6915022D0E140E455D045DD4
:101B30002D062C4315042D0ED2B2455D825C2D047A
:101B4000120215432C439D007D590A686A40544097
:101B500001225B1C0C62940065180C59EE69521C42
:101B600066402E62042AF6DBCA6A150ED4B2455DC1
:101B7000045D2D062C4315022D0E1204455D120E38
:101B8000825C2D04120215430A692C43544005223D
:101B90000C63940065180C59EE69521C66402E6265
:101BA000082AF6DB2031072BBCDDF0BD0022CB6814
:101BB0001D022D0E1C0E455D045D2D062C431D04DB
:101BC0002D0EDBB2455DC35C2D041B021D432C436F
:101BD00095007D590B686B405C400123521C0C61E1
:101BE0009C0065180C59EE685B1C66402E61042B46
:101BF000F6DB1031092ADADDF0BD0022CB681D02C8
:101C00002D0E1C0E455D045D2D062C431D042D0E6E
:101C1000DBB2455DC35C2D041B021D432C439500C4
:101C20007D590B686B405C400123521C0C619C0089
:101C300065180C59EE685B1C66402E61042BF6DBC0
:101C40001831092ADADDF0BD4C480610F8B59E4679
:101C50008C46002807D0002905D059078C0F002A90
:101C600004D1012C02D061204001F8BD416A102945
:101C700003D0182901D0202905D1012C05D00169F4
:101C8000491E102901D31E48F8BDC2600179F9230D
:101C900019400171012C20D000210B468D002D1818
:101CA000491C6B610429F9DB0021182712E0CB17CE
:101CB0009B0F5B189B089B001D182B461433009349
:101CC0008B07565CDB0EFB1A6D699E403543009B0B
:101CD000491C1D6003698B42E9DC0179C9070CD1FD
:101CE000614681607146C90701D0032C05D10146C8
:101CF000426A28316046FFF7E5FE0020F8BD00008B
:101D00001F0C0000669A0C200008A4AEEE11593496
:101D1000207B7044669A0C200008A4AEEE11593462
:101D2000217B7044669A0C200008A4AEEE11593451
:101D3000227B7044669A0C200008A4AEEE11593440
:101D4000237B7044669A0C200008A4AEEE1159342F
:101D5000247B7044669A0C200008A4AEEE1159341E
:101D6000257B704404030100FFFFFFFFFFFFFFFF1F
:101D7000FFFFFFFF00000000000000000000000067
:101D800001000000FFFFFFFF512563FCC2CAB9F349
:101D9000849E17A7ADFAE6BCFFFFFFFFFFFFFFFF22
:101DA00000000000FFFFFFFF0003010040000000F3
:101DB00006000000023F00023E30023C20023B4C85
:101DC000023A400239B202345B02350B00000000D7
:101DD0002E41061031410610344106100D0A202D07
:101DE0002D2D2D201B5B346D426C6520536D61726F
:101DF00074206C6F636B20312E322E301B5B306D84
:101E0000202D2D2D2D200D0A0000000041707000A6
:101E10005465726D000000004C6967687400000032
:101E2000426C65004170703A204E564D206D656DD4
:101E30006F7279207772697474656E20776974683F
:101E40002064656661756C742076616C75657321BC
:101E50000D0A00004170703A206F70656E20746842
:101E60006520446F6F722E0D0A0000004170703AB9
:101E700020756E6C6F636B20746865206C6F636B8C
:101E80002E0D0A004170703A2043616E2774207550
:101E90006E6C6F636B20696620756E636F6E6E6526
:101EA00063746564206465766963652E0D0A0000BD
:101EB0004170703A20626C6520726164696F2065C0
:101EC00072726F7220210D0A000000004170703A9A
:101ED0002064657669636520646973636F6E6E65FF
:101EE000637465642E0D0A004170703A2064657653
:101EF00069636520636F6E6E65637465642E0D0A99
:101F0000000000004170703A20646F6F72206973A6
:101F1000206F70656E2E0D0A000000004170703A4F
:101F200020646F6F7220697320636C6F73652E0D70
:101F30000A0000004170703A204E564D206D656DCC
:101F40006F7279207772697474656E210D0A0000D2
:101F5000426C653A204661696C656420746F207339
:101F600065742050494E3A2025733A2025730D0A96
:101F700000000000426C653A204661696C6564208F
:101F8000746F2067657420626F6E64656420646599
:101F9000766963653A2025730D0A0000426C653A44
:101FA0002075706461746520636861722076616C6D
:101FB0007565206572726F723A2025730D0A0000F4
:101FC000426C653A205365742064657669636520C8
:101FD0006E616D65206572726F723A2025730D0A0D
:101FE00000000000426C653A20737461636B2069E5
:101FF0006E69743A2025730D0A000000426C653A40
:1020000020696E6974206465766963652065727203
:102010006F723A2025730D0A00000000426C653A89
:1020200020696E697469616C69736564207769748D
:102030006820737563636573730D0A00426C653ABB
:1020400020616464207365727669636520657272CD
:102050006F723A2025730D0A00000000426C653A49
:10206000207570646174652077686974656C697344
:1020700074206572726F723A2025730D0A00000099
:10208000426C653A20646973636F76657261626C55
:102090006520696E20626F6E64206D6F64652E0D21
:1020A0000A000000426C653A20646973636F7665CC
:1020B0007261626C652E0D0A00000000426C653A88
:1020C000206D616B6520646973636F766572616210
:1020D0006C65206572726F723A2025730D0A0000DC
:1020E000426C653A20636C6561722073656375723A
:1020F000697479206461746120626173652065721E
:10210000726F723A2025730D0A000000426C653A26
:1021100020736563757269747920646174612062EB
:1021200061736520636C65617265640D0A0000006F
:10213000426C653A20736C617665207365637572D5
:102140006974792072657175657374206572726F38
:10215000723A2025730D0A006863695F64697363CE
:102160006F6E6E656374696F6E5F636F6D706C65C3
:1021700074655F6576656E740D0A000009537461BD
:102180007475733A307825780D0A000009436F6E34
:102190006E656374696F6E5F48616E646C653A303A
:1021A0007825780D0A00000009526561736F6E3A58
:1021B000307825780D0A00004D6173746572000057
:1021C000536C6176650000005075626C6963204451
:1021D000657669636520416464726573730000000D
:1021E00052616E646F6D2044657669636520416459
:1021F00064726573730000006863695F6C655F6398
:102200006F6E6E656374696F6E5F636F6D706C6522
:1022100074655F6576656E740D0A000009526F6C17
:10222000653A25730D0A000009506565725F4164C7
:1022300064726573735F547970653A25730D0A0093
:1022400009506565725F416464726573733A3078F2
:102250002578257825782578257825780D0A0000B9
:1022600009436F6E6E5F496E74657276616C3A25D4
:1022700075206D730D0A000009436F6E6E5F4C612F
:1022800074656E63793A307825780D0A0000000095
:10229000095375706572766973696F6E5F54696D05
:1022A000656F75743A2575206D730D0A0000000086
:1022B000094D61737465725F436C6F636B5F41635B
:1022C0006375726163793A25730D0A006863695F0B
:1022D0006C655F656E68616E6365645F636F6E6E8B
:1022E000656374696F6E5F636F6D706C6574655F55
:1022F0006576656E740D0A0009506565725F41640C
:1023000064726573735F547970653A5075626C6975
:102310006320446576696365204164647265737304
:102320000D0A000009506565725F4164647265734F
:10233000735F547970653A52616E646F6D204465C5
:102340007669636520416464726573730D0A0000E9
:1023500009506565725F416464726573735F547997
:1023600070653A5075626C6963204964656E746982
:10237000747920416464726573730D0A0000000073
:1023800009506565725F416464726573735F547967
:1023900070653A52616E646F6D2028537461746980
:1023A0006329204964656E7469747920416464729C
:1023B0006573730D0A000000094C6F63616C5F5216
:1023C00065736F6C7661626C655F5072697661747B
:1023D000655F416464726573733A30782578257857
:1023E00025782578257825780D0A0000095065653F
:1023F000725F5265736F6C7661626C655F50726973
:10240000766174655F416464726573733A307825F0
:1024100078257825782578257825780D0A0000001C
:102420006163695F6761705F70616972696E675F40
:10243000636F6D706C6574655F6576656E740D0AAB
:102440000000000009205374617475733A25730D00
:102450000A0000000920526561736F6E3A25730D02
:102460000A0000006163695F676174745F6174747E
:102470007269627574655F6D6F6469666965645FD2
:102480006576656E740D0A0009417474725F486167
:102490006E646C653A307825780D0A00094F6666DF
:1024A0007365743A25750D0A0000000009417474C3
:1024B000725F446174615F4C656E6774683A25753C
:1024C0000D0A00006163695F676174745F72656122
:1024D000645F7065726D69745F7265715F65766562
:1024E0006E740D0A0000000009417474726962750F
:1024F00074655F48616E646C653A307825780D0AC2
:10250000000000006863695F6861726477617265EA
:102510005F6572726F725F6576656E740D0A00009A
:102520006863695F656E6372797074696F6E5F630B
:1025300068616E67655F6576656E740D0A00000000
:102540004C696E6B204C6576656C20456E637279C4
:102550007074696F6E206973204F4E2077697468BC
:10256000204145532D43434D0000000009456E6353
:1025700072797074696F6E5F456E61626C65643A02
:1025800025730D0A000000006863695F726561646D
:102590005F72656D6F74655F76657273696F6E5F8C
:1025A000696E666F726D6174696F6E5F636F6D7077
:1025B0006C6574655F6576656E740D0A00000000D9
:1025C0006863695F6E756D6265725F6F665F636F8A
:1025D0006D706C657465645F7061636B6574735F67
:1025E0006576656E740D0A006863695F656E637277
:1025F000797074696F6E5F6B65795F72656672651D
:1026000073685F636F6D706C6574655F6576656E2A
:10261000740D0A006863695F72785F61636C5F6460
:102620006174615F6576656E740D0A006863695F49
:102630006C655F6164766572746973696E675F72F9
:1026400065706F72745F6576656E740D0A000000C8
:102650006863695F6C655F636F6E6E656374696FF5
:102660006E5F7570646174655F636F6D706C6574C7
:10267000655F6576656E740D0A0000006863695FCA
:102680006C655F726561645F72656D6F74655F75BF
:102690007365645F66656174757265735F636F6DA2
:1026A000706C6574655F6576656E740D0A00000078
:1026B0006863695F6C655F6C6F6E675F7465726D90
:1026C0005F6B65795F726571756573745F6576655B
:1026D0006E740D0A000000006863695F6C655F64DA
:1026E0006174615F6C656E6774685F6368616E6773
:1026F000655F6576656E740D0A0000006863695F4A
:102700006C655F726561645F6C6F63616C5F703292
:1027100035365F7075626C69635F6B65795F636F97
:102720006D706C6574655F6576656E740D0A00008A
:102730006863695F6C655F67656E65726174655F2C
:1027400064686B65795F636F6D706C6574655F65F8
:1027500076656E740D0A00006863695F6C655F647E
:1027600069726563745F6164766572746973696EBA
:10277000675F7265706F72745F6576656E740D0A5F
:10278000000000006163695F6761705F6C696D697B
:102790007465645F646973636F76657261626C65AA
:1027A0005F6576656E740D0A000000006163695F05
:1027B0006761705F706173735F6B65795F7265717C
:1027C0005F6576656E740D0A000000006163695FE5
:1027D0006761705F617574686F72697A6174696F3F
:1027E0006E5F7265715F6576656E740D0A0000003C
:1027F0006163695F6761705F736C6176655F736564
:102800006375726974795F696E697469617465640E
:102810005F6576656E740D0A000000006163695F94
:102820006761705F626F6E645F6C6F73745F657613
:10283000656E740D0A0000006163695F6761705F17
:1028400070726F635F636F6D706C6574655F6576E2
:10285000656E740D0A0000006163695F6761705FF7
:10286000616464725F6E6F745F7265736F6C7665BE
:10287000645F6576656E740D0A0000006163695FD0
:102880006761705F6E756D657269635F636F6D70B0
:10289000617269736F6E5F76616C75655F65766591
:1028A0006E740D0A00000000094E756D6572696353
:1028B0005F56616C75653A25750D0A006163695F45
:1028C0006761705F6B657970726573735F6E6F744B
:1028D000696669636174696F6E5F6576656E740DB4
:1028E0000A0000006163695F676174745F70726FF2
:1028F000635F74696D656F75745F6576656E740D81
:102900000A0000006163695F6174745F65786368E1
:10291000616E67655F6D74755F726573705F657614
:10292000656E740D0A0000006163695F6174745F15
:1029300066696E645F696E666F5F726573705F650E
:1029400076656E740D0A00006163695F6174745F7F
:1029500066696E645F62795F747970655F76616CD9
:1029600075655F726573705F6576656E740D0A00DC
:102970006163695F6174745F726561645F62795FEE
:10298000747970655F726573705F6576656E740DDE
:102990000A0000006163695F6174745F726561645D
:1029A0005F726573705F6576656E740D0A00000076
:1029B0006163695F6174745F726561645F626C6FAB
:1029C000625F726573705F6576656E740D0A0000F4
:1029D0006163695F6174745F726561645F6D756C7A
:1029E0007469706C655F726573705F6576656E742F
:1029F0000D0A00006163695F6174745F72656164F0
:102A00005F62795F67726F75705F747970655F720E
:102A10006573705F6576656E740D0A006163695F4A
:102A20006174745F707265706172655F77726974EA
:102A3000655F726573705F6576656E740D0A000080
:102A40006163695F6174745F657865635F777269FC
:102A500074655F726573705F6576656E740D0A00EC
:102A60006163695F676174745F696E6469636174EF
:102A7000696F6E5F6576656E740D0A006163695FEC
:102A8000676174745F6E6F74696669636174696F9E
:102A90006E5F6576656E740D0A0000006163695FA4
:102AA000676174745F70726F635F636F6D706C6584
:102AB00074655F6576656E740D0A00006163695F19
:102AC000676174745F6572726F725F726573705F55
:102AD0006576656E740D0A006163695F6761747481
:102AE0005F646973635F726561645F636861725F8D
:102AF00062795F757569645F726573705F6576652D
:102B00006E740D0A000000006163695F6761747490
:102B10005F77726974655F7065726D69745F726505
:102B2000715F6576656E740D0A0000006163695F10
:102B3000676174745F726561645F6D756C74695F01
:102B40007065726D69745F7265715F6576656E74CC
:102B50000D0A00006163695F676174745F74785F78
:102B6000706F6F6C5F617661696C61626C655F65E7
:102B700076656E740D0A00006163695F6761747445
:102B80005F7365727665725F636F6E6669726D61A1
:102B900074696F6E5F6576656E740D0A00000000E3
:102BA0006163695F676174745F707265706172659B
:102BB0005F77726974655F7065726D69745F726565
:102BC000715F6576656E740D0A0000006163695F70
:102BD0006C326361705F636F6E6E656374696F6E94
:102BE0005F7570646174655F726573705F6576654B
:102BF0006E740D0A000000006163695F6C326361EE
:102C0000705F70726F635F74696D656F75745F6517
:102C100076656E740D0A00006163695F6C326361F2
:102C2000705F636F6E6E656374696F6E5F757064FD
:102C30006174655F7265715F6576656E740D0A001B
:102C40006163695F6C326361705F636F6D6D616E4C
:102C5000645F72656A6563745F6576656E740D0A9C
:102C6000000000006163695F68616C5F7363616E9F
:102C70005F7265715F7265706F72745F6576656EA5
:102C8000740D0A006163695F68616C5F66775F65F8
:102C900072726F725F6576656E740D0A00000000D7
:102CA000504153534B45595F454E5452595F46412D
:102CB000494C4544000000004F4F425F4E4F545F67
:102CC000415641494C41424C450000004155544851
:102CD0005F5245515F43414E4E4F545F42455F4DF9
:102CE00045540000434F4E4649524D5F56414C55A6
:102CF000455F4641494C454400000000504149525F
:102D0000494E475F4E4F545F535550504F525445B4
:102D100044000000494E535546465F454E435259C4
:102D20005054494F4E5F4B45595F53495A45000037
:102D3000434D445F4E4F545F535550504F5254458E
:102D400044000000554E5350454349464945445FB1
:102D5000524541534F4E0000564552595F4541522E
:102D60004C595F4E4558545F415454454D505400A2
:102D7000534D5F494E56414C49445F504152414D7D
:102D800053000000534D505F53435F44484B455937
:102D90005F434845434B5F4641494C454400000072
:102DA000534D505F53435F4E554D434F4D5041522D
:102DB00049534F4E5F4641494C4544005375636348
:102DC0006573730054696D656F7574005061697245
:102DD000696E67204661696C65640000456E6372C8
:102DE000797074696F6E206661696C65642C204C23
:102DF000544B206D697373696E67206F6E206C6F22
:102E000063616C206465766963650000456E63727A
:102E1000797074696F6E206661696C65642C204CF2
:102E2000544B206D697373696E67206F6E207065F7
:102E3000657220646576696365000000456E6372A3
:102E4000797074696F6E206E6F7420737570706F17
:102E5000727465642062792072656D6F7465206498
:102E600065766963650000003530302070706D0054
:102E70003235302070706D003135302070706D004B
:102E80003130302070706D0037352070706D00006B
:102E900035302070706D000033302070706D000090
:102EA00032302070706D000073756363657373005A
:102EB000756E6B6E6F776E2068636920636F6D6DE2
:102EC000616E6400756E6B6E6F776E20636F6E6EF1
:102ED000657874696F6E20696400000068617264CF
:102EE00077617265206661696C757265000000002B
:102EF000556E6B6E6F77206572726F720000000006
:102F000061757468656E7469636174696F6E20665B
:102F100061696C75726500006B6579206D6973730A
:102F2000696E67006D656D6F7279206361706163B2
:102F300069747920657863656564656400000000E4
:102F4000636F6E6E656374696F6E2074696D656F13
:102F500075740000636F6D6D616E642064697361E8
:102F60006C6C6F7765640000756E737570706F724E
:102F7000746564206665617475726500696E76615A
:102F80006C69642068636920636D6420706172619C
:102F90006D7300007465726D696E61746564207292
:102FA000656D6F7465207573657200007465726D70
:102FB000696E61746564206C6F63616C5F686F73C8
:102FC00074000000756E7375707020726D742066E9
:102FD0006561747572650000756E7370656369660E
:102FE0006965640070726F636564757265207469E9
:102FF0006D656F7574000000696E7374616E742086
:103000007061737365640000706172616D657465F1
:1030100072206F7574206F662072616E67650000A4
:10302000686F737420627573792070616972696E5C
:1030300067000000636F6E74726F6C6C6572206263
:103040007573790064697265637465642061647680
:103050006572746973696E672074696D656F7574E4
:1030600000000000636F6E6E656374696F6E2065AB
:103070006E642077697468206D6963206661696C8D
:1030800075726500636F6E6E656374696F6E20663E
:1030900061696C656420746F2065737461626C692A
:1030A00073680000756E6B6E6F776E20636F6E6E67
:1030B000656374696F6E206964000000696E7661F3
:1030C0006C696420706172616D7300006275737960
:1030D0000000000070656E64696E67006E6F74209A
:1030E000616C6C6F776564006572726F72000000CE
:1030F0006F7574206F66206D656D6F7279000000CA
:10310000696E76616C6964206369640064657669E0
:10311000636520696E20626C61636B6C6973740017
:103120006373726B206E6F7420666F756E6400003F
:1031300069726B206E6F7420666F756E640000009C
:10314000646576696365206E6F7420666F756E6462
:10315000000000007365632064622066756C6C007B
:10316000646576696365206E6F7420626F6E646556
:1031700064000000696E73756666696369656E74E4
:1031800020656E63206B657973697A6500000000C5
:10319000696E76616C69642068616E646C650000BC
:1031A0006F7574206F662068616E646C6500000046
:1031B000696E76616C6964206F7065726174696FA5
:1031C0006E00000063686172616320616C7265610A
:1031D000647920657869737473000000696E737593
:1031E0006666696369656E74207265736F75726374
:1031F0006573000073617469736679207065726D20
:10320000697373696F6E206572726F7200000000DF
:1032100061646472657373206E6F74207265736F7E
:103220006C766564000000006E6F2076616C6964E6
:1032300020736C6F740000007363616E2077696E99
:10324000646F772073686F72740000006E6577207A
:10325000696E74657276616C206661696C65640084
:10326000696E74657276616C20746F6F206C617228
:10327000676500006C656E677468206661696C65DF
:103280006400000070726F66696C6520616C726525
:1032900061647920696E697469616C697A6564003A
:1032A0006E756C6C20706172616D0000466C6173AC
:1032B000682072656164206661696C656400000065
:1032C000466C617368207772697465206661696C09
:1032D00065640000466C61736820657261736520E7
:1032E0006661696C6564000074696D656F75740072
:1032F0004A616E203132203230323500312E322E8A
:10330000300000002573202D2025730D0A000000D9
:103310001B5B316D252D3134733A201B5B306D0002
:10332000456E61626C65640044697361626C6564DA
:1033300000000000656E61626C65000031000000F5
:1033400064697361626C6500496E76616C696420C2
:10335000617267756D656E742E20557365202765E3
:103360006E61626C6527206F7220276469736162E9
:103370006C65270D0A0000004572726F723A204991
:103380006E76616C6964206E756D626572206F6621
:1033900020617267756D656E7473210D0A000000FF
:1033A000566572626F73653A2025730D0A0000003E
:1033B000496E76616C696420617267756D656E74C3
:1033C0002E20446576696365206E616D65206D759C
:1033D0007374206265203120746F20256420636837
:1033E0006172616374657273206C6F6E672E0D0A73
:1033F00000000000446576696365206E616D653A82
:1034000020272573270D0A00257500004572726F6D
:10341000723A20496E707574206D75737420626500
:103420002061206E756D626572210D0A000000003A
:103430004572726F723A2050696E206D75737420F8
:10344000626520302D3939393939390D0A000000CB
:1034500050696E3A20253036750D0A004272696750
:1034600068746E6573733A2025752E257525250DB4
:103470000A00000025752E25750000004572726F48
:10348000723A20496E76616C696420696E70757459
:1034900020666F726D6174210D0A00004572726FB3
:1034A000723A204272696768746E6573732074683B
:1034B000726573686F6C64206D757374206265202B
:1034C000302E30252520746F203130302E302525C8
:1034D0000D0A00004272696768746E657373207428
:1034E00068726573686F6C643A2025752E257525A2
:1034F000250D0A004E6F2064657669636520626F52
:103500006E646564210D0A002020202020202041C7
:1035100064647265737320202020547970650D0AED
:1035200000000000307825303278253032782530A0
:1035300032782530327825303278253032782020A4
:10354000202000005075626C6963000052616E6457
:103550006F6D0000436C656172696E6720626F6E0B
:1035600064656420646576696365732E0D0A0000E6
:103570005265736574696E6720636F6E6669672054
:10358000616E6420636C656172696E6720626F6E44
:1035900064656420646576696365732E0D0A0000B6
:1035A0001B5B316D1B5B33326D62736C3E1B5B309A
:1035B0006D0000001B5B44001B5B43001B5B337E04
:1035C000000000001B5B3F32356C1B5B730000008A
:1035D0001B5B4B00257300001B5B751B5B3F32358B
:1035E000680000001B5B3F32356C1B5B4400000031
:1035F0001B5B731B5B4B00001B5B324A1B630000B1
:103600001B5B316D1B5B33326D62736C3E1B5B3039
:103610006D2573000D0A2573000000000D0A1B5B69
:10362000316D1B5B33326D62736C3E1B5B306D25FD
:10363000730000001B5B2520754400001B5B7500B8
:103640001B5B431B5B3F323568000000766572737D
:10365000696F6E0068656C700000000076657262CC
:103660006F7365006E616D650000000070696E002B
:10367000627269006272692D74680000636F6E6621
:1036800069670000626F6E6465640000626F6E645B
:1036900065642D636C65617200000000726573657E
:1036A00074000000746F70002725732720756E6BFF
:1036B0006E6F776E20636F6D6D616E642120506C4C
:1036C0006561736520757365202768656C70272EAA
:1036D0000D0A00001B5B316D0000000020253973CE
:1036E00020000000202052756E6E696E6720202039
:1036F00000000000202052656164792020202020F5
:10370000000000002020426C6F636B656420202065
:1037100000000000202053757370656E646564209E
:1037200000000000202044656C6574656420202042
:10373000000000002020556E6B6E6F776E202020F9
:10374000000000002020252D387520002020252D88
:103750003130752000000000202025752E257525AC
:10376000250000001B5B306D0D0A1B5B4B00000049
:10377000205461736B204E616D652020205374616D
:103780007465202020202020205072696F72697497
:1037900079202020537461636B2046726565202078
:1037A000204350552055736167650D0A00000000E5
:1037B0001B5B324A000000001B5B3F32356C1B5B19
:1037C0004800000020274374726C202B20432720E0
:1037D000746F20717569742E000000001B5B3F320E
:1037E00035680000446973706C6179207665727386
:1037F000696F6E20696E666F726D6174696F6E734A
:103800002E000000446973706C61792068656C70EB
:103810002E000000526561642F777269746520760E
:103820006572626F7365206D6F64652E2031207440
:103830006F20656E61626C652C203020286465669F
:1038400061756C742920746F2064697361626C65A2
:103850002E000000526561642F77726974652064E0
:103860006576696365206E616D65202864656661B3
:10387000756C742069732027426C6520536D6172EA
:1038800074204C6F636B27292E0000005265616421
:103890002F77726974652050494E20636F646520EC
:1038A0002864656661756C74206973203231353423
:1038B0003236292E000000005265616420616D627D
:1038C00069656E74206272696768746E6573732EC1
:1038D00000000000526561642F777269746520648E
:1038E00061792F6E69676874207468726573686F98
:1038F0006C64202864656661756C7420697320357A
:103900003025292E0000000053686F7720616C6C11
:1039100020636F6E66696775726174696F6E2E00E1
:10392000446973706C617920746865206C69737484
:10393000206F6620706169726564206465766963D2
:1039400065732E0052656D6F766520616C6C20701A
:103950006169726564206465766963657320286FA8
:103960007220686F6C642074686520626F6E6420DA
:10397000627574746F6E20666F72206D6F72652051
:103980007468616E2033207365636F6E6473292ED3
:1039900000000000526573657420636F6E6669678E
:1039A00075726174696F6E20746F206465666175ED
:1039B0006C742E0053686F77207461736B7320737F
:1039C000746174652E0000004170703A2052656287
:1039D0006F6F74696E67202E2E2E0D0A0000000096
:1039E000000000008249030000004842426C65204C
:1039F000536D617274204C6F636B0000880E04106D
:103A0000900E0410980E04101C0E0410800E04106A
:103A1000A02C0610B82C0610CC2C0610E42C061096
:103A2000FC2C0610142D0610302D0610442D061007
:103A3000582D0610702D0610842D0610A02D06108E
:103A4000BC2D0610C42D0610CC2D0610DC2D061042
:103A50000C2E06103C2E0610682E0610702E061036
:103A6000782E0610802E0610882E0610902E061036
:103A7000982E0610A02E0610A82E0610B02E0610A6
:103A8000C42E0610DC2E0610F02E0610002F061095
:103A9000182F0610242F0610402F0610F02E0610A7
:103AA000F02E0610F02E0610542F0610F02E0610E1
:103AB000F02E0610F02E0610F02E0610682F0610BD
:103AC0007C2F0610942F0610F02E0610F02E0610F4
:103AD000AC2F0610F02E0610F02E0610F02E061059
:103AE000C42F0610F02E0610F02E0610F02E061031
:103AF000F02E0610D82F0610F02E0610F02E06100D
:103B0000E42F0610F02E0610F02E0610F02E0610F0
:103B1000F02E0610F02E0610F82F0610F02E0610CC
:103B2000F02E0610F02E0610F02E0610F02E0610C5
:103B3000F02E0610F02E061008300610F02E06109B
:103B4000F02E0610F02E0610F02E0610F02E0610A5
:103B5000F02E0610F02E061020300610F02E061063
:103B600034300610F02E0610443006106430061073
:103B700084300610F02E0610A4300610E032061035
:103B8000BC300610CC300610F02E0610D4300610D3
:103B9000DC300610E8300610F0300610F02E06106B
:103BA000F02E0610F02E0610F02E0610F02E061045
:103BB000F02E0610F02E061000310610F02E061022
:103BC000F02E0610F02E0610F02E0610F02E061025
:103BD000F02E0610F02E0610F02E06100C310610F6
:103BE00020310610303106104031061054310610D5
:103BF000603106107431061090310610A0310610A5
:103C0000B0310610C4310610DC310610F431061054
:103C1000F02E0610F02E0610F02E0610F02E0610D4
:103C2000F02E0610F02E0610F02E0610F02E0610C4
:103C3000F02E0610F02E061010320610F02E061090
:103C4000F02E0610F02E0610F02E0610F02E0610A4
:103C5000F02E0610F02E0610F02E0610F02E061094
:103C6000F02E0610F02E0610F02E0610F02E061084
:103C7000F02E0610F02E0610F02E0610F02E061074
:103C800028320610383206104C3206106032061008
:103C900074320610F02E0610F02E0610F02E0610CC
:103CA000F02E0610F02E0610F02E0610F02E061044
:103CB000F02E0610F02E0610F02E0610F02E061034
:103CC000F02E0610F02E0610F02E0610F02E061024
:103CD000F02E0610F02E0610F02E0610F02E061014
:103CE000F02E0610F02E0610F02E0610F02E061004
:103CF000F02E0610F02E0610F02E0610F02E0610F4
:103D0000F02E0610F02E0610F02E0610F02E0610E3
:103D1000F02E0610F02E0610F02E0610F02E0610D3
:103D2000F02E0610F02E0610F02E0610F02E0610C3
:103D3000F02E0610F02E0610F02E0610F02E0610B3
:103D4000F02E0610F02E0610F02E0610F02E0610A3
:103D5000F02E0610F02E0610F02E0610F02E061093
:103D6000F02E0610F02E0610F02E0610F02E061083
:103D7000F02E0610F02E0610F02E0610F02E061073
:103D8000F02E0610F02E0610F02E0610F02E061063
:103D9000F02E0610F02E0610F02E0610F02E061053
:103DA000F02E0610F02E0610F02E0610F02E061043
:103DB000F02E0610F02E0610F02E0610F02E061033
:103DC000F02E0610F02E0610F02E0610F02E061023
:103DD000F02E0610F02E0610F02E0610F02E061013
:103DE000F02E0610F02E0610F02E0610F02E061003
:103DF000F02E0610F02E0610F02E0610F02E0610F3
:103E0000F02E0610F02E0610F02E0610F02E0610E2
:103E1000F02E0610F02E0610F02E0610F02E0610D2
:103E2000F02E0610F02E0610F02E0610F02E0610C2
:103E3000F02E0610F02E061084320610A032061066
:103E4000F02E0610F02E0610F02E0610F02E0610A2
:103E5000F02E0610F02E0610F02E0610F02E061092
:103E6000AC320610C0320610D4320610F02E061006
:103E7000F02E0610E832061000F0071000040000D3
:103E80000004000000F80710D82A0020A423000036
:103E900016000300A6000100020E170044230020B4
:103EA000FFFFFFFFF401000148010000FA2D04109C
:103EB000A22D0410682C0410602C0410EA2D0410AC
:103EC000942C0410602C0410602C0410602C04103E
:103ED000602C0410602C0410602C0410602C041062
:103EE000602C0410602C0410602C0410602C041052
:103EF000602C0410602C0410742C0410BE300410CC
:103F0000AE300410B63004103E300410A630041059
:103F10004C3606105D260410E437061054360610A1
:103F200079260410043806105C360610AD260410FD
:103F30001438061064360610492704105438061049
:103F40006C360610C92704108C380610703606101F
:103F500035280410B8380610743606108928041065
:103F6000D43806107C360610612A04100839061071
:103F70008436061079290410203906108C36061074
:103F80001D2A0410443906109C3606103D2A0410E0
:103F900094390610A4360610A5320410B439061060
:103FA000DA410410FA410410B24104107A410410BD
:103FB000AC41041074410410064204106E41041018
:103FC000CE41041003000000747A0410F879041044
:103FD000947B04107E7A0410DA7A04103C7B04107F
:103FE0007E7A04107E7A04100020202020202020D9
:103FF0002020282828282820202020202020202099
:1040000020202020202020202088101010101010A8
:1040100010101010101010101004040404040404F4
:10402000040404101010101010104141414141418E
:104030000101010101010101010101010101010170
:104040000101010110101010101042424242424280
:104050000202020202020202020202020202020240
:1040600002020202101010102000000000000000E8
:104070000000000000000000000000000000000040
:104080000000000000000000000000000000000030
:104090000000000000000000000000000000000020
:1040A0000000000000000000000000000000000010
:1040B0000000000000000000000000000000000000
:1040C00000000000000000000000000000000000F0
:1040D00000000000000000000000000000000000E0
:1040E000000000000000000000232D302B2000689D
:1040F0006C4C0065666745464700303132333435D5
:104100003637383941424344454600303132333442
:10411000353637383961626364656600412D466122
:104120002D66383930313233343536375D002B2D3A
:104130000030300078580000D1F71737D1F717B7A3
:104140008071313F807131BF0000003F000000BF2F
:10415000000FC93F000F494000CB9640000FC940F7
:104160000053FB4000CB164100ED2F41000F4941A9
:104170000031624100537B41003A8A4100CB9641B5
:10418000005CA34100EDAF41007EBC41000FC9417E
:1041900000A0D5410031E24100C2EE410053FB4195
:1041A00000F20342003A0A420083104200CB16425A
:1041B00000141D42005C234200A5294200ED2F425D
:1041C00000363642007E3C4200C74242000F494260
:1041D000A2000000F9000000830000006E00000053
:1041E0004E000000440000001500000029000000FF
:1041F000FC0000002700000057000000D100000074
:10420000F500000034000000DD000000C0000000E8
:10421000DB00000062000000950000009900000033
:104220003C0000004300000090000000410000003E
:10423000FE0000005100000063000000AB00000021
:10424000DE000000BB000000C500000061000000AF
:10425000B7000000240000006E0000003A000000DB
:10426000420000004D000000D2000000E00000000D
:1042700006000000490000002E000000EA000000D7
:1042800009000000D1000000920000001C000000A6
:10429000FE0000001D000000EB0000001C000000FC
:1042A000B100000029000000A70000003E0000004F
:1042B000E80000008200000035000000F50000006A
:1042C0002E000000BB00000044000000840000003D
:1042D000E90000009C0000007000000026000000C3
:1042E000B40000005F0000007E00000041000000FC
:1042F0003900000091000000D600000039000000E5
:10430000830000005300000039000000F4000000AA
:104310009C000000840000005F0000008B00000093
:10432000BD000000F9000000280000003B00000074
:104330001F000000F800000097000000FF000000D0
:10434000DE00000005000000980000000F000000E3
:10435000EF0000002F000000110000008B000000A3
:104360005A0000000A0000006D0000001F0000005D
:104370006D000000360000007E000000CF0000004D
:1043800027000000CB00000009000000B70000007B
:104390004F000000460000003F00000066000000E3
:1043A0009E0000005F000000EA0000002D000000F9
:1043B0007500000027000000BA000000C7000000E0
:1043C000EB000000E5000000F10000007B000000B1
:1043D0003D0000000700000039000000F700000069
:1043E0008A0000005200000092000000EA00000075
:1043F0006B000000FB0000005F000000B100000047
:104400001F0000008D0000005D000000080000009B
:1044100056000000030000003000000046000000CD
:10442000FC0000007B0000006B000000AB000000FF
:10443000F0000000CF000000BC00000020000000E1
:104440009A000000F4000000360000001D0000008B
:10445000A9000000E30000009100000061000000DE
:104460005E000000E60000001B00000008000000E5
:104470006500000099000000850000005F0000005A
:1044800014000000A00000006800000040000000D0
:104490008D000000FF000000D80000008000000038
:1044A0004D000000730000002700000031000000F4
:1044B0000600000006000000150000005600000085
:1044C000CA00000073000000A8000000C90000003E
:1044D00060000000E20000007B000000C00000005F
:1044E0008C0000006B0000006042A20D0000803FC5
:1044F0000000C93F0000F0390000DA370000A233A5
:104500000000842E0000502B0000C2270000D022A3
:104510000000C41F0000C61B000044170400000078
:1045200007000000090000000C0802170D0101023D
:1045300009090101060209FFFFFFFFFF0909FFFF4B
:10454000FFFF000096C298D84539A1F4A033EB2DA7
:10455000817D0377F240A463E5E6BCF847422CE195
:10456000F2D1176BF551BF376840B6CBCE5E316BD9
:104570005733CE2B169E0F7C4AEBE78E9B7F1AFE9D
:10458000E242E34F0D0207019E0069004F00350033
:1045900020001500010102010201000201000202D7
:1045A000020102010101010102000201006C888385
:1045B00091AAF5A53860370BDB5A6083BEE69D35BE
:1045C0000E480103CCDBFDF4AC1191F4EFB9A5F971
:1045D000E9A7832C5E2CBE97F2D203B0208BD28940
:1045E00015D08E1C742430ED8FC24563765C155255
:1045F0005ABF9A32636DEB2A65499C80DCBD1A3C38
:10460000CDA6B8995899B740EB7B60FF4A503F1050
:10461000D2E3B3C974385FC5A3D4F6493F000000A4
:10462000F9E805101DE9051041E9051089E90510B3
:10463000C5EA051065E90510FDE90510EDEA05106C
:104640009DEA051051EA05102DEA0510F5E8051060
:104650004DEB0510CDE9051015EB051039E80510F7
:1046600041EB051075EB0510EDE505102DE6051085
:1046700051E605106DE5051099E605108DE505106C
:10468000A9E5051071E605104DE5051009E60510D0
:10469000C9E50510ADE80510D1E8051079E8051069
:1046A00061E8051027E80510B5E60510BDE705101F
:1046B000B1E3051019E40510F5E30510B9E40510A0
:1046C00005E505106DE40510E1E4051091E4051021
:1046D00029E5051041E40510D5E3051031E7051083
:1046E00059E7051099E7051009E70510E1E60510FF
:1046F00015E8051081E70510EDE70510DDE7051069
:1047000007E80510FDE7051079EE051039EE0510F4
:1047100001EC051027EC051041EC051079EC0510B3
:104720000DED05105BEC05109FEC051019ED051063
:10473000F3EC0510CDEC0510AFEC0510FB349B5FDE
:10474000800000800010000000000000637C777B88
:10475000F26B6FC53001672BFED7AB76CA82C97D7D
:10476000FA5947F0ADD4A2AF9CA472C0B7FD93260E
:10477000363FF7CC34A5E5F171D8311504C723C312
:104780001896059A071280E2EB27B27509832C1A56
:104790001B6E5AA0523BD6B329E32F8453D100EDB0
:1047A00020FCB15B6ACBBE394A4C58CFD0EFAAFB94
:1047B000434D338545F9027F503C9FA851A3408F5C
:1047C000929D38F5BCB6DA2110FFF3D2CD0C13EC74
:1047D0005F974417C4A77E3D645D197360814FDC09
:1047E000222A908846EEB814DE5E0BDBE0323A0AED
:1047F0004906245CC2D3AC629195E479E7C8376D71
:104800008DD54EA96C56F4EA657AAE08BA78252E95
:104810001CA6B4C6E8DD741F4BBD8B8A703EB5661E
:104820004803F60E613557B986C11D9EE1F898110F
:1048300069D98E949B1E87E9CE5528DF8CA1890DFE
:10484000BFE6426841992D0FB054BB16000000012D
:10485000000000020000000400000008000000103A
:104860000000002000000040000000800000001B4D
:04487000000000360E
:04487400F8B5C0468D
:04487800F8B5C04689
:08487C00D43BFE7F01000000A7
:104884000000000000000000000004100000000010
:104894000000000000000000000000000000000014
:0C48A40000000000000000000000000008
:1048B00000000000000000000000000000000000F8
:1048C00000000000000000000000000000000000E8
:1048D0000000000000000000713B051009210510D8
:1048E000B52B0510713B0510713B0510713B051090
:1048F000093B0510D13A051000000000000000003F
:1049000000000000000000001F0200000000000086
:104910000000000000000000000000000000000097
:104920000000000000000000000000000000000087
:104930000000000000000000000000000000000077
:104940000000000000000000000000000000000067
:104950000000000000000000000000000000000057
:104960000000000000000000000000000000000047
:104970000000000000000000000000000000000037
:104980000000000000000000000000000000000027
:104990000000000000000000000000000000000017
:1049A0000000000000000000000000000000000007
:1049B00000000000000000000000000000000000F7
:1049C00000000000000000000000000000000000E7
:1049D00000000000000000000000000000000000D7
:1049E00000000000000000000000000000000000C7
:1049F00000000000000000000000000000000000B7
:104A000000000000000000000000000000000000A6
:104A10000000000000000000000000000000000096
:104A20000000000000000000000000000000000086
:104A30000000000000000000000000000000000076
:104A40000000000000000000000000000000000066
:104A50000000000000000000000000000000000056
:104A60000000000000000000000000000000000046
:104A70000000000000000000000000000000000036
:104A80000000000000000000000000000000000026
:104A90000000000000000000000000000000000016
:104AA0000000000000000000000000000000000006
:104AB00000000000000000000000000000000000F6
:104AC00000000000000000000000000000000000E6
:104AD00000000000000000000000000000000000D6
:104AE00000000000000000000000000000000000C6
:104AF00000000000000000000000000000000000B6
:104B000000000000000000000000000000000000A5
:104B10000000000000000000000000000000000095
:104B20000000000000000000000000000000000085
:104B30000000000000000000000000000000000075
:104B40000000000000000000000000000000000065
:104B50000000000000000000000000000000000055
:104B60000000000000000000000000000000000045
:104B70000000000000000000000000000000000035
:104B80000000000000000000000000000000000025
:104B90000000000000000000000000000000000015
:104BA0000000000000000000000000000000000005
:104BB00000000000000000000000000000000000F5
:104BC00000000000000000000000000000000000E5
:104BD00000000000000000000000000000000000D5
:104BE00000000000000000000000000000000000C5
:104BF00000000000000000000000000000000000B5
:104C000000000000000000000000000000000000A4
:104C10000000000000000000000000000000000094
:104C20000000000000000000000000000000000084
:104C30000000000000000000000000000000000074
:104C40000000000000000000000000000000000064
:104C50000000000000000000000000000000000054
:104C60000000000000000000000000000000000044
:104C70000000000000000000000000000000000034
:104C80000000000000000000000000000000000024
:104C90000000000000000000000000000000000014
:104CA0000000000000000000000000000000000004
:104CB00000000000000000000000000000000000F4
:104CC00000000000000000000000000000000000E4
:104CD00000000000000000000000000000000000D4
:104CE00000000000000000000000000000000000C4
:104CF00000000000000000000000000000000000B4
:104D000000000000000000000000000000000000A3
:104D10000000000000000000000000000000000093
:104D20000000000000000000000000000000000083
:104D30000000000000000000000000000000000073
:104D40000000000000000000000000000000000063
:104D50000000000000000000000000000000000053
:104D60000000000000000000000000000000000043
:104D70000000000000000000000000000000000033
:104D80000000000000000000000000000000000023
:104D90000000000000000000000000000000000013
:104DA0000000000000000000000000000000000003
:104DB00000000000000000000000000000000000F3
:104DC00000000000000000000000000000000000E3
:104DD00000000000000000000000000000000000D3
:104DE00000000000000000000000000000000000C3
:104DF00000000000000000000000000000000000B3
:104E000000000000000000000000000000000000A2
:104E10000000000000000000000000000000000092
:104E20000000000000000000000000000000000082
:104E30000000000000000000000000000000000072
:104E40000000000000000000000000000000000062
:104E50000000000000000000000000000000000052
:104E60000000000000000000000000000000000042
:104E7000000000000000000001010000AAAAAAAA88
:104E80008C2A00200000000070230020D82300207E
:104E9000402400200000000000000000000000008E
:104EA0000000000000000000000000000000000002
:104EB00000000000000000000000000000000000F2
:104EC00000000000000000000000000000000000E2
:0400000510047E293C
:00000001FF
