:020000041004E6
:1000000000600020497E0410317D041011040410AA
:10001000AA5555AA45554C420000000000000000BA
:100020000000000000000000000000003167041024
:100030000000000000000000E16604102D650410BF
:100040004D440410357D0410000000000000000045
:100050002D360410397D04100D100410517D04104C
:100060000000000000000000000000000000000090
:1000700000000000557D0410597D04105D7D0410C2
:10008000000000003D7D0410417D0410457D0410FA
:10009000497D04104D7D0410657D0410617D0410C0
:1000A0000000000000000000000000000000000050
:1000B0000000000000000000000000000000000040
:1000C000EFF31482EFF309811C4880F31488BFF327
:1000D0006F8FF0B543464C4655465E466746F8B4CA
:1000E000174CEFF30883236006B4164C2068164CB7
:1000F0002060164C2068164C2060164C2068164C68
:100100002060164C276800202060BFF34F8F30BF5F
:1001100027600B4C246884F3088882B003BCF8BCC9
:100120009846A146AA46B346BC46F0BC04BC80F340
:10013000098881F31488BFF36F8F10470000000017
:100140000800002004ED00E06C23002024ED00E016
:100150006823002000E200E0642300200800204023
:10016000002934D00123002210B488422CD301246A
:100170002407A14204D2814202D209011B01F8E7FF
:10018000E400A14204D2814202D249005B00F8E7B8
:10019000884201D3401A1A434C08A04202D3001BE4
:1001A0005C0822438C08A04202D3001B9C08224317
:1001B000CC08A04202D3001BDC082243002803D055
:1001C0001B0901D00909E3E7100010BC704701B515
:1001D000002000F00BF802BD0029F8D003B5FFF7AE
:1001E000C1FF0EBC4243891A1847C0467047C0463B
:1001F000844608006146FFE71FB508F044FC00286C
:1002000001D40021C8421FBD10B508F0D9FB4042FF
:10021000013010BD10B508F036FC002801DB0020CD
:1002200010BD012010BDC04610B508F02CFC002800
:1002300001DD002010BD012010BDC04610B508F042
:10024000E4FB002801DC002010BD012010BDC046E9
:1002500010B508F0DAFB002801DA002010BD0120FB
:1002600010BDC046002B11D1002A0FD1002900D1AA
:10027000002802D00021C943080007B4024802A1A7
:100280004018029003BDC04665FFFFFF03B46846F7
:1002900001B5029808F0B6F8019B9E4602B00CBC6E
:1002A0007047C04602B4714649084900095C4900DC
:1002B0008E4402BC7047C04603B4714649084000F2
:1002C0004900095A49008E4403BC7047D0400B00D6
:1002D000D1409C46203AD340184352426346934053
:1002E000184370479140030090409C46203A934049
:1002F000194352426346D340194370478446100065
:1003000062468C461900634600E0C0461FB50AF0FD
:10031000F7FA002801D40021C8421FBD10B50AF029
:1003200049FA4042013010BD10B50AF0E9FA002840
:1003300001DB002010BD012010BDC04610B50AF041
:10034000DFFA002801DD002010BD012010BDC046ED
:1003500010B50AF071FA002801DC002010BD012060
:1003600010BDC04610B50AF067FA002801DA002077
:1003700010BD012010BDC0461C2101231B04984262
:1003800001D3000C10391B0A984201D3000A083926
:100390001B09984201D30009043902A2105C4018DD
:1003A0007047C04604030202010101010000000081
:1003B0000000000010B5002903D1FFF7DDFF203059
:1003C00002E00800FFF7D8FF10BDC0460023C25C62
:1003D0000133002AFBD1581E7047000003B4714658
:1003E000490840004900095E49008E4403BC70473B
:1003F00010B503F0F3FC054803F01AFE00F00EF808
:1004000000F016F805F042FCFEE7C046901D06100D
:10041000802010B5C00106F0FDFFFEE710B500F02A
:1004200099F802F07DFB01F0DDFE00F089FF10BDC0
:1004300010B51B4B84B002931A4B80220193022308
:100440001949009352000023184805F0A9FA012425
:10045000C022174B17490293174B00940193520087
:100460000023164805F09CFA8022154B154902938B
:10047000154B0094019352000023144805F090FAA4
:10048000134BC0220293134B1349019303235200D1
:1004900000931248002305F083FA04B010BDC04653
:1004A0004018002040140020C01D0610110A04103E
:1004B000DC130020C41D0610DC0D0020252B0410C9
:1004C000780D0020CC1D0610780900208924041026
:1004D0001409002014030020D41D0610291704104D
:1004E00070B5040001E005F0F9FF00F02DFC1828BC
:1004F000F9D900F071FD7D2003F0ECF901E005F081
:10050000EDFF012003F016FA0128F8D1260000F0D3
:100510006FFD1C360E4D01E005F0E0FF00F014FC0D
:100520000028F9D000F058FD2800216803F0EAF90E
:1005300001E005F0D3FF012003F0FCF90128F8D118
:10054000043400F055FD0435B442E7D170BDC04617
:1005500000E8071030B5224C0025220083B02300AC
:10056000202150320820009504F074F8AA22AC2112
:10057000043C5200A552563AFF3A490062500C31F1
:10058000625020600C3117486550043160500431CE
:10059000625010316250144C2378002B0ED1237816
:1005A000002B0BD01148FFF79BFF114803F0F6FC1E
:1005B0002078C0B203F0EAFC03B030BD62680D4B96
:1005C0009A42EFD8A0680021FFF742FE0028E9D048
:1005D000A0680949FFF728FE0028E9D1E2E7C046F4
:1005E000A8180020000080BF00E80710943906100A
:1005F000D81D06103F420F000000C842022310B56C
:1006000088B00093094B01AA13CB13C213CB13C2BA
:100610001B68694613600122054B5242186800238B
:1006200004F07EF8002008B010BDC04694390610D2
:10063000A4180020014B98687047C04600E80710D6
:1006400070B500218AB0051C0190FFF701FE00285B
:100650002BD01749281CFFF7E7FD002825D0154CA3
:10066000281CA168FFF7D0FD002802D000200AB0A6
:1006700070BD0223029303AB45CC45C345CC45C3B3
:10068000226802A91A6001220B4B5242186800230B
:10069000CD6004F045F800F047FB0028E6D10422C5
:1006A00001A9043000F0AEFBE0E701204042DEE7A4
:1006B0000000C84200E80710A4180020014B586849
:1006C0007047C04600E8071070B5124B050088B0AF
:1006D00098421CD8104C6368834215D000F042FB4E
:1006E000002814D10223009301AB45CC45C345CC6F
:1006F00045C3226869461A600122084B52421868B5
:100700000023029504F00CF8002008B070BD012011
:100710004042FAE73F420F0000E80710A41800200B
:10072000014B1878C0B2704700E8071070B50F4B46
:1007300004001A7888B0824214D00222009201AAE2
:1007400061CB61C261CB61C21B6869461360012243
:10075000074B5242186800230C7103F0E1FF2000A0
:1007600003F014FC002008B070BDC04600E807107C
:10077000A4180020004870470CE8071030B50100AD
:1007800089B0002815D0022300930B4B01AA31CB6E
:1007900031C231CB31C21B6804A8136010220AF0A9
:1007A000C9F90122054B694618685242002303F03B
:1007B000B7FF09B030BDC04600E80710A4180020FC
:1007C00010B5034803F0EAFB03F004FE10BDC04679
:1007D000081E0610B223012270B5AA25504C5B00FA
:1007E0005242E2506D00635DDA071CD402221A42C5
:1007F00008D05621FF31615C0A423CD05622FF32BC
:10080000A35470BD082210211A40194212D0002AA8
:100810004AD15B0741D5FA220321C820520001F0DA
:10082000F3FC635DEAE700220121002001F0ECFC0B
:10083000635DE3E75623FF33E35C1940002A22D0CF
:10084000002947D005F092FAB8235B00E358C01A9C
:10085000FA235B0098425DD8324B9968BA235B005B
:10086000E058FFF7E1FC00283CD1C8220421C82051
:1008700001F0CAFC3BE0FE220221C820920501F0F3
:10088000DDFC635DBAE7002200291DD0FA200021BB
:10089000000101F0B9FC635DB0E70321C820224AE2
:1008A00001F0CCFC635DA9E71E4B9968BA235B009D
:1008B000E058FFF7B9FCC822002825D00821C8203D
:1008C00001F0A2FC635D99E70021C82001F09CFCC7
:1008D000635D93E703F00CFD124B9968FFF7A4FCEE
:1008E0000028C2D0C8220821C82001F08DFC2000B9
:1008F000B2230E4A69305B00FF30E25005F056FB30
:10090000AA235B00E35C79E70421C82001F07CFCAA
:10091000635D73E764220121002001F0ABFCE6E790
:10092000A418002000E80710CDCC4C3EC8AF000052
:1009300070B5AA240A4D64002B5DDB060BD509486F
:1009400003F02CFB03F032FD04222B5D13432B55E7
:10095000FFF740FF70BD044803F020FBFAE7C046F4
:10096000A4180020201E0610381E061070B5802026
:1009700006F048FD244C012814D0C2235B00E35C40
:10098000002B0ED17933FF33E358013304D0AA256D
:100990006D00635D9B0723D5BC2301225B0052429F
:1009A000E25070BDAA2502266D00635D1E420DD087
:1009B000C42301225B0052420020E25000F0F8FD07
:1009C000635DB3436355FFF705FFEAE72000BC23EF
:1009D00096227D305B00FF30E25005F0E7FAE0E759
:1009E000012000F0E5FD0222635D13436355FFF72C
:1009F000F1FE2000C423054A8D305B00FF30E25039
:100A000005F0D4FAC8E7C046A4180020B80B0000CF
:100A1000F0B5DE46574645464E46E0B5AC2791B0A8
:100A200004229F49042000F0EDF9012003F000FDAD
:100A300008AB98469B4B9C4C04939C4B7F000593C2
:100A40009B4B01939B4B02939B4B03939B4B0093BC
:100A5000C4235B0099464B46B226BC25E15876007C
:100A60006D0045E0E359013309D0210020005931E0
:100A70005D30FF31FF3005F0B9FA00287CD1A35971
:100A8000013309D02100200065316930FF31FF308A
:100A900005F0ACFA002866D16359013324D0BE2397
:100AA0005B0021009A467931A2445046FF3105F09F
:100AB0009DFA002818D001235B4263518633FF332F
:100AC0009B46E35C002B5AD100F08CFD502278232A
:100AD0000721002001F0CEFB1E235046635105F094
:100AE00065FA01235A46A3544B46E1584B1C4FD19B
:100AF000A259E359934200D9130062599A4200D98E
:100B00001A008A4200D90A004146206804F052F8CF
:100B10000128A7D143461B78012B5BD0022B52D072
:100B2000002B9FD143461B799A46002B72D0012B94
:100B300098D103F073FC8346002800D19CE0049810
:100B400003F02CFA524606ABDA71D91D01220120BE
:100B500000F058F9AA2208215200A35C0B43A354C9
:100B6000FFF738FE7EE7012300225B4200210020D0
:100B7000A35101F049FB8FE703F044FA7FE700231C
:100B80005A46A35403F03EFA4B46E1584B1CAFD0F3
:100B90002100200089318D30FF31FF3005F026FA29
:100BA000002800D157E701234A465B420020A350AA
:100BB00000F0FEFCAA2202215200A35C8B43A35446
:100BC000FFF708FE44E709A8FFF78AFC009803F046
:100BD000E5F947E743461B79012B2CD0022B1CD0AB
:100BE000002B00D03EE7019803F0D8F98020C00127
:100BF00006F010FC2000324B5D30FF30E35105F071
:100C0000D5F9AA2201215200A35C0B43A354FFF79C
:100C1000E1FD27E7FFF7AAFE24E7039803F0BEF9FA
:100C200003F0ACFBAA2214215200A35C8B43A35413
:100C3000FFF7D0FD16E7029803F0B0F9C4230122B4
:100C40005B005242E25005F091F8B8235B00E0509F
:100C500003F000FB082804D003F04AFBBA235B0032
:100C6000E050AA2202215200A35C8B4310210B43C7
:100C7000A354FFF7AFFDF5E6059803F08FF95A4648
:100C800006ABDA71D91D0122012000F0BBF8AA22BF
:100C900008215200A35C8B43A354FFF79BFDE1E6C0
:100CA00008E80710B81E0610A4180020D01E061071
:100CB000641E06109C1E0610801E0610E81E0610FC
:100CC000B80B0000F0B50B4B05001E680C0089B096
:100CD000002E0CD06F4620220021684609F0F8FE55
:100CE00000232200694630003D7103F0B9FE09B0CF
:100CF000F0BDC046A418002030B589B00500202200
:100D00000021684609F0E4FE6C46012301222370AD
:100D1000044B6946186852420023257103F000FD18
:100D200009B030BDA418002010B505F0BDF90028A9
:100D300006D0044B1B68181A43425841C0B210BD7C
:100D40000020FCE7381A0020BC22054B10B59C5847
:100D500010F00EFA0100200010F004FA10BDC04699
:100D6000381A0020012300B587B0049300230293B2
:100D700010330193093B03900093012200230121CA
:100D800001200CF0AFFB03000020002B01D107B0C5
:100D900000BD044A9B009958034803F0FFF8012066
:100DA0004042F4E72C3A0610041F0610012130B52A
:100DB000114D83B004004942286E04F061F86A4680
:100DC00000232100D01DD3710CF06AFB00280AD14A
:100DD0006B46DC79002300220021286E03F0A0FC82
:100DE000200003B030BD0124044B8000C1580448EA
:100DF00003F0D4F86442EDE7381A00202C3A0610CC
:100E0000281F0610F0B54746CE4680B504000F00F7
:100E100015008DB0042800D976E03D4A8300D358F0
:100E20003C4E9F46CC23F35A99463B4B994500D103
:100E30006AE000239846002D20D00121306E4942FF
:100E400004F01EF8C423F15A043BF05AEBB20293AB
:100E500043460193ABB2039700934A4601230CF03B
:100E600010FCBA27F055012C28D0A84600281BD129
:100E7000002300220021306E03F052FC40460DB0EA
:100E8000C0BCB946B046F0BDCE23F35A9946CCE774
:100E9000C623F35A9946C8E7C823F35A9946C4E7CC
:100EA000CA23F35A9946C0E71C4B8000C1581C481E
:100EB00003F074F801235B429846D9E7FFF75AFC28
:100EC0001021814609F04AFE04AB984604001B221B
:100ED000002105A809F0FCFD124B049303F09EFAD3
:100EE000434642461871631C537117200923494633
:100EF000937168442200073409F07BFE4146E0B25A
:100F000010F094F8F05DB0E701235B429846B5E736
:100F1000B0390610381A0020FFFF00002C3A0610E6
:100F2000501F0610042DFFFFF0B510218DB00600F4
:100F300009F014FE0121244D04004942286E03F0FB
:100F40009FFFB623EA5A023BE95AE3B20293002319
:100F5000A4B201930396009400200CF092FBFFF7DB
:100F600009FC1021070009F0F9FD1B2204000021F3
:100F700005A809F0ADFD154B04AE049303F04EFA3D
:100F8000631C3071172073710923220039006844F3
:100F90000734B37109F02DFE3100E0B210F046F8CD
:100FA000002300220021286E03F0BAFBBA23EB5C79
:100FB000002B01D10DB0F0BD054A9B0099580548A2
:100FC00002F0ECFFF6E7C046381A0020042DFFFFC0
:100FD0002C3A0610741F0610044B10B5186E00282A
:100FE00003D00121494203F04BFF10BD381A002005
:100FF000054B10B5186E002804D0002300220021F4
:1010000003F08EFB10BDC046381A002010B5002436
:1010100082B0019410F0B2FE6B466946DC70084B5A
:1010200001AA58680331002303F01AFD019B002B2D
:1010300003D08022034B52051A6002B010BDC04697
:10104000381A002004ED00E0F0B5C64600B592B0B5
:10105000FFF790FB1021050009F080FD8023504A26
:101060005B05995C08AA11704E490600595C002086
:1010700051704D49595C91704C49595CD170FF21B8
:10108000C900595C11714A495B5C062153710CF02F
:101090000DFB041E04D0200012B080BCB846F0BD89
:1010A000072101200CF0FEFA041EF4D141480FF094
:1010B0009DFF041EEFD1FF200FF0C0FD041EEAD1FA
:1010C0000CF0D1FA041EE6D13B4F10223B1D0193D8
:1010D000BB1C009302213B0001200CF0EBF9041E25
:1010E000D9D1B4235B429846B8447A884346B427A2
:1010F000D95BF3B2B6B202930190002300200395AE
:1011000000960CF0BEFA1E23E1226B44D2001A8036
:101110004146B822895A4246D05B009300220223FE
:101120000CF0A5FA041EB6D100200CF025FA041E1E
:10113000B1D1FFF7C3FA012304930F330193093BA5
:1011400003900294009301220023012101200CF05E
:10115000C9F9041E9FD1FFF70DFB1021070009F00C
:10116000FDFC1B22050000210BA809F0B1FC134B6C
:101170000AAE0A9303F052F96B1C30712F20737181
:1011800009232A0039006844B37109F032FDE81DD3
:101190003100C0B20FF04AFFBA234246D0547AE77A
:1011A000F4070000F5070000F6070000F70700004D
:1011B000F907000010250020EC1A0020042DFFFF85
:1011C000F0B54E4645465746DE46E0B55A4B9FB011
:1011D00006A918000A0070C870C200680AAC106046
:1011E0001A0020001032E0CAE0C0126802601A0043
:1011F0000EA82032E0CAE0C0126802601A0012A8ED
:101200003032E0CAE0C0126802601A0016A840320C
:10121000E0CAE0C01268503302601AAA904661CB5F
:1012200061C21B6802201360444B0122994600935F
:101230000C230CF0F7F9002806D01FB0F0BCBB4619
:10124000B246A946A046F0BDC4235B424B449B4630
:10125000C4239A465B4652469B5A38219C464B46CD
:10126000023305931023C33A049008301E00039301
:10127000029201910090220060460F3B36390CF03B
:10128000B2F90028D9D15C465546645B0221A446D8
:101290004C46231D0593330007240233049002902B
:1012A0000093604603960194113B0EAA0CF09BF943
:1012B0000028C2D157465D46ED5B4F46BB1D01225B
:1012C00038210593330004900830170002920191F1
:1012D0000090039628000F3B12AA36390CF083F9D0
:1012E0000028AAD15946554604234D5B494602932E
:1012F0000831023B059104900093022128000396D7
:101300000194023316AA0CF06EF9002895D15B46C1
:1013100051465C5A4B460A3305933F230193353BB4
:10132000049000934246200003960297063BC23980
:101330000CF059F981E7C046B81C0610FC1A0020D1
:1013400030B5284C0023220083B025005032012103
:1013500000930820230003F07DF92100083D686018
:101360005C31012003F03AFB28661F480CF0E4F9D9
:10137000BA242855002810D1FFF766FEBA251B4C69
:101380006055002814D1FFF71BFFBA2560550028CF
:101390001DD1174802F002FE08E0164B8000C1582C
:1013A000154802F0FBFD2B5D002BE5D003B030BDEE
:1013B000104B8000C158114802F0F0FD635D002B16
:1013C000F4D1FFF7FDFEBA2560550028E1D0094BA6
:1013D0008000C1580A4802F0E1FD635D002BD8D0BF
:1013E000E4E7C046401A00202C3E0610381A0020C0
:1013F000D01F06102C3A0610981F0610B01F0610BA
:10140000F01F0610F0B5C64600B5ACB06B4602A999
:10141000D81D0CF045F81E4B04009846BA234246EE
:10142000D05400280CD01B4BA400E1581A4802F0FD
:10143000B5FD0020FFF760FC2CB080BCB846F0BDC5
:101440006B46DF7902AD17AE002F0CD02B7801343C
:101450003370701C691C0622E4B209F0CAFB073520
:101460000736BC42F2D10CF017F8BA254346041EE9
:101470005855D8D16B46D8790028DDD0012217A95C
:1014800002F082FB4346041E5855D5D0CBE7C04638
:10149000381A00202C3A061010200610F0B5C64667
:1014A000C226402200B53C4C88B0A35D05009343A2
:1014B000A3555BB2002B52DB0CF066F8BA23E05464
:1014C00000280ED046280CD0344B8000C158344838
:1014D00002F064FD0020FFF70FFC08B080BCB846A6
:1014E000F0BDFFF747F91021804609F037FB0600F1
:1014F0006F461B22002101A809F0EAFA294B00934C
:1015000002F08CFF731C7B71092332004146387155
:101510000736F81DBB7109F06CFBF0B269460FF09D
:1015200085FDBA26A0550028CED1002D25D08021DA
:101530000130002302228900FF300CF02FF8A05563
:101540000028C1D1C2224021A35C17480B43A354F9
:1015500002F024FDBA23E05C0028BED0B4E7C0232B
:101560001321E05A0CF028F8BA23E054002DB4D02F
:101570004022A35D1343A355AFE7B421F02003231A
:101580000222C90080000CF009F8A05500289BD168
:10159000064802F003FDDDE7381A00202C3A061059
:1015A00070200610042DFFFF34200610582006106E
:1015B000012170B50A4D04004942286E03F060FC19
:1015C000C223EB5C5B06DB0FA34202D02000FFF7D7
:1015D00065FF286E00230022002103F0A1F870BDF2
:1015E000381A0020012170B5134C4942206E03F0D7
:1015F00047FC0BF04DFFBA23E054002813D10F48ED
:1016000002F0CCFCFFF7FEFEC223E05C00254006A2
:10161000C00FFFF743FF002300220021206E03F0DC
:101620007FF8280070BD0125054B8000C158054892
:1016300002F0B4FC6D42EEE7381A0020C02006101C
:101640002C3A06109420061030B5C2250223334CE4
:1016500085B0605D03420DD10423034218D10123FC
:1016600003421ED10823034227D1202303423CD149
:1016700005B030BD98436055BE33E05A0BF098FF7B
:10168000BA23E05400283ED1605D04230342E6D033
:10169000C22598436055FFF7B5FE0123605D034204
:1016A000E0D00200C22540069A43C00F6255FFF702
:1016B000F5FE0823605D0342D7D0C22598436055EC
:1016C00002F016FECC230390E15A083BE05A03AB2C
:1016D0000022009304230BF0CAFFC023E05A0BF052
:1016E000BCFF2023605D0342C2D0C22598436055F1
:1016F000A033E05A0BF0C8FE0028B9D14022635D48
:1017000013436355B4E7064B8000C158054802F007
:1017100045FC0020FFF7F0FA605DB6E7381A0020BC
:101720002C3A0610E420061030B583B004F0BCFC5F
:10173000BA23214C2060E35C002B38D10121206EBC
:10174000494203F09DFBFFF75DFE0020FFF7A6FE78
:10175000002300220021206E02F0E2FF6B46DD1D17
:1017600005E0002300220021206E02F0D9FF0122B3
:1017700029005242606803F01DFA0121206E49429F
:1017800003F07EFB2B78002BEBD18020C00105F00D
:1017900041FE03E00BF08EFFFFF756FF1FF004FB46
:1017A0000028F7D08020C00105F038FED9E70020DE
:1017B000FFF7A2FAC2E7C046381A002070B506004B
:1017C0000D0014000D4802F0E9FB31000C4802F056
:1017D000E5FB29000B4802F0E1FB21000A4802F07A
:1017E000DDFBC2217F23094A505C034001200343F3
:1017F00002205354FFF780FA70BDC0460C2106103A
:1018000030210610402106105C210610381A0020F5
:10181000F0B5DE4657464E464546E0B50D0087B06A
:101820001F0010AB10CB05901B8837489B4612ABAE
:101830001B8816009A4613AB1B88994614AB1B787D
:10184000984602F0ABFB0599304802F0A7FB29004F
:101850002F4802F0A3FB002E4CD12E492E4802F057
:101860009DFB002F4CD12D492D4802F097FB267887
:10187000E37822796179029666782A480196A478FD
:10188000009402F08BFB584607F02CFC08F0E0FEB9
:101890000022254B08F0B2F908F0A8FE234B010006
:1018A000180002F07BFB5146214802F077FB4B46C3
:1018B000990049441F48490002F070FB4346072B3A
:1018C00020D81D4A9B0099581C4802F067FBC02293
:1018D000C2211B4B9D52585C3F3AFF3A0243012004
:1018E0005A54FFF709FA07B0F0BCBB46B246A94606
:1018F000A046F0BD1349084802F050FB002FB2D0BB
:101900001149B1E71149DFE7AC210610302106107B
:10191000402106106C210610D02106107C210610F3
:10192000DC210610F42106100000F43F14220610FA
:101930002C220610442206100C3A061064220610CF
:10194000381A00207421061094210610BC1D0610C0
:10195000F0B5DE4657464E4645468846E0B589B066
:101960001F0015AB1B8805909B4616AB1B884C4887
:10197000079317AB1B880692994618AB1B78129EEB
:101980009A46139D149C02F009FB0599454802F004
:1019900005FB4146444802F001FB069B002B67D142
:1019A0004249434802F0FAFA002F67D0012F6FD066
:1019B000022F69D0032F6FD03778F378327971799D
:1019C000029777783B480197B678009602F0E6FADE
:1019D0002E78EB782A79697902966E7836480196E6
:1019E000AD78009502F0DAFA2578E378227961790A
:1019F0000295657831480195A478009402F0CEFAFA
:101A0000584607F06FFB08F023FE00222C4B08F02D
:101A1000F5F808F0EBFD2B4B0100180002F0BEFAC0
:101A20000799294802F0BAFA4B46990049442748D9
:101A3000490002F0B3FA5346072B23D8244A9B00EF
:101A40009958244802F0AAFA4146C022224B9952E2
:101A5000C2213F3A585CFF3A024301205A54FFF733
:101A60004BF909B0F0BCBB46B246A946A046F0BD52
:101A70001A490F4802F092FA002F97D1184802F045
:101A80008DFA99E71749DCE7174802F087FA93E7E0
:101A9000164802F083FA8FE7154802F07FFA8BE7C9
:101AA0008022061030210610402106106C210610FD
:101AB000D0210610F42106106C230610A023061076
:101AC0000000F43F142206102C22061044220610B7
:101AD0000C3A061064220610381A002074210610F1
:101AE000AC220610BC1D061004230610D8220610D6
:101AF0003423061070B505001C480E00140002F0D7
:101B00004DFA29001A4802F049FA052E0BD9194955
:101B1000194802F043FAC223184AD35C40218B4390
:101B20008231535470BD164BB200D158124802F0A6
:101B300035FA022E0FD1013CE4B20B2C09D8114B1F
:101B4000A400E158104802F029FAC2230B4AD35CE2
:101B5000E4E70849F6E7C223084AD35C002EDDD14A
:101B60005906DBD504210B43D8E7C046D423061021
:101B700040210610BC1D0610F8230610381A00205C
:101B8000F4390610C439061008240610F8B5070009
:101B90000C0016001D00214802F000FA3900204810
:101BA00002F0FCF921001F4802F0F8F931001E484C
:101BB00002F0F4F929001D4802F0F0F90D2C0AD8C2
:101BC0000123A3401A4A134204D1072C03D10698DB
:101BD000FEF7D4FDF8BDC623164AD35A01339C4202
:101BE00015D0CA23D35A01339C4209D0CE23D35AED
:101BF00001339C42EED1069B1868FEF721FDE9E710
:101C0000069B1B78012BE5D1FEF7DAFDE2E7069B88
:101C10001B78012BDED1FEF78BFEDBE718240610C4
:101C2000402106103C2406105024061060240610A3
:101C3000042A0000381A002070B506000D001400B8
:101C40000A4802F0ABF93100094802F0A7F929006F
:101C5000084802F0A3F92100074802F09FF9C221C9
:101C60000820064B5A5C02435A5470BD7824061073
:101C7000402106109C24061050240610381A00201B
:101C8000BC21014B5A507047381A002010B5034848
:101C900002F084F90020FFF72FF810BDB8240610D9
:101CA00070B505000C00084802F078F929000748D3
:101CB00002F074F92100064802F070F9054906485F
:101CC00002F06CF970BDC046D42406103021061015
:101CD00040210610F42406102025061010B50248F5
:101CE00002F05CF910BDC0463C25061010B5024854
:101CF00002F054F910BDC0467425061010B5024814
:101D000002F04CF910BDC0469C25061010B50248E3
:101D100002F044F9002010BDC825061010B5024895
:101D200002F03CF910BDC046E0250610F0B5C646ED
:101D300000B580461C006B460F00160014481D8B32
:101D400002F02CF94146134802F028F939001248F4
:101D500002F024F9300007F0C5F908F079FC002200
:101D60000E4B07F04BFF08F041FC0D4B0100180033
:101D700002F014F921000B4802F010F9A9004919EA
:101D80004900094802F00AF980BCB846F0BDC046D7
:101D90000426061030210610402106100000F43FF2
:101DA000142206102C2206104422061010B50248F8
:101DB00002F0F4F810BDC0463026061010B50248F7
:101DC00002F0ECF810BDC0466426061010B50248BB
:101DD00002F0E4F810BDC0468C26061010B502488B
:101DE00002F0DCF810BDC046B026061010B502485F
:101DF00002F0D4F810BDC046E426061010B5024823
:101E000002F0CCF810BDC0460C27061010B50248F1
:101E100002F0C4F810BDC0463827061010B50248BD
:101E200002F0BCF810BDC0466027061010B502488D
:101E300002F0B4F810BDC0468027061010B5024865
:101E400002F0ACF810BDC046A427061010B5054836
:101E500002F0A4F8C2212020034B5A5C02435A54DA
:101E600010BDC046D0270610381A002010B5024811
:101E700002F094F810BDC046EC27061010B50248D9
:101E800002F08CF810BDC0460C28061010B50C00EE
:101E9000034802F083F82100024802F07FF810BDE9
:101EA000302806105C28061010B5024802F076F8BB
:101EB00010BDC0467028061010B5024802F06EF83A
:101EC00010BDC0469828061010B5024802F066F80A
:101ED00010BDC046B828061010B5024802F05EF8E2
:101EE00010BDC046DC28061010B5024802F056F8B6
:101EF00010BDC046FC28061010B5024802F04EF88E
:101F000010BDC0462429061010B5024802F046F85C
:101F100010BDC0464829061010B5024802F03EF830
:101F200010BDC0466429061010B5024802F036F80C
:101F300010BDC0468429061010B5024802F02EF8E4
:101F400010BDC046A829061010B5024802F026F8B8
:101F500010BDC046D029061010B5024802F01EF888
:101F600010BDC046F429061010B5024802F016F85C
:101F700010BDC046142A061010B5024802F00EF833
:101F800010BDC046302A061010B5024802F006F80F
:101F900010BDC046502A061010B5024801F0FEFFE1
:101FA00010BDC046702A061010B5024801F0F6FFB9
:101FB00010BDC0468C2A061010B5024801F0EEFF95
:101FC00010BDC046BC2A061010B5024801F0E6FF5D
:101FD00010BDC046E02A061010B5024801F0DEFF31
:101FE00010BDC046082B061010B5024801F0D6FF00
:101FF00010BDC0462C2B061010B5024801F0CEFFD4
:1020000010BDC046542B061010B5024801F0C6FFA3
:1020100010BDC046802B061010B5024801F0BEFF6F
:1020200010BDC046AC2B061010B5024801F0B6FF3B
:1020300010BDC046CC2B061010B5024801F0AEFF13
:1020400010BDC046F42B061010B5024801F0A6FFE3
:1020500010BDC046182C061010B5024801F09EFFB6
:1020600010BDC046382C061070B5144C251D21003B
:10207000280003F0BBFF002800D170BD0223280018
:102080002600236003F092FF9C24B423413EFF3ED0
:1020900064005B00F158305906F034FA084D3051B5
:1020A00002F0E0F83059291CFEF7D2F80028E4D0FD
:1020B0009A2300225B003551F250DEE7481C0020D5
:1020C0000000C84210B5154C2100201D03F08EFF02
:1020D000002815D0AE23413CFF3C5B00E25C002AA7
:1020E0000FD10122E254B0235B00E2580C48203BA0
:1020F000E250083BE05002F0B5F80A4803F056FF02
:1021000010BD00220020E2540833E258243BE25084
:10211000083BE05002F0A6F8EFE7C046481C00205C
:102120000000C8424C1C0020F8B5284C251D210099
:10213000280003F05BFF002800D1F8BD022328002F
:102140002600236003F032FF03F010FEAC23413E73
:10215000FF3E5B000700F05808F07AFA1C4A1D4B5E
:1021600007F04CFD00221C4B07F048FD00221B4BE2
:1021700007F0BEFA040038000D0006F0B3FF08F0C7
:1021800067FA02000B002000290007F037FDAA23A0
:102190005B000400F0580D0008F05AFA02000B0032
:1021A0002000290006F0DCFF08F094FA09F054FE44
:1021B000011CFE20800506F09DFD094906F0A2FCE9
:1021C0009C235B00F05002F04DF8B6E7481C00205D
:1021D000182D4454FB2119400000344000408F402A
:1021E0000000484210B5074C0023220082B0009343
:1021F0001C2123005032082002F02CFA043C2060FD
:1022000002B010BD0C1B0020F0B589B001AC070076
:102210000E00150000211822200008F059FC0122B0
:10222000054B210018685242002302972672079539
:1022300002F076FA09B0F0BD081B0020F0B589B0B5
:1022400001AC07000E00151C00211C22200008F024
:102250003FFC012301222370054B210018685242E4
:10226000002302972672049502F05AFA09B0F0BDD5
:10227000081B0020F0B5C64600B588B080460F00A8
:10228000160000211C2268461D006C4608F020FC48
:1022900002232370434601220193074B69461868C5
:1022A0005242002327720496059502F039FA08B0CD
:1022B00080BCB846F0BDC046081B0020F8B54746B4
:1022C000CE4680B5AC27A623634E7F00F0515B005D
:1022D000F35C0C00002B69D13933FF33F05898467A
:1022E00008F0B6F9A0225D4B120609F015FE08F0C1
:1022F000F1F908F0ADF9A022594B120609F0EAFDF8
:1023000008F0E8F94346F05003F030FD8146F059FB
:1023100008F09EF9534A544B07F070FC0022534BCF
:1023200007F06CFC0022524B07F0E2F9040048462B
:102330000D0006F0D7FE08F08BF902000B0020001C
:10234000290007F05BFC80231B06CD1843460400E0
:102350004849F05806F052FAFE21890506F0CAFCF9
:1023600009F030FD08F074F902000B00200029008C
:1023700007F06AFE3B4A404B06F0F2FE08F0AAF96D
:10238000011C041C06F038FE002862D165006D08AF
:102390003A49281C06F030FE00284FD13749281C46
:1023A000FDF742FF002849D1354C47E003F0DEFC41
:1023B0003222050000232000002105F0CDFFFA2283
:1023C00000239200FDF74EFF06F08CFE9C235B007D
:1023D000F15806F097FB2A4906F010FA041C280071
:1023E00006F080FE011C201C06F08CF808F030F985
:1023F0000400F0590D0008F02BF91A4A1A4B07F0A7
:10240000FDFB0022194B07F0F9FB0022184B07F0E7
:102410006FF902000B002000290007F0EFFB80237A
:10242000C0221B06C918D205134B07F00DFE0D4A3A
:10243000114B06F095FE08F04DF9041CAA239A22D0
:102440005B00F4500F4B5200B350C0BCB946B046CD
:10245000F8BD0024F2E7C046081B002099F9584057
:102460009999B93F182D4454FB211940000034407C
:1024700000408F4000004842FB210940FFFF7F7F62
:102480000000C84229210410F0B54546DE465746F3
:102490004E466F4BE0B59B466E4BA6269A46A02350
:1024A00089B05B0000226D4698466B4C760057E081
:1024B00068682F7A002800D190E006F013FE674983
:1024C00006F09CF9011C664806F098F9A8235B0009
:1024D000E050143B9946E35C2000FA1A511E8A41F1
:1024E000591E8B411340A355424600234530FF300F
:1024F000A35003F05BFDA35D002B0CD14B46E35CC6
:10250000BB4208D09C2300205B00E05001F0AAFEF3
:10251000380001F0E3FD9E235B00E7542B78012B8C
:1025200000D187E0022B5BD0002B1FD1A8690028C7
:1025300000D18BE006F0D6FD484906F05FF9011C9A
:10254000474806F05BF9B4235B00E0505B469A22F3
:102550005200A350A25D002A12D198474346E25888
:102560002900206802F026FB0128A1D09A2301222D
:102570005B00E3585242002BF2D0A25D002AECD05F
:102580002700210045374131FF373800FF3103F084
:102590002DFD0028E2D0424602233800A3509C279C
:1025A00003F004FDA8237F005B00E158E05906F02A
:1025B000A1FBE05101F056FE0023E059191C994699
:1025C000FDF732FE0028C9D04B46E3510023A35546
:1025D0003D33FF33E05C01F081FDBFE7204875E744
:1025E000322200232869002105F0B6FEFA220023DA
:1025F0009200FDF737FEB0236F695B00E050322296
:1026000000233800002105F0A7FEFA2200239200E3
:10261000FDF728FEB2235B00E0504346E050200067
:102620004530FF3003F0C2FCAE2300225B00E254D1
:1026300053468CE76968E868FFF740FE9A23012259
:102640005B00E3585242002B97D189E704487AE7B0
:1026500069200410C5200410081B0020000020423F
:102660000000C84210B5034A0349044801F0E0FCE9
:10267000002010BDA4320610B0320610B832061089
:10268000F8B5094C094E2700094D903721683000F4
:1026900001F0CEFCA16828000C3401F0C9FCBC425A
:1026A000F4D10020F8BDC046C43E0610C432061066
:1026B000C81F061010B501282DD0022826D14C685D
:1026C0001A48210008F00CFA002816D021001848FA
:1026D00008F006FA002810D02100164808F000FA89
:1026E000002805D02100144808F0FAF9002818D174
:1026F0000020FEF71BF8114903E00120FEF716F851
:102700000F49104801F094FC002010BD0E4801F064
:102710008FFC0120F9E7FEF703F80028F0D1074904
:10272000EFE70A4801F084FC0120EEE7E8320610EA
:10273000B4320610F0320610F8320610DC32061001
:10274000D4320610543306102C330610FC32061017
:1027500030B587B004000D001122002101A808F057
:10276000B7F9012C1FD0022C18D16C682000FDF79E
:102770002DFE01380F281ED81022210001A808F0D4
:10278000D9F92000FDF7FAFF6868FEF7CDFB0D4888
:1027900001A901F04DFC002007B030BD0A4801F04E
:1027A00047FC0120F8E7FDF7E5FF1022010001A832
:1027B00008F0C0F9EBE71021044801F039FC0120D2
:1027C000EAE7C046A83306102C330610643306101F
:1027D00000B583B001281AD0022812D1124B4868E4
:1027E00001AA190008F0F0F8002815D00198FDF7AB
:1027F0006BFF002814DB01990C4801F019FC002044
:1028000003E00B4801F014FC012003B000BDFDF70C
:1028100055FF01000190EFE7064801F009FCF3E7DE
:10282000054801F005FCEFE7BC3306100434061040
:102830002C330610C0330610E433061070B501F0D7
:1028400057FD07F005FF0E4A0E4B06F089FC07F016
:1028500041FF051C06F0E4FB040006F043FC011CEC
:10286000281C06F047FA084906F04CF905F096FDD9
:10287000064B02002100180001F0DAFB002070BDB9
:102880009A9999999999A93F00002041103406100E
:1028900030B50C0083B0012858D0022851D14D68C2
:1028A0002E21280008F065F9002805D04378002B78
:1028B00002D000238370656800236A460093019369
:1028C0002800274901AB08F07FF80138012833D8E8
:1028D000019806F007FC234905F090FF041C0098BE
:1028E00006F000FC011C201C05F00CFE041CFDF78A
:1028F000A7FE00282ED1201C07F0AAFE1A4A1B4B67
:1029000006F02EFC07F0E6FE051C06F089FB04002D
:1029100006F0E8FB011C281C06F0ECF9114906F052
:10292000F1F805F03BFD124B02002100180001F008
:102930007FFB002003B030BD0E4801F079FB012081
:10294000F8E70D4801F074FB0120F3E7FDF772FE94
:10295000041CD0E7094801F06BFB0120EAE7C04600
:1029600028340610000020419A9999999999A93F15
:1029700088340610303406102C33061050340610FC
:10298000F0B5CE46474680B59BB005A8FEF70EFAD7
:10299000061E36DD1D4801F04BFB1D4BF500994628
:1029A0001C4BAD1B05AC98461B4F1C4E65190AE02D
:1029B000012B02D1404601F03BFB3000073401F00F
:1029C00037FBAC4217D0607823796279A179029005
:1029D000A0780190E0780090380001F029FB23787E
:1029E000002BE5D1484601F023FB0734300001F00D
:1029F0001FFBAC42E7D100201BB0C0BCB946B046BB
:102A0000F0BD074801F014FBF5E7C046BC340610E2
:102A1000F834061000350610D8340610001F0610D2
:102A2000A834061010B5FEF7DDFD054801F000FBE7
:102A3000142003F0DDF801F0E5FA002010BDC046D7
:102A40000835061010B5FDF7D9FDFEF7CBFD05489A
:102A500001F0EEFA142003F0CBF801F0D3FA0020D5
:102A600010BDC0462435061030B5012387B00128BB
:102A700002D0180007B030BDFDF752FE00283BD051
:102A80001E491F4801F0D4FAFDF718FE1D4B010046
:102A9000180001F0CDFAFDF7CDFD07F0D9FD1A4A77
:102AA0001A4B06F05DFB07F015FE051C06F0B8FAA0
:102AB000040006F017FB011C281C06F01BF9144942
:102AC00006F020F805F06AFC124B02002100180005
:102AD00001F0AEFA1122002101A807F0F9FFFDF77D
:102AE00049FE1022010001A808F024F80A4801A9B3
:102AF00001F09EFA0023BCE70849C2E7D432061071
:102B000054330610043406109A9999999999A93F5B
:102B10000000204188340610A8330610DC3206106D
:102B20007047C046F0B54E46DE4657464546E0B5CE
:102B3000C5B034AB9946E24B370008932EAB9846AC
:102B4000E04B0393E04B0C93E04B0B93E04B0D9366
:102B5000E04B0493E04B0A93E04B0193E04B10935E
:102B6000E04B1193E04B0693E04B0793E04B0E9341
:102B7000E04B0293E04B0F93E04B1D93E04B099326
:102B8000E04B1293E04B1393E04B1493E04B1593FF
:102B9000E04B1693E04B1793E04B1893E04B1993DF
:102BA000E04B1A93E04B1B93E04B1C93E04B1E93BE
:102BB000E04B1F93E04B2093E04B2193E04B2C9391
:102BC000E04B2D93E04B2293E04B2393E04B249377
:102BD000E04B2593E04B2693E04B2793E04B289363
:102BE000E04B2993E04B2A93E04B2B9300239B4629
:102BF0004B465A4608981A7001F01AFA002300252D
:102C00009A4600260DE0DA4A934200D123E1D94AE0
:102C1000934200D125E108235E460137BB4276414D
:102C2000F6B20120404201F035FA0400002E00D136
:102C3000F1E14346DC551B68CF4A9342E3D1002DB6
:102C4000E9D00398013D01F0F3F90120404201F081
:102C500021FA3E0004002300083BDBB2132B03D80B
:102C6000019A9B00D3589F4653463F2B00D885E1DD
:102C70000120404201F00EFA0400ECE72EAB0722DF
:102C80000021581C07F024FF01201B23424640422C
:102C9000137001F0FFF901270400CAE7099801F059
:102CA000C7F937004B4656465A469B191A70002EF4
:102CB0009EDD4B46202148469A55309307F02CFF65
:102CC000002800D17EE15B46202103700130319065
:102CD00007F022FF002800D181E15B46202103702C
:102CE0000130329007F018FF002800D179E15B46EF
:102CF00004240370013033904846149907F0F0FE25
:102D0000002800D166E14846159907F0E9FE002841
:102D100000D16AE14846169907F0E2FE002800D18A
:102D200065E14846179907F0DBFE002800D160E115
:102D30004846189907F0D4FE002800D15BE14846C8
:102D4000199907F0CDFE002800D158E148461A999C
:102D500007F0C6FE002800D14FE148461B9907F056
:102D6000BFFE002800D14EE148461C9907F0B8FE8E
:102D7000002800D145E148461E9907F0B1FE002821
:102D800000D144E148461F9907F0AAFE002800D16F
:102D90003BE14846209907F0A3FE002800D138E126
:102DA0004946219801F044F922E75346002B00D10F
:102DB0005EE70E9F05963C00903726684946300036
:102DC00007F0EBFE002803D03100029801F030F943
:102DD0000C34BC42F1D149460F98059E01F028F908
:102DE000554500D144E753461D98591B01F020F981
:102DF0003EE7069801F01CF94946079801F018F9DA
:102E000036E7002D00D133E76B1E52461C00571EDB
:102E100005934C44BB4205D229002000521B494473
:102E200007F044FE4B465A46DB191A70109801F021
:102E3000FFF8119801F0FCF82100049801F0F8F86F
:102E40000A9801F0F5F80120404201F023F9BA4652
:102E50000400059DFFE6554500D3DCE60C980135DE
:102E6000F1E643461B79002B00D0D4E6554500D34C
:102E7000D1E65346681C5E1E864207D95246A91CFD
:102E8000023A521B4944484407F010FE4B465A464A
:102E90009B191A700B9801F0CBF80D9801F0C8F847
:102EA0004B460498591901F0C3F80A9801F0C0F88C
:102EB0000120404201F0EEF8B24604003E00CAE6AE
:102EC00054350610683506106C3506107835061036
:102ED00084350610883506108C350610603E0610C5
:102EE00098350610A4350610AC350610B43506101A
:102EF000C43E0610C8350610D0350610E835061059
:102F0000001F0610F0350610F435061000360610C6
:102F10000836061010360610183606102036061031
:102F200024360610283606103036061038360610BD
:102F30004036061050360610583606105C3606101D
:102F40006526041081260410B526041051270410AC
:102F5000D12704103D28041091280410692A041078
:102F600081290410252A0410452A0410AD320410CA
:102F70001B5B43001B5B337E1B5B4400554532D219
:102F80005A1B4B466F1C5919D81907F08FFD0122A7
:102F900094462B004A46E2444B4452441C7005932D
:102FA00013005A460B981A7001F042F805990498DC
:102FB00001F03EF8129801F03BF813983D0001F043
:102FC00037F855E648461499012407F089FD002892
:102FD00000D098E62C9B200030A9984708E60224F0
:102FE0008AE6032488E66F1CD1E72D9BF3E7229B3A
:102FF000F1E7239BEFE7249BEDE7269BEBE7259B7F
:10300000E9E7289BE7E7279BE5E72A9BE3E7299B7E
:10301000E1E72B9BDFE73E001DE6C04670B5037B72
:1030200004000D00002B0AD061682C4801F000F864
:10303000237B042B4ED82A4A9B00D3589F4629480D
:1030400000F0F6FFF0E7284800F0F2FF216927487A
:1030500000F0EEFFA16A264800F0EAFF002D36D00E
:10306000A06906F03FF8234905F04CFD041C280038
:1030700006F038F8011C201C05F0C0FB051C05F00B
:10308000CFFF040005F0EAFF011C281C05F032FE0A
:10309000194905F037FD05F0C3FF0200174B210069
:1030A000180000F0C5FF164800F0C2FF70BD1548BB
:1030B00000F0BEFFCAE7144800F0BAFFC6E71348A5
:1030C00000F0B6FFC2E7124800F0B2FFBEE70022F0
:1030D0000024E3E70F4800F0ABFFB7E79036061097
:1030E000B03E061088360610C8360610F8360610B0
:1030F000003706100000C842000020410C370610BF
:1031000018370610D8360610A8360610B83606103E
:1031100098360610E8360610F0B5CBB008AC02F0D1
:103120002BFE0621200001AA03F09CF802AD061E2A
:103130002ED0029401281ED013AB6B60022841D020
:103140001EAAAA60032809D029AAEA60042805D08B
:1031500034AA2A61052801D03FAA6A61A169626C7C
:10316000701E914235D36968AB688C699A69944244
:1031700021D3022832D14C4800F05AFF0024019993
:1031800001CD0134FFF74AFFA642F8D84BB0F0BD9D
:1031900002996A6888699469844256D8AB689F69C5
:1031A000A74219D96B60AA60B84215D201204042EB
:1031B00069600293DDE7A96002996B608C69A242A5
:1031C000D7D9F5E7A169626C9142D4D202936C60C1
:1031D000D1E702936C60C6E701204042AB68E96822
:1031E0009C698A6994424ED30328C4D0EB6829694C
:1031F0009C698A6994422DD30428BCD02A696969E4
:1032000090698B698342B6D9E8686A6182692961ED
:10321000934202D91A002861E960A968E8688B69BD
:10322000934202D21300E960A8606968A8688A69BD
:10323000934202D91A00A9606860029B6968986984
:10324000824298D96B60029195E7012002926960F1
:10325000404288E7AC682B61A369E9609A4202D9D1
:103260001300EC60A9606968AC688A69934202D96E
:103270001A00A9606C60029B69689C69A242BBD974
:103280006B600291B8E76C68EB60A369A9609A4231
:1032900002D91300AC606960029A69689469A3421C
:1032A000A2D96A6002919FE72437061070B50E48D4
:1032B00000F0BEFE0D4E0E4D0E4C300000F0B8FE7C
:1032C000FFF72AFF280000F0B3FE200000F0B0FE58
:1032D000FA20800000F0DEFE0328EED1064800F060
:1032E000A7FE002070BDC046643706106C3706107C
:1032F0007837061090370610001F061010B507F03B
:1033000063FC0C2303600120404210BD30B5040073
:10331000080085B02060200011001A00184B1C30F6
:103320001C6001F0FBF8099A0899201D01F0F6F8DD
:10333000032523000022002138330095012001F0ED
:1033400089F923000022606300218C33009501205D
:1033500001F080F988230021E050606B01F090FDBE
:103360000121082004F0A8F8064B03A81A8802805F
:103370009B78837004F092FC002005B030BDC046FD
:10338000741C0020181D061030B585B008AC2578D7
:103390000191072A45D011D8052A46D00121062AD5
:1033A00008D101AC21716171012B0FD0022B3AD0F1
:1033B000002B0CD00120404205B030BD0321082A6B
:1033C000F8D101AC21716171012BEFD10223E371BE
:1033D000002D01D0012DEDD1436AA5715A1E9341F4
:1033E000C2685B002372002A02D0012213432372B9
:1033F0000023002063720133A37204F0DFF8200081
:1034000004F0EAF8062004F0DDF9002004F0CEF91B
:103410000121102004F08CF9012004F0CFF80020E5
:10342000CAE70221BDE70123D1E70021B9E7C04681
:10343000F0B5C64604000E001700002000B5002AB3
:1034400002D180BCB846F0BD81200021400104F0CB
:103450006FF90021606B01F013FD8120400104F041
:103460009FF90EE0002D28D0E36A226A1878013314
:10347000E362934201D3E369E362013D256304F013
:1034800063F9202004F070F9256B0028EAD00023AE
:103490009846002D11D0200031003A001C3001F078
:1034A00047F8236B05000121002B18D18020400133
:1034B00004F03EF928004044C3E7002505E0BD4282
:1034C00011D0705D04F040F90135202004F04CF972
:1034D000A84673190028F2D01E007F1BDBE72020CE
:1034E00004F026F9E6E700271E00D4E770B50500D2
:1034F0004B1C0BD0322200230800002104F02CFFCB
:10350000FA2200239200FCF7ADFE0100686B01F087
:10351000B7FC0400012802D00024200070BD02F096
:10352000E9FF082004F020F9002803D0002402F06D
:10353000EDFFF2E7002300220021686B01F0F0F8B4
:10354000F5E7C046F8B504000F0016000020002A79
:1035500000D1F8BD0021103004F0EAF83200390043
:10356000201D01F011F80500864206D822E004F083
:10357000F3F878550135AE421CD9102004F0F4F868
:103580000028F4D0102004F0EFF8A369002817D128
:10359000E2689A4214D004F0DFF8236918702369B6
:1035A000A26801332361934201D363682361A36955
:1035B0000133A361102004F0D7F8A3690028E7D0F5
:1035C000002B05D01020012104F0B2F82800C0E73C
:1035D00088330021E05801F053FCF3E770B5050093
:1035E0000C004B1C0BD0322200230800002104F0F9
:1035F000B3FEFA2200239200FCF734FE0400882672
:10360000002004F0DFF82100A85901F039FC01285E
:1036100004D0062004F0D6F8A86970BD002300226B
:103620000021A85901F07CF8F3E7C0463E4B10B5E5
:103630001C68002382B02020019304F0A7F8012821
:1036400013D08020400104F0A1F8012858D01020A8
:1036500004F09CF8012831D0019B002B03D080227C
:10366000324B52051A6002B010BD314B1B8F9B06C6
:10367000E7D51F3004F094F80EE0002A14D0E36A76
:10368000216A18780133E3628B4201D3E369E36274
:10369000013A226304F058F8202004F065F8226B08
:1036A0000028EAD0002ACCD10021202004F040F8E4
:1036B00080200121400104F03BF8C2E71C4B1B8F26
:1036C000DB06C9D50F3004F06BF80EE004F044F8C7
:1036D000236918702369A26801332361934201D3DF
:1036E00063682361A3690133A361102004F03CF8EF
:1036F0000028EBD0882301A9E05801F00FFAABE7CE
:1037000080220B4B52011B8F1342A0D0100004F0FB
:1037100047F880200021400104F00AF8606B01A9FD
:1037200001F0FCF993E7C046741C002004ED00E0B2
:10373000000030400D4B70B505000C0099420CD0D4
:103740000B4B99420FD180200121400103F0B4FEC0
:10375000002300202C606B6070BD802001210001DF
:1037600003F0AAFEF4E701204042F5E70000D04054
:103770000000E04070B504001A480D00002682B039
:103780000902814208D8FCF7EBFC80235B009842D9
:1037900025D845430138C6B229001248FCF7E0FCA1
:1037A0006060684604F064F880236D465B002B80FF
:1037B0000023AB70AB8063686946013B2068EB80F7
:1037C000EE7004F00DF801222068002104F062F888
:1037D0002068012104F052F8002002B070BD1800EA
:1037E000D7E7C0460048E80170B50C1C0600002170
:1037F000201CFCF70FFD00281CD10F49201CFCF7F2
:103800001DFD002800D00C4C7568280005F06AFCEE
:10381000211C05F077F906F01BFF0022074B05F08D
:1038200067FF04F0D3FD33682D1AADB282B29A80DF
:103830001D8170BD0024E7E70000C8420000594028
:10384000002203681A807047002310B501600371DD
:1038500080204000012103F02FFE002010BDC04653
:1038600000B583B000230171684603700133FF3354
:103870004380FE3B4170037104F022F8012004F004
:103880009DF8012004F086F8002003B000BDC0467A
:1038900070B505000424012004F05EF8042004F053
:1038A0009BF80028FAD0013C04F0DAF9002CF2D1A0
:1038B0002879022104F098F870BDC04610B507F0D1
:1038C00098F910BD10B507F003F910BD10B507F059
:1038D000DFF810BD084B1A68084B9A420AD13F2303
:1038E000074A40061381000C2E3B90611380138A17
:1038F000DB07FCD57047C04614000020CCBCECFCB4
:1039000000001040084B1A68084B9A420AD13F2326
:10391000074A800813810C3B906111641380138A5D
:10392000DB07FCD57047C04614000020CCBCECFC83
:1039300000001040034B1B8A1840431E9841C0B240
:103940007047C04600001040C02380211B061A6843
:103950000A431A601A688A431A607047C02301211B
:103960001B061A680A431A601A688A431A6070476D
:10397000C0231B0618688007C00F7047054B1B78D3
:10398000002B05D1044B1868431E9841C0B2704704
:103990000120FCE7781C0020000400C0F0B5534B68
:1039A00091B01C006A46E0CCE0C2E0CCE0C260CC42
:1039B00060C22033E0CBE0C270CB70C230CB30C2EB
:1039C000012857D002281CD0032850D16A46202352
:1039D0004C1E551E03E0013B002B00D17CE0E05C57
:1039E000EA5C861A9042F6D0414B1A78002E00DB32
:1039F00074E0022082433F481A700C1D02003E4BC7
:103A000050E06A4620234C1E551E02E0013B002B6D
:103A10005CD0E05CEA5C861A9042F7D0344B1A78AE
:103A2000002E55DA012082431A700C1D4B0759D124
:103A3000324BCB18002B55D00C684D68304B1C60B6
:103A40005D60304B8C68CD681C605D602E4B0C69EE
:103A50004D691C605D602D4B8869C96918605960AB
:103A60002B4B2FE0224B1A7804210A431A700120B5
:103A700011B0F0BD1F2520234C1E6D4402E0013B18
:103A8000002BEFD0E05CEA5C861A9042F7D0184B2E
:103A90001A78002EE8DA042082431E481A700200C9
:103AA0001D4B0C1D0D680560206850608868906093
:103AB000C868D06008691061486950618869906180
:103AC000C969D161002200201A60D1E7084B1A7839
:103AD00001210A431A70CAE7054B1A7802210A43EA
:103AE0001A70C4E706480A4B0200DBE71C1D0610EB
:103AF000781C0020B40400C0D40400C074FBFF3F55
:103B0000900400C0980400C0A00400C0A80400C035
:103B1000B00400C06C0400C08C0400C0431E10B58B
:103B2000022B1DD8C200164B12189200D31888071A
:103B300018D114481018081A022813D91A680A60F4
:103B40005A684A609A688A60DA68CA601A690A61C3
:103B50005A694A619A698A61DB69CB61002010BDAC
:103B60000120FCE70800521A2030054C8B18A446AF
:103B700063441B780B7001318842F6D1EEE7C046F2
:103B8000480400C0490400C010B514F08BFB10BD00
:103B900010B511F0BBF810BD10B510F06FFC10BDE2
:103BA00010B510F075FF10BD70B584B06E466C4650
:103BB0006D46B68D248CAD8C03960A9E01950296B7
:103BC000009411F095F904B070BDC04670B584B092
:103BD00008AC20CC0AAE2478367801940296009581
:103BE00011F0C6F804B070BD10B50AF0B9F910BDF7
:103BF00010B512F057FC10BD0120704710B509F048
:103C00008DFF10BD10B514F0C3FD10BD10B512F03E
:103C10000DFB10BD10B515F085FE10BD10B50AF0F6
:103C200075F910BD10B50AF079F910BD10B50EF098
:103C300039FA10BD10B517F0ADFE10BD10B517F074
:103C4000CDFB10BD10B517F02DFF10BD10B517F04E
:103C5000ECFB10BD10B510F003F910BD10B510F05D
:103C60000FF910BD10B510F017F910BD10B511F017
:103C700097FA10BD10B50DF0EBFF10BD10B511F0A7
:103C8000CFFC10BD10B511F0DBFA10BD10B511F06E
:103C900009FC10BD0120704710B50DF085F810BD6E
:103CA00010B519F0D5FF10BD10B519F0A5FF10BD66
:103CB00010B519F089FF10BD10B51AF063F910BDE9
:103CC0000120704710B51AF0E3F910BD10B51AF0D5
:103CD000A5F910BD10B518F09DFB10BD10B518F07A
:103CE000B3FB10BD10B518F02DFC10BD10B518F0C9
:103CF00023FB10BD10B518F037FB10BD10B518F040
:103D000055FB10BD10B518F0B5FB10BD10B518F07F
:103D1000CBFB10BD10B517F0BDFB10BD10B517F0F3
:103D20008DFB10BD10B517F07DFF10BD10B517F05D
:103D300075FE10BD70B504000DF01AFA050002F012
:103D400091F901281CD072B602F08CF9002812D02B
:103D50001A4B19781A4B1A78022808D0022002F060
:103D600033FD184B1B78002B1CD162B670BD01309F
:103D700002F02AFDF9E762B603300DF01DFAF5E70F
:103D800002300DF019FA6001001B80000019322189
:103D9000C000FCF7E5F9010003200DF0F2F90DF089
:103DA0009DFAD0E70DF0E4F929000DF0DBF91421BC
:103DB000FCF7D6F901F0E6FFD7E7C0467A1C0020F1
:103DC000791C00200C000020024B1870024B197067
:103DD0007047C0467A1C0020791C0020F0B5C6460A
:103DE00000B58AB004F0BAF9604C0120210000F05F
:103DF000F5FD5F4B0121E6185E4B0027F0500120D6
:103E000003F05AFB04A803F0F7FA802304936B46EF
:103E100004A81F7503F00CFA80235B0104936B4622
:103E200004A81F7503F004FA4023062504936B468B
:103E300040201D7503F0F2FA04A803F0F9F9802080
:103E40006B46C0011D75049003F0E8FA04A803F066
:103E5000EFF92023984604936B4620201D7503F04C
:103E6000DDFA04A803F0E4F90F2304936B460F2056
:103E70001D7503F0D3FA04A803F0DAF910230493B4
:103E80006B4610201D7503F0C9FA04A803F0D0F9A1
:103E900080231B0104936B46053D04A81D7503F0A8
:103EA000C7F980235B0004936B4604A81D7503F0DB
:103EB000BFF9314B03A81A88013502809B788370C3
:103EC00003F0ECFE8022002306A8069207930895D3
:103ED00003F0B0FA80220023520106A8069207934D
:103EE000089503F0A7FA8420400103F0D9FA842052
:103EF0000121400103F0C8FA4146019121008023CD
:103F00001E4A2439A218009130001D49DB00FFF73A
:103F1000FDF92500E12100230822503530000097EB
:103F20004902FFF731FA28001649FFF703FC642124
:103F30002800FFF71FFC812160342000C905FFF72E
:103F400083FC02212000FFF78BFC0121802003F07D
:103F5000B3FA0D4803F090FE03F094FE0821082008
:103F6000FFF732FF0AB080BCB846F0BD182A002027
:103F700000FBFFFFFC0400005C1D0610DCFBFFFFE4
:103F8000000030400000D040FD7F0700014B024A96
:103F90009854704718250020690500000FB4F0B54B
:103FA000144B154D0024EB5C83B0002B05D1200091
:103FB00003B0F0BC08BC04B0184701210F4E09AF94
:103FC000A8594942019700F05BFF80210C4C3B004F
:103FD000089A2000490006F04FFD21000200280049
:103FE000FFF726FA0023040000220021A85900F060
:103FF00097FBDCE76905000018250020FC040000A1
:104000007C1C002010B50748FFF7C8FF012001F015
:10401000EFFDBFF34F8F044B044ADA60BFF34F8FBD
:10402000FEE7C0467C39061000ED00E00400FA050A
:104030000FB4F0B5C646012100B582B0124C08AEEF
:10404000124F08CEE05949429846019600F018FFF9
:1040500080210F4D330042462800490006F00CFD38
:10406000290002002000FFF7E3F9050000230022E9
:104070000021E05900F054FB280002B080BCB84693
:10408000F0BC08BC04B0184718250020FC04000050
:104090007C1C002070B582B06B46DD1D00230D4CEA
:1040A000010020002B70FFF799FA01210A4E4942C6
:1040B000A05900F0E5FE290001222000FFF742FA96
:1040C000002300220021A05900F02AFB287802B02A
:1040D00070BDC04618250020FC040000F0B5C6469F
:1040E000AB2600B5504CF60082B0A75D0500A05588
:1040F0000F2003F093F94D4B4D49E358181C984697
:1041000004F0F8FD06F0A4FA4A4A4B4B05F076FDA0
:1041100006F0E0FA07F076FE06F09AFA474A484BB6
:1041200005F06CFD0022474B05F068FD464B474A01
:1041300005F08AFF06F0CEFAA35D011C082B03D020
:104140003B4804F0D7FD011CAA23DB00E018FFF771
:104150004BFB4246354BE250043BE35CBB4204D090
:10416000AA23DB00E018FFF76BFB082D58D8384B6B
:10417000AD005B599F46012003F04CF9042003F089
:1041800049F9022003F046F9002F0FD1684603F0E9
:1041900033F910236A4600930B3B6846137103F012
:1041A00047F8202003F02EF900280CD002B080BC84
:1041B000B846F0BD012003F02DF9042003F02AF9E0
:1041C000002FE3D0F2E70121202003F02BF9052096
:1041D00001F00EFDEAE7082003F01CF9002FD5D00E
:1041E000E4E70021202003F01DF9684603F004F9FC
:1041F00010236A4600930A3B6846137103F018F8CF
:10420000D4E7012003F006F9002FBFD0CEE701204C
:1042100003F000F9022003F0FDF8002FB6D0C5E747
:10422000002FC3D1B2E7C046182500205C0500006E
:104230000000C8429A9999999999A93FD2847F2DF3
:10424000C91BF03F000059402BB5E53FE1C39F8BF0
:10425000543F0610AB22024BD200985C7047C04618
:104260001825002070B51849041C04F043FD06F021
:10427000EFF9164A164B05F0C1FC06F02BFA07F0D1
:10428000C1FD06F0E5F9134A134B05F0B7FC002217
:10429000124B05F0B3FC124B124A05F0D5FE06F0A6
:1042A00019FAAB23104DDB00EB5C011C082B03D08B
:1042B000054804F01FFD011CAA23DB00E818FFF7E6
:1042C00093FA0A4BEC5070BD0000C8429A99999934
:1042D0009999A93FD2847F2DC91BF03F0000594016
:1042E0002BB5E53FE1C39F8B182500205C0500003E
:1042F00070B5202003F086F8002826D01B4C022140
:104300002000FFF7ADFA2000FFF7C2FA184B051C9A
:104310009C46AB236444DB00E35C002B10D02020E0
:1043200003F070F8002818D0281C124904F0EAFBAA
:10433000114904F063FA011C0E4804F0DBFC70BD67
:104340000021202003F06EF8EEE70121203003F079
:1043500069F8052001F04CFCD0E70121203003F082
:1043600061F8052001F044FCDEE7C046782A002011
:10437000A0FAFFFF0000C8423333534010B582B0AB
:104380006A46084B03CB03C2402003F047F8684657
:1043900002F04EFFAD220121034BD200995402B02E
:1043A00010BDC046601D061018250020402310B522
:1043B00082B06A460024009300236846938094717B
:1043C00002F036FFAD22024BD2009C5402B010BD69
:1043D0001825002010B582B06A460E4B6C4603CB00
:1043E00003C2684602F024FF402003F013F80720C0
:1043F00001F0FEFB402003F011F8AD22064BD20085
:104400009B5C002B01D002B010BD6846237102F006
:104410000FFFF8E7601D061018250020802010B55A
:10442000400102F0EFFF013843425841C0B210BDD5
:104430008022012300B585B05201029068460092A7
:10444000019302F0F7FF05B000BDC04600B5802023
:1044500085B003F029F8012807D08020400103F03F
:1044600023F8012815D005B000BD7F3003F018F8FF
:1044700069460020FCF726FC009B002BEDD0802233
:104480008020144B52051A60400103F00DF80128FA
:10449000E9D18020400102F0B5FF802201235201C2
:1044A000013800920193431E98410290684602F041
:1044B000C1FF8020400102F0F3FF69460120FCF7B4
:1044C00001FC009B002BCED08022024B52051A60CB
:1044D000C9E7C04604ED00E010B50E4803F0CCFB80
:1044E00001F044FC952801D8012010BD0A4C0021A0
:1044F0002000FEF7FBFF0028F6D08020400102F0EC
:1045000081FF0128F0D0AB23DB00E35C002BEBD173
:104510000320EAE7FD7F07001825002000238260C2
:104520008A1801604260C160016143617047C04602
:10453000F0B5C6468568436904000E0000B5ED1A63
:10454000954200D91500E06867683F1ABD420DD258
:104550002A00310006F04DFBE26852196369280019
:104560005B19E260636180BCB846F0BD3A0031007F
:1045700006F03FFBEB1B98461A002068F11906F085
:1045800038FB22684244E9E7F0B5C64645690400B5
:104590000E0000B5954200D91500216967687F1AA1
:1045A000BD420DD22A00300006F023FB22695219C9
:1045B000636928005B1B2261636180BCB846F0BD63
:1045C0003A00300006F015FBEB1B98461A002168F4
:1045D000F01906F00EFB22684244E9E770B51600B8
:1045E000026C0400856B002A06D1066801350020A4
:1045F000002E25D0A56370BD002E0ED1406806F0B8
:10460000F8FA6368226C01359B18A26863609342D4
:1046100001D3236863600020ECE7C06806F0E9FA84
:10462000226CE36851429B1A2268E360934202D2F3
:10463000A3685B18E360022E07D000200135D9E79C
:10464000A06801F081FDA660D4E7002DF5D0002020
:10465000D0E7C04670B582B01C006B461D7E002CB2
:104660000ED000280AD0002A0CD0002906D05023F2
:104670000193019B502B3CD072B6FEE772B6FEE769
:1046800072B6FEE70029F9D150230193019B502B0C
:10469000F2D12200019B46230126E6542260E0630A
:1046A0002164020C0B0C002A35D1002B23D101F020
:1046B00021FF216CE36B22684B43D018A0600020DF
:1046C0005B1A6260D218E260FF234422A0632000DC
:1046D000A3540132A354103002F03CF820002430DF
:1046E00002F038F801F012FF4C232000E55402B02C
:1046F00070BD019BCFE784461A1C89B20B0061464E
:1047000080B2434389B292B24A431B0CD3181B0CAC
:10471000CDD072B6FEE7002BFBD18C46EDE7C0464C
:10472000F0B5CE46474680B585B0041E884699460A
:10473000019200D102E1002900D19DE04B46022BFD
:1047400000D19FE001F0D6FEA26BE36B9A427FD3CB
:104750004A460023022A7BD026002436019A002AEA
:1047600000D1F5E0002B00D1E4E001F0CFFE01F034
:10477000E7FA01F0BFFE4422A35C5BB2013301D132
:104780000023A3544522A35C5BB2013301D1002373
:10479000A35401F0BBFE01A902A801F027FC0028E8
:1047A00000D0D9E001F0A6FEA26BE36B9A4200D1E3
:1047B0006EE001F0ABFE01F09DFE4523E55C6DB2BD
:1047C000002D05DC13E0013DEBB26DB2002B0ED0E5
:1047D000636A002B0BD0300001F074FB0028F2D08C
:1047E000013D01F039FCEBB26DB2002BF0D1452355
:1047F000FF22E25401F08AFE01F07CFE4423E55CD6
:104800006DB2002D16DD2700103704E0013DEBB23C
:104810006DB2002B0ED02369002B0BD0380001F0B5
:1048200051FB0028F2D0013D01F016FCEBB26DB255
:10483000002BF0D14423FF22E25401F067FE01F087
:1048400087FA01F057FEA16BE26B0123914285D2FA
:104850004A4641462000FFF7C1FE636A002B00D0A4
:1048600071E0002800D06BE001F050FE012005B09F
:10487000C0BCB946B046F0BD036C002B00D15DE76B
:1048800072B6FEE7E36B012B00D15BE772B6FEE781
:104890002700103701F03AFE3800019901F0C2FA02
:1048A00001F028FE4523E55C6DB2002D05DC13E028
:1048B000013DEAB26DB2002A0ED0636A002B0BD024
:1048C000300001F0FFFA0028F2D0013D01F0C4FBF6
:1048D000EAB26DB2002AF0D14523FF22E25401F082
:1048E00015FE01F007FE4423E55C6DB2002D05DCEA
:1048F00013E0013DEAB26DB2002A0ED02369002B0D
:104900000BD0380001F0DEFA0028F2D0013D01F0B2
:10491000A3FBEAB26DB2002AF0D14423FF22E25495
:1049200001F0F4FD01F014FA002800D089E701F04D
:10493000D5FD86E702A801F04DFB16E772B6FEE74B
:1049400001F0CCFD90E72000243001F0BBFA88E7AD
:1049500001F0DCFD00208AE701F0CCFD4523E55C99
:104960006DB2002D12DD2600243604E0013DEAB2CE
:104970006DB2002A0AD0636A002B07D0300001F024
:10498000A1FA0028F2D001F067FBEFE74523FF22F0
:10499000E25401F0BBFD01F0ADFD4423E55C6DB2D6
:1049A000002D12DD2600103604E0013DEAB26DB2A2
:1049B000002A0AD02369002B07D0300001F082FAC8
:1049C0000028F2D001F048FBEFE74423FF22E25435
:1049D00001F09CFD01F0BCF9002048E770B505002E
:1049E0000C0082B0002938D050230193019B502B3A
:1049F00001D072B6FEE700264622019B01238B54AC
:104A00002160CB630E6401F075FD216CE36B2268BD
:104A10004B43D0185B1A6260D218E260FF23442235
:104A2000A0602000A663A3540132A354103001F00B
:104A300091FE2000243001F08DFE01F067FD4C2333
:104A40000022E554002100232000A6602660E660D5
:104A5000FFF766FE200002B070BD72B6FEE7C046EA
:104A6000F0B54F464646D6460400C0B51D000F00BF
:104A70001600002837D0002918D0022D04D1E36B8E
:104A8000012B18D072B6FEE701F022FE0021A26BC6
:104A9000E36B804689469A4211D3404601F01CFEE2
:104AA0004846E0BCBA46B146A846F0BD036C002BB0
:104AB000E3D072B6FEE701F00BFE8046A36B452300
:104AC0009A46E35C2A005BB2994639002000A36B4A
:104AD000FFF784FD4B46013307D1636A002B12D1E7
:104AE00001239946D9E772B6FEE701F045F9814501
:104AF000F6D24B467F2B04D0524601335BB2A3540F
:104B0000EEE772B6FEE72000243001F0DBF9002862
:104B1000E6D0002EE4D001233360E1E7F0B5C646CD
:104B200004000D0000B500281BD0036C002B01D041
:104B300072B6FEE70368002B15D001F0C9FDA36B28
:104B4000E26B06009A4213D94522A75C01337FB27B
:104B50009046A3637B1C13D1636A002B1CD10124F4
:104B600007E072B6FEE78368002BE6D072B6FEE778
:104B70000024300001F0B0FD200080BCB846F0BD3C
:104B800001F0FAF88742EAD27F2F11D0434601376D
:104B90007FB2E7540124ECE72000243001F092F9C1
:104BA0000028DCD0002DDAD0012301242B60E0E7BF
:104BB00072B6FEE7F0B54746CE4680B585B0041E16
:104BC0008846019200D138E1002900D12FE101F09F
:104BD00091FCA56B002D00D031E1019B002B00D191
:104BE000D0E0260002A801F0F5F94427243601F0B0
:104BF0008DFC01F0A5F801F07DFCE35D5BB20133B3
:104C000001D10023E3554522A35C5BB2013301D1FE
:104C10000023A35401F07AFC01A902A801F0E6F9EF
:104C200000285AD101F066FCA36B002B00D0B1E044
:104C300001F06CFC24239946A1444846019901F0F7
:104C4000F1F801F057FC4523E55C6DB2002D05DC61
:104C500013E0013DEAB26DB2002A0ED0636A002B68
:104C60000BD0484601F02EF90028F2D0013D01F0AA
:104C7000F3F9EAB26DB2002AF0D14523FF22E254E3
:104C800001F044FC01F036FC4423E55C343B9946DA
:104C90006DB2A144002D05DC13E0013DEAB26DB216
:104CA000002A0ED02369002B0BD0484601F00AF9E8
:104CB0000028F2D0013D01F0CFF9EAB26DB2002A2E
:104CC000F0D14423FF22E25401F020FC01F040F82F
:104CD00000284ED101F002FC4BE001F00BFC452313
:104CE000E55C6DB2002D05DC13E0013DEAB26DB26A
:104CF000002A0ED0636A002B0BD0300001F0E2F8DE
:104D00000028F2D0013D01F0A7F9EAB26DB2002A05
:104D1000F0D14523FF22E25401F0F8FB01F0EAFB59
:104D200010239946E55DA1446DB2002D05DC13E02A
:104D3000013DEAB26DB2002A0ED02369002B0BD0E0
:104D4000484601F0BFF80028F2D0013D01F084F997
:104D5000EAB26DB2002AF0D1FF23E35501F0D6FB91
:104D600000F0F6FF01F0C6FBA36B002B0AD001F0A8
:104D7000CDFB01F0BFFBA56B002D60D1019B002B8B
:104D800000D034E701F0C2FB002005B0C0BCB9463A
:104D9000B046F0BD01F0BAFB01F0ACFB4523E55C89
:104DA000213B99466DB2A144002D05DC13E0013D85
:104DB000EAB26DB2002A0ED0636A002B0BD04846CF
:104DC00001F080F80028F2D0013D01F045F9EAB287
:104DD0006DB2002AF0D14523FF22E25401F096FB88
:104DE00001F088FB4423E55C343B99466DB2A14455
:104DF000002D05DC13E0013DEAB26DB2002A0ED0B1
:104E00002369002B0BD0484601F05CF80028F2D053
:104E1000013D01F021F9EAB26DB2002AF0D144233C
:104E2000FF22E25401F072FB00F092FFA1E7036C55
:104E3000002B00D1CBE672B6FEE772B6FEE7226C1D
:104E4000002A0AD0E168A3688918E160994201D379
:104E50002168E160404605F0CCFE2369013DA56371
:104E6000002B03D101F052FB01208EE7200010300F
:104E700001F028F80028F5D001F030FBF2E7C04639
:104E8000F0B5CE46474680B585B0041E019100D1ED
:104E9000EFE0036C002B00D094E001F02BFBA36B40
:104EA000002B00D053E1019B002B00D13EE102A872
:104EB00001F090F80023260098464427243601F09C
:104EC00025FB00F03DFF01F015FBE35D5BB2013314
:104ED00001D10023E3554522A35C5BB2013301D12C
:104EE0000023A35401F012FB01A902A801F07EF8EF
:104EF000002869D101F0FEFAA36B002B00D0BDE0C1
:104F000001F004FB2368002B00D117E1242399460C
:104F1000A1444846019900F085FF01F0EBFA4523D2
:104F2000E55C6DB2002D05DC13E0013DEAB26DB227
:104F3000002A0ED0636A002B0BD0484600F0C2FF57
:104F40000028F2D0013D01F087F8EAB26DB2002AE4
:104F5000F0D14523FF22E25401F0D8FA01F0CAFA59
:104F60004423E55C6DB2002D17DD343B9946A14426
:104F700004E0013DEAB26DB2002A0ED02369002B95
:104F80000BD0484600F09EFF0028F2D0013D01F012
:104F900063F8EAB26DB2002AF0D14423FF22E25452
:104FA00001F0B4FA00F0D4FE002800D1B3E001F023
:104FB000A1FAA36B002B00D0C9E0019B002B00D00D
:104FC0007DE7B3E072B6FEE701F094FA4523E55CB5
:104FD0006DB2002D05DC13E0013DEAB26DB2002A8E
:104FE0000ED0636A002B0BD0300000F06BFF00285E
:104FF000F2D0013D01F030F8EAB26DB2002AF0D1F2
:105000004523FF22E25401F081FA01F073FAE55DD5
:105010006DB2002D17DD10239946A14404E0013D37
:10502000EAB26DB2002A0ED02369002B0BD048469D
:1050300000F048FF0028F2D0013D01F00DF8EAB27F
:105040006DB2002AF0D1FF23E35501F05FFA00F0C2
:105050007FFE01F04FFAA36B002B0CD101F056FA42
:105060004346002B5AD1002005B0C0BCB946B0461B
:10507000F0BD72B6FEE701F049FA98E701F046FA92
:1050800001F038FA4523E55C6DB2002D17DD213BB8
:105090009946A14404E0013DEAB26DB2002A0ED067
:1050A000636A002B0BD0484600F00CFF0028F2D0BA
:1050B000013D00F0D1FFEAB26DB2002AF0D14523E4
:1050C000FF22E25401F022FA01F014FA4423E55CD5
:1050D0006DB2002D17DD343B9946A14404E0013D3B
:1050E000EAB26DB2002A0ED02369002B0BD04846DD
:1050F00000F0E8FE0028F2D0013D00F0ADFFEAB27A
:105100006DB2002AF0D14423FF22E25401F0FEF9EF
:1051100000F01EFE4BE701F0E1F948E701F0EAF983
:10512000616A002905D1A06801F04CF801F0EEF9A0
:1051300099E70421236B1B68C91AF4E701F0DAF937
:10514000A06800F0B7FF804601F0E0F9DEE6013B21
:10515000A3632368002B0FD02369002B03D101F038
:10516000D5F9012080E72000103000F0ABFE0028C8
:10517000F5D001F0B3F9F2E701F06AF8A060EBE7CF
:10518000F0B5C64600B5040001F0B4F9384A394E0E
:105190001368013313603368002B35D0364BE26A55
:1051A00098461B68002B29D0344D35490B680133D4
:1051B0000B60A364334B1968914200D21A609300CC
:1051C0009B189B00E9184A689068A260844667466D
:1051D000E060201D78609060EA5861610132EA5019
:1051E00001F094F943461B68002B04D03368DA6A57
:1051F000E36A9A4211D380BCB846F0BD3368DB6ADB
:105200009342D1D83460CFE734601368012B07D0C4
:10521000194BE26A9846194DC7E701F05FF9EAE7D2
:10522000164D280001F096FA2800143001F092FA89
:105230002800283001F08EFA28003C3001F08AFA6C
:10524000114B9846180001F085FA104F380001F014
:1052500081FA0F4801F07EFA0E4801F07BFA4246CF
:105260000D4B1A600D4BE26A1F60034B98469CE79A
:1052700010220020BC220020042200206C220020EA
:10528000F42100200822002058220020442200207F
:105290002822002014220020402200203C2200204E
:1052A00000222C4B70B51A600BF062FF2A4B2B4A80
:1052B0001B68C01A2A4B186019681068814239D8D7
:1052C000284C1B68284D13602A68284993009818B9
:1052D0008000085800281ED1002A33D0501E8300B9
:1052E0001E18B6008E59002E31D100282AD0901EEB
:1052F00083001E18B6008E59002E28D1002821D018
:10530000D01E83001E18B6008E59002E1FD1043AFD
:105310009300002816D09B189B00CE1870680833A5
:105320004068C918706088420ED0C36823602A6044
:10533000236870BD0B4C1E682568A96D091A891970
:10534000A965BEE772B6FEE7F0687060EDE702009F
:10535000E1E7C046FC210020E0210020E8210020F8
:10536000E4210020BC220020082200206C22002022
:10537000F8B55746DE464E464546E0B50F68002F65
:105380003FD008239946CE688944B1454DD0284B7B
:105390000400984602239B46264B00279A46F56850
:1053A000002D35D02B00296B34336360EB6AE1614B
:1053B00023612B68256023626B6C6362AB6CA36016
:1053C0002B6D6361AB6DA36143461B689D4222D088
:1053D0005B46237301F08EF8AB6A534522D001F08F
:1053E00095F8296B0B78A52B1AD100230133CA5CE1
:1053F000A52AFBD09B087668A36201372C34B145FF
:10540000CDD13800F0BCBB46B246A946A046F8BD97
:1054100043461D68C6E7002323730B78A52BE4D011
:105420000023E8E701232373D9E70027E9E7C04613
:10543000BC22002028220020F0B5DE4657464E460A
:1054400045465B4BE0B51A6883B0013294461A605A
:10545000002A5FD057490B689C4562D3564B99464A
:105460001B681B68002B00D19CE000239846534B1F
:10547000534E9B46534B01919A4639E000215961A6
:105480001168013911609A6A002A0ED0D969186A28
:10549000556888604160190018318D4200D171E073
:1054A000002199621168013911605246D96A126867
:1054B000914201D9524611608A0052189200B518E3
:1054C000686887689860DF607C6084605D61B3585D
:1054D0000133B3505B461B684246DB6A8B429B41FB
:1054E0005B421A434B461B6890461B68002B54D006
:1054F0004B461B68DB68DB685A6894454AD35A6997
:105500009868D9681C1D816048605068A042B5D178
:105510005160B3E7284B1A681268002A20D072B68F
:10552000FEE700239846254B254E9B465B4601200F
:105530001B68254AD96A12688B005B189B00F358D8
:105540009842804113005A1E9341404218434346FB
:10555000184303B0F0BCBB46B246A946A046F0BD16
:105560001A4A196810681860116019490A680132EE
:105570000A601A681268002A06D101230D495B42AD
:105580000B6068E750608BE71B680A49DB681B68A3
:105590000B6060E701990A60C8E7019901235B424B
:1055A0000B60C3E79846054B054E9B46F6E7C046A1
:1055B0000C220020F021002040220020BC220020EC
:1055C0006C22002008220020FC2100203C22002028
:1055D000F8210020F0B5DE4657464E464546544C6D
:1055E000E0B5236883B0013B23602368002B00D023
:1055F00081E0504B1B68002B7DD04F4B9C461B68B5
:10560000002B00D190E04D4B4D4D98464D4B0194F1
:1056100099464D4B9A4600239B466346DB68DB6800
:10562000D869196A9A6A816048601800566818300B
:10563000864200D172E059469962116801391160C1
:105640005A699868D968566881604860181D864212
:1056500062D01168013911604146DA6A09688A42EC
:1056600001D941460A60910089188C002E19716891
:105670008F689960DF60786088605E612B590133C4
:105680002B514B461B68DB6A9A423FD95346012295
:105690001A6063461B68002BBFD12C4B019C1A6813
:1056A0001268002A3CD01B68DB681A68284B1A6015
:1056B000284E3568002D14D0012708E0FFF7BCFE06
:1056C000002801D053461F60013D002D08D02368FB
:1056D000002BF3D03368013D01333360002DF6D148
:1056E000356053461B68002B05D0164B01241B6800
:1056F00000F0F4FE00E0002400F008FF200003B0FA
:10570000F0BCBB46B246A946A046F0BD63461B6846
:10571000002B00D081E7C0E751609AE751608AE72B
:105720000B4B013A1A60C3E7074B9A46C0E7C046E5
:10573000EC21002010220020282200200822002036
:105740006C220020BC220020FC21002040220020EE
:10575000F021002000220020404BF0B5D6469A46AA
:105760003F4B4F46464699463E4BC0B598463E4F46
:105770003E4C3F4D3E68012E18D82368002B4BD17C
:105780002B68DB6A002B1AD03A682368002B41D1C2
:105790002B68DB6A002BF8D1012A1DD92368002B66
:1057A00038D12B68DB6A002BEFD1F7E700F096FECB
:1057B0002368002B32D12B68DB6A002BDAD13B68DF
:1057C000012B41D9012EDFD9D4E72368002B21D149
:1057D0002B68DB6A002BD8D1534649461B68096801
:1057E0005B1A012BF1D9434642461B680133136013
:1057F00053461A684B461B689A422DD32368002BE8
:1058000011D02B6800F076FE43461B68002B07D1B1
:1058100072B6FEE72B68B8E72B68B5E72B68A9E7F7
:10582000FFF7D8FEA6E72B68DB6A002BEAD13B68BE
:10583000012BE7D8534618684B461B68C01A01284D
:10584000E0D9FEF777FADDE753464A461B6812684F
:105850009B1A012BC7D8B5E772B6FEE7F0210020EE
:105860000C220020EC2100206C22002008220020C5
:10587000BC220020F8B5CE46474604000D0080B596
:10588000414B002830D02100343120686960E16A42
:105890002C602961216B2862606CE9616862A06CF0
:1058A000A860206D6861A06DA861052A31D01B68D1
:1058B0009C421BD02A73032A1BD000F01BFE334BE3
:1058C000A26A9A424DD000F021FE216B0B78A52BE5
:1058D0004DD100230133CA5CA52AFBD09B08AB62E3
:1058E000C0BCB946B046F8BD1C68CCE700232B739A
:1058F000ECE7274E336801333360A36A002B3BD0BB
:1059000002232B7300F0F6FD3368002B2CD172B606
:10591000FEE71A680023944221D000F0EBFD1D4BF6
:1059200066691B68A76A98461B4B1B68994600F07E
:10593000EDFD164B216B9F4223D0464519D04E45B5
:1059400017D0164A0123964209D1A26A0133002AD0
:1059500005D15E33E35C013B5A1E934102332B7346
:10596000B4E701232B73AEE7FFF734FEA5E700236E
:10597000B5E702232B73A9E76023E35C012BBFD0BB
:10598000C0E701232B73A1E7BC22002028220020BE
:10599000EC210020402200203C2200201422002084
:1059A000F0B54746CE4680B583B098460B9B0700BE
:1059B0000D0014000C9E002B0AD0002E06D064238C
:1059C0000193019B642B05D072B6FEE772B6FEE729
:1059D00072B6FEE7642200213000019B05F078F8E2
:1059E0000B9B022233636123A400F254A521220001
:1059F0000B9805F06DF8336B043C1C1907239C438E
:105A00007464002D4BD034222B78B354002B43D038
:105A10006B780132B354002B3ED0AB780132B354D3
:105A2000002B39D0EB780132B354002B34D02B79D2
:105A30000132B354002B2FD06B790132B354002BB9
:105A40002AD0AB790132B354002B25D0EB79013247
:105A5000B354002B20D02B7A0132B354002B1BD02F
:105A60006B7A0132B354002B16D0AB7A0132B354A7
:105A7000002B11D0EB7A0132B354002B0CD02B7BCE
:105A80000132B354002B07D06B7B0132B354002B8F
:105A900002D04223AA7BF25443230022F2540A9BF1
:105AA000032B01D972B6FEE7351DF362336528007A
:105AB00000F05CFE3000183000F058FE04230A9A13
:105AC00039009B1AB361424620003661766200F0CD
:105AD0004BFD306000F00EFD394B3A4F1A68013231
:105AE0001A603A68002A34D0374BF26A98461B682D
:105AF000002B04D13B68DB6A9A4200D33E60334CF2
:105B000033490B6801330B60B364324B196891421F
:105B100000D21A6093009B189B00E1184A689068B5
:105B2000B260F06045609560E25871610132E25008
:105B300000F0ECFC43461B68002B04D03B68DA6A9B
:105B4000F36A9A420ED3300003B0C0BCB946B046E7
:105B5000F0BD3E601B68012B07D01B4BF26A9846D4
:105B60001A4CCDE700F0BAFCEDE7184C200000F02D
:105B7000F1FD2000143000F0EDFD2000283000F091
:105B8000E9FD20003C3000F0E5FD134B994618007C
:105B900000F0E0FD114A1000904600F0DBFD1048D7
:105BA00000F0D8FD0F4800F0D5FD4A460E4B1A60B4
:105BB00042460E4B1A60044BF26A9846A0E7C04674
:105BC00010220020BC220020042200206C22002091
:105BD000F421002008220020582200204422002026
:105BE0002822002014220020402200203C220020F5
:105BF000F0B5C64600B5040082B000280CD01D4D9B
:105C00002B6801332B602B68012B0BD072B6FEE79B
:105C1000FFF7E0FC002801D100F060FC02B080BC7E
:105C2000B846F0BD144B154E1F68154BE4191B68A0
:105C30009846144B1B6830680193043000F0B2FDA5
:105C4000336831685C600431A74209D9019800F0DB
:105C500091FD00F04FFC2B68002BD9D172B6FEE706
:105C6000404600F087FD084B1A689442F1D21C6050
:105C7000EFE7C046EC2100200C220020BC220020CF
:105C8000402200203C220020F0210020642330B577
:105C900083B00193019B642B01D072B6FEE7204CC8
:105CA000642200212000019B04F012FF61230222E4
:105CB000E25480221B4DA521D2002800256304F068
:105CC00007FFFF239B009C46072365449D43164B1B
:105CD000201D6363656400F049FD2000183000F06A
:105CE00045FD0423002211492800A3612461646258
:105CF00000F03AFC20602000FFF742FA72B6012261
:105D00000B4B52421A600B4B02321A6000220A4BB4
:105D10001A6000F079FC094B1B6803B030BDC04627
:105D20007C2100207C1D002049444C45595704101B
:105D3000F0210020042200200C220020783F0610D1
:105D4000024A1368013313607047C046EC210020FB
:105D500010B500F0CFFB044B1B68002B01D172B6CD
:105D6000FEE7FFF737FC10BDEC210020014B18685F
:105D70007047C0460C220020014B18687047C0468F
:105D80001022002070B5124D124A2B6811681B18A2
:105D90000400994201D272B6FEE712689A4203D01B
:105DA0002B681B192B6070BD0B4B1B68002B01D19E
:105DB00072B6FEE7002801D172B6FEE700F09AFB4A
:105DC000064A013C13680133136000F09FFBE7E7CC
:105DD0000C220020F0210020EC21002000220020D5
:105DE000064B10B51B68002B02D1FFF725FB10BD39
:105DF000034A0020136801331360F8E7EC21002008
:105E000000220020054B10B51B68002B03D0012297
:105E1000034B1A6010BDFFF743FAFBE7EC210020AB
:105E2000FC210020F0B5C6460C0000B5002821D0AA
:105E30001E4D2968183100F09DFC1D4B1E681D4B3E
:105E40001F681D4B1B6828689846043000F0AAFCA8
:105E5000631C11D02B682968A4195C600431A64228
:105E60001FD8380000F086FC144B1A68944215D2F3
:105E70001C6013E072B6FEE7114B29685A688A600D
:105E800090682968C8602968043141602968043134
:105E900091602A6853611A6801321A6080BCB84662
:105EA000F0BD404600F066FCF8E7C046BC2200208A
:105EB0000C220020402200203C220020F021002063
:105EC00014220020C368F0B5DB68002B54D0D869D9
:105ED000196A9A6A816048601800546818308442D0
:105EE00048D000219962116801391160274AD96AA6
:105EF0001268002A15D0264A5468A568DC611D6224
:105F00006860A0609A62136801331360214B00201F
:105F10001B68DB6A8B4203D201221F4B01301A60DF
:105F2000F0BD5A699C68D8681D1DA0604460546823
:105F3000AC4229D0106801381060184A10688842B5
:105F400000D211608A0016485218920086187468B0
:105F5000A7689C60DF607D60A5605E618358013347
:105F60008350104B1A681268002A07D10E4B013A71
:105F70001A60CBE75160B4E772B6FEE71B68DB68D6
:105F80001A68094B1A60C1E75060D3E7EC21002082
:105F900028220020BC220020FC2100200822002012
:105FA0006C22002040220020F021002010B5041EA9
:105FB0000AD000F09FFA054B1B682360044B1B6856
:105FC000636000F0A3FA10BD72B6FEE7F82100206E
:105FD0000C220020034B1B680360034B1B684360CB
:105FE0007047C046F82100200C220020F0B5C646BC
:105FF00004000D0000B500281CD0002918D000F0C6
:1060000079FA134A2B681168581C1FD0114E60682A
:106010003768B846276847450ED088420CD8002319
:1060200001242B6000F072FA200080BCB846F0BD5D
:1060300072B6FEE772B6FEE70F1ABB42EFD95B1AE3
:106040001B182B6033682360136863600024E9E742
:106050000C220020F82100200122014B1A60704719
:10606000FC2100200B4B00201B68002B03D10A4BA6
:106070001B68002B00D07047084B1B68002BFAD11F
:10608000074B084A1B681068013BC01A434258413D
:106090000130F0E728220020FC210020002200200F
:1060A0001022002014220020014B18687047C046BF
:1060B000BC220020F8B5041E21D0204DC26A2B68F6
:1060C000DB6A9A4214D28369002B04DB2B68D96AFD
:1060D00004235B1A836193009B18194E9B0062692D
:1060E000F3189A420DD02B680120DB6AE36205E0C9
:1060F0002B68006DDB6A984280414042F8BD002069
:10610000FCE7271D380000F04DFB2B68DA6A0D4BC9
:10611000E26219688A4200D91A6093009B189B00BA
:10612000F1184A689068A260E06047609760F25892
:10613000616101320120F250E0E7C046BC2200203C
:106140006C2200200822002070B5041E10D01A4BCB
:106150001B68834201D072B6FEE75B6D002B09D04D
:10616000C16A026D013B4365914201D0002B03D00F
:10617000002070BD72B6FEE7051D280000F012FB7E
:106180000423226D9B1AA3610C4BE26219688A42B8
:1061900000D91A6093000A499B189B00C8184268EE
:1061A0009668A260E66075609560CA5860610132C9
:1061B0000120CA50DDE7C046BC2200200822002092
:1061C0006C22002070B5041E0DD0436D002B01D150
:1061D00072B6FEE7026D8A4200D20A00E16A91427D
:1061E00001D0012B00D070BD164B1B68A34227D0F5
:1061F000A369E262002B02DB04239B1AA3618B00DC
:10620000114D5B189B006269EB189A42EBD1261D79
:10621000300000F0C7FA0D4BE26A19688A4200D9D3
:106220001A6093009B189B00E9184A689068A26066
:10623000E06046609660EA5861610132EA50D2E758
:1062400072B6FEE7BC2200206C220020082200204B
:10625000034B1868002802D0436D01334365704733
:10626000BC220020F0B54E464546DE465746E0B516
:10627000734D87B02B689146013301902B60714BB1
:106280001B688B4218D900226F4B00241A600AF059
:106290006FFF6E4B186000F02DF92B68002B01D1B9
:1062A00072B6FEE7FFF796F9200007B0F0BCBB46D8
:1062B000B246A946A046F0BD44239A460023029365
:1062C000634B644A9846644B16009B464B46924487
:1062D00004930595F36B002B45D0B76C574542D01E
:1062E0002C24029B00255C43019B03969C460123C2
:1062F00099466444FE68002E00D198E03300316B6B
:1063000034336360F36AE16123613368266023629A
:10631000736C6362B36CA360336D6361B36DA3612F
:1063200043461B689E427BD04B46237300F0E2F845
:10633000B36A5B457ED000F0E9F8316B0B78A52B92
:1063400073D100230133CA5CA52AFBD09B087F6868
:10635000A36201352C345745CCD1029B039E9C4649
:10636000AC446346029314235B429C463B4B143E71
:10637000E2449E42AED1029C2C262000019F049B49
:10638000BC4670439946364B60441968059DFEF73C
:10639000EFFF04193000BC466043324B604419687B
:1063A0000197FEF7E5FF304B04191A68002A19D04F
:1063B0001A00DF680832974214D0019923008846FA
:1063C0006643B04444460026924698462100F86849
:1063D0000322FFF74FFA7F6801362C345745F5D179
:1063E0004446A4194B46002B27D00AF0C1FE174F94
:1063F0003B68C01A4B4618600022134B1A600AF023
:10640000B7FE3860002C00D145E72C210020614305
:10641000019B59181A682C3390659942FAD13AE7D2
:10642000002323730B78A52B8BD000238FE74346E3
:106430001E6863E74B4623737DE7044FDCE7C046E5
:10644000EC21002010220020E8210020E021002083
:10645000BC2200206C220020282200201C220020C8
:10646000402200203C22002014220020002382B081
:106470000193064B1B68013301D072B6FEE772B67A
:10648000019B002BFCD002B07047C046842A00203C
:106490000A4B0B4A00211A601A220A4B1A600A4B57
:1064A00044321A60094B5A3A1A60094A1160094A83
:1064B0000949116007221A607047C046C8220020AF
:1064C00000C40900C4220020C022002010E000E027
:1064D00018E000E014E000E0FFC309008022044B54
:1064E00052051A60BFF34F8FBFF36F8F7047C046DE
:1064F00004ED00E072B6044A136801331360BFF381
:106500004F8FBFF36F8F7047842A0020064B1A68A5
:10651000002A01D172B6FEE71A68013A1A601B68B8
:10652000002B00D162B67047842A002010B500F01D
:10653000CFF80400FFF754FC002803D08022034B5F
:1065400052051A60200000F0C7F810BD04ED00E00D
:1065500010B58369023B1B78642B01D072B6FEE74D
:1065600000F096F810BDC04610B58024031F6404E7
:106570001C60043B19601749043B19601649043B31
:1065800019601649043B19601549043B1960154907
:10659000043B1960043B1A60134A043B1A60134A17
:1065A000043B1A60124A043B1A60124A043B1A6008
:1065B000114A043B1A60114A043B1A60104A043B1A
:1065C0001A60104A043B1A60032344385B4203609C
:1065D00010BDC0466D6404101212121203030303AF
:1065E000020202020101010111111111101010101B
:1065F0000909090908080808070707070606060623
:106600000505050504040404194B30B51A68194B37
:10661000D16A83B0994201D072B6FEE7164B926BF5
:106620009A4201D072B6FEE7FF22144B1204196899
:1066300000240A431A60FF22196812060A431A60EE
:106640000F4B1C60FFF724FF0E4D2C6000F038F854
:10665000FFF7D8FB01942B68013301D072B6FEE737
:1066600072B6019B002BFCD0002003B030BDC046A9
:1066700008ED00E031670410E166041020ED00E051
:106680001CED00E0842A0020000000000000000053
:10669000074A1168086804C8022181F31488203071
:1066A00080F30988BFF36F8F1047C046C046C046CD
:1066B000BC220020000000000000000000000000DC
:1066C00062B6BFF34F8FBFF36F8F64DFC046C04623
:1066D000EFF3108072B6704780F310887047C046A1
:1066E000EFF309800E4A1168243808607346F8C039
:1066F00044464D4656465F46F0C072B6FFF782FBF1
:1067000062B6074A116808681430F0C8A046A94666
:10671000B246BB4680F309882438F8C81847C046FB
:10672000BC2200200000000000000000000000006B
:1067300004207146084203D0EFF30980044B184748
:10674000EFF30880024B1847C046C046C046C0461B
:10675000516504100300083301224360C3600361E4
:1067600000235242826003607047C04600230361E9
:106770007047C046030030B50D6808336A1C0DD061
:106780001C005B681A68AA42FAD94B6099600368DA
:106790008C60013361600861036030BD0469636827
:1067A000F3E7C0460369416882688A6051605968AE
:1067B000814205D0002202611868013818607047D4
:1067C0005A60F7E703207047F0B54546DE46574666
:1067D0004E46E0B5EA4C0500A54402911400EFF3E3
:1067E000108A72B6E74B1A000393002313701AF055
:1067F000DBFA06002800FFF7E5FF07002800FDF799
:106800006BFE331CBE4200D93B1CDAB2AA4200D94F
:106810002B1CDAB2824200D9031CD8B2DA4A8100BA
:106820008B58019001338B50002800D151E2012890
:1068300000D15AE2D54D6FA82C70029B8AAF2B7104
:1068400001F028FD2B7ADBB20593D14B9B889BB2DC
:106850000693D04B1A680792C02292009A5854921D
:10686000C12292009A585592C22292009A5856928A
:10687000C32292009A585792C42292009A58769254
:10688000C52292009A587792C62292009A5878921E
:10689000C72292009B587993BF4B1B680893BF4B4C
:1068A0001B6A09938023DB051A680A925A680B92C7
:1068B0009A680C92DA680D921A690E925A690F92D0
:1068C0009A691092DA691192DA6A12921A6B13922B
:1068D0005A6B14921A8F5B6C92B21693B04B15924E
:1068E000DA6817921A7FD2B218929A8C92B21992E1
:1068F00028229A5CD2B21A922C229A5CD2B21B92B3
:106900001A6B1C9234229A5CD2B21D921A8F92B2E8
:106910001E9248229A5CD2B21F9250229A5CD2B246
:10692000209254229A5CD2B2219258229A5CD2B21E
:1069300022925C229A5CD2B2239260229B5CDBB2F0
:106940002493984B1A6825925A6826921A7CD2B2E0
:1069500027921A7DD2B2289224229A5CD2B229922E
:106960001A8D92B22A92DA6A2B921B8E9BB22C93CA
:106970008D4B1A685B925A685D929A8B5F921A8C63
:1069800061929A8C63921A8D6592DA6A67924C22B0
:10699000995A6991196D6B919B6D6D93834B196831
:1069A0005C9159685E91998B6091198C6291998C78
:1069B0006491198D6691D96A68919A5A82A96A92EE
:1069C0001A6D89466C929B6D7AA96E93B0231B0653
:1069D0001B6888462D93764B49465A682E929A68D2
:1069E0002F921A8A92B230929A8A92B231929A690E
:1069F00032921A7FD2B233921A8E92B234925A6B7A
:106A000035929A6B3692DA6B37921A6C38925A6CCE
:106A10009B6C39923A93674B9A8892B23B921A894F
:106A200092B23C921A7CD2B23D921A7DD2B23E9280
:106A30001A8B92B23F921B7FDBB240935E4B9A88D7
:106A400092B241921A8992B242921A7CD2B2439285
:106A50001A7DD2B244921A8B92B245921B7FDBB25E
:106A60004693564B1A685B6847924893544B1A6892
:106A700049921A7AD2B24A92C02212019B585A1EE7
:106A80009341504A5B4213404F4A944663445393A8
:106A90004E4B5A6882921A687A929A688A92DB6898
:106AA00092AA92934A4B93465A684A6041461A68A2
:106AB0004A609A6849467A605A46DB685360454B9B
:106AC0005A688A6041461A688A609A684946BA607C
:106AD0005A46DB689360404B5A68CA6041461A6860
:106AE000CA609A684946FA605A46DB68D3603B4BF5
:106AF0005A680A6141461A680A619A6849463A61C9
:106B00005A46DB681361364B5A684A6141461A6837
:106B10004A619A6849467A615A46DB685361314B4B
:106B20005A688A6141461A688A619A684946BA6118
:106B30005A46DB6893612C4B5A68CA6141461A6811
:106B4000CA619A68FA615A46DB68D3618123DB0522
:106B50005A684B921A7BD2B24C925A8B92B24D9297
:106B60001A8B92B24E925A6A4F929A6A1B8850922E
:106B70009BB25193C0231B069B685293019B35E047
:106B800094FDFFFF0C000020CC22002000002040DC
:106B90000000104000E100E020ED00E00000904027
:106BA00000003040000040400000A0400000B04025
:106BB0000000F0400000D0400000E04010E000E0A5
:106BC00000007040AF1A33E551E5CC1A080000A070
:106BD0001C0000A0300000A0440000A0580000A04D
:106BE0006C0000A0800000A0940000A0032B06D140
:106BF0009022C023D20551689B050B4353603F4B45
:106C00003F4D1B682C001E00643E049332002B0095
:106C1000643402CA02C3A342FBD13A4B049A58938C
:106C20001A60394B1A7919788023DB051B685B0AD7
:106C30004B409A434DD1552156205AAB5B185AA967
:106C40001B78091809781B010B43112B00DD7AE230
:106C50009023DB055B682D4A01201360599201F0F7
:106C600059F8F9F72DFA002001F054F8039B1B782E
:106C7000002B59D18021264A490053585B0617D46E
:106C8000244B5458586A244B1B68984200D171E237
:106C90008023224A5B0311680909C81C984200D26C
:106CA00057E21F4B9C46614413681B098B42FBD182
:106CB000552256215AAB9B185AAA1B7852181278A3
:106CC0001B011343112B00DD7FE2019B032B00D13D
:106CD00049E28AF3108800209B239B009D44F0BC6E
:106CE000BB46B246A946A046F0BD00210D4B1A7A1C
:106CF0001972D2B230BF1A72EBE7C046000004101E
:106D0000E0220020DC2200200000204018000020AB
:106D100000E100E000ED00E06823002010000048E2
:106D20000400F0FF000070400122EB4B1A830022A8
:106D30009A811A6108CD08C6A542FBD1589B049AD6
:106D400054991A60069AE54B40259A80079AE44BBD
:106D50001A60C02292009950559904329950569960
:106D600004329950579904329950769904329950C7
:106D7000779904329950789904329950799904326C
:106D80009950089AD74BD8491A60099B0A9A0B6206
:106D90008023DB051A600B9A5A600C9A9A600D9A50
:106DA0001798DA60109A1A9C9A610F9A5A610E9A93
:106DB0001A61119A9A62DA61129ADA62139A1A6364
:106DC000149A5A63159A1A87169A5A64C74AD06059
:106DD0001898107719989084282014541B9C04301C
:106DE00014541C98106334201D9C14541E981F9C2E
:106DF000108748201454209C08301454219C0430DF
:106E00001454229C04301454239C04301454249CA5
:106E1000043014542598B64A299C10602698506076
:106E20002798107428981075242014542A981085D7
:106E30002B98D0622C9810865B98AE4A10605D98B3
:106E400050605F9880B29083619880B2108463989C
:106E500080B29084659880B210856798D0624C208B
:106E6000699CA4B214526B9C14656D9C94655C9CE7
:106E7000A14A14605E9C54605AAC248B94835AAC33
:106E8000248C14845AAC248D94845AAC248E14859A
:106E9000689CD4625AAC6419248814526C981065AA
:106EA0006E989065B0222D98120610604898934A0B
:106EB00050600020906047981060914A2E98506072
:106EC0002F9890603098108231989082329890611B
:106ED0003398107735985063369890633798D0631D
:106EE00038981064399850643A98906434981086B1
:106EF0003B98844A90803C9810813D9810743E984D
:106F00003F9C1075402084431483409C1477419C1F
:106F10007D4A9480429C1481439C1474449C147553
:106F2000459C84434698148310774998774A539C2C
:106F300010604A981072C020000114508298744A60
:106F400050607A9810608A9890609298D0604A4613
:106F50005068704A506040464068106078689060A1
:106F600058464068D0604A4690686B4A5060404638
:106F700080681060B868906058468068D0604A4663
:106F8000D068664A50604046C0681060F8689060FB
:106F90005846C068D0604A461069614A5060404611
:106FA000006910603869906058460069D0604A46B0
:106FB00050695C4A50604046406910607869906052
:106FC00058464069D0604A469069574A50604046EA
:106FD00080691060B869906058468069D0604A4600
:106FE000D069524A50604046C0691060F8699060AC
:106FF0005846C069D06081224B98D20550604C98A9
:1070000010734D9850834E9810834F98506250984B
:10701000906251981080C0225298120690600A7AAD
:10702000002A2ED1029A002A2BD02B4A118909223C
:107030000A40092A00D1CFE0274B1A8911231340B7
:10704000112B00D1CDE0244B1A8921231340212B91
:1070500000D1CDE0204B1A8941231340412B00D1B0
:10706000CDE01D4B1A8981231340812B09D1802348
:10707000DB05DB699B0404D580230121184A5B00F2
:10708000D150019B032B00D191E0294B059A00219F
:1070900000201A7200F048FF059BDB0700D418E6B9
:1070A00000F016FA5AAB588002331B885B0546D4B1
:1070B000204B1B881B0742D59021599BC9050A69A3
:1070C0001B689B1A1B021B12DA179B185340202BBC
:1070D00035DC0A692D322FE0000010480000104016
:1070E00000E100E020ED00E00000904000003040B2
:1070F000000040400000A0400000B04010E000E070
:107100000000F0400000D0400000E040000070406F
:10711000080000A01C0000A0300000A0440000A057
:10712000580000A06C0000A0800000A0940000A007
:1071300000002040C00000200B699A42FCD21522BA
:10714000324B1A70C5E5324B00201A6000F0CCFEBD
:107150007EE513681B09984200D8A9E513681B094E
:107160009842F6D8A4E59022D205536829490B40ED
:107170005360AEE5284B51581B688B4204D012680F
:107180005C40224200D083E52449254B4A681B68B5
:107190005A40D20000D57BE54A6853405B0100D4D9
:1071A00086E5204B1B689B0700D481E570E59022A3
:1071B000D2055368174900200B4053601A4B059ABB
:1071C00001211A7200F0B0FE66E7012000F08CFE8B
:1071D0000F4B164A1A6078E5DB699B0500D54BE733
:1071E0002AE78023DB05DB695B0500D544E72AE756
:1071F0008023DB05DB691B0500D53DE72AE78023FB
:10720000DB05DB69DB0400D536E72AE70000C04078
:1072100014000020FFFFFFCF6423002000ED00E0FA
:107220006C23002010E000E000002040CCBCECFC0F
:10723000F0B54F46D6464646C0B507798446046841
:1072400082B0002F00D08DE08022D2055368A34386
:1072500053600027E30706D580220F21D205D36AA9
:107260008B433B43D362A30707D58021F020C90598
:10727000CA6A3B0182431343CB62630707D580226E
:10728000D205D36A57490B4039020B43D362230717
:1072900007D58022D205D36A53490B4039030B43EB
:1072A000D362E30607D58022D205D36A4F490B404B
:1072B00039040B43D362A30607D58022D205D36AD3
:1072C0004B490B4039050B43D362630607D5802237
:1072D000D205D36A47490B4039060B43D3622306D4
:1072E00007D58022D205D36A39071B011B090B433E
:1072F000D3620F2240218025002301269146494276
:10730000ED051A0020000832D04006420ED0DAB255
:10731000072B38D9083A072A4CD9484688402A8F83
:10732000824338008840024392B22A8701330431F5
:10733000122BE6D1634680225B79D205012B1ED049
:10734000D368A343D360634680229B79D205012B87
:1073500011D09368A343936002B0E0BCBA46B14633
:10736000A846F0BD062F00D074E78022D2055368EE
:10737000234353606DE7936823439360ECE7D3683E
:107380002343D360DFE78020C005026B980092465C
:107390000F22019082405046904382463A00019865
:1073A000013382405046104302008020C005026332
:1073B0000431A6E78020C005426B92462022904609
:1073C00088444046113A824001905046904382469C
:1073D0003A00019882405046104302008020C005C8
:1073E0004263A3E7FFF0FFFFFF0FFFFFFFFFF0FF88
:1073F000FFFF0FFFFFFFFFF0002303608371838017
:107400007047C0468023DB051B681840431E984127
:10741000C0B270478023DB05D86370478023DB054B
:10742000186470478023DB05012901D01864704778
:10743000D863FCE7802142680368C905012A1FD090
:107440000A699A430A618268012A10D0002A05D08D
:107450008021C9054A6913434B6170478022D205D8
:10746000916999439161516999435161F5E780228E
:10747000D205916919439161516999435161ECE7D2
:107480000A691A430A61DEE78022D205D36900291E
:1074900002D00343D36170478343D361FBE7C04607
:1074A0008023DB05986270478023DB055B6A184008
:1074B000431E9841C0B27047044A136A012902D0A2
:1074C00083431362704703431362FBE7000090405D
:1074D000374B197A374BCAB21B899BB2002905D0AA
:1074E000022A33D00220042A2BD1704709201840E9
:1074F000093842425041112240011A40112A27D036
:1075000021221A40212A29D041221A40412A2BD077
:1075100081221A40812A2DD002221900FF32114007
:10752000914230D01900244A1140914233D00522B3
:107530001A40052A36D0DB439B07D6D108231843CF
:10754000D3E7083A53425A419000CEE70120CCE7F6
:107550002F32104321221A40212AD5D15F32104305
:1075600041221A40412AD3D1BF32104381221A400E
:10757000812AD1D18032FF32104302221900FF321A
:1075800011409142CED180221900D20010430A4A04
:1075900011409142CBD180221201104305221A40A2
:1075A000052AC8D1DB430B3210439B079DD1C5E7A9
:1075B000000090400000104801040000054A01212D
:1075C000136B002802D00B43136370478B43136384
:1075D000FBE7C0460000304070B54E4B04001B6B0B
:1075E00001681B0700D56FE04B480901F8F7B8FDAB
:1075F000484AC3099BB29384484B034001335B085C
:107600009BB23F2B02D93F223F3B13402821414AE6
:10761000DBB253540323602625790431505C1D40AE
:107620006D01B043284350546579107F2B40B0431F
:107630005B01034313770123A579505C2B40082598
:10764000DB00A84318435054107FA843034313772B
:10765000E379002B3DD10220535C83435354137FC5
:1076600083431377012215002A4B217A186B2C4E85
:107670000D406D02304028431863186B294D4908AE
:10768000284015001140090201431963617A186B03
:10769000254E0D403040AD0328431863186B234D31
:1076A000490811402840C90301431963A07A2C24DA
:1076B00002401020195D1201814311431955197FB1
:1076C00081430A431A7770BDC9001348F8F748FD93
:1076D0008EE7022B0ED002250420535C2B4353541B
:1076E000535C03435354137F2B431377137F03439C
:1076F0001377B7E702250420535C2B435354535CA4
:1077000083435354137F2B431377137F83431377A0
:10771000A8E7C046000030400000127A7F0080FFDA
:10772000FFFDFFFFFFFEFFFFFFBFFFFFFF7FFFFF2C
:10773000044A138F002902D0034313877047834301
:107740001387FBE700003040024BC005C00D1880D6
:107750007047C04600003040FF20024B1B88184095
:107760007047C04600003040074B002805DB1B8BEC
:107770001840431E9841C0B270475B681840431ED2
:107780009841C0B2F8E7C04600003040034B9B8FE1
:107790001840431E9841C0B27047C04600003040B8
:1077A0004423014AD052704700003040342210B5C3
:1077B0000724034920408B5CA34303438B5410BD33
:1077C000000030403421072210B5044C1040635CA7
:1077D0003132C00093430343635410BD0000304076
:1077E0001022038B10B593430383038B1032934312
:1077F0000383037D193A93430375037D3132934329
:1078000003750B78802B27D00324028B2340A243DF
:1078100013430383038B154A134003838022CB78E1
:107820000374038B1343802203838B888380CB886C
:107830000381038B9343038307234C78027D1C4011
:107840009A43224302758978027D0B403821DB0080
:107850008A431343037510BD038B353A9343038367
:107860008023028B5B0013430383D7E7FFFEFFFFF8
:107870000023038043808380C3807047038B0129EA
:1078800003D08022934303837047802213430383F2
:10789000FAE7C046002908D1038B01310A400F31B5
:1078A00012018B431343038370470129FCD1038BDF
:1078B0000A401F3152018B4313430383F4E7C04650
:1078C0000321812310B50478DB052140C0245A68C8
:1078D0008901A2430A435A6044780F2C29D05A6880
:1078E0001A490A40072121400E245A605A6849006B
:1078F000A2430A435A60032281210479C905224028
:1079000030244B681201A34313434B608378082B48
:1079100015D04B680E4A13404B6081210322C0787A
:10792000C9054B6802400B481202034013434B60E9
:1079300010BD80225968D2030A435A60DBE78023D6
:107940004A681B0113434B60E7E7C046FFFFBFFFD8
:10795000FFF7FFFFFFFCFFFF012806D08122102167
:10796000D20513880B43138070478123DB055A68C7
:10797000520205D58022198852000A431A80F3E783
:1079800004211A880A4301211A801A880A431A809E
:10799000EAE7C04601280AD081234021DB051A8886
:1079A0000A4302211A801A888A431A80704781226A
:1079B0000221D20513880B431380F7E78122D205F9
:1079C0001388012803D080218B43138070478021C6
:1079D0000B431380FAE7C0468123DB051B7C18406C
:1079E000431E9841C0B27047F8B58123DB055A6841
:1079F0000500520350D4D88A80B28123DB055B682E
:107A000000B29B059E0F01F029FB041C072D41D8F5
:107A1000894BAD005B599F468123DB055B685B03A7
:107A200000D5F3E0854D300001F05CFB8122D205EA
:107A30005368061C1B069B0F012B03D053681B06C3
:107A40009B0F06D18123DB055B685B0300D5EDE06E
:107A50007B4D291C201C00F0D1FE7A4901F052F820
:107A600002F0F6FD02000B007748784902F0ECFACC
:107A70000D00FE2104008905301C00F043FD02F0DA
:107A8000E7FD02000B002000290002F0B7F802F029
:107A900021FE041C201CF8BD988A80B2ADE781232A
:107AA000DB055B685B0300D5B9E0644F300001F093
:107AB00019FB8122D20553681B069B0F012B03D0B3
:107AC00053681B069B0F06D18123DB055B685B03B4
:107AD00000D5A7E05A4FFE21890500F013FD391C9F
:107AE000051C201C00F08AFE011C281C01F00AF86D
:107AF000544901F007F8041CCCE78123DB055B68DF
:107B00005B0300D588E04D498122D20553681B06EE
:107B10009B0F012B03D053681B069B0F06D18123BB
:107B2000DB055B685B0300D584E04549201C00F061
:107B300065FE444900F0E6FF02F08AFD02000B00FA
:107B40004148424902F080FA02F0C4FD404900F089
:107B5000D9FF404901F0CEF8041C9BE78123DB05E7
:107B60005B685B0355D435498122D20553681B06F7
:107B70009B0F012B03D053681B069B0F05D181235C
:107B8000DB055B685B0353D42D49201C00F036FEF7
:107B90002C4900F0B7FF02F05BFD02000B002A4801
:107BA0002A4902F051FA02F095FD2B4900F0AAFF94
:107BB000041C6FE78123DB055B685B0323D41F4D47
:107BC000300001F08FFA8122D2055368061C1B0693
:107BD0009B0F012B03D053681B069B0F05D18123FC
:107BE000DB055B685B031FD4154D291C201C00F0CE
:107BF00005FE144900F086FF02F02AFD124A134BDD
:107C000001F0AEFA34E78E25ED05D9E78E25ED05B6
:107C100009E78E21C905A7E78E21C90574E78E27DC
:107C2000FF0543E70D4F56E70C4DDEE70B4D10E720
:107C30000A49AAE7094979E77C3F061000720A471A
:107C4000002C21479A991940333333333333E33FC0
:107C50000080C843008085431F858B400003154783
:107C60008123DB055A68520302D4D88A80B2704758
:107C7000988A80B2FBE7C046014B18607047C04647
:107C8000000070400121044B1A7A0A4302211A7243
:107C90001A7A0A431A727047000070401F2170B5AB
:107CA0000124037819408C4081785A09002904D1B5
:107CB0002032164B9200D45070BDFF2603213500B0
:107CC000407819408001C90006408D408E4058B26E
:107CD000ED43310000280BDB0C489B088446C02094
:107CE0009B00634480001E5835400D431D50E0E763
:107CF0000F2003400648083B84469B089B006344D2
:107D0000D86928400143D961D3E7C04600E100E0CB
:107D100000ED00E0054A04211369002802D00B435E
:107D2000136170478B431361FBE7C04600ED00E031
:107D30007047C0467047C0467047C0467047C0464F
:107D40007047C0467047C0467047C0467047C0463F
:107D50007047C0467047C0467047C0467047C0462F
:107D60007047C0467047C046012130B52E4A85B0E5
:107D7000137A03240B43137200222C4B1A606B46B8
:107D80009D1CFFF7A5FB28802B88002B03D1013C0D
:107D9000E4B2002CF5D12B881F2B02D8012005B0AE
:107DA00030BD2B885B0524D401AC200000F072FAB2
:107DB0006278A37812011A431D4B1B681B0725D557
:107DC00090211C48C9050C690368283B1B1B1B023A
:107DD000002B0EDD112A08DD8022174B52029BB2C8
:107DE0001343CB60CB681342FCD190230268DB05C0
:107DF0005A600122114B1A70F8F78BF9BFF34F8FBD
:107E00000F4B104ADA60BFF34F8FFEE7112AF0DD07
:107E100080219022084B49029BB20B43D205D360CC
:107E2000D3680B42FCD1E4E700002040140000209E
:107E3000C0000020180000201C0000200C000020C2
:107E400000ED00E00400FA0510B5FFF78DFF1B48B8
:107E50001B4B984207D2013B1A1A9208013219496A
:107E6000920002F0C6FE1848184B984207D2013B18
:107E70001A1A920801321649920002F0BAFE154809
:107E8000154B984207D2013B1A1A92080132002181
:107E9000920002F01DFE1148114B984207D2013B9F
:107EA0001A1A920801320021920002F011FE0D4BC5
:107EB00083F30888F8F79CFA10BDC046B824002068
:107EC000D82A002064480610080000203400002052
:107ED00038480610C0000020CC020020D00200204C
:107EE000B824002000600020802330B50D4C5B02D8
:107EF0002204120C1A43002806D09021C905CA603A
:107F0000CA681A42FCD130BD0425A078A178C0B25D
:107F1000A943A1709021C905CA60CA681A42FCD160
:107F2000A070F0E71C000020F0B54F464646D6464C
:107F3000C0B58AB003AC22007C4B05000E0083CB99
:107F400083C283CB83C21B78684613706F4600F0F0
:107F5000A1F9002D37D044230121754AA373137A68
:107F60000B4313724C23E3722C3B237292336374E2
:107F7000573B23756F4B704A1B68190C91424DD0CB
:107F80006E4B6D4A1B68190C914256D06C4B6A4A75
:107F90001B68190C914238D00422E37A9343E372B0
:107FA0007878BB7800011843112856DC8021902294
:107FB0002404240C49020C43D205D460D3680B423C
:107FC000FCD1112869DC5F4A138B002BFCD0012304
:107FD00013831633938100231361002E07D0902260
:107FE0001021D2051069136943401942FBD0002DBE
:107FF00002D01522544B1A70544B554A1A600AB0DD
:10800000E0BCBA46B146A846F0BD0322E17D9143EB
:10801000E175E17D1A400A43E275BDE77022E17D1A
:108020001B019143E175E17D1A400A43434BE27520
:108030001B68414A190C9142A8D1302261791B0179
:108040009143617161791A400A433D4B62711B682B
:10805000394A190C91429FD1D7E7E37D1343E37569
:10806000E37DDBB29C463B4B1A78002A50D00021BE
:1080700000229A5C01328A18D2B29F5C1100002F54
:10808000F7D11C2A34D90222334B1A7033325A707A
:1080900062469A700022DA7088E72E4B1A78002A1E
:1080A0003DD0002100229A5C01328A18D2B2985C3D
:1080B00011000028F7D11C2A00D984E799188846B6
:1080C000571C941CD01C022199542122DA55193ACC
:1080D0001A5500221A544346802190221B041B0C7F
:1080E00049020B43D205D360D3680B42FCD16AE747
:1080F000511C8846D11C8A46971C0221995435226E
:1081000041465A5462465146DA5500225A54BAE75B
:1081100003229246023A904602270022EDE7984653
:108120000320022401270022CDE7C046681D061067
:1081300000002040E807001055AA0000E4070010E6
:10814000B0070010000010480000C04014000020DC
:10815000CCBCECFC442300201C000020F0B508221D
:10816000D6464F464646C021434BC0B59A80434A47
:10817000434D136A09042B4089460B43C021136207
:10818000136A09061B021B0A0B431362C022FF205D
:10819000920090463B4B84469A58474682433F386C
:1081A0008246024340461A501A58C020364E0002FA
:1081B00032400243DA51C122644692009F58A743DD
:1081C000544627439F509C582700374007439F50F1
:1081D0009C5827002F409F509C582402240A2700B7
:1081E0000F439F500832904644469A58324002430B
:1081F0001A511A594C462A40224344461A511A59D8
:108200001202120A0A431A51C422920090464446AE
:108210009A58324002431A511A594C462A40224376
:1082200044461A511A591202120A0A431A51C52217
:1082300092009C5827006446A7433C0057462743BA
:108240004C469F509F583E40304398509858284085
:1082500004439C5098580002000A014399500120A1
:108260000121FFF761FE094B094A1A6262B6E0BCC0
:10827000BA46B146A846F0BD0000104000ED00E04F
:10828000FFFF00FF00E100E0FF00FFFF0000904063
:1082900066000E0010B51249124CCB691B061A0F6E
:1082A000CB691B071B0F83700F4B196801234160BB
:1082B000A14208D10D490E4B8C461B6863445942BC
:1082C0004B415B0002330370131CD2B2002A00D171
:1082D00001234370074B9B8A01339B00836010BDD1
:1082E0000000904041A0000228009040BC5FFF0DBC
:1082F0001C00001000001040F0B5114B114D04009F
:10830000D869DB69104E2F6800061B070125000F96
:108310001B0FB7420AD10D4F0D4EBC46366866445E
:10832000771EBE417642AE4335000435094EB68A0B
:108330002570C4B2002C00D1012008701370F0BD6C
:10834000000090402800904041A00002BC5FFF0D5B
:108350001C00001000001040F7B5040C0D0091B295
:108360000F0061438C460600019383B2100C5F43FB
:10837000444358433B0C60441B18994202D9802166
:1083800049026418019955437143180C04191B04E0
:10839000BFB24919D819091903B0F0BD9E2110B513
:1083A000C905041CF7F754FF00280AD09E21201CA1
:1083B000C90500F09FFC00F033FE80231B06C018A7
:1083C00010BD201C00F02CFEFAE7000070B5002262
:1083D0000B4B04000D00F7F7C5FF00280BD0084B2E
:1083E00000222000290001F02FFE02F0FFF8802378
:1083F0001B06C01870BD2000290002F0F7F8F9E74D
:108400000000E041F0B587B006000F00059204932C
:108410008B4200D966E001D1824263D80499059865
:10842000F7F7C8FF390001903000F7F7C3FF019B51
:1084300004991B1A1A0005980193F7F753FF0400DB
:108440000D00B94246D801D1B04243D801200021E5
:10845000019AF7F747FF361BAF4102900391019B4A
:10846000002B2ED0E90762080A4301996B088C465D
:1084700001240025BB4232D801D1B2422FD83000AE
:108480003900801A994100184941001969410600D4
:108490000F00012149428C4461460029EAD1029C27
:1084A000039D30003900019AF7F710FF019AA419D3
:1084B0007D4106000F00F7F715FF241A8D41029445
:1084C00003950C9B002B01D01E605F6002980399FE
:1084D00007B0F0BD0022002302920393BFE7B61954
:1084E0007F41D6E70023002402930394E9E7427812
:1084F000037812021A438378C0781B0413430006E2
:1085000018437047F0B543025A0A85B044004F0043
:1085100003924A02240EC50F3F0E500A01909B0998
:10852000C90F9209E01B8D4200D096E0002836DD8D
:10853000002F13D1002A07D0461E012802D10124A2
:108540009B181EE0FF2810D1DB08FF2861D1002B0B
:108550005FD08022D203FF2013435AE0FF2C00D1CA
:108560003FE180210600C9040A4301211B2E07DCDC
:108570002020801B11008240F140501E8241114397
:108580005B185A0100D413E1601CFE2C00D1D8E026
:10859000012297491A405B080B4013435BE0002817
:1085A00020D0381B002C08D1002B04D0441E0128F9
:1085B000C5D0FF2808D11300C6E7FF2F00D109E17D
:1085C00080210400C9040B4301211B2C07DC20205F
:1085D000001B19008340E140581E834119433C00B1
:1085E0008B18CEE7FE21601C084230D1002C1BD135
:1085F000002B00D1ECE0002A00D1E0E09A188021A5
:108600001000C9040840D3080A4202D00120794A68
:108610001340FF22C005D2055B0210405B0A1843DD
:10862000ED07284305B0F0BD002B00D1D4E0002AAF
:1086300000D1D2E080210398C903884203D3019876
:10864000884200D21300DB080193029580E0FF28E6
:1086500077D09B185B080400AAE0002827DD002FD4
:108660001DD1002A00D16FE7461E012802D19B1AB6
:1086700001240EE0FF2800D166E701211B2E07DC54
:108680002020801B11008240F140501E8241114386
:108690005B1A5A0100D48BE09B019E096FE0FF2C0E
:1086A00000D19EE08021C90406000A43E5E70028C6
:1086B00024D0381B002C0BD1002B07D0441E0128DE
:1086C00002D10D00D31AD3E7FF2808D10D0072E7BD
:1086D000FF2F00D183E08024E40423430400012021
:1086E0001B2C07DC18002025E0402C1BA3405C1E3F
:1086F000A34118433C000D00131ACAE7671CFE266D
:10870000BC46374002976746374233D1002C1AD116
:10871000002B06D11D00002A00D17AE70D00019B35
:1087200077E7002A4BD09C1A660106D50D00D31AB4
:108730000020834200D16CE78DE7231E00D003E7C1
:108740000500002365E7002B05D1002A4BD00291DC
:10875000019B029DFDE6002A3FD08020039CC003C0
:10876000844200D26FE7019C844200D36BE7130080
:108770000D0068E79E1A770114D50D00D61A300057
:10878000F7F7FAFD33000538834084420DDC2022E0
:10879000001B0130121A19009340C1405A1E934128
:1087A0000B43C5E7002ECBD0E9E7134A241A134048
:1087B0005A0704D00F221A40042A00D004335A0169
:1087C0000FD5601CFE2CBCD00A4ADB08134020E702
:1087D0001300ADE73800EEE61300FF20B4E63800E2
:1087E00074E72000B0E68023DB030193B0E7C046C6
:1087F000FFFFFF7DFFFF7F1FFFFFFFFBF0B5C30FF4
:1088000085B0440245000391640A2D0E01932ED0D9
:10881000FF2D39D08023E400DB047F3D1C4302950B
:108820000027039B5D025E00DB0F6D0A360E03938B
:1088300030D0FF2E3BD08023ED00DB041D433300FE
:108840007F3B00210398019A42400298D2B2C31A9A
:10885000B800084301380E2842D8F7F723FD6CA86A
:108860007EA89DA87E6C6C9D7E2E2E2E7200012708
:108870000294002CD5D02000F7F77EFD773F431FF0
:108880009C403B1A0293CBE703270295002CC8D1EA
:10889000013FC6E72B000121002DD3D02800F7F7B8
:1088A0006BFD431F9D4076235B421B1AC9E73300D3
:1088B0000321002DC6D10139C4E73900019A0229EC
:1088C00039D0032900D170E00025280001291ED1EC
:1088D0006D026D0AC0052843D207104305B0F0BDF4
:1088E00064016D01AC4228D31A200121641B0126CA
:1088F000270049006400002F01DBA54201D8641B5A
:10890000314301380028F3D1601E84410C43180024
:108910007F30002824DD610704D00F212140042985
:1089200000D00434210103D58033180023490C40C2
:10893000E508FE28CCDD00250DE01B200021013BD1
:10894000D5E78023DB031C4201D01D4229D08025BE
:10895000019AED032543FF20BAE72C00039AAEE706
:1089600001210025091A28001B29B1DC9E332500AE
:108970009C40CD40631E9C4125436B0704D00F23D0
:108980002B40042B00D0043580232800DB04184042
:108990001D420FD1ED089BE7002380240193E403DF
:1089A000D5E7039B2C000193D1E70192CFE7002587
:1089B00028008DE7002501208AE7C046FFFFFFF76A
:1089C00070B54B00440245004E02C20F640A0120FC
:1089D0002D0E760A1B0EC90FFF2D06D1002C13D1C8
:1089E000FF2B11D1002E06D00EE0FF2B0CD09D42A4
:1089F0000AD1B44208D100208A4205D00130002DAE
:108A000002D12000431E984170BD30B5420245009E
:108A10004C02C30F4800520A2D0E640A000EC90F03
:108A2000FF2D01D1002A19D1FF2801D1002C15D129
:108A3000002D20D1002813D1002A1ED1002C21D0D6
:108A4000012000291ED102381CE08542F8DBA24239
:108A50000CD80020A24215D20130F2E7022008E033
:108A6000002AEDD099420AD18542EEDD012000298D
:108A700008D0404206E00028F4D1002CF2D10120B9
:108A8000002BF6D130BD30B5420245004C02C30F79
:108A90004800520A2D0E640A000EC90FFF2D01D1A5
:108AA000002A19D1FF2801D1002C15D1002D20D189
:108AB000002813D1002A1ED1002C21D0012000292A
:108AC0001ED102381CE08542F8DBA2420CD80020FF
:108AD000A24215D20130F2E7022011E0002AEDD0C7
:108AE00099420AD18542EEDD0120002908D040429A
:108AF00006E00028F4D1002CF2D10120002BF6D1A1
:108B000030BD0000F0B5C30F85B0470244000391AB
:108B10007F0A240E02930AD0FF2C71D080227F3C62
:108B200026000023FF00D204174301930CE0012329
:108B30003E1E019308D03800F7F71EFC7626431F2F
:108B40009F407642361A0194039B5C025D00DB0F66
:108B5000640A2D0E03935AD0FF2D64D08023280081
:108B6000E400DB041C437F38002301998619880048
:108B7000721C18430A2800DD7EE00299039D6940BB
:108B80000291022855DC0138012864D9B9B20D00E0
:108B90003B0C200CA4B2654341435C434343091999
:108BA0001F002B0C5B189C4202D9802149027F18C0
:108BB0001904ADB24D19AC01611E8C411B0CAD0EF8
:108BC000DB192C439B011C431B0167D50123610862
:108BD0001C400C4310007F30002861DD630704D087
:108BE0000F232340042B00D00434230103D580320B
:108BF00010003F4B1C40E108FE2834DD00214BE013
:108C0000032326000193002F9ED1013B8DE7200016
:108C10000123002CA9D0F7F7AFFB431F9C4076231C
:108C20005B42181AA0E728000323002C9DD1013BCA
:108C30009BE701218140A6200D00C00005400142B4
:108C40001ED190208000014246D1B938FF38014240
:108C50009CD003990291022BD0D0032B42D000214B
:108C60000800012BB6D1029B4902490AC0050843FE
:108C7000DB07184305B0F0BD0F2804D00B28E8D05F
:108C80003C00019BE7E78023DB031F4201D01C422D
:108C900026D08021C9033943FF20E4E7320099E759
:108CA000012300211B1A08001B2BDCDC9E32210053
:108CB0009440D940631E9C4121434B0704D00F23AD
:108CC0000B40042B00D0043180230800DB04184043
:108CD000194209D1C908C6E780270295FF03D8E7E2
:108CE000039B02932700D4E700210120BBE7C04685
:108CF000FFFFFFF7F0B543025A0A85B04F02440068
:108D000002924E007A0A9446C50F0092240E9B09E7
:108D1000360EC80FD200FF2E02D10100002A01D169
:108D200001214140A01BA94200D093E0002836DD7C
:108D3000002E13D1002A07D0461E012802D101249B
:108D40009B181EE0FF2810D1DB08FF285ED1002B06
:108D50005CD08022D203FF20134357E0FF2C00D1C8
:108D60003DE180210600C9040A4301211B2E07DCD6
:108D70002020801B11008240F140501E824111438F
:108D80005B185A0100D411E1601CFE2C00D1D5E023
:108D9000012296491A405B080B40134358E0002813
:108DA00020D0301B002C08D1002B04D0441E0128F9
:108DB000C5D0FF2808D11300C6E7FF2E00D107E178
:108DC00080210400C9040B4301211B2C07DC202057
:108DD000001B19008340E140581E834119433400B1
:108DE0008B18CEE7FE21601C08422DD1002C18D133
:108DF000002B00D1EAE0002A00D1DEE09A18200022
:108E0000D308520102D50120794A1340FF22C00540
:108E1000D2055B0210405B0A1843ED07284305B0FA
:108E2000F0BD002B00D1D5E0002A00D1D3E0802195
:108E30000298C903884203D30098884200D21300E5
:108E4000DB089C46019580E0FF2877D09B185B08E3
:108E50000400ABE0002827DD002E1DD1002A00D140
:108E600072E7461E012802D19B1A01240EE0FF285A
:108E700000D169E701211B2E07DC2020801B110097
:108E80008240F140501E824111435B1A5A0100D4C6
:108E90008CE09B019E096FE0FF2C00D19FE08021B8
:108EA000C90406000A43E5E7002824D0301B002C43
:108EB0000BD1002B07D0441E012802D10D00D31A7C
:108EC000D3E7FF2808D10D0075E7FF2E00D184E01D
:108ED0008024E4042343040001201B2C07DC180039
:108EE0002025E0402C1BA3405C1EA3411843340006
:108EF0000D00131ACAE7FE27661C03963E40019632
:108F0000039E3E4233D1002C1AD1002B06D11D0006
:108F1000002A00D17AE70D00009B77E7002A4CD0A9
:108F20009E1A770106D50D00D31A0020834200D186
:108F30006CE78DE7331E00D006E72500002365E7C8
:108F4000002B05D1002A4CD001916346019D00E71A
:108F5000002A40D08020029CC003844200D26FE7E8
:108F6000009C844200D36BE713000D0068E79E1A53
:108F7000770114D50D00D61A3000F7F7FDF933004C
:108F80000538834084420EDC2022001B0130121A77
:108F900019009340C1405A1E93410B43C5E7002E70
:108FA000EAD10500CAE7134A241A13405A0704D02D
:108FB0000F221A40042A00D004335A010FD5601C36
:108FC000FE2CBBD00A4ADB0813401FE71300ACE7B6
:108FD0003000F0E61300FF20B6E6300073E7200013
:108FE000B2E68023DB039C46AFE7C046FFFFFF7D70
:108FF000FFFF7F1FFFFFFFFB42024B0240004900C3
:10900000520A5B0A090E000EFF2802D1FE38002A20
:1090100005D10020FF2902D11800431E9841704756
:1090200041024300C20F490A00201B0E7E2B03DDC4
:109030009D2B02DD084BD0187047802000040843A8
:10904000952B05DD963B9840002AF5D04042F3E78A
:109050009621CB1AD840F7E7FFFFFF7F70B50300DA
:109060000400051E0ED0C21785185540C40F2800F5
:10907000F7F782F99E231B1A962B0ADC08282BD0BF
:10908000083885406D026D0AD8052843E40720435F
:1090900070BD992B1BDD020029001B3291400A0094
:1090A000511E8A410521091ACD4015430B4A2A4019
:1090B00069070FD00F210D40042D0BD00432D508C5
:1090C000510107D59F23064A1B1A1540DAE7421FB4
:1090D0009540EBE7D508D5E79623D3E7FFFFFFFBE5
:1090E000FFFF7F1F002310B50400984209D0F7F757
:1090F00043F99E231B1A962B08DC082829D0083830
:1091000084406402D805640A204310BD992B1BDDFE
:10911000020021001B3291400A00511E8A410521A4
:10912000091ACC4014430C4A224061070FD00F218A
:109130000C40042C0BD00432D408510107D59F23D6
:10914000064A1B1A1440DCE7421F9440EBE7D408A0
:10915000D7E79623D5E7C046FFFFFFFBFFFF7F1F42
:10916000F7B5DF0FBC460D034C001E03C90F00917D
:109170006D0A410F760A570F294337435D00009E61
:10918000640D6D0DC000D200631B664500D02EE15A
:10919000002B00DC7AE0002D3CD13D0015431ED0B1
:1091A0005D1E012B18D1821882428041C9194042AC
:1091B000091810000A0200D402E1BA4A01339342AE
:1091C00000D18AE2B84C42080C40012101400A4318
:1091D000E00710436108F3E0B24EB34222D14C07DE
:1091E000CA08B049C00804438B4206D1210011438C
:1091F00000D175E2802109030A432000AB4C1B0516
:1092000012032340120B1343009AD2071343190091
:1092100003B0F0BDA34DAC4200D1DDE180252D04AB
:109220002F431D00382D2CDC1F2D19DC20233E0080
:109230005B1B9E40B44616000193EE4063461E43FE
:10924000019BEF409A4013005A1E934133431B1871
:109250008342804179184042091818002300A9E789
:109260002B003E00203BDE400023202D03D0403366
:109270005B1B9F403B0013435A1E9341334300271F
:10928000E5E73B0013435A1E9341F8E7002B50D00B
:109290002B1B002C12D10C0004430CD05C1E012BA4
:1092A00006D1801890429241C9195242891881E72B
:1092B0007C4EB3420AD13900100090E7794CA542A8
:1092C00000D104E28024240421431C00382C2BDC30
:1092D0001F2C18DC20230E001B1B9E40B4460600EA
:1092E0000193E64063461E43019BE1409840030022
:1092F000581E83413343981890429241C9195242F3
:109300002B00891856E723000E00203BDE40002387
:10931000202C03D040331B1B99400B000343591EE4
:109320008B4133430021E6E70B000343591E8B4179
:10933000F8E75F4D631C2B4234D10B000343002C34
:1093400014D1002B00D1BDE13B00134300D11EE13D
:10935000821882428041C919404209180B0200D488
:10936000B1E1514B10001940012338E7002B00D127
:10937000ADE13C004B4B144300D130E74B07C00834
:109380001843CB08802109030B4206D0FC080C428D
:1093900003D12300D0087F073843410FDB00194376
:1093A000C00019E13F4CA34200D196E182188242ED
:1093B0008041CF1940423F18F807520810437908FE
:1093C000420709D00F220240042A05D0021D824222
:1093D00080414042091810000A0200D4FFE6314AD9
:1093E0000133934200D178E12F4A1140F7E6002B78
:1093F00060DD002D36D13D00154300D1EFE65D1E46
:10940000012B0DD1821A90428041C91B4042091A9A
:1094100010000A02D4D549021C004D0A019008E14F
:10942000204EB34200D1DAE6382D35DC1F2D22DC88
:1094300020233E005B1B9E40B44616000193EE4085
:1094400063461E43019BEF409A4013005A1E93410E
:109450003343C31A98428041C91B4042091A18007D
:109460002300D6E70F4DAC4200D1B5E080252D0496
:109470002F431D00D8E72B003E00203BDE40002399
:10948000202D03D040335B1B9F403B0013435A1EEB
:10949000934133430027DCE73B0013435A1E9341BB
:1094A000F8E7C046FF070000FFFF7FFF0000F07FE6
:1094B000FE070000002B54D02B1B002C15D10C00F4
:1094C00004430FD05C1E012B09D1101A8242924135
:1094D0006346791A52420093891A012399E7814E13
:1094E000B3420AD161460091E5E67E4CA54200D127
:1094F000EBE08024240421431C00382C2CDC1F2C9E
:1095000019DC20230E001B1B9E4000933300060035
:10951000E6401E43009BE14098400300581E8341F3
:109520003343D01A82429241791A5242891A6246D2
:109530002B0000926DE723000E00203BDE4000234D
:10954000202C03D040331B1B99400B000343591EB2
:109550008B4133430021E4E70B000343591E8B4149
:10956000F8E7614E651C354250D10E003D000643C0
:109570001543002C28D1002E0FD11900180000939C
:10958000002D00D12BE63900100063460093030044
:109590000B4300D19EE0002312E7002DF7D0851A7F
:1095A000A842B641CC1B7642A41B260206D5101A4F
:1095B00082429241791A5242891AE6E728002043F2
:1095C0005CD021002800E2E7002E07D1002D7CD1DD
:1095D000802118000093C903424B00E6414B002D47
:1095E00000D1FCE54B07C0081843CB0880210903D4
:1095F0000B4200D1D1E6FC080C4200D0CDE6D008E9
:1096000062467F07230038430092C6E6851A01951B
:10961000A842AD416D422E00CD1BAD1B2E022AD5B6
:10962000131A9A429241019363467F1A5242BD1A1D
:109630000093002D25D02800F6F79EFE0300083B7E
:10964000202201990198D21A9D40D1409840294387
:109650009C4233DC1B1B5A1C1F2A1EDC20230D00DE
:109660009B1A040098409D40D440431E98412543D6
:10967000D14028438BE701982843DAD101000090BC
:10968000ADE50198F6F778FE030018331F2BD7DD00
:109690000199083881402800DAE70C001F3BDC40C4
:1096A0000023202A03D040339B1A99400B00034328
:1096B0005A1E934120000021184368E70B4AE31A21
:1096C00011407DE63900100061E7634600933900E0
:1096D000100081E71900180081E5002108007EE5EF
:1096E0000A008AE5FF070000FE070000FFFF7FFF7A
:1096F000F0B589B0009201930D034B00CA0F06002C
:1097000004002D0B5B0D039245D0644A93426BD04D
:10971000420FED001543802212042A430292604A50
:10972000C4009F180026019B019A1D03D20F5B0005
:1097300000982D0B5B0D069266D0584A934200D1DB
:1097400089E0ED005649420F2A4380255B189C466C
:109750002D041543C2000021069B03985840C3B254
:1097600005936346B0000843FB1A013804930E28A2
:1097700000D999E0F6F7A0FD8E002D02D3012D024D
:109780001E022D02D3018E008E001E02D3017E0028
:109790007E007E00C5012B00034302932CD0002DD8
:1097A00015D02800F6F7E8FD010003000B391D2253
:1097B000521A31001800D140083885400A002A4367
:1097C000350085400292374F2C00FF1AAAE7F6F7C2
:1097D000D3FD01000300153120331C29E7DD3200E1
:1097E000083882400292EEE702002A43029207D133
:1097F00014001F00022696E7029C0126270092E72C
:109800001F00032602958EE7009A2A432AD0002DD6
:1098100015D02800F6F7B0FD010002000B391D231A
:1098200010005B1A009908388540D9402943009DF3
:1098300085401C4B9B1A9C462A000D008BE7F6F7CF
:109840009BFD01000200153120321C29E7DD009943
:1098500008388140EDE7009A2A4307D115009C465D
:10986000022179E715009446012175E702009C4624
:10987000032171E73100039B0593022900D1ACE17C
:10988000032900D1A2E1012900D001E10024230035
:10989000220026E100231C00004A22E1FF0700000D
:1098A00001FCFFFF0DFCFFFF029B9D4204D300D093
:1098B00022E1A24200D91FE1029BE607D907630813
:1098C00019430C00029B5B08029313022D02170E32
:1098D00000932B0C2F4306930699BBB20298039377
:1098E000F6F77AFCBBB243430A04210C050011438E
:1098F0008B4207D9C919013D8F4203D88B4201D948
:10990000851EC919C81A0699F6F766FCBAB2424311
:109910000904A4B203000C43A24207D9E419013B95
:10992000A74203D8A24201D9831EE4192D041D4386
:10993000A41A009B009A1B0C12040393120CABB2E6
:1099400007925A4307980292039A290C48435343BB
:109950005143029A1B18120C94466344984202D950
:10996000802252028918029A180C12041B04120C4D
:1099700040189A18844203D302951ED196421CD2F5
:109980006B1E0293009BF6189E429B415B42DB19C3
:10999000E418A74203D310D1009BB3420DD8A042D4
:1099A00002D80AD1B24208D9AB1E0293009BF61826
:1099B0009E429B415B42DB19E418B51AAE42B641A8
:1099C000201A7642801B874200D1ADE00699F6F757
:1099D00003FCBBB243430A04290C040011438B422D
:1099E00007D9C919013C8F4203D88B4201D9841E83
:1099F000C919C81A0699F6F7EFFBBBB2434309042D
:109A0000ADB202000D43AB4207D9ED19013AAF42A6
:109A100003D8AB4201D9821EED19ED1A2304039E2F
:109A20001343079907981C0C9AB251436043724341
:109A3000744312180E0CB218904202D980204002D2
:109A40002418100C09041204090C0019511885423D
:109A500004D31C00854219D1002919D07D195C1E40
:109A6000BD420ED3854203D310D1009A8A420AD256
:109A70009C1E009B5A009A429B415B42DB19ED18E9
:109A80000092854202D1009B994201D001231C43E0
:109A9000049B554A9A18002A49DD63070BD00F230F
:109AA0002340042B07D0231DA342A4410299644202
:109AB00009191C000291029BDB0108D54B4B029A4D
:109AC0001A408023DB009C460292049A6244484B71
:109AD0009A4200DD81E0029BE4085B071C43029B85
:109AE000DB081B0312051B0B1343059A2000D2074A
:109AF0001343190009B0F0BD049B0026013B0493F9
:109B0000E3E6802302991B03194201D01D4258D07D
:109B10008023029A1B031343039A0592BCE6069B1B
:109B2000140005930295A8E601246442B0E70121E0
:109B3000891A382900DDA9E61F2926DC2D4A049B55
:109B40009446634420009C40029AC8409A402300F7
:109B50000243581E83411A43029B1400CB40620704
:109B600009D00F222240042A05D0221DA242A4417E
:109B700064421B19140080211A0009040A400B4298
:109B80002ED1E1085C070C43AAE71F235B429B1A16
:109B9000029ADA400023202906D01749049B8C46FC
:109BA0000299634499400B001C43631E9C410023AF
:109BB0001443D4E700231C00039380231B03029368
:109BC000A6E7069B140003930295A1E7059B039368
:109BD0009EE700231C001A0083E7002423005BE6B5
:109BE000002301221C007CE7FF030000FFFFFFFEB3
:109BF000FE0700001E0400003E040000F0B58BB01C
:109C0000009201930D034B00CA0F06002D0B5B0D54
:109C1000039200D111E1CE4A934200D135E1ED002B
:109C2000420F2A4380252D041543CA4AC4009B18BD
:109C30001F0000230293019B00981E035A00DB0FB4
:109C4000360B520D049300D12EE1C14B9A4200D144
:109C500050E1430FF60033438026BE4936041E43CD
:109C6000C30050180022C1190691013100910299D8
:109C7000880010430A2800DD76E10399049F7940AB
:109C80000391022800DD44E10138012800D853E1A6
:109C9000190C9BB202911900220CA4B2514320006E
:109CA0008C46029F0299584351436743059167448C
:109CB000010CC91904908C4505D9802040028446C6
:109CC000059F67440597080C84466846008A090486
:109CD00009180991310CB6B2049130003100049F8B
:109CE000614350437C437A4324180F0C3C19A04233
:109CF00002D9802040021218200C8218240489B254
:109D0000079262180892089962468C46290CADB2F7
:109D10002800029F58436F434B4362449446029C81
:109D2000FF18020CD2194C43934202D980235B02E4
:109D3000E418130C1B1902932B0080B212041218A2
:109D40000498734345434E434143A8191D0C2D18F5
:109D5000AE4202D9802040020918059F0898674446
:109D60008742B641BF189742924128049BB2C0185F
:109D7000079B7642C01853420493029B84199C4669
:109D8000A4446346049AB442A4419B18079A6442CF
:109D900090428041029A4042044394458041049A93
:109DA0002D0C934292414042524210436419099A49
:109DB00024186418790211434A1E9141FF0DDE0DEB
:109DC000640239435B0226430B43E40100D4DEE026
:109DD00001215A080B401A43F307CE401343009A5F
:109DE0005D495218002A00DCD4E0590709D00F2140
:109DF0001940042905D0191D99429B415B42F61870
:109E00000B00F10106D58021C9008C46534A16404B
:109E1000009A624452498A4200DD07E17407DB0878
:109E20001C43F60813053603039A360B3343D20757
:109E30001343200019000BB0F0BD2C0004432BD0BD
:109E4000002D16D02800F6F797FA040002000B3C0C
:109E50001D2330001B1B1100D84008398D40030022
:109E60002B4335008D403F492C008A1A17001D00F6
:109E7000DFE6F6F781FA04000200153420321C2CCC
:109E8000E6DD330008388340EDE704002C4307D1BA
:109E90001F0025000223CDE6250027000123C9E687
:109EA0001F0004000323C5E6009B334329D0002E86
:109EB00014D03000F6F760FA010003000B391D22C0
:109EC0001800521A009908388640D1403143009E4C
:109ED00086402448C01A33000E00C3E6F6F74CFA59
:109EE00001000300153120331C29E8DD00990838F2
:109EF0008140EEE7009B334307D110001E00022291
:109F0000B1E61E0018000122ADE603001000032296
:109F1000A9E601218140A6200F00C00007400142B0
:109F200026D190208000014276D1B938FF38014215
:109F300000D1ADE604990391022A77D0032A72D0AA
:109F4000012A00D04BE70026340032006AE7C04601
:109F5000FF07000001FCFFFFFF030000FFFFFFFE03
:109F6000FE0700000DFCFFFF0F2805D00B28E1D0F5
:109F70002E002300029ADFE780221203154201D04F
:109F800016424ED0802636032E432C4A4AE7069AC4
:109F9000009224E70120801A3828D4DC1F2827DC0F
:109FA0002749009A8C461C0062443100934091403E
:109FB000C4401A002143531E9A410B00C64013436C
:109FC0005A0709D00F221A40042A05D01A1D9A42B6
:109FD0009B415B42F61813008021300009040840C1
:109FE0000E4226D17407DB0802001C43F60819E76D
:109FF0001F2149428A1A3100D1400022202805D071
:10A000001048009A844662449640320013435A1E18
:10A01000934100260B43D3E780253C0003972D0393
:10A02000B0E7049A039235001C00ABE70026340029
:10A03000ABE7002601223400F4E6C046FF0700002B
:10A040001E0400003E040000F0B585B002920393A8
:10A05000CB0F0D030193039B4C006D0A410F1F03AF
:10A060002943DE0F5D00029B7F0A5B0F029A3B4390
:10A07000BD4F640DC0006D0DD200BD4203D11F0065
:10A08000B446174302D101277740BC46019E671BA7
:10A09000B44500D02DE1002F00DC7AE0002D3CD14A
:10A0A0001D0015431ED07D1E012F18D1821882423B
:10A0B0008041C9184042091810000B0200D401E188
:10A0C000A94B01379F4200D185E20122A74B0240F4
:10A0D000194043081343C80718434908F2E0A24E49
:10A0E000B74222D14A07CB089F49C00802438F429A
:10A0F00006D11100194300D170E2802109030B43FE
:10A1000010009B4A3F051B0317401B0B1F43019B7D
:10A11000DB071F43390005B0F0BD934DAC4200D1C1
:10A12000D8E180252D042B433D00382D2CDC1F2D3C
:10A1300019DC20261F00761BB740BC46170002968C
:10A14000EF4066463743029EEB40B2401600721E57
:10A1500096413E43361886428041591840420918BC
:10A1600027003000A9E72E001F00203EF740002600
:10A17000202D03D04036761BB3401E001643731EBD
:10A180009E413E430023E5E713431E00731E9E419C
:10A19000F8E7002F50D02F1B002C12D10C000443E5
:10A1A0000CD07C1E012F06D1801890429241C91814
:10A1B0005242891881E76C4EB7420AD1190010004B
:10A1C00090E7694CA54200D1FEE18024240421439C
:10A1D0003C00382C2BDC1F2C18DC20260F00361BF3
:10A1E000B740BC4607000296E74066463743029EEA
:10A1F000E140B0400600701E86413E43B0189042D8
:10A200009241C91852422F00891856E726000F00C4
:10A21000203EF7400026202C03D04036361BB140AC
:10A220000E000643711E8E413E430021E6E70143C6
:10A230000E00711E8E41F8E74E4D671C2F4233D140
:10A240000D000543002C14D1002D00D1B7E11C00F6
:10A25000144300D119E1821882428041C91840425A
:10A2600009180B0200D4ABE1404B10000127194044
:10A2700038E7002D00D1A7E11C00144300D129E1EB
:10A280004C07C00820438024C9082403214206D07B
:10A29000DD08254203D12900D0085B071843CA0016
:10A2A000410F1143C00015E12F4CA74200D192E1AC
:10A2B000821882428041CB1840421B18D8075208AE
:10A2C00010435908430709D00F230340042B05D03E
:10A2D000031D834280414042091818000B0200D43C
:10A2E00000E7214B01379F4200D174E11F4B194019
:10A2F000F8E6002F5FDD002D3ED11D00154300D193
:10A30000F0E67D1E012F0DD1821A90428041C91ABC
:10A310004042091A10000B02D4D549023C004D0AF4
:10A32000029003E1104EB74200D1DBE6382D3DDC50
:10A330001F2D2ADC20261F00761BB740BC461700C5
:10A340000296EF4066463743029EEB40B24016004D
:10A35000721E96413E43861BB0428041C91A40425C
:10A36000091A27003000D6E7FF070000FFFF7FFF34
:10A370000000F07FFE070000994DAC4200D1A9E03B
:10A3800080252D042B433D00D0E72E001F00203EEA
:10A39000F7400026202D03D04036761BB3401E0028
:10A3A0001643731E9E413E430023D4E713431E0011
:10A3B000731E9E41F8E7002F51D02F1B002C14D1A3
:10A3C0000C0004430ED07C1E012F08D1101A8242CB
:10A3D0009241591A5242891A634601939BE7804E73
:10A3E000B7420AD161460191E8E67D4CA54200D111
:10A3F000E8E08024240421433C00382C2ADC1F2C74
:10A4000017DC20260F00361BB74001963E000700E0
:10A41000E7403743019EE140B0400600701E864190
:10A420003E43901B82429241591A52422F00891A90
:10A43000D2E726000F00203EF7400026202C03D054
:10A440004036361BB1400E000643711E8E413E431E
:10A450000021E6E701430E00711E8E41F8E7614ED0
:10A46000651C35424FD11D000E0015430643002CDC
:10A4700028D1002E0FD1210020000194002D00D101
:10A4800030E6190010006346019303000B4300D12E
:10A490009DE0002716E7002DF7D0851AA842B641A7
:10A4A000CC1A7642A41B260206D5101A824292418B
:10A4B000591A5242891AE6E7280020435BD021004E
:10A4C0002800E2E7002E07D1002D7BD18021380043
:10A4D0000197C903424F05E6002DFBD04C07C00889
:10A4E00020438024C9082403214208D0DD082542E6
:10A4F00005D15B07D0081843634629000193CB00C0
:10A50000410F1943CEE6851A0295A842AD416D422E
:10A510002E00CD1AAD1B2E022AD5101A824292416E
:10A520005B1A52429D1A634602900193002D25D07A
:10A530002800F5F721FF0838070020230299029828
:10A54000DB1BBD40D940B8402943BC4233DC3F1B34
:10A550007A1C1F2A1EDC20230D009B1A0400984041
:10A560009D40D440431E98412543D14028438CE769
:10A5700002982843DAD101000190B3E50298F5F77B
:10A58000FBFE070018371F2FD7DD029908388140DE
:10A590002800DAE70C001F3FFC400023202A03D0EC
:10A5A00040339B1A99400B0003435A1E93412000ED
:10A5B0000021184369E70C4BE71B194082E619009C
:10A5C000100062E7614601911900100082E719004E
:10A5D00018001F0086E50021080083E50B008FE5C9
:10A5E000FF070000FE070000FFFF7FFF0B0070B5B4
:10A5F000114E0C0349000200240B0020490DDD0F11
:10A60000B14204DD0D48814202DD0D4BE81870BDFA
:10A610008020400320430B4C641A1F2C08DC0A4E98
:10A62000E240891988401043002DF0D04042EEE707
:10A63000064B5B1AD840F7E7FE0300001D0400003C
:10A64000FFFFFF7F33040000EDFBFFFF130400005A
:10A65000FE2270B54400240E4302611C5D0AC60F41
:10A6600011420DD0E0229200A4181B0B6D071B03B2
:10A670001B0B2405F6071C4334432800210070BD42
:10A68000002C18D12300002DF1D02800F5F774FE1E
:10A690000A280ADC0B232A001B1ADA4013000200E6
:10A6A00015329540094C241AE1E703000B3B9D400D
:10A6B0002B002500F6E7002D06D01A0B80231B0384
:10A6C0006D071343024CD2E72B00FBE78903000020
:10A6D000FF0700000A03F0B5520A4B00460F5B0D5E
:10A6E0001643304A5D1CCC0FC700154241D02E4A9C
:10A6F0009D18FE2D54DC002D32DC2A0017324BDB76
:10A700008021090431431E26761B1F2E16DC274AA2
:10A710009B183A009F409940781E8741F2400F43B2
:10A720003A430023510739D00F211140042935D075
:10A730000432510132D50133002228E00222080000
:10A740005242521BD04002000020202E03D0184855
:10A750001B18994008003843431E98410243E0E724
:10A760008201531E9A41F6007F0F32432B003A4379
:10A77000D8E73A003243002B03D1002A07D0012248
:10A78000D6E7FF23002A02D08022D2033243D80525
:10A790001043E4072043F0BD0023F0E7D208F6E7BA
:10A7A000FF23C9E7FE07000080FCFFFF82FCFFFFDC
:10A7B000A2FCFFFFF0B50F0087B006000490F80F71
:10A7C00003901803000B5C000290600D0190D80FFD
:10A7D000844618480D0349002D0B490D059281420E
:10A7E00007D12C00012034431FD1019C8C421CD185
:10A7F00002E0019C844204D1029802430120002A15
:10A8000013D1019B012099420FD1029B9D420CD193
:10A81000049B059A934208D1039B634507D0002906
:10A8200003D128003043431E984107B0F0BD0020FB
:10A83000FBE7C046FF070000F0B587B0009001912C
:10A8400000990198049101992C4F0903090B8C463A
:10A850000199C50F4900490D1C0358000391059249
:10A86000240B400DDE0FB94203D1674600990F4318
:10A8700035D12249884202D1270017432FD1002722
:10A880000399B94205D16146009F0F4339004F42F9
:10A890004F41002825D12243002F06D0002A2AD07C
:10A8A0000120002E27D1023825E0002A1BD10120EB
:10A8B000002D20D040421EE0039B8342F0DBA445E4
:10A8C000F5D808D1049B059A9342F0D8049B059AC9
:10A8D000002093420FD20120002D0CD1E3E702208B
:10A8E000E8E7002FDCD1AE42E1D1039B8342E3DDF8
:10A8F0000120002EDED107B0F0BDC046FF070000EA
:10A90000F0B587B0009001910099019804910199E8
:10A910002C4F0903090B8C460199C50F4900490DBD
:10A920001C03580003910592240B400DDE0FB94221
:10A9300003D1674600990F4335D12249884202D19D
:10A94000270017432FD100270399B94205D161464B
:10A95000009F0F4339004F424F41002825D1224329
:10A96000002F06D0002A2AD00120002E27D102383D
:10A9700025E0002A1BD10120002D20D040421EE0FE
:10A98000039B8342F0DBA445F5D808D1049B059ACC
:10A990009342F0D8049B059A002093420FD20120E5
:10A9A000002D0CD1E3E7022009E0002FDCD1AE42FC
:10A9B000E1D1039B8342E3DD0120002EDED107B00D
:10A9C000F0BDC046FF0700000EB48123F0B500269D
:10A9D0009CB021AD02AC9B0080CDA3811B96029060
:10A9E0000690F5F7F3FC0B4B03900B9301230790B4
:10A9F00009485B42E3813A002B00210000680F9672
:10AA00001496019500F0BEFB1CB0F0BC08BC03B06E
:10AA10001847C0461DAA0410882A0020002070474D
:10AA200070B50600140008001A009AB0002C05DA70
:10AA30008B230120336040421AB070BD82236946E7
:10AA400000259B008B81199500900490AC4200D0AA
:10AA5000651E01235B42CB8130001E9B8D604D61E2
:10AA600000F030FA431C01DA8B233360002CE3D072
:10AA70000022009B1A70DFE713B5044C009313000B
:10AA80000A0001002068FFF7CBFF16BD882A0020CE
:10AA900030B500240139A24201D1002005E0035D58
:10AAA00001340D5DAB42F6D0581B30BD10B5884265
:10AAB00002D98B18984208D300239A4207D0CC5C65
:10AAC000C4540133F9E78B5C8354013AFBD210BDC7
:10AAD00003008218934200D1704719700133F9E7DF
:10AAE000F0B50022040003270A4EA35CF05C384056
:10AAF000012800D12033885C355C3D40012D00D118
:10AB000020301D1A834203D101320028EDD1F0BD5F
:10AB10002800FCE79D3F0610C9B20378002B04D043
:10AB20008B4200D170470130F7E74B42594149420F
:10AB30000840F7E7030030B51D00002A06D00C7866
:10AB4000013A01332C700131002CF5D100219A1803
:10AB5000934200D130BD19700133F9E70300411869
:10AB60008B4202D01A78002A01D1181A704701339B
:10AB7000F6E770B50024CDB2C9B2A14206D12900D2
:10AB8000FFF7CAFF040006E01C00581C2900FFF76D
:10AB9000C3FF031EF8D1200070BD0A7830B5002A2B
:10ABA0000CD130BD9A4208D10123CC5C002CF8D0E6
:10ABB000C55CA54201D10133F7E701300378002BD2
:10ABC000F0D11800EDE70000014B18687047C0464F
:10ABD000882A00207047704710B500F00AF810BDB1
:10ABE00010B5FFF763FF10BD10B5002200F08EFF17
:10ABF00010BD002310B59A4200D110BDCC5CC454E6
:10AC00000133F8E770B505000C1E10D0043C236832
:10AC1000002B00DAE418280000F0E0F81D4A136861
:10AC2000002B05D163601460280000F0DFF870BDD0
:10AC3000A34208D9206821188B42F3D119685B68B8
:10AC400009182160EEE71A005B68002B01D0A342CF
:10AC5000F9D911685018A0420BD120680918501872
:10AC600011608342E0D118685B684118116053603D
:10AC7000DAE7A04202D90C232B60D5E7206821181F
:10AC80008B4203D119685B680918216063605460C6
:10AC9000CAE7C046B424002070B50F4E0D003168DD
:10ACA0000400002902D100F01FFF306029002000BD
:10ACB00000F01AFF431C03D101256D42280070BD2E
:10ACC0000323C51C9D43A842F8D0291A200000F098
:10ACD0000BFF0130F2D1EFE7B0240020F7B50322DB
:10ACE000CB1C9343083305001F000C2B34D20C27D8
:10ACF000B94233D8280000F071F8374E33681C0091
:10AD0000002C2FD139002800FFF7C6FF0400431C98
:10AD10005FD134680094009B002B4AD1002C52D0A4
:10AD200023682800E3180099019300F0DDFE019BE1
:10AD3000834248D123682800FF1A3900FFF7ACFF8F
:10AD4000013040D02368DB19236033685A68002A39
:10AD500033D1009B336019E0002BC9DA0C232B6040
:10AD60000020FEBD2168C91B20D40B290AD9E21995
:10AD70002760A34204D1326063681160536005E02C
:10AD80005A60F9E76268A3420ED13260280000F0F1
:10AD90002DF8200007220B30231D9043C21A984241
:10ADA000DFD01B1AA350DCE75A60EFE7230064688A
:10ADB000A6E7009C63680093ADE71A005B68A342B6
:10ADC000FBD10023DAE70C2328002B6000F00EF8FB
:10ADD000C6E70760DAE7C046B424002010B5024891
:10ADE000FFF7F8FE10BDC046AC24002010B50248A5
:10ADF000FFF7F1FE10BDC046AC240020F0B58E6810
:10AE000085B01F000C00330002900392BE4254D85C
:10AE10000C22885E9022D20010422CD003220969B5
:10AE200023685B1A019363695343019ADD0FED18A0
:10AE30007B1C6D109B182A00AB4201D91D001A0023
:10AE4000400527D511000298FFF748FF061E2AD0BB
:10AE5000019A2169FFF7CDFEA289194B1A40802380
:10AE60001343A381019B2661F618266065613E00AD
:10AE7000ED1A3B00A5601F003A0003992068FFF718
:10AE800015FE0020A3689B1BA3602368DB192360C9
:10AE900005B0F0BD029800F04BFE061EE2D121691C
:10AEA0000298FFF7AFFE0C230120029A4042136084
:10AEB000A28934331343A381EAE73E00DCE7C046AE
:10AEC0007FFBFFFFF0B59FB002901C008B890E0046
:10AED00015001B0611D50B69002B0ED14021FFF781
:10AEE000FDFE30603061002805D10C23029A13600A
:10AEF00001204042D4E0402373610023292102AAAB
:10AF000052180B9320331370013102AA10335218D8
:10AF1000137005942C002378002B01D0252B48D1E9
:10AF2000671BAC420BD03B002A0031000298FFF7B0
:10AF300065FF013000D1AEE00B9BDB190B9323784A
:10AF4000002B00D1A7E00122532100235242079297
:10AF500002AA5218651C06930993089313701C9358
:10AF6000554F29780522380000F0D7FD6C1C069952
:10AF700006AB00281FD1CA0604D55327202202A8F9
:10AF8000C01902700A0704D553272B2202A8C01942
:10AF900002702A782A2A15D02C0000200A27DA68A5
:10AFA0002178651C3039092950D9002811D009921F
:10AFB0000FE00134AFE70123C01B83400B432500A2
:10AFC0000693CDE7059A101D12680590002A37DB1D
:10AFD000DA6022782E2A0CD162782A2A3BD1059A8F
:10AFE0000234111D12680591002A01DA0122524231
:10AFF0005A60324D03222800217800F08EFD06AF02
:10B00000002806D04023401B8340069A0134134396
:10B010000693217806222A48651C397600F07DFDCA
:10B0200000283FD0274B002B29D10722059B07334F
:10B030009343083305930B9B03995B180B9369E7C4
:10B040005242DA6002220A430692C2E77A432C0097
:10B0500001205218A4E700220A205A6011001300B0
:10B0600001342278651C303A092A03D9002BC0D05C
:10B070000791BEE741432C0001238918F1E705AA97
:10B08000009239003200104B029800E000BF03909C
:10B09000039B0133CFD1B3890B985B0600D527E71B
:10B0A0001FB0F0BD05AA009239003200064B02988D
:10B0B00000F03AFAEBE7C0469D400610A3400610A8
:10B0C000A740061000000000FDAD041070B514008C
:10B0D0004B1C03D101256D42280070BD93892022AD
:10B0E0009343626BA381CEB26368CDB2002A10D0C5
:10B0F000A26B9A4207DD2368013B23601E706368E0
:10B1000001336360E8E7210000F0B0FC0028F2D0D2
:10B11000E0E721692268002907D0914205D2511E3B
:10B120000878A84201D12160EAE723642300443370
:10B1300063630323A36323004633E2631E7023602B
:10B140000123DEE710B50C00496B00290ED0230067
:10B150004433994201D0FFF755FD0020236C606312
:10B160006360834202D0E36B236010BD236901203A
:10B1700023600023A289636020331343A3814042EC
:10B18000F3E70000F0B5AA4C0D000021A5440190A2
:10B19000BE204891499105A94A91A64945AC400075
:10B1A0002150A54904302150049313780293002BB9
:10B1B00000D13BE1A14E0820F15C0823571C0B4055
:10B1C00001421CD06B68002B10DD08212B681A7817
:10B1D000B25C0A4201D13A00E7E722690133013249
:10B1E00022616A682B60013A6A60EBE7C0235B006A
:10B1F0002900E358019898470028E6D0EBE7029928
:10B20000252962D1A360236053782A2B02D11A3BEF
:10B210002360971C3E000A223178771C0B00303BDC
:10B22000092B1FD9864B03221800039300F075FCED
:10B23000002807D0039B3E00C01A012383402268E8
:10B24000134323603378771C782B06D8572B10D8FC
:10B25000252B3AD034D8002B55D00323A3610733D4
:10B26000636077E0A3683E005343303B5B18A36004
:10B27000D2E7180058382028EFD8F5F7AFF84B0080
:10B28000EEFFEEFF6000EEFFEEFFEEFFEEFFEEFFE3
:10B29000EEFFEEFF89005E00240024002400EEFF94
:10B2A0005500EEFFEEFFEEFFEEFF91005900470064
:10B2B000EEFFEEFF8F00EEFF5E00EEFFEEFF4B00B5
:10B2C000453B022BC9D8052335E06B68002B0EDD0A
:10B2D0002B6802991A788A4200D0A7E001336A6885
:10B2E0002B602369013A01336A60236173E7C0234D
:10B2F0005B002900E358019898470028E8D0489857
:10B30000002800D08AE0012040428BE02022216802
:10B310000A4322608022216892000A4322601022A0
:10B3200046926E2B06D801E000234693032302E0E9
:10B330000823469304234B930CE00A22F0E73900DC
:10B3400005A800F059FB402322680700134323603F
:10B350000123A3616B68002B31DD23685B0608D4F1
:10B36000C02676002B6835491A788A5C08210A4283
:10B370002ED14B9B022B3DDC2A002100019804AB0F
:10B3800000F0DEF9012851D0022800D023E7B6E70B
:10B3900040232268134323600023DAE70223CAE72D
:10B3A0002268D30600D516E7049B2169181D049076
:10B3B0001B68D60701D519800DE719600BE7C0237C
:10B3C0005B002900E358019898470028C5D096E70C
:10B3D0002269013222616A68013A6A60002A02DD4C
:10B3E00001332B60BEE72900A35901989847002834
:10B3F000B8D084E7042B06DC2A002100019804ABB6
:10B4000000F0FEF9BEE70F4B002B00D1E3E62A0067
:10B410002100019804AB00E000BFB3E7AB895B06F5
:10B4200000D570E7A7239B009D44F0BD4898F9E73D
:10B4300064FDFFFFCDB0041045B104109D3F061020
:10B44000A340061000000000F7B5160001938A68BB
:10B450000B690C000090934200DA13002200336065
:10B4600043321278002A01D00133336023689B06EF
:10B4700002D53368023333602268062315001D406D
:10B480001A4227D0230043331B785A1E9341226867
:10B49000920630D4220001990098089D4332A847B3
:10B4A000013025D00622236800251340042B05D146
:10B4B0003368E568ED1AEB43DB171D40A36822698A
:10B4C000934201DD9B1AED180026B54220D10020E1
:10B4D00010E00135E36832689B1AAB42D2DD2200EE
:10B4E000012301990098089F1932B8470130F0D123
:10B4F00001204042FEBD3020E11843310870210098
:10B500005A1C45310978A218433202331170C1E741
:10B510002200012301990098089F1A32B847013090
:10B52000E6D00136D1E70000F0B58BB006920A00F4
:10B5300043320793059003920A7E0C00109B782AF1
:10B5400009D8622A0BD8002A00D1BAE07A490491BE
:10B55000582A00D18EE0250042352A7022E01000E2
:10B5600063381528F7D8F4F739FF16001F00F6FFE7
:10B57000F6FFF6FFF6FF1F00F6FFF6FFF6FFF6FFF9
:10B580009F0036007E00F6FFF6FFB000F6FF3600A3
:10B59000F6FFF6FF820025001A684235111D19607A
:10B5A00013682B7001239EE018680968021D0D06C0
:10B5B0000BD506681A60002E03DA2D23039A764213
:10B5C00013705D4B0A27049318E006681A60490659
:10B5D000F1D536B2EFE70868196840C9050602D40C
:10B5E000400600D5B6B21960534B0A2704936F2A60
:10B5F00000D1023F2300002243331A706368A36026
:10B60000002B06DB04212268039D8A43226033431A
:10B610000CD0039D30003900F4F7DEFD049B013DA2
:10B620005B5C2B70330006009F42F3D9082F09D1D1
:10B630002368DB0706D5626823699A4202DC30235F
:10B64000013D2B70039B5B1B2361079B2100009333
:10B650000598069B09AAFFF7F7FE013048D10120A3
:10B6600040420BB0F0BD202209680A4322607822D4
:10B6700032490491210045310A701968226840C995
:10B68000100602D4500600D5B6B21960D30702D511
:10B69000202313432360002E01D01027AAE7202285
:10B6A000236893432360F8E71A680D68101D496901
:10B6B000186013682E0601D5196002E06D06FBD5EF
:10B6C00019800023039D2361BFE71A68111D1960CB
:10B6D000156800212800626800F01FFA002801D0D8
:10B6E000401B6060636823610023039A1370ACE71A
:10B6F0002A00236906990598079DA8470130AED016
:10B7000023689B0715D4099BE0689842A9DA1800C2
:10B71000A7E72200012306990598079E1932B04732
:10B7200001309CD00135E368099A9B1AAB42F0DCEA
:10B73000E9E70025F7E7C046AE400610BF40061017
:10B74000F7B515008A680C000190002A04D18A69B7
:10B75000002A17D10132A2602268D20603D41A68E7
:10B76000111D196017680026A069002816D001284D
:10B770000BD12B6862691B78D35C002B0ED1002E95
:10B780003BD029E001225242E5E7022824D12B6870
:10B790001A4A1B78D35C082213421DD11022236859
:10B7A0000136134203D12B681B783B7001372A689E
:10B7B0006B6801322A60A268013B013A6B60A260AB
:10B7C000002A09D0002BCFDCC0235B002900E358FE
:10B7D000019898470028C7D022681023110019400B
:10B7E0001A4206D1E3680133E360A369002B00D05D
:10B7F0003970002023699B192361FEBD9D3F06100F
:10B80000F0B58BB00193764B1600049007AAA1CB3C
:10B81000A1C2744A8B690C000592032B01D1724BB3
:10B820000593AE220020A3685200591E0390914256
:10B8300005D95E3BFF3B03935E23FF33A3602300E8
:10B840001C330093D023002722681B01134323607D
:10B85000009B0293336807A81978BB00022218588E
:10B8600000F05BF9002829D0012F5DD16368002B1F
:10B8700006D1083322686360F933FF331343236032
:10B8800023685A4A13402360A3685A1EA260002B03
:10B8900014D033685A1C32601B78029A1370736894
:10B8A000551C013B7360002B07DCC0235B0031009B
:10B8B000E3580498984700287DD102950137032F5B
:10B8C000C8D16368002B01D10A336360002748495F
:10B8D0006069C91A00F090F8029DA368206802937D
:10B8E000002B3FD0316863690A789B5C002B39D00C
:10B8F000302A28D180231B01184224D0039B013712
:10B90000002B05D01A00029B013A01330392A36079
:10B910007368013B7360002B1CDD336801333360B7
:10B92000A368013BA360D8E7022FADD1C0238021DB
:10B930002268DB00134089008B42C2D11023636070
:10B94000F03313439FE72B4B034023600B782B709E
:10B950000135DDE7C0235B003100E35804989847C8
:10B960000028DDD02368DB050ED5009B9D4207D95A
:10B97000BE23013D5B0032002978E35804989847C4
:10B98000009B01209D4228D0216810230A001A4004
:10B9900019421BD12A70636800990498059EB0472C
:10B9A000019B21681B681A1D8E0606D501990A6045
:10B9B0001B68186007E00027D4E7CE07F6D5019989
:10B9C0000A601B681880E3680133E3600020009B75
:10B9D000ED1A2369ED195B1923610BB0F0BDC04668
:10B9E000841D0610ADBD0410A5BC0410FFFAFFFFB6
:10B9F000E0400610FFF6FFFF70B50B7804005E2BE9
:10BA000019D04D1C00212200601CFF301170013242
:10BA10008242FBD1681E002B26D001264E40280012
:10BA2000E6540178451C2D2909D05D291BD0002939
:10BA30001AD00B00F3E74B788D1C0121E3E7427825
:10BA40005D2AF6D09342F4DC1900023001316654CD
:10BA50008A42FBDC934203DB00220133D318E0E788
:10BA6000D21A013AF9E7280070BD00000B00F7B5C3
:10BA70004D6B44330C009D421CD18026F6003100F2
:10BA8000FFF72CF9002802D101204042FEBD23001F
:10BA90006063A66346331A78104BC25423004533C3
:10BAA0001A780F4BC2542A780E4BC254C01820602B
:10BAB0000020EBE78E6B290073001A00019300F061
:10BAC00037F8051EE0D08719010032003800FFF773
:10BAD00090F8019B27606563A363E9E7FF0300001B
:10BAE000FE030000FD030000002370B5064D0400B6
:10BAF00008002B60F7F702FC431C03D12B68002BD6
:10BB000000D0236070BDC046A82400200B0010B5F3
:10BB100011001A00FEF7DCFF10BDC9B28218904276
:10BB200001D10020704703788B42FBD00130F6E74B
:10BB3000F7B506000C001500002905D11100FFF72C
:10BB4000CDF804002000FEBD002A03D1FFF75AF80B
:10BB50002C00F7E700F02EF90700854202D84308D1
:10BB6000AB42EFD329003000FFF7B8F8019000286E
:10BB700001D1019CE6E72A00BD4200D93A0021002C
:10BB80000198FFF736F821003000FFF73BF8F0E7A7
:10BB9000F0B585B017001E0003900191242B23D827
:10BBA0000C00012B20D03D4B08229C46230061460F
:10BBB0001D780134485D010011401042F6D12D2D51
:10BBC00019D125789C1C0123009310223300934344
:10BBD0001DD1302D15D1202123788B43582B10D126
:10BBE00065780234102612E0FEF7EEFF162303609C
:10BBF000002005B0F0BD00912B2DE6D125789C1CCE
:10BC0000E3E7002EEED10A36302D00D1023E244A61
:10BC1000009B94466344310018000293F4F7DCFA69
:10BC20000022844610002B00303B092B11D81D0048
:10BC3000AE421DDD531C09D001225242844505D37A
:10BC400001D1A94211DB0122704328182578013463
:10BC5000E9E72B00413B192B01D8373DE8E72B00E2
:10BC6000613B192B04D8573DE2E701225242EDE730
:10BC7000531C08D12223039A02981360002FB8D0D6
:10BC8000631E019307E0009B002B00D04042002F71
:10BC9000AFD0002AF4D1019B3B60AAE79D3F06107C
:10BCA000FFFFFF7F10B5FFF773FF10BDF0B51E005B
:10BCB0003D4B17000C009C46082285B00390009174
:10BCC000230061461D780134485D01001140104297
:10BCD000F6D12D2D12D125789C1C01230293102220
:10BCE0003300934316D1302D0ED1202123788B437E
:10BCF000582B09D16578023410260BE002912B2DC8
:10BD0000EDD125789C1CEAE7002EF5D10A36302DBE
:10BD100000D1023E012031004042F4F721FA0190A7
:10BD2000012031004042F4F757FA002318002A009E
:10BD3000303A092A12D81500AE421EDD5A1C0AD02C
:10BD40000123019A5B42824205D301D1A94211DB52
:10BD500001237043281825780134E8E72A00413A86
:10BD6000192A01D8373DE7E72A00613A192A04D891
:10BD7000573DE1E701235B42EDE75A1C07D1222240
:10BD8000039918000A60002F09D105B0F0BD029A8E
:10BD9000002A00D04042002FF7D0002B01D0631EB4
:10BDA0000093009B3B60F0E79D3F061010B5FFF746
:10BDB0007DFF10BD0B1F1B68181F002B01DA0B58ED
:10BDC000C018704770B5041C00F048FA211C051C0F
:10BDD000201CFDF711F9002810D1201C00F076F886
:10BDE000FE218905F4F72AFA002807D0FEF7ECFEB9
:10BDF00021230360024800F0EDF8051C281C70BDEB
:10BE0000BC1D061070B5041C00F08AFB051C201C2C
:10BE100000F0D8F800280BD00D49201CF4F70EFADA
:10BE2000002807D10B49201CF4F7F4F9002808D1A9
:10BE3000281C70BDFEF7C8FEFF252223ED05036018
:10BE4000F6E7FEF7C1FE222300250360F0E7C046B7
:10BE50001772B142B5F1CFC210B51B4A430082B090
:10BE60005B08934218D9FF22D205934204D3011CE8
:10BE7000FCF740FF02B010BD694600F075FC0323DB
:10BE8000019903400098012B11D0022B08D0002B00
:10BE900015D100F0A3F8EDE7002100F09FF8E9E7E5
:10BEA00000F09CF880231B069C466044E2E70122D8
:10BEB00000F05CF980231B069C466044DAE701220F
:10BEC00000F054F9D6E7C046D80F493F400040087B
:10BED0007047C046F8B506000F0014001D0000F0C2
:10BEE0003DF8002802D129002000F8BD20002900DB
:10BEF00000F034F8002807D022002B003000390071
:10BF0000F4F726FA002802D034003D00EBE72600C3
:10BF10002F0034003D00E6E7F8B506000F001400DE
:10BF20001D0000F01BF8002802D129002000F8BDF8
:10BF30002000290000F012F8002807D022002B0072
:10BF400030003900F4F7F0F9002802D034003D0049
:10BF5000EBE726002F0034003D00E6E70B00010070
:10BF600030B5020083B019431ED0802109068B42F0
:10BF700016D01148590049080D181048854215D9A6
:10BF8000802503206D03AB4208D3802424061C19AE
:10BF9000AC4203D30A4C0020A14209D003B030BD0B
:10BFA000431E98410230F9E70220F7E70420F5E745
:10BFB00050425041F2E7C0460000F0FFFFFFDF7F34
:10BFC0000000F07FFF234000DB05400898428041DD
:10BFD00040427047004870470000C07FF8B54746B0
:10BFE000CE46C823460080B5051C0F1C76089B056D
:10BFF0009E4248D2FDF714F8002800D19FE0291C8A
:10C00000281CFCF77FFD4F49041CFCF77BFD4E49C3
:10C01000FCF778FA211CFCF775FD4C49FCF76AFE29
:10C02000211CFCF76FFD4A49FCF76CFA211CFCF758
:10C0300069FD4849FCF75EFE211CFCF763FD46499B
:10C04000FCF760FA211CFCF75DFD8046FC21201CFA
:10C050008905FCF757FD4146061C201CFCF752FDE4
:10C06000391C041C281CFCF74DFD011C201CFCF78E
:10C0700041FE011C301CFCF73DFE011CFE2080052A
:10C08000FCF738FE53E0011CFCF73CFD2D49041C75
:10C09000FCF738FD2C49FCF735FA211CFCF732FD82
:10C0A0002A49FCF727FE211CFCF72CFD2849FCF748
:10C0B00029FA211CFCF726FD2649FCF71BFE211C52
:10C0C000FCF720FD2449FCF71DFA211CFCF71AFDA2
:10C0D000224B80469E42B9D9214B9E422BD8FF234A
:10C0E0001B069C46FE206644311C8005FCF702FEC0
:10C0F0008146FC21201C8905FCF704FD311CFCF75E
:10C10000F9FD4146061C201CFCF7FCFC391C041CF4
:10C11000281CFCF7F7FC011C201CFCF7EBFD011CA4
:10C12000301CFCF7E7FD011C4846FCF7E3FDC0BCF2
:10C13000B946B046F8BD0B4B0B4E9946D9E7FE20E9
:10C140008005F4E74ED747ADF6740F317CF2933497
:10C15000010DD037610BB63AABAA2A3D9999993EA9
:10C160000000483F0000383F0000903EF8B54746C9
:10C17000CE4680B51700C8224300041C0E1C5B0885
:10C180009205934205D2FCF74BFF0300201C002BC5
:10C1900032D0211C201CFCF7B5FC051C011C201C06
:10C1A000FCF7B0FC27498046281CFCF7ABFC26496D
:10C1B000FCF7A0FD291CFCF7A5FC2449FCF7A2F91B
:10C1C000291CFCF79FFC2249FCF794FD291CFCF775
:10C1D00099FC2049FCF796F98146002F10D1011CEB
:10C1E000281CFCF78FFC1C49FCF784FD4146FCF73A
:10C1F00089FC211CFCF786F9C0BCB946B046F8BDE5
:10C20000FC21301C8905FCF77DFC4946071C404693
:10C21000FCF778FC011C381CFCF76CFD291CFCF7B2
:10C2200071FC311CFCF766FD0B49051C4046FCF710
:10C2300069FC011C281CFCF765F9011C201CFCF79B
:10C2400059FDD9E7D3C92E2F342FD7321BEF3836FB
:10C25000010D50398988083CABAA2A3EFE22F8B568
:10C2600043000100041C5B089205934211D00AD8D8
:10C27000FC229205934211D28C229205934200D95E
:10C280007EE0984804E0FCF735FD011CFCF7B6FAA7
:10C29000F8BD0020002CFBDC9348F9E7002800DA09
:10C2A000C1E0FE208005FCF725FDFC218905FCF797
:10C2B00029FC041C00F0F6FB8C49061C050B201C15
:10C2C000FCF720FC8A49FCF71DF9211CFCF71AFC3D
:10C2D0008849FCF70FFD211CFCF714FC8649FCF78C
:10C2E00011F9211CFCF70EFC8449FCF703FD211C0D
:10C2F000FCF708FC8249FCF705F9211CFCF702FC5D
:10C300008049071C201CFCF7FDFB7F49FCF7F2FC71
:10C31000211CFCF7F7FB7D49FCF7F4F8211CFCF726
:10C32000F1FB7B49FCF7E6FC211CFCF7EBFBFE2153
:10C330008905FCF7E7F8011C381CFCF75FFA311C93
:10C34000FCF7E0FB2D03071C291C281CFCF7DAFB7B
:10C35000011C201CFCF7CEFC291C041C301CFCF723
:10C36000D1F8011C201CFCF749FA011C381CFCF711
:10C37000C9F8291CFCF7C6F8011CFCF7C3F887E7CD
:10C38000FCF7C0FB5949051CFCF7BCFB5849FCF7FE
:10C39000B9F8291CFCF7B6FB5649FCF7ABFC291C85
:10C3A000FCF7B0FB5449FCF7ADF8291CFCF7AAFBDD
:10C3B0005249FCF79FFC291CFCF7A4FB5049FCF7F1
:10C3C000A1F8291CFCF79EFB4E49061C281CFCF713
:10C3D00099FB4D49FCF78EFC291CFCF793FB4B495C
:10C3E000FCF790F8291CFCF78DFB4949FCF782FC0F
:10C3F000291CFCF787FBFE218905FCF783F8011C4B
:10C40000301CFCF7FBF9211CFCF77CFB011C4148AC
:10C41000FCF770FC011C201CFCF76CFC011C3E4866
:10C42000FCF768FC34E7FE218905FCF76BF8FC217A
:10C430008905FCF767FB2D49041CFCF763FB2C49BD
:10C44000FCF760F8211CFCF75DFB2A49FCF752FC65
:10C45000211CFCF757FB2849FCF754F8211CFCF77A
:10C4600051FB2649FCF746FC211CFCF74BFB2449F9
:10C47000FCF748F8211CFCF745FB2249051C201C51
:10C48000FCF740FB2049FCF735FC211CFCF73AFB8C
:10C490001E49FCF737F8211CFCF734FB1C49FCF75C
:10C4A00029FC211CFCF72EFBFE218905FCF72AF84C
:10C4B000061C201C00F0F6FA311C041C281CFCF79A
:10C4C0009DF9211CFCF71EFB1249FCF713FC211CF3
:10C4D000FCF718F8011CFCF715F8011C0F48FCF7D5
:10C4E00009FCD5E6DB0FC93FDB0F494008EF1138E7
:10C4F000047F4F3A4611243DA80A4E3E90B0A63E16
:10C50000ABAA2A3E2EC69D3D6133303F2D570140D8
:10C5100039D119406821A233DA0FC93FDA0F4940F7
:10C52000F0B5FF22D6464F46464643000100C0B54F
:10C53000041C5B08D20593426AD8C60F934200D10F
:10C54000C3E0794A904200DDB3E0002800DAB4E0AD
:10C55000764A934263D9764A934200D9C1E0754B3B
:10C56000B500E958201CFCF7C5FB734B071CEB58C2
:10C57000012598467540AD1B4146381CFCF7BAFBB7
:10C58000011C041CFCF7BEFA6C49061CFCF7BAFA45
:10C590006B49FCF7AFFB311CFCF7B4FA6949FBF7B8
:10C5A000B1FF311CFCF7AEFA6749FCF7A3FB311C65
:10C5B000FCF7A8FA6549FBF7A5FF311CFCF7A2FAC6
:10C5C000011C201CFCF796FB011C8246061C201C4B
:10C5D000FCF798FA8146002D54D08020311CC0050C
:10C5E000FCF788FB011C4846FCF708F9011C404693
:10C5F000FCF780FB391CFCF77DFB011CFE2080054D
:10C60000FCF778FB2B007D3363DBED05281801E098
:10C61000FBF778FFE0BCBA46B146A846F0BDD02291
:10C620009205934209D24A49201CFBF76BFFFE2179
:10C630008905F3F703FE002870D1211C201CFCF7AC
:10C6400061FA3E49051CFCF75DFA3D49FCF752FBD7
:10C65000291CFCF757FA3B49FBF754FF291CFCF750
:10C6600051FA3949FCF746FB291CFCF74BFA3749CC
:10C67000FBF748FF291CFCF745FA011C201CFCF7BE
:10C6800039FB82465146201CFCF73CFA8021051CF0
:10C69000C9055046FCF72EFB011C281CFCF7AEF820
:10C6A000211CFCF727FB011CFE208005FCF722FB68
:10C6B000B0E7002000F0F0F9ACE7264A934200D83A
:10C6C00046E7002000F0E2F9A4E7002EA2D0002007
:10C6D000A0E7D8216435ED0528180905FCF712FA02
:10C6E00098E71D49201CFCF70DFA1C4BB600F158C9
:10C6F000FBF708FFFCF794FC0500FCF7AFFC1849BA
:10C70000061CFCF7FFF9011C201CFCF7F3FA154985
:10C71000071C301CFCF7F6F980462DE7FE21201C93
:10C720008905FBF7EFFE75E71772B1421872B13E4B
:10C730009115853FF4400610EC4006104CBB313398
:10C740000EEADD3555B38A38610B363BABAA2A3E7B
:10C75000CAF24971B5F1CF423BAAB83FFC4006107E
:10C760008071313FD1F71737F0B545464E46DE466A
:10C770005746E0B5AB4B45000E00804689B0041C1F
:10C780006D089D4200D874E0A74B9D4222D8A74D6A
:10C79000A7490540002800DC1DE1FCF7ABFAA54BDA
:10C7A000041C9D4200D170E0A349FCF7A3FA011CD0
:10C7B000051C201CFCF79EFA9F49FCF79BFA0127F9
:10C7C00035607060380009B0F0BCBB46B246A9467F
:10C7D000A046F0BD994B9D4267D9FF23DB059D42E2
:10C7E0004CD2EC15863CE705EF1B381CFCF718FC17
:10C7F000FCF734FC011C0590381CFCF77BFA872100
:10C80000C905FCF77FF98146FCF70AFCFCF726FC1A
:10C81000011C0690071C4846FCF76CFA8721C905E5
:10C82000FCF770F90021079005ADF3F7EDFC002847
:10C8300000D1CEE00021381CF3F7E6FC434243412F
:10C8400001337F4A31000192022228000092220027
:10C8500000F09EF943460700002BB3DA802212064F
:10C86000944633684742634433607368634473603B
:10C87000A8E70023002708604B60A3E7011CFCF732
:10C8800039FA0027706030609CE76E49FCF732FA95
:10C890006D49041CFCF72EFA011C051C201CFCF73A
:10C8A00029FA6949FCF726FA89E7FFF70FFB674980
:10C8B0008146FCF727F9FC218905FBF723FEFCF7ED
:10C8C000AFFB0700FCF7CAFB59498346FCF71AF98E
:10C8D000011C4846FCF70EFA574982465846FCF7B9
:10C8E00011F9011C02905046FCF704FA81461F2FF3
:10C8F00020DC574A791E8900564B8A5823409342C0
:10C9000018D04B46494633605046FCF7F3F902997C
:10C91000FCF7F0F943467060002B00DB52E7802300
:10C920001B064B44336080231B069C4660447060AA
:10C930007F4247E74B46FF24DB0DED152340EB1A02
:10C94000082BDEDD3F495846FCF7DCF88146011C28
:10C950005046FCF7CFF9011C03905046FCF7CAF98A
:10C960004946FCF7C7F9814637495846FCF7CAF8EB
:10C970004946FCF7BFF9039B0290011C181C9A461C
:10C98000FCF7B8F9C30D1C4081462D1B192DB8DDED
:10C9900031495846FCF7B6F8039D041C011C281CBD
:10C9A000FCF7A8F9011C8246281CFCF7A3F9211CFE
:10C9B000FCF7A0F92949041C5846FCF7A3F8211CF0
:10C9C000FCF798F9011C02905046FCF793F9814658
:10C9D00097E7032335E7FBF795FD164B071C9D42B0
:10C9E0000FD01549FBF78EFD011C041C381CFCF709
:10C9F00081F91149FBF786FD0127346070607F42A1
:10CA0000E0E61049FBF77EFD0F49051CFBF77AFDB8
:10CA1000011C041C281CFCF76DF90B49FBF772FD87
:10CA2000EAE7C046D80F493FE3CB1640F0FFFF7F4F
:10CA3000800FC93FD00FC93F43443537800F49436A
:10CA4000844106100044353708A3852E84F9223F1F
:10CA50000441061000FFFF7F00A3852E32318D2494
:10CA600070B50D00041CFEF7AFF80560201C70BD0A
:10CA700010B50B1C002802D080231B06CB18181CF5
:10CA8000FCF740F82221FFF7EBFF10BD802110B525
:10CA90004905FFF7EDFF10BDE02110B5C905FFF70F
:10CAA000E7FF10BDF0B5FF21C6464300020000B508
:10CAB000041C5B08C9058B4251D2002B4CD00028C6
:10CAC00056DBC315014208D180210023090452001E
:10CAD0001C0001330A42FAD0634280241E00520235
:10CAE000520A24047F3E1443DB073FD580221921DC
:10CAF00000270025761064005204A8182300A042E5
:10CB000002DC8518231ABF1801395C00520800297D
:10CB1000F3D1002B19D01C4C1C4D206829682368C8
:10CB20009846FCF7E7F8011C4046F3F77DFB002828
:10CB30000BD020682968FBF7E5FC2468011C201C49
:10CB4000F3F768FB00281AD00237FC239B059C46AC
:10CB50007F106744F005C01980BCB846F0BD011CC9
:10CB6000FBF7D0FF211CFBF7CDFCF5E76400BDE728
:10CB7000011CFCF7BFF8011CFBF740FEECE70123AA
:10CB800001379F43E1E7C046A04406109C440610CD
:10CB9000F0B5DE4657464E464546E0B5DFB0039059
:10CBA00018000B9168990893D94B14000D928A00D4
:10CBB000D1580300013B8B4622000293231D00DA6B
:10CBC000C8E20723033AD1170B409B18DB100693EA
:10CBD0000133DB000C930C9A0D9B9B1A0493069A6D
:10CBE000029BD41A5A46D6180ED40136699F22AD3C
:10CBF00036190020002C03DBA300F858FCF72EFAAE
:10CC0000013401C5B442F4D15B464AAD002B1ADBB6
:10CC1000029B22A9884699469F00089BB8445B4422
:10CC20000593039B00219C462A0040464B4604374F
:10CC30006744029C002C00DBC4E1059C013302C266
:10CC40000430A342F5D15B460DAA9B00D2180A928C
:10CC50000EAA9446699A083B63449446089A09933D
:10CC6000069B9600039A9B00634494465A46DA4614
:10CC70009B466644059206955346069A9B00D458F7
:10CC800001935346002B26DDA24BB14653449B0033
:10CC9000D7180EAB90461E00EE21201C8905FBF72D
:10CCA00031FFFCF7BDF9FCF7D9F98721C905051C4F
:10CCB000FBF728FF011C201CFCF71CF8FCF7B0F95F
:10CCC000396801C6281CFBF71DFC3B00041C043F0F
:10CCD0009845E1D14E46049F201C390000F028FB06
:10CCE000F8218905051CFBF70DFF00F083FB82216D
:10CCF000C905FBF707FF011C281CFBF7FBFF051C00
:10CD0000FCF78EF98146FCF7A9F9011C281CFBF7FA
:10CD1000F1FF8046002F78DD53465A1E92000EAB7D
:10CD2000985808210300C91B0B4199448B400EA958
:10CD3000C31A8B5007211800C91B0841079000280F
:10CD400000DDCEE000214046F3F75EFA00286FD008
:10CD5000059B9A450FDD0EAA944600226D4B0A985A
:10CD600053449B0063441968043B0A438342FAD14D
:10CD7000002A00D049E1012353449846059B0EAA9E
:10CD8000013B9B00D358002B00D019E10122099BE5
:10CD90001968043B01320029FAD0524491460699A1
:10CDA000089B8C4653449B0022ADEA18019B6344C8
:10CDB0009A464346904601935A46019B9B00D058A1
:10CDC000FCF74CF943461860029B002B1BDB4546E1
:10CDD0000027039C296801CCFBF794FE011C381C3A
:10CDE000FBF790FB043D071CB442F3D104225346E9
:10CDF00094465F60019BE04401330193E2444B455C
:10CE0000DADDCA4638E70027F0E7049B002B00D1A3
:10CE1000BBE0FC218905F3F71BFA002800D09EE156
:10CE20000023002140460793F3F7EEF900288FD145
:10CE30004B460893059B0D9A9B460C9B4046991ABE
:10CE4000069D00F075FA8721C9055746041CF3F7C3
:10CE5000FFF9002800D11BE2EE21201C8905FBF719
:10CE600051FEFCF7DDF8FCF7F9F88721C905061C2F
:10CE7000FBF748FE011C201CFBF73CFFFCF7D0F839
:10CE8000019A0EAB9850049B3C000833301C04936D
:10CE9000FCF7C6F80134A7000EABD851FE20049968
:10CEA000800500F045FA002C00DBD4E0689B022BE3
:10CEB00000DD23E2002B00DD28E2689B0020002B30
:10CEC00005D1079B002B00D0F7E10B9B18600720D2
:10CED000089B18405FB0F0BCBB46B246A946A046CE
:10CEE000F0BD01218C465146E144002900DCF4E10B
:10CEF0000EAB1800002152460E9D002D3ED09246EA
:10CF000080225200521B02605446FF2007E0C046B8
:10CF1000D0440610FFFFFF3F1A68821A1A600131E1
:10CF200004338C42F8DCA2460125049B002B0DDD66
:10CF3000012B00D104E1022B08D15346013B9B0099
:10CF40000EAAD1583F220A400EA9CA50079B022BB5
:10CF500000D0F7E6FE2041468005FBF7CBFE804679
:10CF6000002D00D1EEE6FE200499800500F0E0F9E6
:10CF7000011C4046FBF7BEFE8046E3E60131043368
:10CF80008A4240DD18001D68B7E75346013B0EAAF0
:10CF90009B00D358DA1107927F2B00DCD2E60123E5
:10CFA0009C465346E144002BA2DC079B022B00D099
:10CFB000C8E6FE2041468005FBF79CFE8046C1E6A0
:10CFC000C146ECE699469046AA4601900025019E8E
:10CFD000039C316801CCFBF795FD011C281CFBF775
:10CFE00091FA043E051CBC42F3D1434601C3984666
:10CFF000019B0433019301239C46059BE144994521
:10D00000E4D155461FE692468FE74A4653460892BA
:10D01000059A5C1E19009346A300049A0EA8C358F3
:10D02000083A069D0492002B0DD10B00BE498C4698
:10D03000634484469B0063441968043B013C083AFE
:10D040000029F9D00492FE200499800500F070F9BF
:10D05000002C00DA2AE7A3000EAA1E009446EF185F
:10D060003D00A04603936644041C3068FBF7F6FFBE
:10D07000211CFBF747FDEE2128608905201CFBF7EA
:10D0800041FD0EAA3300041C043E043D9A42ECD13B
:10D0900036AB994602930023444698465A464B467F
:10D0A00041460194002A00DA91E099469F4BCB4615
:10D0B0008846B9469A461700049443460024B84669
:10D0C000002500261F000EE04B46195953461859FB
:10D0D000FBF718FD011C281CFBF714FA0136051C90
:10D0E0000434B04501DBB742EEDA3B0047469846D0
:10D0F0005B4620C39B4601239C46053BE0449C467F
:10D10000019BE144013B01D30193D6E7049C689B5A
:10D11000022B65DC002B2CDC00D0D8E6029B002023
:10D120009C46039E66443168FBF7ECF9029A330093
:10D13000043E9A42F7D1079B002B00D1C5E6BCE024
:10D140005346013B9B000EAAD1587F220A400EA9EC
:10D15000CA50FBE608230C93002306933BE501230A
:10D160009C46013307935346E144002B00DDBFE6A4
:10D170001FE7029B00259C46039E369F6644281CA1
:10D180003168FBF7BFF9029A3300043E9A42F7D1A7
:10D19000079B051C002B00D082E0011C381CFBF70C
:10D1A000A9FD0B9B1D60002C0ED0012537AE02CED1
:10D1B0000135FBF7A7F9AC42F9DA079B002B03D046
:10D1C00080231B069C4660440B9B58607FE6002032
:10D1D00001C301980131043F013898D3019061E700
:10D1E000689B032B00D072E6002C00D18CE0029BE0
:10D1F00003991A008C4662449C460D1F6544904674
:10D200002E00A946A24617683368381C191C9B4695
:10D21000FBF778F93C1C011C071C5846FBF76AFD1C
:10D22000211CFBF76FF9029B350070603760043EEC
:10D23000AB42E9D154464D46012C65D043461C68AB
:10D240002F68201C391CFBF75DF9261C011C041CEF
:10D25000381CFBF74FFD311CFBF754F9029B2E00E5
:10D2600068602C60043DAB42EAD14446002021684E
:10D27000043CFBF747F9A642F9D1029B0799369A7D
:10D280005B6800291ED10B990A604B6088601EE61E
:10D29000201CFBF7C5FE019A0EAB3C009850D2E66D
:10D2A00080230B9A1B06C318011C1360381CFBF764
:10D2B00021FD002C00D078E782E780231B069C46E6
:10D2C000604402E6802109068C460B99624463445F
:10D2D00060440A604B608860F9E5049901290BD02D
:10D2E000022900D061E63F210B400EA98B50079B1D
:10D2F000022B00D026E55CE67F21F5E736AB0293F2
:10D30000689B032B00D0E2E50020B6E7079B369828
:10D31000002B04D080230B9A1B06136050E70023D8
:10D320000B9A136050E7C046FEFFFF3FA44406106F
:10D33000420070B5031C0C0006005508002A1AD0E4
:10D34000FF21C9058D4217D2014219D19821C90583
:10D35000FBF7D8FB204A031C94422CDB42001F49F8
:10D36000120E0600193A8C420EDD1D48002B1DDB03
:10D370001B49FBF7C7FB70BD011CFBF7C3F8FAE7BD
:10D380001649120E8C42F0DC1119FE29EDDC002941
:10D3900015DC0A00163217DB1931C805CC21114BF8
:10D3A00089051E403043FBF7ADFBE4E70C490E480E
:10D3B000FBF7A8FBDFE70D49FBF7A4FBDBE7094818
:10D3C000C90530400843D6E70848002B00DA084872
:10D3D0000649FBF797FBCEE7B03CFFFF50C30000C8
:10D3E000CAF24971FFFF7F80CAF249F16042A20D83
:10D3F0006042A28DF0B5C64644006708240E7F3C0B
:10D40000060000B5051C162C1CDC8046002C22DB17
:10D410001A4F2741074211D01949FBF773F8002131
:10D42000F2F70CFF002809D0002D04DA80231B043A
:10D4300023419846A8444346BB431E00301C80BC91
:10D44000B846F0BDFF23DB059F42F7D3011CFBF775
:10D4500059F8061CF2E70A49FBF754F80021F2F7E5
:10D46000EDFE0028EAD0002D01DB0026E6E7002FC4
:10D4700002D180263606E1E7024EDFE7FFFF7F009C
:10D48000CAF24971000080BF10B50FF0E9FB10BD72
:10D4900010B50CF0C9FF10BD10B50CF0CFFE10BDDB
:10D4A00008B500226B461A700346FA2268460DF052
:10D4B0005DFA08BD7CB5069D079C002805D086074F
:10D4C00005D1460703D4060701D442207CBD0029BC
:10D4D00003D0012901D00229F7D10095019400F071
:10D4E00041FB7CBDFFB583B003980C9D1E461446DE
:10D4F0000F46002804D0012802D0422007B0F0BD1A
:10D50000002F01D0012FF8D1E81F0A28F5D20D987D
:10D510001028F2D8A842F0D30E98002801D0012894
:10D52000EBD114490F988842E7D81098002801D011
:10D530000128E2D1F6F7C4FB012804D0204630438D
:10D5400005D01120DAE7022CD7D8012ED5D86846AD
:10D550000399017047708472C67285700D99C1700D
:10D560000E9901720F9801906846109941720FF060
:10D57000C7FDC3E73F420F0010B5042801D9422080
:10D5800010BD0FF0D1FD10BD10B500F07BFC040004
:10D5900002D101200AF0CCFE204610BD10B5002BB0
:10D5A00003D0032B01D0422010BD00F081FC10BD40
:10D5B00010B50DF033FD10BD10B50AF049FF10BDD8
:10D5C00070B51C4613460D46012C03D0022C03D027
:10D5D000422070BD022200E010221946F6F76EF9D3
:10D5E0002C70002070BDF0B587B01C460B46054678
:10D5F00000A9023101A80C9F0D9EFFF7E1FF002852
:10D600000ED16846058084828775C6750E990176AD
:10D610000F994176109981766946119801F0A4FC22
:10D6200007B0F0BD70B586B014461D460A460346E5
:10D630006946881C0A9EFFF7C3FF002804D1012C0D
:10D6400004D0022C02D0422006B070BD23462A46E8
:10D650006946304601F0D2FEF6E710B500221146C9
:10D6600001F07CFF10BD10B502F0C4F910BD38B553
:10D670006D46049C2A806B8023466A4602F070FC4B
:10D6800038BDF0B585B084460AA8F0C868468581E3
:10D69000C68103A8019002970094604602F094FCB2
:10D6A00005B0F0BD10B503F0DDF910BD10B503F005
:10D6B000FBF910BD10B503F011FE1D4C412120688F
:10D6C00049014118097F00290DD1A0300079C00718
:10D6D00005D100F0B7FB02F025F80DF0D5FB03F003
:10D6E0001DFB10F019FD00F001F9206801464031E2
:10D6F0000A78C9798A4319D13E21095C002915D1DC
:10D700000C490A88120711D50922D2061269497AF2
:10D71000836AC90059181123DB01C018806A801A76
:10D7200000020012814201DA0CF020FB10BD000063
:10D7300004250020C000002010B5837F01220024B2
:10D7400092024168082B03D94224914202D310E08F
:10D75000914201D242240CE0014634220648F6F7F9
:10D76000ADF800F083F8002801DA482401E000F069
:10D770002DF9204610BD0000E00200203EB5174DF7
:10D7800015482968827F0846A0310A73002460305A
:10D79000047644768476E122C276802202770222E1
:10D7A0004277302008704C7002AA01A96846FAF747
:10D7B000A3FD68460078A22201016846007A891C10
:10D7C00000020143684600790003014328681152B2
:10D7D000A03004713EBD0000E002002004250020BE
:10D7E00070B503F061FD0BF0EDFC0AF057FA11F093
:10D7F0007BFA03F03DFF1A4C1A4920681A4D401875
:10D80000811013202A68C0011018C162616889085C
:10D810000163A168890841630FF062F929681F203C
:10D820008001228B08188280628B0F23C280DB016B
:10D83000A28BCB18DA87628C0280224620321278C3
:10D8400082703D22520100208918087300F088FA86
:10D8500003F074FA03F0FAF910F0E4FC70BD000074
:10D86000E00200200000FCEF0425002070B5002538
:10D87000ED43F6F70FFA01282ED0002318490322B2
:10D88000888BFF24401E10438A7F593462438218DC
:10D89000088B282460431218488B302460431218E8
:10D8A0000846203040782C24604310180D4A181880
:10D8B00084184869A0420DD10B4884420AD90D69E9
:10D8C000F6F7E8F9C1B2284608F07EFE08F0B8FF86
:10D8D000401B251A284670BDFF23B533CEE7000054
:10D8E000E002002089190000B8090000F8B52C4FAB
:10D8F0003C68206E5C34401C002814D00025294868
:10D900000023C07B00283ED00926F6062648002DBD
:10D910001CD000210A460B464169521C994204D191
:10D92000002902D004E00125E9E7204B9A42F2D316
:10D930002160006960603069A1680002090E000A78
:10D9400009060143A16000F033F81DE03169A268C7
:10D950000902090A150E08D0018BC90712D04169C6
:10D96000216000696060E37210E0881A00027D2384
:10D9700000121B03984205DD100E00060843A0604C
:10D9800000F016F8F8BD6360002DFBD003CC0CF05E
:10D9900013F9FA200CF000F939688862F8BD00002C
:10D9A0000425002000030020000010488813000018
:10D9B0000449002008610448012100686030C171F9
:10D9C000704700000000104804250020F8B5062626
:10D9D000324840250560324800270780A905092004
:10D9E000C00641602F4A9160016801602E48032102
:10D9F00004694269601E08433946401CF5F762FF1E
:10DA0000F6F748F9C1B2204608F0DEFD08F018FF2D
:10DA100008F022FFF6F70AF9244917208881244CE0
:10DA20002068421901465770FA2088622820107039
:10DA3000F6F7E2F8012805D120681022403001787D
:10DA400011430170F6F73CF9012805D120688022C6
:10DA5000403001781143017020680146403002785F
:10DA6000324302700020C0430866F5F76DFFFFF7F0
:10DA700085FEFFF7B5FE20680121203001770721E0
:10DA80004177012002F0EEFF06F032FCFFF72EFF97
:10DA900002488038056002210160F8BD80E100E0A5
:10DAA000C000002040000048E002002000001048B4
:10DAB0000425002038B5184A14682246BA32AE341C
:10DAC000A378DD0701D001290AD05B070CD5012915
:10DAD0000AD0217949070BD5E17A002905D007E062
:10DAE000E07880210843E07038BD0121E172508068
:10DAF00020794106090FF7D078210840694608705F
:10DB0000002048706A460221422000F063FB207921
:10DB100087210840207138BD0425002038B5104801
:10DB2000002104680846AE3407F0F4FD69464870E9
:10DB30002079C10704D001216A4611708843207101
:10DB4000C0B2810705D502216A461170FD21084047
:10DB5000207102216A46084600F03CFB38BD0000F7
:10DB600004250020FFB50C4678A103C995B00191AA
:10DB70000090002108A801730321C902684641866C
:10DB8000012108A8734E017435681746AE3513F0AD
:10DB900091F9002808D17049306840180AF064FCF7
:10DBA000A878002802D0462019B0F0BD0BA815991E
:10DBB000F6F734F80028F7D1072010A90871012CD6
:10DBC00005D0022C0AD0002C0ED04220ECE708A889
:10DBD000017B1020014308A8017305E011A90BA8DF
:10DBE000F6F702F80028DFD110A8027901230CA96A
:10DBF000284601F003FC00287ED10222294618980D
:10DC0000F5F75CFE29886846818115214902018269
:10DC10000784012686734E2108A881700024C470F1
:10DC2000067107214171867103A902A801F09CF9D0
:10DC3000002861D1022202A91E98F5F73FFE082FA5
:10DC400002D26846478502E0082069464885694651
:10DC50000C850B4628880AAA098902F081F9002858
:10DC60006DD13E49684601820227078408A8847165
:10DC700003A902A801F078F9002860D1022202A9C4
:10DC80001F98F5F71BFE68460470694644704F857F
:10DC90000B4628880AAA098902F062F900284ED1A9
:10DCA00008A8007BC00723D02C496846C91C018204
:10DCB0000821018408A88770047103A902A801F053
:10DCC00053F900283BD1FF216846C1718171C170B1
:10DCD0008170417001704471047169460820488563
:10DCE0000B4628880AAA098902F03AF9002826D1A9
:10DCF00008A8007B800600E021E022D5298868463C
:10DD000081811649A53101820684867308A887702F
:10DD1000C470047107214171847103A902A801F044
:10DD200023F900280BD169460E700C854E850B46F1
:10DD300028880AAA098902F013F9002801D047208F
:10DD400032E708A8007BA87000202DE7626C75659B
:10DD50006E7267210425002033070000012A0000AD
:10DD6000034800210068AE30C17081707047000028
:10DD70000425002070B50D4B1C68AE342379DD06F8
:10DD800012D45B0710D533280ED1E07A02280BD1CC
:10DD90000420107000205070C9B2022000F01AFA5E
:10DDA0002079FB210840207170BD0000042500206F
:10DDB00038B50246174801240068AE30022A1FD049
:10DDC000052A03D0072A07D00B2A20D10846097953
:10DDD0004088FFF76FFE1AE000790024020600D5A4
:10DDE0000124820703D1C20601D480060FD508465C
:10DDF00000216A461170694600F0D4F8044606E036
:10DE00008178490703D50179FB2211400171204631
:10DE100038BD00000425002010B509480468AE3460
:10DE2000E07880070BD500200BF044F8022000F0CA
:10DE3000A9F9E07801210843FD210840E07010BDF8
:10DE4000042500201FB50E480468AE34E0780106B2
:10DE500012D5A178C9070CD0800708D504206946DF
:10DE60000873684603F014FB022000F08BF90020D1
:10DE7000E0704006400EE070F5F7D4FE1FBD0000D4
:10DE800004250020002000B58DB00A900B9008906A
:10DE900009900590069007900490009001900290E0
:10DEA000034602460146039000F0B2F80DB000BDF3
:10DEB00010B514468CB000220B9206920A9208927A
:10DEC00009920592079204920292019303920B46E3
:10DED000024600940021052000F09AF80CB010BD15
:10DEE0000949B22209681423525CBA311A4208D097
:10DEF000498800050905090D000D814201D1012065
:10DF000070470020704700000425002002780907B0
:10DF1000090F0A43027000207047000030B50E4818
:10DF200085B005682C46AE352879BA34400711D53E
:10DF3000E87A01280ED11521490268464180012165
:10DF4000017060886B46054A00F0A4FA002801D1F0
:10DF50000220E87205B030BD04250020FFFF00005C
:10DF60007CB50446E1200D46800005F067FF0BA15B
:10DF700003C900900191684603F038F801200BF0C6
:10DF8000F1FE002801D047207CBD207820210843E5
:10DF900020700920287000207CBD00001F020000B6
:10DFA0000000000030B5194B047A1B68C268AE331C
:10DFB0001B799D06AD0F04D10078042801D0002004
:10DFC0000EE0012030BD155C002D0BD0401C80B24E
:10DFD000155C012D08D01518203DED7F281880B262
:10DFE000A042F0D3087830BD401CDD07012480B288
:10DFF000002D02D0105CC00703E09B07F2D5105C37
:10E0000080070028EED00C70ECE70000042500200B
:10E01000FFB595B00E46054620210CA8FCF7E4FD9F
:10E0200000200490564800270468681EAE34042877
:10E0300002D8A078C0070BD0062D02D0002D0AD040
:10E0400002E0A078800703D5E0784006800E0AD071
:10E05000462019B0F0BDA0788007F9D0E0784006DE
:10E06000800EF5D00FE0002D0DD0012D20D0022D17
:10E0700028D0062D33D0032D33D0042D37D0002ED9
:10E080003BD04220E5E700200AF014FF0028E0D151
:10E09000E078800708D5042069460873684603F0D5
:10E0A000F7F9022000F06EF80120E0700020D0E7C0
:10E0B000012EE6D0042EE4D01F980028E1D10627D7
:10E0C000042008E0012EDCD0042EDAD01F980028AE
:10E0D000D7D105270220E0700120049010E04020F5
:10E0E0000DE0022E01D0032ECBD1082007E0012E37
:10E0F00001D0042EC5D1102001E004272020E070BB
:10E1000000230BAA19461E9809F06AFF030002D0EB
:10E1100000F0E0F832E01022002107A8F5F7D2FB6A
:10E1200007A86C46279B269A1F990FC42B4630469A
:10E13000189A179900F088F80300E9D108A8017B24
:10E14000C170259803AC049B289A29990FC422AB6F
:10E1500007CB02920091019039460CA8209B219A8E
:10E1600000F0C2F80300D3D107A80BF0BFF90300F9
:10E17000CED101200AF09EFE0300C9D1184668E7FF
:10E180000425002010B50446C1061148006803D5D7
:10E190001522BF210C4006E0392149014118897B35
:10E1A000C90710D012222107890E08180121C902BF
:10E1B0004018C06C0023214610F074F8010004D010
:10E1C000204610F05BF8002010BD072010BD0000B5
:10E1D00004250020F8B5891ECDB20646A81C0321EF
:10E1E0000843401C8308174817460068F10603D50A
:10E1F0001C22BF210E4008E0392149014118897BCA
:10E20000090601D40020F8BD19223107890E08182B
:10E210000121C9024018C06C314610F043F80400D7
:10E220000ED03978217179786171A5712A46B91CAF
:10E23000E01DF5F743FB2146304610F01FF8E1E7FB
:10E240000720F8BD04250020F8B5204B204D1B68A1
:10E2500001265B19069CB6030093002814D00428FD
:10E2600012D0022813D0032811D006252B460128EE
:10E2700010D00F4617430DD0914203D8202901D367
:10E28000B2420AD94220F8BD30256023EFE7A0252D
:10E29000F023ECE72580638001E02180628020711B
:10E2A0000798A071089820720998002805D00146A7
:10E2B000204606220930F5F701FB0720607100981F
:10E2C0002030807B60710020F8BD00000425002014
:10E2D00058080000034881220068A030417C1140AA
:10E2E0004174704704250020F8B505463E481E4697
:10E2F0000068079F0024AE301346002905D0022293
:10E300002A7001226A70A9700324002E10D0807830
:10E310008006800F0CD13019401C1F2854D82E5570
:10E32000641C281932461946F5F7C8FAA019C4B278
:10E33000002F0DD03819401C1F2845D82F55641CBC
:10E34000E4B228193A460699F5F7B8FAE019C4B2CA
:10E350006846008C00281BD06846808C002817D0A7
:10E36000601D1F2830D805202855641CE0B21221FA
:10E370002954401CC4B228190646022208A9F5F700
:10E380009DFAB01C022209A9F5F798FA241DE4B2FF
:10E390000C98002812D0E01C1F2815D80220285500
:10E3A000641CE0B20A212954401CC4B268460BF038
:10E3B000B9FB684600782855641CE4B20B98002825
:10E3C0000CD000191F2801D94220F8BD28190B9A3A
:10E3D0000A99F5F773FA0B982018C4B2214628461B
:10E3E0000AF0E0FFF8BD00000425002000B500F0B1
:10E3F00009F8002805D0852201699201114200D058
:10E40000002000BD10B50D4900050B680921090267
:10E410005918CA6E0021000DA0331B7B0AE04C0185
:10E42000145B2405240D844202D14801801810BDDC
:10E43000491CC9B28B42F2D8002010BD042500202F
:10E44000FEB58C68CD88267B012E01D00020FEBD54
:10E450004126052D01D01E7019E0247C0A2C00D025
:10E460001E70002A0DD08968052268460C31F5F728
:10E4700025FA6D1E00AAA9B232200132FFF77AFCFC
:10E4800005E000880A460146022000F0FDF941201F
:10E49000FEBD0000FFB589B0074646251E78102254
:10E4A000991C05A8FCF798FB012E04D0022E02D07F
:10E4B00042200DB0F0BD3846FFF798FF040024D08D
:10E4C00020223946002009F0C7FB07001CD005AD0B
:10E4D00004960FCD6D460FC5394620460B9B0A9A10
:10E4E00009F043FD050004D00021384609F010FC76
:10E4F0000BE0012120694903084320610448A06121
:10E50000384600F051FC00E064252846D1E70000C1
:10E5100015E5041010B5502100F001F810BDF0B55C
:10E520008BB00D4604460020694608710490E669E8
:10E53000002E16D0A806800F03D02088FFF7D0FC4D
:10E54000049001AB31462046049AFFF779FF412839
:10E5500065D0E80708D021883246022000F018F97B
:10E560005DE041200BB0F0BD680705D5218832463B
:10E57000022000F0D3F852E0A80739D5F08861886E
:10E58000814205D921883246022000F08DF846E00C
:10E590002069410604D5012189020843206180E0F9
:10E5A00021882022002009F057FB05001ED0218879
:10E5B0003246022000F078F8A068801C00F0D0F904
:10E5C0006188401E401886B2A06800F0C9F9024672
:10E5D00033462946204609F0A4FC284600F0E4FB17
:10E5E000A0683146801C00F0B7F954E04520B9E737
:10E5F000E80614D5F088412702280ED9B168801E9C
:10E600004D7B80B2854201D9012016E0002D04D057
:10E610002946F1F7E1FD00290FD068460771012076
:10E620002169400381432161049800282DD001AA6B
:10E6300001213120FFF79EFB2DE0029002200027F0
:10E6400003901EE0049800280DD0039805AB001D30
:10E6500081B22A46304609F0BFFA05AA294633207E
:10E66000FFF788FB07E003980096C2B22B4621888B
:10E67000022000F0C7F80398401980B27F1CBFB297
:10E68000039002988742DDD3C9E768460279218862
:10E69000022000F035F90121E06909F039FB002082
:10E6A000E06100205EE70000F7B50646907903219F
:10E6B000401EC5B2E81C0843401C83081648174694
:10E6C0000068F10603D52C22BF210E4008E0392155
:10E6D00049014118097C090601D40020FEBD292208
:10E6E0003107890E08180121C9024018C06C314653
:10E6F0000FF0D8FD04000DD00198A080A5712A4626
:10E7000005213846E31D09F067FA214630460FF02F
:10E71000B5FDE2E70720FEBD04250020F7B506465B
:10E7200090790321401EC5B2E81C0843401C8308B1
:10E73000164817460068F10603D52D22BF210E406A
:10E7400006E0392149014118497CC90719D02A221C
:10E750003107890E08180121C9024018C06C3146E2
:10E760000FF0A0FD04000ED00198A080A5712A46EC
:10E7700005213846E31D09F02FFA214630460FF0F7
:10E780007DFD0020FEBD0720FEBD00000425002009
:10E79000F7B5064690790321401EC5B2E81C084330
:10E7A000401C8308164817460068F10603D52B2243
:10E7B000BF210E4008E0392149014118097C490672
:10E7C00001D40020FEBD28223107890E081801213E
:10E7D000C9024018C06C31460FF064FD04000DD032
:10E7E0000198A080A5712A4605213846E31D09F04D
:10E7F000F3F9214630460FF041FDE2E70720FEBD68
:10E8000004250020FFB59B1E0646DDB2681D0321CE
:10E810000843401C83081B4881B000681746F10676
:10E8200003D53622BF210E4009E0392149014118A4
:10E83000897C890702D4002005B0F0BD332231075E
:10E84000890E08180121C9024018C06C31460FF02A
:10E8500029FD040014D00298A0800A9823468068FD
:10E860002A460830C0190079E0802572B91D0933A5
:10E870000A9809F0B1F9214630460FF0FFFCDAE7BB
:10E880000720D9E704250020F8B5044690680F4614
:10E8900001461546467B0E3102226846F5F70EF812
:10E8A000A8680223057C1548E10603D53522BF215F
:10E8B0000C4009E03922016852018918497C090697
:10E8C00001D40020F8BD322221070068890E081803
:10E8D0000121C9024018C06C21460FF0E3FC010081
:10E8E00009D08F808E716A4612880A818D72204607
:10E8F0000FF0C4FCE5E70720F8BD00000425002068
:10E9000070B50E4601230446C1061248154600683C
:10E9100003D53422BF210C4006E0392149014118BA
:10E92000897CC90711D031222107890E08180121DD
:10E93000C9024018C06C21460FF0B4FC010006D09B
:10E940008E808D7120460FF099FC002070BD07204D
:10E9500070BD0000042500200170090A4170704755
:10E9600001784078000208437047F8B5069C1F46BE
:10E9700015460646002C13D0A06802220D30F4F78D
:10E980009DFFE81E82B23B460721204609F014FA9B
:10E99000E580A068012E05D01D2101730020F8BD7F
:10E9A0004720F8BD1B21F8E7F1B5FFB001248BB07B
:10E9B000600205900027CC4807970168CB48C94DF5
:10E9C000081803908A980AAA0005000D05A90BF003
:10E9D000CDFE0690002872D104260AA80599421897
:10E9E000203AD27F0B2A23D00026002004900AA8C8
:10E9F0008119022201A80291F4F760FF684681881C
:10EA000009AB08AA039801F0A7FC012817D0022837
:10EA10007ED068468088854200D30546844200D96E
:10EA20002046044602988078012872D013363CE1D3
:10EA3000491E761E36040591360CCFD1D5E70898CD
:10EA40000090002F66D10099022228310298F4F735
:10EA50003DFF00281ED100982030017B029880786D
:10EA6000814217D1012808D100980299022208306A
:10EA7000C91CF4F72BFF002815D0029880780228D3
:10EA800008D10098029910220830C91CF4F71EFF23
:10EA9000002808D00098008DA84200D80546A04262
:10EAA00000D22046044602990AA88978012907D095
:10EAB00013360599B6B28E4204D3012707E006E16A
:10EAC000761DF6E78119022201A8F4F7F7FE0399F3
:10EAD000009808318E462FE084466946026A8B888A
:10EAE00020300DE0918B994203D3012F7ED19942C2
:10EAF0007CD9A94200D80D46A14200D30C46126829
:10EB00008242EFD10498002804D16046006802E0F8
:10EB100015E0BFE08AE070450ED0018D994203D325
:10EB2000012F09D1994207D98D4200D30D468C425D
:10EB300000D80C46012F59D17045CDD1BAE00898C4
:10EB40000090002F72D1009902221C310298F4F734
:10EB5000BDFE00281ED100982030C1780298807830
:10EB6000814217D1012808D1009802990222083069
:10EB7000C91CF4F7ABFE00281AD00298807802284E
:10EB800008D10098029910220830C91CF4F79EFEA3
:10EB900000280DD00098808BA84200D80546A042DE
:10EBA00000D22046044602988078012826D003E04F
:10EBB00002988078012805D013360798B6B201284C
:10EBC0001ED021E000984A490089884216D18A98CF
:10EBD000FFF718FC0146009800F08CF80099098CAA
:10EBE0004843009989694018022200E038E0029900
:10EBF000491DF4F763FE01200790D4E7761DDCE79A
:10EC0000B61C0020B6B207900598864201D30127B2
:10EC100005E00AA88119022201A8F4F74FFE039A21
:10EC20000099083209980968944630E01AE086464F
:10EC30006A46938820300DE08A8B9A4203D3012FD5
:10EC40000ED19A420CD9AA4200D81546A24200D34E
:10EC5000144609688142EFD1049800282AD102E0C5
:10EC60000120049026E07046006860450FD0028DB8
:10EC7000016A9A4203D3012F09D19A4207D99542DA
:10EC800000D31546944200D81446012FE8D16045C0
:10EC9000CDD10FE00298C078022805D10298007902
:10ECA000292801D1B61CB6B2761D0598B6B28642A7
:10ECB00000D301270598811B042902D3864200D284
:10ECC00093E604980028FBD1A54203D906987FB0AB
:10ECD0000CB0F0BD224629468A9801F083FB0690CD
:10ECE000F5E70000FFFF0000042500206407000096
:10ECF0000229000030B5024623239B5C0020012B33
:10ED00001AD112890D4B9A4216D10D4A0923126865
:10ED10001B02D318A032DB6E127B0AE045010C887F
:10ED20005D5B24052D05240D2D0DAC4204D0401C47
:10ED3000C0B28242F2D8002030BD0000022900009B
:10ED40000425002006490922096812028918800852
:10ED5000C96E400108180188002900D100207047C1
:10ED60000425002010B50446022000F033F80D48B9
:10ED700000210268092000021018A032C36E107B27
:10ED800005E04A019A5A002A04D0491CC9B28842B7
:10ED9000F7D810BD48011C52C018026904210A436B
:10EDA000026110BD0425002010B504460146042070
:10EDB00002F094FD002808D0044805490068401876
:10EDC00021463C3010F0ACF8432010BD0425002053
:10EDD0006407000004490A683D21490151180A7B73
:10EDE00002430A73704700000425002000B5113863
:10EDF000C0B2FFF7A7FF002804D001220169520525
:10EE00001143016100BD0000F3B597B00D8848883B
:10EE10000590081D1DC80DAE1DC68C8ACE8A087EC1
:10EE20001390C869203101900878009048780490C8
:10EE300088780390C87802900F7900F0BFFD002811
:10EE400017D10120400284425FD8B4425DD8002F20
:10EE500001D1B44259D114A9284601F0ABFA0028D7
:10EE600006D115AA1499059801F094FA002802D049
:10EE7000602019B0F0BD149D11A92846183009F082
:10EE800047FB10A88088002810D0284612A92030FF
:10EE900009F03EFB10A8838800892A8D1818696A3A
:10EEA00010188A8B904203D16120E2E74820E0E706
:10EEB00015982C4B02899A4227D12322125C012AF1
:10EEC00023D1006800681690139801281FD1684666
:10EED000808E29221202801A030001F07CFD0604B4
:10EEE000180404070A18022C0FD110E0072C0CD1CB
:10EEF0000DE0042C09D3E00707D1012F07D1A6426A
:10EF000003D3042E01D3F00701D04220B1E70298C9
:10EF10000B90039B049A0A9309920098019A0C970C
:10EF200008900696059407920DA81DC8019002A8A6
:10EF30001CC013980B4600902A461699179800F0AB
:10EF4000B1F9002895D168460649808EFF31884284
:10EF500005D01798018800200A4601F043FA0020E6
:10EF600087E7000003280000F3B5A5B008881A90D1
:10EF700088780C4611901022091D13A8FBF72CFE6F
:10EF8000A08A1090A17D68460172E07D0F90207EDE
:10EF90002090677EA07E1F900020064601461290BA
:10EFA00020A801810F20BB4C2390BB49206840184A
:10EFB000199000F003FD00280BD10121109849029F
:10EFC00088425FD821A91A9801F0F4F9002802D0EC
:10EFD000602027B0F0BD2198179009F03DFA1A99EA
:10EFE00088420CD102A801901698009013AD0ECD66
:10EFF000119809F0F5F9002801D06320E9E7684687
:10F00000017A8806800F05D0012012902068A03078
:10F01000007B4600C80703D01298401CB61C129013
:10F02000080603D51298401CB61C129017980DA91B
:10F0300018301D9009F06CFA6846129C808EA41C52
:10F04000A04237D317980EA92030019009F060FA3A
:10F050006846018F00290DD01798179A6B46406AB1
:10F060009B8E128D5918808B5118081AA04201D21C
:10F070006120AEE71798846911982568012803D0AC
:10F08000022803D04220A4E7052000E01320E083FB
:10F090002A4639460F9809F0F1F9422899D0199F6C
:10F0A000E28B4037788B398B411A109810188019F1
:10F0B000814201DA48208CE70EA9019809F028FA6C
:10F0C0006846008F0028179802D0406A808B00E0C5
:10F0D000008D2599401C0880259801210088A08377
:10F0E000259802220088401CA8836C482081204675
:10F0F00020301790C1700021817081711998398B6F
:10F10000406D40186946A061097A0170A0692946DE
:10F110001C31401CF4F7D2FB11980128A0697DD066
:10F12000102213A9C01CF4F7C9FB2846102213A90A
:10F130000830F4F7C3FB388B133038832E46203663
:10F140001198F0701098E8831F98B0701098208480
:10F15000109828841998398B406D4018A8610021B7
:10F16000109AF4F7AFFB398B109808183883179969
:10F170000120087117990020487130716846007AA3
:10F18000810701D50121317101070227002902DA27
:10F19000317939433171410703D531790422114363
:10F1A0003171400603D530790821084330710F983A
:10F1B00070712098B07121461D9809F0D2F921464E
:10F1C000019809F0AFF929461D9809F0CAF92946B6
:10F1D000019809F0A7F91298002841D068461A99B9
:10F1E0008181A18BC18107844784012408A804710F
:10F1F00022A80A9008A88473239941730F99382094
:10F20000014008A801730721C173002505746846F1
:10F21000007AC00708D02248694600E02BE0088247
:10F2200003A924A8FFF7F0FD6846007A8006800F46
:10F2300007D01B486946401E088203A924A8FFF78F
:10F24000E3FD6846007A00060AD5292109026846CE
:10F25000018208A84473057303A924A8FFF7D4FD0D
:10F26000259801881298401C081882B2002001F0ED
:10F27000B9F80020ADE6022213A9C01CF4F71EFB6A
:10F280002846022213A90830F4F718FB388B401DDA
:10F2900053E7000004250020640700000328000055
:10F2A00003290000FFB55248524A006887B082180F
:10F2B000069210AA109B0126169F9288012B04D15A
:10F2C0004D4B9A4201D1A030067B069D3446403515
:10F2D000688B2B8B7C43C31A099820300390A34280
:10F2E00022DA48200BB0F0BD2320405C012819D160
:10F2F00008896C46208098420CD03F4C641EA04286
:10F3000008D0641CA04205D0641CA04202D0A41CFA
:10F31000A04207D1384CFF3CA04201D0904201D11D
:10F320006220DFE7096801E029231B02039881427C
:10F33000DAD109981B9984691898224609F09EF839
:10F340004228CFD01C98012804D11598874201D2B9
:10F350004220C7E71598E083204620301C9905908D
:10F36000817027840A98808B401CA0831098012804
:10F3700014D02046102211A90830F4F79FFA0599FD
:10F380001098C8700698298B406D4018A061298B91
:10F39000384670430818288300250FE011A80FC8CD
:10F3A00008340FC4183CEAE72846A16978430818D6
:10F3B000159A1799F4F782FA6D1CEDB2B542F3D3A2
:10F3C00005991898487105991998087105991A981E
:10F3D000887109982146183009F0C3F8214603982E
:10F3E00009F0A0F80798A18B018000207AE70000BF
:10F3F000042500206407000002290000FFB58FB03B
:10F4000014460E78102205A8891CFBF7E5FB4F482F
:10F410004F490068451800F0D1FA00281ED1002C91
:10F4200057D0012E09D16846808A4A49884204D1C2
:10F430002846A968083081424BD1284610302969F6
:10F440000390814209D00AA9284609F061F868466C
:10F45000018D601E0D90814202D2482013B0F0BD94
:10F46000284608300CA9049009F052F86846008E2E
:10F47000002814D0EF680AA93846183009F048F877
:10F48000384620300CA909F043F86846398D008DC4
:10F4900009186846008E401C081887B200E0012752
:10F4A00001200004C01BA04201D26120D6E72C69D4
:10F4B000286801901298012802D0022803D008E0A1
:10F4C0000520C00200E024486085012E03D0022EF2
:10F4D00005D04220C2E720460830022202E0204642
:10F4E0000830102205A9F4F7E9F92046314620300A
:10F4F000064601730F98214607802785039809F077
:10F5000030F82146049809F00DF827461837E761CE
:10F510006662A76126620D9884B20BE028460199C5
:10F5200009F01FF83846019908F0FCFF2868641EAE
:10F53000A4B20190002CF1D10F9801880D98081801
:10F5400082B2002000F04EFF002087E70425002053
:10F55000640700000118000001280000F7B5064606
:10F5600036480F460068364982B044183046FEF7E8
:10F5700049FF050060D02046243000900FF0E6FCE3
:10F58000002859D12869000356D500980FF098FC3F
:10F5900004464FE0A088B0424BD1202231460020E3
:10F5A00008F05AFB060018D0A068002F017B427BB0
:10F5B00015D03346049810F0A3F8002001222969E1
:10F5C000D2049143296100282AD0692802D030460C
:10F5D000FFF7EAFB002005B0F0BD6420FBE70A2935
:10F5E00006D00C290AD00E290ED0082912D023E00B
:10F5F00032462146284611F03FF9DFE732462146E0
:10F60000284610F073FDD9E732462146284611F00E
:10F6100069F8D3E732462146284610F0F9FECDE7D7
:10F62000214600980FF099FC0121204608F070FB5C
:10F63000CDE72468002CADD14120CCE70425002083
:10F6400064070000024608480849006841188868B5
:10F65000083103E0038D934202D200688842F9D159
:10F66000884200D100207047042500206407000074
:10F67000034610B50E480F490068411888680831E4
:10F6800003E0148D9C4203D8104602688A42F8D1E8
:10F690008A420CD1018D994209D20146026A203179
:10F6A0008A4203D0416A898B994200D2002010BD62
:10F6B0000425002064070000024610B50B4812051F
:10F6C0000168092000020818C36E0020120DA03145
:10F6D000097B07E044011C5B2405240D944203D000
:10F6E000401CC0B28142F5D810BD000004250020A6
:10F6F000F7B50546174601980FF0E2FB2E050446C4
:10F70000360D0CE0A0882568B04207D1214601984B
:10F710000FF023FC3946204608F0FAFA2C46002C5C
:10F72000F0D1FEBDF0B58BB0002063490290634874
:10F730000A68141872B610464030C57902231D437A
:10F74000C57162B625464035287AC0077DD00920AC
:10F75000000210180026C76E49E071017A5A002A8B
:10F7600043D0C919069109694A021ED48A0226D5D6
:10F77000022104910699012309880905090D0391C5
:10F78000392149014118097C89070ED5D902083071
:10F7900040182322C06C02210EF084FD010004D029
:10F7A000039A8A8004980EF069FD069800880090FC
:10F7B000069800F085F800980DF0E6FA15E0480785
:10F7C00013D5069800880005000D0DF06EFA00288C
:10F7D00005D1069800880005000DFFF7E5F80699A9
:10F7E00004200969814306980161761CF6B232480B
:10F7F000AC210068095CB142AFD800F01BFF204685
:10F80000243006460FF0A2FB012802D0012000F0B0
:10F8100015FE204618300FF099FB012802D0002079
:10F8200000F00CFE3C3420460FF090FB01280FD076
:10F8300002A920460FF0B3FB0420029902F04EF813
:10F840000028F0D02046029900E032E00FF055FB8E
:10F85000287A00062DD530460FF078FB012828D1F4
:10F86000002008F0D5F9A98B23314909491CC9B2F8
:10F87000F0F7B2FC00281CD00F4D04462868012385
:10F88000D9020830401842263822C06C31460EF0AA
:10F8900009FD01000DD000228A80CC8030460EF098
:10F8A000EDFC3D212A68490151180A7B80208243E2
:10F8B0000A730BB0F0BD00000425002064070000AF
:10F8C000F0B504463B483C49006885B04518218A9C
:10F8D000890419D502210491392149014118897CF3
:10F8E000412627880123C9070ED0D90208304018C5
:10F8F0003122C06C02210EF0D5FC010004D08F80B3
:10F900008E7104980EF0BAFC294620880122183125
:10F91000FFF7EEFE2946208801223031FFF7E8FE8E
:10F920002946208801222431FFF7E2FE294620885B
:10F9300000223C31FFF7DCFE20880005000DFFF7B8
:10F94000BBFE8500294611316846017301F0A0FD18
:10F95000294612316846017301F09AFD2946133198
:10F960006846017301F094FD68461435057301F093
:10F970008FFD208800F03CFA208801050D48090D14
:10F9800002681320C0011018028A914201D100219F
:10F990000182E069002802D0012108F0B9F9202293
:10F9A00000212046A568F3F78DFF1720A560608031
:10F9B00005B0F0BD042500206407000010B50B4819
:10F9C0000B49006844184034207AC00709D0002051
:10F9D00008F01EF9217A890701D5002803D00020FC
:10F9E00010BD472010BD642010BD0000042500207C
:10F9F00064070000F0B55FA099B000685E491590FB
:10FA00005E4A08688418092212028218D26E2546BE
:10FA1000403514922A7AD20702D0622019B0F0BD84
:10FA2000AA8B01235B029A4201D9AB8303E0172A18
:10FA300001D21722AA83149AA0301392067B0DE0FC
:10FA4000761EF6B2139871010F18B8680F903846F9
:10FA500020220021F3F736FF0F98B860002EEFD177
:10FA600020460830E0606460A06024600830139095
:10FA700060612061FF22002108300FF036FA204635
:10FA8000FF22002124300FF030FA2046AA7F002107
:10FA900030300FF02AFA2046FF2200213C300FF0D0
:10FAA00024FA00222A7210461721334B05E0149ED7
:10FAB0004701BE19401C7180C0B21E68A036367B5B
:10FAC0008642F4D8002028832F8C688C002614905E
:10FAD00008E02820E16C70430918204608F022FD58
:10FAE000761CB6B2BE42F4D3002608E03020216D69
:10FAF00070430918139808F015FD761CB6B21498D7
:10FB00008642F3D30120FFF765F9012468460470AB
:10FB10001B4941802346042269460CA8FFF76EFC6E
:10FB2000002822D16846018E81821649018304266D
:10FB300006858475202108A881720024C47204738C
:10FB400007214173847305A90DA8FFF70DFA00285A
:10FB50000BD1684604874687818E15AB0EAA008EAE
:10FB600000F0FEF9002800D158E700202872472055
:10FB700054E700000000FFFF042500206407000098
:10FB800001180000052A0000F8B5044683480E4617
:10FB90000068834947184820C05DC0076FD0B0880F
:10FBA000FEF730FC0546012C02D0002C68D0F3E0B3
:10FBB000002D04D02869410703D54520F8BD012157
:10FBC000C7E0B268F188147B0029F0D062060AD53C
:10FBD00068888842F3D3D22C01D0522CEFD138461A
:10FBE0003146183048E0A106890E1E2949D81E2C3E
:10FBF00020D101071ED508218843286129880120CA
:10FC000008F078FC0121304608F082F863480123AF
:10FC10000068D9020830401842242D883922C06C6F
:10FC200021460EF03FFB010003D08D8020460EF0F0
:10FC300025FBB1E0E1070BD01D2C1AD01B2C18D0EE
:10FC4000410533D4012189020843EE612861A3E014
:10FC5000C00606D52B4602220321422000F07EFE7C
:10FC6000ADE72988002008F033FC29691020014302
:10FC700029613846314624300FF052F98CE015E006
:10FC800016E029882022002007F0E6FF05000DD0AD
:10FC90000121304608F03CF82B4600222146062080
:10FCA0000FF02EFD2846FFF77FF875E04120F8BDE4
:10FCB000B068047B1D2C3CD01B2C43D00021304667
:10FCC00008F026F8002D67D0032C46D0052C44D030
:10FCD000072C42D0092C40D00B2C3ED00D2C3CD010
:10FCE0000F2C3AD0112C38D0132C36D0172C34D0FE
:10FCF000192C32D0012C30D0022C35D0042C33D02A
:10FD0000062C31D0082C2FD00A2C2DD00C2C2BD027
:10FD10000E2C29D0102C27D0122C25D0162C23D015
:10FD2000182C21D0522C1FD0D22C1DD01E2C2FD0FD
:10FD300032E0002D03D02988012008F0C9FB3146AC
:10FD4000022001E03146012000F052FD002823D0BE
:10FD50000021304607F0DCFF1EE0296910208143B6
:10FD600029612988002015E02869402188432861FD
:10FD7000010511D5FF21013108432861298802209E
:10FD800008F0A6FB01202969C0028143296103E034
:10FD90002988032008F0AEFB0020F8BD04250020D0
:10FDA0006407000010B5104A104B1268D218403298
:10FDB000127AD20706D002280AD0052804D00B28D0
:10FDC00010D101E0412010BD4888FEF7CBFF09E0CB
:10FDD0004888FEF717FB002804D00122016992052C
:10FDE00011430161002010BD0425002064070000BC
:10FDF000F1B5FFB085B0472001900020694608802A
:10FE000053485449006847188498FEF7FBFA02905B
:10FE1000002874D0B96808374FE0684600880D465E
:10FE200004AC20186B460222283100F0C5FD68465C
:10FE30000088294620186B4601222C3100F0BCFDB9
:10FE40002E462036307B69460128098804A809D04F
:10FE500040186B4610222946083100F0ADFD019094
:10FE60002C6A27E040186B460222F4E769460988AD
:10FE700004A8401821466B4602221C3100F09CFD6C
:10FE80006946098804A8401821466B46012223319F
:10FE900000F092FD2320005D69460128098804A82E
:10FEA00030D0401821466B461022083100F084FD06
:10FEB00001902468B442D9D12968B942ADD10198E2
:10FEC00000281CD16846008881070AD0224A011DFB
:10FED00011406A4611800A1A04A908180B21F3F789
:10FEE000F1FC029800880CF0E0FE002807D184980D
:10FEF00069460005000D04AA09880AF06FFB7FB06F
:10FF000006B0F0BD401821466B460222083100F0D1
:10FF100053FD0190208911498842CAD12046029997
:10FF2000FEF7E8FE4000A16903906A4609181288AE
:10FF300004A880186B46022200F03EFD0190A169E2
:10FF40000398022208180021F3F7BCFCB1E7000077
:10FF50000425002064070000FCFF000002290000C7
:10FF6000F0B5074617480E4600683D214901401884
:10FF7000007B85B01D461446C00706D003A938464D
:10FF800000F018FA00280AD102E0472005B0F0BDC1
:10FF900004AA3046039900F0FDF9002801D0602042
:10FFA000F4E70499228860880968002A00D0088C48
:10FFB00032466E4631C603233946002000F004F86D
:10FFC000E4E7000004250020FFB5002099B0239A43
:10FFD0000B90129005461490064615901C46DB487F
:10FFE0000B460068DA49229F4118039100210891CD
:10FFF00009915188069111880A913D2149014018C3
:020000041005E5
:10000000007BC00706D00FA9184600F0D3F90028DE
:100010000AD102E047201DB0F0BD10AA0F991B982D
:1000200000F0B8F9002801D06020F4E71998002802
:1000300003D0600701D5012000E000201390A00745
:10004000800F1C90109817902030C078012840D164
:100050001798C04B01899942F9D1179806990468FD
:100060000A98228C4118914233D8204620301690AD
:100070008078012816D0E08B04901798806900786A
:100080008006800F7ED0039840301890007A800759
:1000900078D51C980028F5D0AE4F0F99FF37203146
:1000A000206814E0BA4214D3B942DDD80497E4E7DB
:1000B0000389A84A934203D12322125C012A08D063
:1000C000BB4203D12322125C012A03D0006888427C
:1000D000EED134E105900028FBD09C48092102684C
:1000E00009025118C96E0027009162E07801009959
:1000F0000390085A01055AD01999002901D0884265
:1001000055D105997A008B69511C595C9A5C09029A
:10011000891889B20D91890749D0022205990FF0FB
:100120006DFB002804D01998002840D0652072E7A4
:10013000002008A9C8551C98C00718D017988069D6
:100140000078C00613D50D98C00710D00120C855FF
:100150000543009A039880184088159A904206D962
:100160001590009A0398105A0005000D14901C98E1
:1001700080071CD5179880690078800617D50D98E0
:10018000800700E083E012D50220CA5D05430243E8
:10019000CA5500990398401840881599884206D995
:1001A000159000990398085A0005000D14907F1CC3
:1001B000FFB266480068A030037BBB4296D8002D92
:1001C00065D01898007A00065FD46048016809205D
:1001D00000020818C16E00201BE042018E5A36054D
:1001E00015D0AE070BD556183669B7070DD408AF32
:1001F0003F5CBF0703D5360701D546200BE7EE0766
:1002000005D05218127CD20701D0432003E7401CCE
:10021000C0B28342E1D81598C01E86B204988642C7
:1002200000D90646A8070FD520220020149907F010
:1002300013FD129000287DD0F01C82B2002112988C
:1002400000F0F4F8002811D1E80720D02022002087
:10025000149907F001FD0B90002807D0F01C82B222
:1002600000210B9800F0E2F8002810D08020FEF763
:10027000B1FD1298002802D0002107F049FD0B982B
:10028000002802D0002107F043FD6420C3E6A169E5
:100290000A98069A08182499F3F710FB16988078A4
:1002A000012801D10498E083002D46D0274B092076
:1002B000196800020818C16E002008AA0CE043016A
:1002C000CF5A3F0506D05F18BC463B69175C3B43DD
:1002D00067463B61401CC0B21C4B1B68A0331B7BB4
:1002E0008342ECD8A8070DD512980090F01C82B27A
:1002F00021461C310220A369FEF737FB0220129928
:1003000000F076FAE80718D00B980090F61C21460A
:10031000B2B21C310120A369FEF727FB1398002815
:1003200005D00B988021C07C08430B99C87401202C
:100330000B9900E005E000F05BFA00206BE642203C
:1003400069E68020FEF746FD9FE7000004250020B7
:100350006407000003280000F0B58468083015E049
:10036000258D8D4203D1146018600120F0BD264612
:100370001C602036256A06E0AF8B8F4202D1022036
:100380001560F0BD2D68B542F6D124688442E7D1EE
:100390000020F0BD10B50B6A203106E09C8B844232
:1003A00002D10020136010BD1B688B42F6D14120A2
:1003B00010BD000010B5094A094B1268D2189368A5
:1003C000083206E01C8D844202D100200B6010BD73
:1003D0001B689342F6D1412010BD00000425002087
:1003E0006407000030B50F4B0F4D1B6804465B19C6
:1003F00040331B7A412085B09B0710D56B4699810D
:10040000DA81002018820420588203AA04A96D46CC
:1004100007C502231A4601212046FFF7D5FD05B086
:1004200030BD0000042500206407000010B5121D37
:10043000806892B207F08AFC10BD0000F0B57B49DD
:100440007B4A096885B08E18012806D030461830DE
:1004500000900EF035FD0446E5E030462430039070
:100460000EF02EFD0546BAE0A8682F68007B0290CA
:10047000A888FDF7C7FF040073D021882022002040
:1004800007F0EAFB019000286CD0E8886188884278
:1004900004D900220420019B029920E0462000900C
:1004A00002980E284ED00ADC801E030000F093FA5A
:1004B0000B1C13221329132F133813411300162872
:1004C0005AD004DC102846D0122804D14BE018285A
:1004D0005BD01D2872D000220620019B02990FF0EC
:1004E0000FF9002000905CE029462046019A0FF0A9
:1004F00013FA4FE02A4621463046019B0FF03EFC9E
:1005000048E029462046019A0FF040FB42E020696E
:10051000000353D429462046019A0FF079FF39E0B1
:10052000206900034AD429462046019A10F0A4F914
:1005300030E02069000341D429462046019A0FF09B
:10054000D5FD27E02069000338D429462046019ACA
:1005500010F0C8F81EE029462046019A0FF066FE0A
:1005600018E033E03EE02069800327D42946204686
:10057000019A10F0ACFA0DE0206980031ED42946E0
:100580002046019A0FF0F6FC04E029462046019A25
:100590000FF01CFA0090452810D069280ED046288C
:1005A0000CD0012120690906884320610198FEF7DB
:1005B000FBFB0098002809D010E0FFE7002101981C
:1005C00007F0A6FB009845280CD0F2E729460398CF
:1005D0000EF0C3FC0121284607F09AFB3D46002D92
:1005E00000D041E705B0F0BDA0682668077BA08871
:1005F000FDF708FF05000DD0522F01D0D22F06D1F4
:10060000286940030ED42146284610F0CAF928690B
:10061000400307D4214600980EF09FFC012120469C
:1006200007F076FB3446002CDED1DBE70425002002
:1006300064070000F0B55848584A016885B08A1828
:1006400004920922120289180027CD6E95E07E01DE
:10065000A85B00287BD070190090C06900284BD09F
:1006600000990969CA0532D54A0530D58068012448
:10067000A402007BA143009A1D28116139D01B28D8
:1006800037D0009A927B824202D0012802D030E01B
:10069000012806D10098C0698068407B401C8242D6
:1006A00069D1C80509D5A95B022007F023FF00988E
:1006B000FF220169013291430161009881698847F5
:1006C000452816D1009801692143016111E00121FB
:1006D00007F01EFB00980021C1610098012201690A
:1006E000920291430161022211464220009B00F0D8
:1006F00035F9A85B00283ED00498243001900EF014
:10070000DFFB044635E020680390A068AB5B017B0B
:10071000A0881A05120D904201D11D2904D09042E3
:1007200026D11B2932D023E000990969CA040FD4CD
:1007300001221203009811430161A95B032007F015
:10074000C7FEA95B2246022000F078F808E012E01C
:100750006946088102AB02220321422000F0FEF824
:10076000214601980EF0F9FB0121204607F0D0FA4E
:10077000039C002CC7D17F1CFFB207480068A03043
:10078000007BB84200D962E705B0F0BD22461946A9
:10079000022000F09BF8E3E7042500206407000036
:1007A000F0B5944600220A806346104C1A60092373
:1007B00022681B028646D2184120D26E00230FE029
:1007C0005D01AD182F697646374207D06F880E88D5
:1007D000B74203D90F806046056000205B1CDBB286
:1007E0002568A0352D7B9D42EAD8F0BD0425002068
:1007F0007CB50C4605466A4601A9FFF7D1FF0028E3
:1008000001D041207CBD6846E1888088814200D9C2
:10081000E08000980088A0802046FEF7C5FA009886
:10082000012D07D001690822114302229143016181
:1008300000207CBD016949084900F8E7F7B5064684
:1008400090799168C01E82B01746C5B202226846F0
:100850000D31F3F733F8681D03210843401C83086A
:100860001948F10603D53222BF210E400AE0392291
:10087000016852018918497C890602D4002005B01C
:10088000F0BD2F2231070068890E08180121C90226
:100890004018C06C31460DF005FD040011D00398DE
:1008A000A08068460088E080234625722A460721FA
:1008B0003846093307F090F9214630460DF0DEFC4A
:1008C000DCE70720DBE7000004250020F7B506463B
:1008D00090799168C01E82B01746C5B20222684660
:1008E0000D31F2F7EBFF681D03210843401C83081C
:1008F0001948F10603D53322BF210E400AE0392200
:10090000016852018918497C490602D4002005B0CB
:10091000F0BD302231070068890E08180121C90294
:100920004018C06C31460DF0BDFC040011D0039896
:10093000A08068460088E080234625722A46072169
:100940003846093307F048F9214630460DF096FC49
:10095000DCE70720DBE7000004250020FFB50546A3
:10096000012381B016460F46C00603D52422BF20BE
:10097000054000E021220F4928070968800E401831
:100980000121C9024018C06C29460DF08BFC0400FF
:100990000DD0277166713246A01D0499F2F78EFFC3
:1009A000214628460DF06AFC002005B0F0BD072066
:1009B000FBE700000425002010B51C88A418A4B291
:1009C0001C8001235B029C4203D8F2F777FF0020D2
:1009D00010BD412010BD30B47446641E2578641CDF
:1009E000AB4200D21D46635D5B00E31830BC184784
:1009F000F7B5164600241CE000981149001940186C
:100A0000810801988900001942780578120215437F
:100A10008278C07812040006024309481543404218
:100A20000F1829463846F2F76DFF3868854204D121
:100A3000241DB442E0D30020FEBDFB20FEBD00001B
:100A40000000FCEFF0B50E460746002407E03D1914
:100A500000F0CEF82870000A6870A41CE4B2B4421A
:100A6000F5D3F0BD10B5012818D8072916D80C4ABF
:100A7000126813462033187759778007C906000E8D
:100A8000090E01430020074BA03204E08401E41862
:100A9000A172401CC0B2147B8442F7D8002010BD64
:100AA0000425002000010020F0B54F4F04463868AF
:100AB00085B078300D461646002C10D0062C14D088
:100AC000082C0FD0182C0DD0282C0ED02A2C0CD08E
:100AD0002C2C0DD02E2C0ED0D02C47D048E0062D3B
:100AE0000FD045E0102D0CD042E0022D09D03FE0A0
:100AF000012D06D03CE0062D3AD1717989090329F0
:100B00006FD100192A463146F2F7D8FE2C2C26D197
:100B10003078002823D0F3F7BDF8012822D01B201D
:100B20001F304009401C41004118012007F05EF8C9
:100B3000F3F7B0F8012817D01B201F3040094100FF
:100B400041182A484078401AC01EC1B2002007F060
:100B50004DF83868F92240300178114001700020CA
:100B600005B0F0BDFB20DBE7FB20E6E7012D04D05C
:100B7000F3F790F8012804D005E010780DF03CFA66
:100B8000EEE7D12C02D02F2C1ED02AE0082D28D140
:100B9000022231466846F2F791FE0222B11C01A8FA
:100BA000F2F78CFE0222311D02A8F2F787FE022224
:100BB000B11D03A8F2F782FE684683890289818805
:100BC0000088F3F75BF8CBE7012D0AD130780028D5
:100BD00007D0082805D24922396852018918887639
:100BE000BDE71220BCE70000042500200003002020
:100BF00000210B200007026852070DD5026804236C
:100C00009A430260026808231A43026004E0491C08
:100C1000052901DD0020704742689207F7D5416839
:100C2000C907FCD0806880B2704710B5FFF7E0FFBD
:100C30000446FFF7DDFF0004201810BD02490968D3
:100C40006831C880002070470425002010B5044892
:100C5000044B006804220021C018F2F733FE10BDD7
:100C6000042500203907000004E003780B70401CC5
:100C7000491C521E002AF8D1704700003EB50B48AF
:100C800001AA0468694602A8683400F01FF8002829
:100C90000BD06846007AE18801228240114204D0DC
:100CA00069460978019AF0F7EBFF3EBD0425002064
:100CB0000548002100686830017141710268D2085E
:100CC000D2000260C18070470425002070B5144630
:100CD0000D4A136872B668331A79002A01D00125CB
:100CE00000E0002500221A715A7902701878400736
:100CF000400F087018684001000A00F0F5FB206002
:100D000062B6284670BD00000425002003E008708C
:100D1000000A491C521E002AF9D1704710B5F2F79B
:100D20003FFFF2F7B9FFF2F7B5FF012801D1F2F763
:100D30009DFFF2F76FFF04F05FFA10BD70B5184C1D
:100D4000072120680902411800260E77154B4E77BF
:100D50000622FF21C018F2F7B5FD392520686D0184
:100D60004019067120214171F2F794FF012814D037
:100D70001F2021680B4B491988712068093307220D
:100D80000021C018F2F79EFD064B206810330522A3
:100D9000FF21C018F2F796FD70BD5F20E9E7000063
:100DA000042500201E070000F0B5574D07202968D4
:100DB00000020818007F91B080076FD5F2F7D8FDC8
:100DC00001286CD1002406F03BFE0646F2F7D6FD62
:100DD000012800D1032430007ED0392702267F016C
:100DE000012802D002287CD13BE069460220F2F7BC
:100DF00095FE032008A9F2F791FE002C06D1F921F7
:100E00002868C90041180120F2F788FE2868A4214B
:100E1000095CC90701D0002100E010210E4369469A
:100E200011231091F10603D50922BF210E4007E0DE
:100E3000C1194A79920654D58979090651D50722F4
:100E40003107890E09180120C0020818C06C31460C
:100E50000DF028FA070044D0381D3C71402210994B
:100E600036E069460220F2F759FE002C04D0202219
:100E7000FF216846F2F726FD2868A421095CC9070E
:100E800001D0002100E010210E436946092308919A
:100E9000F10605D50A22BF210E4009E029E030E025
:100EA000C1194A7992061CD5C979C90719D00822F7
:100EB0003107890E09180120C0020818C06C31469C
:100EC0000DF0F0F907000CD03C71381D0899202274
:100ED000401CF2F7F3FC00E003E0394630460DF029
:100EE000CDF90720296800020818017FFD22114072
:100EF000017772B6286880224030C1791143C171F0
:100F000062B611B0F0BD00000425002010B500232A
:100F1000F2F76EFE10BD0000F1B51D4C07252068EC
:100F20002D024119097F002690B0890701D53A2684
:100F30002BE0F927FF00C219202100200DF0DDF879
:100F4000002801D01F2620E0402268461099F2F7C1
:100F5000B5FC2068022341190A7FC0191A430A7799
:100F6000694606F077FD002807D020681226401950
:100F7000017FFD221140017707E072B62068403002
:100F8000C1794906490EC17162B6304611B0F0BD53
:100F9000042500200A4610B50146002005F0C6FAD7
:100FA00010BD10B501460022412005F0BFFA10BD6A
:100FB00010B50D4807210068090241180A7F002476
:100FC00093070DD402231A430A7772B64030C179D1
:100FD0004906490EC17162B606F064FD002800D0D2
:100FE0003A24204610BD00000425002070B50546B7
:100FF000002440782646022801D0042803D1F2F7C5
:10100000FBFD00280DD0084839210068490103196B
:101010002A5D5B18641CE4B29A71082CF7D3304641
:1010200070BD1126FBE700000425002010B50A461C
:101030001F2801D9122010BD0146104608F06EFB92
:1010400010BD0000FEB5064602200190B088009059
:10105000B5790321681D0843401C83081348022109
:1010600000688C0208300019377B1122C06C0DF02B
:1010700019F9040017D00098A0800020A771E07132
:101080000146234625812A4630460A3306F0A4FD50
:10109000214601980DF0F2F800240121304606F0B7
:1010A00037FE2046FEBD0724FBE700000425002094
:1010B000F8B5074685880E4810220068D40108302C
:1010C0000226001901233146C06C0DF0EBF8010037
:1010D0000CD08D8001220024CA8030460DF0CEF85D
:1010E0000021384606F014FE2046F8BD0724FBE731
:1010F0000425002070B58AB01D461646002804D08D
:10110000012802D012200AB070BD6A4610706C46E9
:101110000622601CF2F7D2FB10223146E01DF2F7E6
:10112000CDFB05A8102229460330F2F7C7FB68461D
:1011300002F01CFDE7E710B502F006FE10BD00004E
:10114000074A914202DC5242914200DA1146FF22E4
:10115000993251430A1251180A145118081870474D
:10116000FFFF4F00401AC010810040180012704766
:1011700010B50920C00600690002000A00F0B4F9A9
:1011800010BD70B50D460446FFF7F2FF2946FFF784
:10119000D7FF0146204600F001F870BD1FB56A4632
:1011A0003A3010736846029100F038F9002800D0F8
:1011B000012004B010BD70471FB569463A3008736E
:1011C000684600F065F91FBD30B5EFF3108172B6C7
:1011D0000922D2061269FF25821A120214120C4A41
:1011E00091351368AC4208DC0122120690431A467E
:1011F0004032D479DF252C40D471C2010724D209B2
:1012000024021B19DA65034A906081F3108830BD0F
:10121000042500204000004810B50300FFF7DBFB69
:101220003A332D2D2D1E2130332A2A2A2A2A2A2A02
:101230002A2A242424242424242424242424242462
:10124000242424242424242424242424242424245E
:10125000242424272727272727272733FCF7DCFDEB
:1012600010BD06F0ADFF10BDFDF7C0FD10BD00F0D4
:101270005BFB10BD0BF056FC10BD0BF0E5FE10BD86
:10128000F2F7BCFC10BD3A38C0B20428FAD2FFF71E
:1012900092FF10BD0348DF2200684030C179114041
:1012A000C17170470425002070B50B481D210068EE
:1012B000890144182646646008362460E6600025EB
:1012C000A660206929014118304607F02BF96D1CF2
:1012D000EDB20B2DF5D370BD04250020F0B500262E
:1012E00093B0701E0E9042481D2100688901441879
:1012F0000920C0060069374605022D0A72B6A069AA
:101300002146281A0002000A223108F0AFFC616968
:10131000A56140186061364800684030C1798A068E
:1013200063D420221143C17162B6256814E0A86815
:101330006169401A00280ADCBA0001A8761C8550B1
:101340007F1CF6B2FFB2287BFFF766FF03E00E9921
:10135000884200D20E902D68A542E8D12046083080
:1013600000250C901830129018E0AF0001A8761EEE
:10137000C159F6B2204607F0F4F801A8C1590C98FB
:1013800007F0D0F801A8C059007B3A2804D212987F
:1013900012990078401E08706D1CEDB2002EE4D149
:1013A0002068A04217D03D256D04284608F056FC61
:1013B00001460E98814201D8284601E008F0ECFB76
:1013C000A169081800020121000A09064018FFF768
:1013D000FBFE13B0F0BD72B6002005490722096874
:1013E00012028918C8650349886062B6F1E70000F7
:1013F000042500204000004810B504460920C0061E
:1014000000690002000A00F06FF8A168FFF798FE7B
:10141000A060204600F002F810BD0000F8B51B4D9A
:1014200006461D21286889014418317B481E3E2844
:1014300001D34220F8BD2046A2680830824205D080
:101440003A2905D22021095D072901D36420F8BD7E
:10145000694607F079F8102231460098F2F72EFA23
:101460002046009907F05EF80098007B3A2803D2E6
:1014700020342078401C207072B62868DF2240306B
:10148000C1791140C17162B60020F8BD0425002069
:1014900070B5144E1D22316892018D182C681DE024
:1014A000017B227B914218D12146284607F059F84A
:1014B00028462146083007F035F8207B3A2803D229
:1014C00020352878401E287072B63068DF22403000
:1014D000C1791140C17162B670BD2468AC42DFD1E0
:1014E00070BD00000425002010B507491D220968C1
:1014F00092018C18A169401A0002000A08F0AEFBA4
:101500006169081810BD00000425002070B50E4662
:10151000054601462022002006F09EFB040023D051
:10152000284600F06BF8050027D02879B04224D176
:10153000A87880071FD4A06801210173A06800214A
:101540004673A06802268673A068C173A068017400
:10155000A06841740620E0802146052000F0BEF915
:10156000002803D0412509E064250BE0A87830432A
:10157000A870002506E0462500E04225002120460F
:1015800006F0C6FB284670BD7CB514460D46002803
:101590001ED1052D02D00B2D07D011E062792179E3
:1015A0006088A31D0BF0F4FC0AE021461231881F6D
:1015B00001910090627921796088A31D0BF0FFFCF6
:1015C00021462846FEF7EEFB2146284600F0B4FAF5
:1015D0007CBD70B505460C46002000F00FF80028D1
:1015E0000BD02905090D018000218170002C01D14B
:1015F0000821817001210171C17070BD30B50246B2
:101600000A4801230068DB020021C318A030047BD4
:1016100007E0586B0D0140190588954204D0491C1C
:10162000C9B28C42F5D8002030BD0000042500204E
:1016300030B50A49012309680246DB020020CB18B5
:10164000A031097B07E05C6B050164192488944292
:1016500003D0401CC0B28142F5D830BD0425002023
:101660008068017A407A0002081880B27047000052
:1016700070B50023134A1DE00125ED024019190140
:10168000466B0024C81C345410684019466B081D72
:10169000345410684019406B445210684019466B2E
:1016A00008460830345210680C314019406B5B1CFE
:1016B0004450DBB21068AC21095C9942DCD80020B0
:1016C00070BD00000425002010B5024688680C4655
:1016D000817AC07A0002081881B2E088001FE08099
:1016E000042909D005290CD006290FD00121204654
:1016F00006F00EFB002010BD21461046FEF744FA0E
:1017000008E02146104600F03FF903E0214610466C
:101710000BF02AFA0028EED0E188091DE18010BD07
:10172000F3B581B00D4600268888FFF767FF0700F4
:1017300056D0287B3C46083400900228F86833D005
:10174000002845D0E888002810D021884018208043
:10175000284606F057FA01466068806805F0D8F818
:101760000120616806F00EFA0020E8802088042835
:1017700028D36068FFF774FF001D218880B2814282
:1017800026D881421BD16168C88061680198FFF743
:101790009BFF0146002000290ED06168A94201D1BB
:1017A0006060208045261FE0002801D04526DDE747
:1017B0006560E8882080D9E7606020800BE0452ED6
:1017C00006D008E0452E06D1384600F0C7F90BE0F8
:1017D000384600F0C3F9002E06D10098012803D145
:1017E0000121284606F094FA3046FEBD024610B5A7
:1017F0000020002A05D0012A02D11046FFF790FFF1
:1018000010BD1046FFF760FF10BD70B50546801E85
:101810000C460300FFF7DFF80A0C1D1D06170B0B23
:101820000B0B060B0A4620782946FFF7ADFE70BD6C
:101830002846FEF7B7FA60880BF0F2FA21462846F0
:1018400000F07AF970BD4A890888A11C0BF0E0FB12
:1018500070BD6288097828460BF002FB70BD00005D
:10186000F0B585B0FFF7E4FE1B4D04462868A030B4
:10187000007BA0422DD92046323069460873684665
:10188000FFF706FE01262868F6028019426B002148
:1018900024011153286827468019426BE01C11541B
:1018A00028680C378019426B201D11542868801954
:1018B000406BC05900280CD0012106F029FA296894
:1018C00000208919496BC85129688919496B083466
:1018D000085305B0F0BD00000425002010B50C46EB
:1018E0000146042805D0052903D0062901D050203F
:1018F00010BDA068A2790272E088020AA068427254
:10190000A0688172A068090AC172E088001DE080A9
:101910000220207320460DF015FA0028E8D0E08858
:10192000001FE080412010BDF8B5323801060220CA
:10193000144E009001253068ED020C0D421939213A
:101940004901526B4118C97B175B012349070CD52C
:10195000083040191E220221C06C0CF0A3FC0100CB
:1019600003D08F8000980CF089FC31680020491961
:101970004A6B211D505431684919496BE41C0855C4
:10198000F8BD000004250020F0B50D468DB0002103
:101990000A91A96800280F7B02D0012822D0C3E059
:1019A000A888FFF745FE624E04463068A030007BF1
:1019B000A04215D9122F08D15E480290204632303D
:1019C000694608736846FFF717FD01203168C002B9
:1019D0000818406B210140188178FD221140817068
:1019E00000219EE0A888FFF723FE06465048AC225F
:1019F0000168525CB24218D90120C0020818406B3D
:101A000032018418A278100710D5122F10D1500778
:101A100010D4A9882A46422000F0CEF8A0780421EC
:101A20000843A070A868407B207179E0132F0AD08A
:101A3000012F41D0A868417BA888FFF767FD0A9075
:101A400000286DD070E0A868E778437BBB4267D17F
:101A5000520765D5027C407C01230002101887B232
:101A600042200490A8880690392040010818C07BC5
:101A700080070FD5D802083108181D22C06C0499C0
:101A80000CF010FC010005D0069A8A80CF800498E3
:101A90000CF0F4FBA078FB210840A070E078401C1B
:101AA0000006000EE07001D10120E0706846323679
:101AB0000673FFF7EDFC33E0100731D4A868E17836
:101AC000407B88422CD150072AD5FB200240A270CF
:101AD000E078401C0006000EE07001D10120E070AB
:101AE000684632360673FFF7D3FC1148202200689F
:101AF0009101083040184224AE880223C06C214670
:101B00000CF0D0FB01000BD0A868437B877BC07B27
:101B10008E80000238188B71088120460CF0AEFBD5
:101B20000121284606F0F4F80A980DB0F0BD000037
:101B3000042500203075000010B5022809D00528C2
:101B400001D00B2808D1084609794088FFF741FDEC
:101B500002E04888FFF784FE002010BDF8B5054676
:101B6000807810210843A870422000901148C901D4
:101B7000006801270830401802263B462122C06C2D
:101B800000990CF08FFB04000AD027716671324671
:101B90002946A01DF1F792FE214600980CF06EFB3D
:101BA000E868002805D0012106F0B2F80020E860BE
:101BB0002881F8BD04250020F7B504230446C1069A
:101BC00022481546006803D52222BF210C4006E0BA
:101BD000392149014118C97BC90732D01F22210789
:101BE000890E08180121C9024018C06C21460CF06A
:101BF00059FB010027D0AA68081D577BD57B937B32
:101C0000BE462D025F19557C137C2D025E19D57CD2
:101C1000937CBC462D025D19577D137D3F02DB1975
:101C2000977DD27D1202BA18019F07807746877090
:101C300067468780C68005814381828120460CF0FB
:101C40001DFB0020FEBD0720FEBD00000425002076
:101C5000FFB50746464881B000880D464549092230
:101C60000968120240078A18400F926E6023584399
:101C7000141841480E18F2F70DF8002822D0142D40
:101C800004D0152D20D0072D59D05CE021460398B3
:101C900003F0FFFA012120698904084321464031FD
:101CA0002061087F022210430877820609D56279F5
:101CB000520852006271DF2210400877002F4ED187
:101CC00051E0012005B0F0BD25464035287FC00712
:101CD000F7D02146039803F0DCFA204603F0B0FA6F
:101CE000002825D0A888E988884200D30846E881E2
:101CF000698AA88A814200D2084668832A8AE98ACA
:101D00008A4200D2114629836A882889824200D2F9
:101D10001046C9080E3989B26881884200D3084646
:101D2000A8810498006801214906084304990860C5
:101D3000287F400840002877002F10D113E0039837
:101D4000C078142802D0002005B0F0BD4034207FB8
:101D500004214008400008432077002F03D00820CA
:101D6000C036F073ADE70820C036B073A9E70000B5
:101D7000C00000200425002058080000F8B50926FE
:101D8000F60631687A487B4A816013687A4A9D1862
:101D90000022027042708261C261027142718271DE
:101DA000764A1288F4145207520F82701C19602769
:101DB000A46E5743E719724C92011219C760026171
:101DC000BA78C27057077F0F8803800F7ED16B4AA5
:101DD000188E50806B48664C01409013814204D1AC
:101DE000FFF758FAA0683060F8BD05F021FE002822
:101DF00007D160480088503081B2012000040818E3
:101E0000F0605C49002009684031C871E168C8731E
:101E10005D49B80008588047A068002806DA05F038
:101E200007FE002802D1A07803F036FC012F04D071
:101E3000022F19D0052F17D03FE0A068C0013CD574
:101E400005F0F6FD002838D1A0684003287E05D4AF
:101E5000022832D06079002809D02EE0022806D06E
:101E6000A079012803D028E02078012825D148480E
:101E700046490160232141606421684601706A4639
:101E80001078401E1070F068C00302D5107800284A
:101E9000F5D110783E4882B2012000041018F0609D
:101EA0006846017069460878401E0870F068C003F3
:101EB00002D508780028F5D10878206900902946D5
:101EC000A369E268E06903F081FE00E033E029469F
:101ED0002369E268E0690FF081F8207801282AD1AF
:101EE000E068006A002826D00068002823D0002778
:101EF000C17C0568C9091CD0E268116A814208D119
:101F00000B6813620F60E1680A6A002A0ED14F6203
:101F10000CE00A68824203D0114612688242FBD16B
:101F20000D60E268536A834200D15162002105F0DE
:101F3000EFFE2800DCD10E4C2089000401D5FFF70C
:101F4000A9F9A2681349D00306D50A4802240068FB
:101F50004018836B23438363900306D5054804230D
:101F600000684018816B194381633260F8BD00003E
:101F7000B82400200425002058080000C0000020DC
:101F8000CC0000200080FBFFE0240020022301029F
:101F9000D824002000080000CA6802608A684260F5
:101FA0004A6882600968C16070470000F8B50C4655
:101FB000CA88098A4030521A8089102695B2A842F0
:101FC00005D20546E07C4006400EE07403E0206840
:101FD000002800D10026002904D1207B800701D5EC
:101FE000022000E00120CF060643FF0EE81982B26E
:101FF0000E48A1690368092000021818406F001DEF
:1020000004F08FFC60610948A57401680920000292
:102010000818416FB81C0E540448016809200002DA
:102020000818406FFF1CC555F8BD000004250020AE
:1020300018B40168184ACB6813608C680123546097
:102040004C6894600968D1604168144ACC68146097
:102050008C6854604C6894600968D16064216A4659
:1020600011700922D2066C462178491E21705169EF
:10207000C90402D421780029F5D122782270084AB7
:102080008168D4680C6094684C6054688C601268F5
:10209000CA60037318BC7047180000482800004845
:1020A0003800004803480249C16003494161704754
:1020B00051330510E02400208D240510F0B5EF48C1
:1020C000EF49006895B04418EE4941180391EE4974
:1020D0008968CA017ED54A03EB4909697BD4C8895E
:1020E0000122520780184088851888898018408806
:1020F00006A9871828780607360F284606F00CFC34
:10210000E1488068002867DA022012AB032E02D073
:10211000052E69D07AE1DC4EF178C9065CD5012143
:102120007171D6490968E031097C002921D008A9DC
:10213000087003980C90099510A80E900A970B93BD
:102140000D940846F1F728FD30713079012843D00D
:1021500001200006B0613069018A20468030026AA1
:102160001180018C30690182817A80221143817251
:102170004CE104A9284606F0C5FBA81C01460A78D4
:102180006B7910464A78120210438A78C978120493
:10219000104309060843297800024906C90F08437D
:1021A0001946AB792A7A1B021943EB7912061B04F4
:1021B00019431143090202F055F90499226891422A
:1021C000C3D1059962689142BFD1012806D0F07849
:1021D000400602E049E19FE088E002D5002030712E
:1021E000B6E70120307111E1A749C97809077DD50B
:1021F000012600210922D2065160A0490968E03178
:10220000097C00292ED008A9087003980C90099524
:1022100010A80E900A970B930D940846F1F7BCFC9A
:1022200001469948017110A8F1F71CFD01286DD0F5
:10223000954E3079012869D03069009006AB21466F
:102240002846F26806F072FB8C49002009682031AC
:10225000C8742046C030C17BB278914246D1082173
:10226000C173D3E00027089704A92846099706F010
:1022700049FBA81C01460A7810464A78120210430E
:102280008A78C978120410430906084329780002A5
:102290004906C90F084308906A79297A1046AA7935
:1022A000090612021043EA7912041043084300029F
:1022B000000A099008A8F1F7D5FC012800D10026F2
:1022C00009980102089802F0CDF801466E480122F3
:1022D0000271049A23689A4216D1059A63689A4259
:1022E00012D1012904D0C178090600E08EE00BD597
:1022F000C178890607D50699A268914204D1079949
:10230000E268914200D10771002E91D1A420015BB7
:102310005D480069018279E05B4A8B89A021095BF5
:1023200089B28B4201D101219171232149014118C8
:102330008979524D012969D1112189014218927D73
:10234000FF2A63D037214A431218FF3241320394E7
:10235000507B002836D11321C9012E6813787618D6
:10236000B76806462A36BB552E68521C7618B768E1
:1023700006465236BB552E687618B76806467A363A
:10238000BB552E687618B7680646A236401CC0B208
:10239000BB550628E1D328684022401881682031C7
:1023A0000B7A13430B72816840310B7C13430B741F
:1023B000816860310B7E13430B768068A030017812
:1023C000114301700398007E012819D1112128685A
:1023D00089014118897D372251430918FF202F3088
:1023E000405C00280CD10398FF31406B4831083025
:1023F00001F0AEFB03988022406B0178114301701D
:1024000023212A6800204901511888711E48036958
:10241000997A090629D51D8A22468032918C89B283
:102420008D4222D12F21158A095DD97200210923FD
:10243000DB065960FF23691E5533994200D811828B
:10244000002D04D101218161807804F051FF0B48F7
:102450004921006849014018407E002802D001202F
:1024600007F034FD01200CF0B1FD074880684003FF
:1024700002D5204606F00EF915B0F0BD0425002067
:10248000580800003C090000B8240020F0B5FF48BF
:10249000FF49006801254418FD21C9004318FD4982
:1024A000ED0308468A68C06883B0AA4204D0856AF2
:1024B000AE7AEE273E40AE72D70100260125002FEE
:1024C00052DA570336D4570104D50922D206566092
:1024D0000D7021E0570012D5C278521E1206120E5E
:1024E000C27003D10922D20656600D7042791706D8
:1024F00012D55206520E4271826942610CE0E64FDB
:102500003A4203D022221555826942610279C27093
:1025100042795206520E42710927FF06DB6B3A6977
:102520009A1A130201221B0AD20593421CD90D707C
:102530007E6019E00A699389012252079B185B8823
:102540009A18436B93420AD19278142A07D1024613
:1025500040321346127FDF273A402A431A7701227E
:102560000369D20393430361CA498B68590213D5A7
:10257000C8490A69978901225207BF187F88BA188B
:102580004A61416B914207D191780D2904D1012212
:102590000169120491430161002B6FDAB4210959DA
:1025A0004A8801214907BB4F5118F9610921C90621
:1025B0004969C90DC90707D009207D70C00646606A
:1025C0003D70B648B861E4E0008A80040AD5F1F7AE
:1025D00061FB01282FD01C22F9694878024201D002
:1025E000001F4870AB49C869C96802788B6A5F8868
:1025F00001235B07FB181B781343DB0604D4A54BB0
:102600001D700923DB065E60D243920715D008696E
:10261000A04FC00377D5F1F73DFB012874D01F20F0
:10262000F969497808426ED009207D70C00646607D
:102630003D709A48ACE0FC22CEE7877843783A4672
:102640009C461A2F72D2964B9A5CFF2A6ED0624536
:102650006CD1042F13D0052F16D0062F2BD0022FAC
:1026600032D00D2F37D00A69D3033BD589480921D1
:102670004570C9064E600570884931E089E0894A95
:1026800008691043086184E0824908690670467150
:10269000467086718670C671C6700672802202719D
:1026A0004672C96801230A695B021A430A61C17D47
:1026B0000822114334E041230A699B029A430A61CC
:1026C0000121744889030BE0496B72480D60C068B2
:1026D000272141715DE06F4801228169D2051143D4
:1026E000816156E00B2F10D00E2F1BD0092F1ED06A
:1026F0000C2F20D002466C4B39460020F1F7BAFA75
:10270000002846D12CE03BE038E0684B61481A4392
:102710000523DB029A430A610069C17DF72211405B
:10272000C17536E0102002430A6132E020E0012149
:1027300009035848D4E797070423002F07DA554FB9
:10274000BB6102239A430823CE273B5500E01A437E
:102750002A430A610522C01C2C31FEF785FA18E0D5
:102760004C480822C068016911430161C77110E03B
:102770000869082210430861CF710AE0FF204FE783
:102780002146FB683A69F8690EF022FDB9690843F1
:10279000B861404AD0681169076A8B8901214907ED
:1027A0005B1800935B88591800235161019392686C
:1027B00011239B041A421ED153011CD4436B8B423C
:1027C00001D0012300E000230293884201D00123BD
:1027D00000E000239C46002F0DD0029B002B0AD066
:1027E0006346002B07D0FB7CDB0904D03B68002B41
:1027F00001D001230193520202D4019A002A72D01F
:102800004279930701D5002F17D052085200436B2D
:102810008B422BD14271D2060BD51E4A557009222C
:10282000D20656601B4A224B157092691A43194B07
:102830009A618978152903D04AE02A434271E6E774
:10284000014640318C460A46097FFD231940117725
:102850000A073DD50F4A012392695B061A430D4BC7
:102860009A61F72211406246117731E081422FD000
:102870003A8ABB7C0021D2183A827A69BA61BE7466
:102880003A8AFB889A4217D2FB7C13E00425002089
:1028900058080000B8240020000040800880100084
:1028A000DC44061000010100D02400208054010007
:1028B00008800100DB0902D03F68202104E0D20635
:1028C00002D1BA691268BA619F4A9369194391614A
:1028D00001690291002101914179C90704D09A4907
:1028E000406B48612EE048E0002F06D00CF0D8FA8B
:1028F000002802D1029840050FD59348C168416174
:102900008068002802DB1120088000E00D80012291
:102910000869D2031043086114E0012001908B493B
:10292000387C096809221202C0068918C00E496F56
:10293000801C854A40185061009948803946D0680B
:10294000FFF734FB804F8121F86889010069084254
:102950000AD0F1F79FF901280AD01F227969487837
:10296000024201D0001D48700198002802D004E006
:10297000FF22F3E70099B88A4880734F21463B69EC
:10298000FA68F86905F0FEFD387801287ED13B46EB
:10299000D8681B69417980229A7203894022125AB1
:1029A0005B1C0381234620339F785200002F02D105
:1029B0004769BF1A476100269E70836A9E7A112775
:1029C0003E439E722646604BC036B77B9B789F4243
:1029D00009D173899A1A728105D55B4A5C4F55708B
:1029E00093693B4393614369574A002B04DC55705C
:1029F000584F93693B4393618B060AD54B0705D427
:102A00005570554B91691943916102E0FB231940C0
:102A100041710179C1708179C90742D02746403799
:102A2000798E0089081A012180B2C903884205D332
:102A300045484A4A45708169114331E0002830D148
:102A4000474800884007400F04F02CFC00903E48A7
:102A50004022C0688179490849008171317A49086A
:102A6000490031729C21095B1152FA8D798D120552
:102A7000120C944682898A4205D18369634502D14A
:102A8000009A002A07D0304A402600E05AE09369B5
:102A90003343936101E00822B2738181F98D09010A
:102AA000816129482F4FC1688A79930728D57623F9
:102AB0001B5B0E899B1B01269BB2F603B34205D319
:102AC0004570264A8169114381611CE0002B17D1B2
:102AD000FD231A408A7180220169125921310A703E
:102AE000130A4B70130C8B70120ECA70603401699C
:102AF000A27E20314A710122816952051143816110
:102B00004178002912D0C068002181700920C006D8
:102B10004160134800884007400F04F0E9FB0B4870
:102B20000168C819407E002806D108E007480168FE
:102B3000C819407E002802D0012007F0C7F9012003
:102B40000CF044FA03B0F0BDB824002004250020A6
:102B50000880400008800400088002000880080007
:102B6000C000002020090000F0B5FF4885B00168D2
:102B7000FE480C18FE4EB168C8017DD52046803055
:102B80000090806B827AEE231A40827230464A03AC
:102B90000125C068002A42DB4A0105D50020092131
:102BA000C9064860357036E04A0012D5C178491E22
:102BB0000906090EC17003D10922D2065160357091
:102BC00041790A0627D54906490E4171816941615B
:102BD00021E0E84A11420AD022462032957049028B
:102BE00002D50321917000E09570816941610179FE
:102BF0002246C17040329179002908D00921C906C6
:102C00008968A16400210223E1649377A165417979
:102C10004906490E417100204621085543E03169BB
:102C20008A890121490752185288436B52189342EE
:102C300013D19378142B03D09278042A08D00CE097
:102C4000034640331A7FDF273A402A431A7704E0CD
:102C5000012302699B021A430261806A408840187E
:102C60007D210078095D0843C00606D400200921B3
:102C70003570C906486010E07CE2606D06F08CFF9C
:102C800001460920C0060269236DD21A1202120AF7
:102C9000914202D2357000214160F0680122016941
:102CA000D20391430161B168480213D5306980892C
:102CB000012252078018408880187061F268536BB7
:102CC000834207D180780D2804D1412310699B02EB
:102CD00098431061002948DA0098806B41880120F0
:102CE0004007A34F0818F8610920C0064069C00DCD
:102CF000C00707D0002009217D70C90648603D70DB
:102D00009D48F3E0F86841210069490108420AD072
:102D1000F0F7C0FF012829D01C22F86941780A4247
:102D200001D0091F4170F8697D2201781155C9430E
:102D300089071DD0F8680069C00370D5F0F7AAFFB5
:102D400001286DD01F20F9694978084267D000201A
:102D500009217D70C90648603D708748B861F868F0
:102D60000121026909048A430261C0E0FC22D4E720
:102D7000867841781A2E76D2804A925DFF2A72D0E8
:102D80008A4270D1022E15D0F9684A79D2065BD4F6
:102D9000062E16D00A69D30328D5002209237D7098
:102DA000DB065A603D70744ABA6101200A6900046A
:102DB00082435CE0F868406B0560F9682320487145
:102DC00095E00122B86992031043B8616C4A086922
:102DD000104015225202104308612046C030C17BCA
:102DE000BA78914230D10821C17380E0002E18D00A
:102DF000012E2AD0032E2DD00A2E35D00B2E38D0FE
:102E0000082E39D0092E3AD00C2E3BD002465D4B0D
:102E100031460120F0F72EFF002868D14BE05DE03D
:102E20005AE00A463E46214605F0F5FEF0698179F2
:102E3000C079000208435449400240185349896A46
:102E4000814200D80846606551E00A46214605F0F7
:102E5000CBFE4CE0BB698026334341200004024393
:102E6000BB610A6143E028E08920C00105E00A61F6
:102E70003DE047480240FAE710200243F7E701210E
:102E8000090327E03B4697070426002F08DA9F69CD
:102E900037439F6102239A430823CF26335502E02C
:102EA000D30700D132432A430A610522C01C2C31CA
:102EB000FDF7DAFE1BE0072E06D0F868082201694C
:102EC00011430161C67112E0F969C9780E290ED16A
:102ED00001218906B9610AE0FF2034E72146FB6839
:102EE0003A69F8690EF074F9B9690843B861204B82
:102EF000D8681969066A0F8A01225207BF1801971C
:102F00007F88BA1800275A6102979B681127BF046F
:102F10003B421ED15F011CD4476B974201D0012771
:102F200000E000270397904201D0012700E000272E
:102F3000BC46002E0DD0039F002F0AD06746002FFD
:102F400007D0F77CFF0904D03768002F01D0012794
:102F500002975B0202D4029B002B78D043799F0733
:102F600001D5002E20D015E00425002058080000CF
:102F7000B82400200000408008001000DC44061047
:102F8000DFFBFEFFD02400209AFDFFFFE0020020BF
:102F9000BFFFFEFF5B085B00476B974243D1437165
:102FA0009378042B05D016E02B431F462F4347711F
:102FB000F2E72346C033DF7B082F05D1DC4FBF7813
:102FC000DF737D277F029F81D94B01279B69FF0615
:102FD0003B43D74FBB614379DB060CD5D44B092764
:102FE0005D700023FF067B60D14BD24F1D709B6943
:102FF0003B43CF4FBB619278152A32D10746403709
:103000003A7FFD231A40BC463A77130729D5C84BAF
:1030100001279B697F063B43C54FBB61F7231A40DD
:1030200063461A771DE082421BD0338AB77C0022A8
:10303000DB1933827369B361B274338AF788BB4298
:1030400002D2F77CFF0903D03668202205E068E051
:10305000DB0602D1B3691B68B361B54B9F693A4384
:103060009A6142790027D20717D0B14A436B536166
:103070009A78052A3BD1026920231A430261002075
:1030800008704871487088718870C871C87008727B
:10309000087148728020487229E0002E0AD00BF097
:1030A000FFFE002806D1A2483322C16852010969F7
:1030B000114209D09E490122C86848610580016912
:1030C000D2031143016112E09B4A317C126809234B
:1030D0001B02C906D218C90E526F0127891C891814
:1030E0004161019A51803146C068FEF75FFF904E02
:1030F0002121F0688901006908420AD0F0F7CAFD71
:10310000012809D01F2271694878024201D0001DB0
:103110004870002F02D004E0FF22F4E70199B08A42
:103120004880834EF26810694106890F13D08006EB
:103130003178C00F012902D0B16849031CD500289D
:1031400004D03069C17D0823194303E03069C17D93
:10315000F7231940C17521463369F06905F012FA69
:10316000307801280BD000997448896B0322091D1F
:10317000FDF7CCFD05B0F0BD0028E7D1E1E76C48D4
:103180000121C26800695379C67A01962026365C0F
:1031900000278772204620300290807803281CD1B7
:1031A00097796348002F18D19F06BF0F15D1624F42
:1031B0003F682037FF7C002F0FD1176A002F0CD1FA
:1031C000CF273F5D8078874207D09089411C7043AC
:1031D000019E89B2801980B201904020805A1689E0
:1031E000400048437118118102998978002902D161
:1031F0005169091A51610099896B8E7A11273E43F2
:103200008E7226464A49C036F77B89788F420AD1AA
:10321000B189091AB1810FD54549494F4D708E6961
:103220003E438E6108E056694149002E04DC4D7032
:10323000444F8E693E438E61990605D53C49424E06
:103240004D708B6933438B6111792746D1704037BC
:10325000BD71E16C80B20818E0649079FB210840F0
:10326000334E9071C00717D0B88E1189401A0121D2
:1032700080B2C903884205D375703449B0690843E8
:10328000B06109E0002807D101230021204605F0A4
:103290001FFAB1690843B061F06881798A0723D5C4
:1032A0003A8F0389D21A521C012392B2DB039A424D
:1032B00005D375702549B0690843B06114E0002A50
:1032C00012D1FD2211408171306900992130496885
:1032D00001700A0A42700A0C8270090EC1706034D3
:1032E0003069E17E20304171019806F039FC316986
:1032F000C8720298002787707078002802D0B078D2
:1033000003F0F6FF0C4C582120680D544921490167
:103310004018407E002802D0012006F0D7FD012091
:103320000BF054FE20684030077605B0F0BD000079
:10333000B82400200800010004250020FA00300015
:10334000088040000800040008000200080008008F
:10335000F0B599B001200E90FD48FE490068FF4E7F
:103360004518FD21C9004418FB4947180121109157
:1033700000210F910497F949B2680969D30116D564
:10338000530314D5B8680A8A80B282420DD10091E5
:10339000386A00232946F2680DF0C6FFC035A87BC5
:1033A000B178884201D10820A87319B0F0BD002A75
:1033B0007EDACA8901235B07D2185288D6182A46BA
:1033C00020320D92D278022A73D033781B071B0F5C
:1033D0001193012A05D1022B03D0012B01D0042B1C
:1033E00054D101220F9200228A72FA684A82FA6846
:1033F000927AE36B94460922D20612699A1A130252
:1034000001221B0AD205934238D900220923DB0688
:103410005A60049A9446D268927A49235B01C01894
:103420000790807E00280BD060460123C0681A43B5
:103430008272C87A84462438C0B2032806D006E0D7
:10344000112002436046C06882721CE00020079A87
:103450000123927E83401A42049209D1401CC0B2DB
:10346000032800D100200123049A83401A4202D08D
:103470002530C0B284466046C87204E06046EE2142
:103480000840F9688872284605F004F9B048F02130
:103490000068095C002905D1232149014118097AF6
:1034A000002922D01321C90140188068002101E0C1
:1034B0006AE22CE16A461173059016A806900496FC
:1034C00014A809900797089503A8F0F765FBA3498E
:1034D0000871A248007901287ED0119804280D981F
:1034E000C0787AD0012879D0FBE030780AA90007AB
:1034F000000F0990304605F00FFA04A9304605F098
:1035000001FAB01C01460A7810464A7812021043AC
:103510008A78C978120410430906084331780002FA
:103520004906C90F084306907279317A1046B2797C
:10353000090612021043F2791204104308430002F4
:10354000000A01020790069800F08CFF0146834AAA
:10355000002010710998032804D0052802D0012802
:1035600004D00BE07D4A0120107107E004982A681E
:103570009042F7D105986A689042F3D10D9800798E
:10358000002804D0002902D174490120087109984B
:1035900004289ED16E4801681320C0010818806875
:1035A000082142181378194653781B02194393785F
:1035B000D2781B041943120611430B020178C01C78
:1035C000C9090B43082141180A7810464A781202AB
:1035D00010438A78120402E0ACE192E010E0C9786E
:1035E00010430906084300020699000A994203D1D4
:1035F0000799814200D16CE7584901200871C0E168
:103600000AA9304605F088F9514813230168DB0107
:10361000C81880680B9A0178D2034906D20F490E68
:10362000D201114301704A4806220168C818816816
:103630000AA80831FDF718FB4548F0210068095C2D
:10364000012905D0232149014118097A002927D0F1
:1036500011239B01C118097DFF2921D03722514335
:103660000918FF314131497B012919D01321C901C2
:1036700040188068402302781A43027034481122AF
:103680000068920182184118127D37235A4310189E
:103690008968FF3006224130891CFDF7E5FA20E0F9
:1036A0001323DB01C0188068BF22017811406A68CB
:1036B000D203D20F92011143017025480168C81846
:1036C000816828688870020ACA70020C0A71000EAC
:1036D00048711F480168C8188168A8888871000A65
:1036E000C87101211D48890281610D98C0780128A7
:1036F0007ED1119802287BD0012879D0002010902B
:10370000A0E0012875D1C1021448816139E1F0219E
:10371000095C002905D1232149014018007A0028BD
:103720001ED00120694608730020059016A8069057
:10373000049614A809900797089503A8F0F72CFAA7
:103740000649087114A8F0F78DFA012878D079E0BD
:1037500004250020580800003C090000B82400207F
:10376000307806A90207120F3046139205F0D4F8FC
:1037700004A9304605F0C6F8B01C01460A78104688
:103780004A78120210438A78C97812041043090655
:103790000843317800024906C90F0843089072793E
:1037A000317A1046B279090612021043F2791204F6
:1037B000104308430002000A01020990089800F033
:1037C00051FE844638697969AB4B00221A71139A0D
:1037D000032A15D0042A13D0052A11D0022A0FD0AB
:1037E000062A0DD00D9A1279002A0CD0604601E00D
:1037F00028E02BE000280CD0139801280CD017E00B
:1038000001221A71EEE7069A824202D10798884295
:10381000F2D001201871EFE704982968884203D19B
:1038200005986968884203D001201871A9E007E073
:10383000187901287ED008A8F0F714FA012801D1E0
:1038400000200E908C480079012874D00D98C07823
:10385000022870D10E9800286DD0B8688649096991
:103860000882386A0590801C04900920C006216CEB
:103870008068081A0002071280480068806A039076
:10388000874209DAA06906F087F9C719208C401C25
:10389000208403988742F5DB384606F0DFF9C00143
:1038A000040C059880210078744A430630785B0E3A
:1038B0004000084003430598F02103701068095C3C
:1038C000012905D0232149014118097A00293BD05B
:1038D0001121890147187F7DFF2F19D037225743C7
:1038E0003818FF304130407B012811D0402003437D
:1038F00005980370614800684118497D51430818D4
:103900000599FF3006224130891CFDF7ADF91BE017
:103910000498296801700A0A42700A0C8270090E24
:10392000C1700499A8880871000A48710598BF21E0
:10393000007801E025E021E008406968C903C90F6B
:1039400089010843059908700AA9304604F0E4FF8C
:1039500005980A9901720A0A42720A0C8272090ECB
:10396000C1720B990173090A41738475210AC175EB
:103970000A9828610B98686119B0F0BD109800286A
:10398000FAD00F98002845D13B4800210269917276
:10399000F8685082F868817A0920C006E36B0669EE
:1039A0009B1B1E020123360ADB059E4238D90021EB
:1039B00041603248036832481818C168897A49263C
:1039C00076019B199E7E002E0AD00126C0683143E5
:1039D0008172D07A01462439C9B2032905D005E0A5
:1039E0001122C0681143817211E000219B7E37468D
:1039F0008E40334208D1491CC9B2032900D10021AD
:103A00003E468E40334201D02531C8B2D07228469E
:103A100004F040FE0925ED066868002804D011E096
:103A2000EE200140F868DEE71448016849204001B3
:103A30000818407E002802D0012006F047FA012035
:103A40000BF0C4FA206C29690126401A0002000A12
:103A5000F605B04290D3A06906F09EF8216C40189C
:103A60002064218C491C21842969401A0002000A23
:103A7000B042F0D219B0F0BDB824002004250020D7
:103A80003C0900000A480B49006840180921C90692
:103A90000A69026500228030406A82720868002844
:103AA00004DA0548C1680889401C08817047000095
:103AB0000425002058080000B824002010B516483E
:103AC000164900684418A4200059817A4908490021
:103AD0008172F0F7DFF8012814D0FF20013006F0E2
:103AE0005BF8216D40180002000A2065012149069B
:103AF00040180921C90648600948C1680889401C66
:103B0000088110BDE06C06F047F8216D40180002F6
:103B1000000A2065EAE7000004250020580800009C
:103B2000B824002010B500200921C90648600748C4
:103B30004921006849014018407E002802D0012038
:103B400006F0C4F901200BF041FA10BD0425002055
:103B50000A7802704B7843708A788270CA78C27093
:103B60000B7903714A79427170470000F0B58DB04E
:103B70000026574D0446069607960896099628682B
:103B8000E030007C012803D101F0FCFA012811D0BB
:103B900029680020E0314874E01D0B94029017342E
:103BA000059400200B9900F083F90646FF2804D005
:103BB000002003E00C200DB0F0BD07200A9028681B
:103BC000F100444A0918891803912F21490140182E
:103BD0000C9070087F285BD000F024FB0746F009AA
:103BE00003D07F1E7606FFB2760E37202968784311
:103BF00044180398FF34C77103201B340B9900F05D
:103C000027FB01460020FF22A070E2702670FF29EA
:103C100006D00122A270E170CA000C995118CF7130
:103C200026460121203671750746B075102206A977
:103C30000298EFF74BFE00280BD01022201D0299AE
:103C4000EFF73CFE21462C31201D01F05FF827756F
:103C500001E001202075102206A90598EFF736FE35
:103C600000280DD020461530102205990390EFF75B
:103C700025FE21462531039801F048F8F77401E04C
:103C80000120F0746178012000F020FAFF206070BC
:103C9000104E0024F836371F0EE0E1000818811995
:103CA0000022029801F018F8002803D121460220D2
:103CB00000F00CFA641CE4B22868C1190978A1422A
:103CC000EBD829680120E03148740A9873E70000B6
:103CD000042500206C040000F1B5194D002128686E
:103CE000E03041740320009900F0E2F80127044617
:103CF000FF281ED000263046009900F0A9FAFF28C0
:103D00000DD0C10028680F4A09188918CA793723CD
:103D10005A431018FF301B308770C470C8792A6866
:103D2000E100891840062F22400E52018918C871FF
:103D300000E007262868E03047743046F8BD0000F0
:103D4000042500206C04000070B5274C0025206875
:103D50000126E0304574007C012803D101F012FAFD
:103D600001283CD0214B20687822FF21C018EFF7B2
:103D7000A9FD1E4B2068F8337822FF21C018EFF709
:103D8000A1FD9D232068DB007822FF21C018EFF7FA
:103D900099FD23212068490141180D72272149010D
:103DA00041180D712B21490141180D70F4210D5856
:103DB000FF300F4A00211B30EFF784FD2068FF2100
:103DC0000246E03213469174112292018218117654
:103DD00051769176803045675E74002070BD206812
:103DE000E03046740C2070BD042500206C040000F7
:103DF0003903000010B5084C2F2320685B01F8221E
:103E0000FF21C018EFF75EFD172221680020920104
:103E10008918087710BD00000425002010B504465D
:103E200001F0B0F9002801D00C2010BD0248006854
:103E3000E0300474002010BD0425002010B564217A
:103E4000064C4843216880314867FDF791F92168A5
:103E5000803188670020C86710BD0000042500205D
:103E600010B504460146042000F0F2F9FF2801D005
:103E7000012010BD2146042000F01AF8002010BDDA
:103E800010B50146042000F0E3F90146FF2802D0F6
:103E9000042000F01BF910BD00B50146042000F01D
:103EA000D7F9FF2801D0012000BD002000BD00008F
:103EB000F3B505007F4883B0006808D0012D0DD010
:103EC000022D0ED0042D1BD02F2149010AE07A4982
:103ED0008D22411801910F21D20020E09D21C900BF
:103EE00000E0764941180191032D0BD0042D0CD030
:103EF0000F21012D0BD0022D0CD0042D03D10CE08D
:103F00006F49EFE71F216F4A09E00821F1E76E4A88
:103F1000801805E02B22520101E0DB22D20080183C
:103F2000009004788C4207D1002D15D0032D13D0BA
:103F3000042D11D0012D0FD08C4201D1022D0DD0B6
:103F400000262846049900F083F90290FF2807D044
:103F5000FE26002D7ED0AAE0FF26A8E0FC26F0E792
:103F6000FE2E78D0022D10D1FC2E0ED15148019A90
:103F70000068FF300130417ECB009A18D27942763A
:103F8000022000F0A3F8641EE4B2002C3DD001989A
:103F9000E1000F183E46083E04990720401E0B5CC6
:103FA000325C9A1A0BD0002A0BDD0198E100081848
:103FB00007220499EFF782FC261E26D02BE000286A
:103FC000ECD1384607223146EFF778FCF079F871EA
:103FD000002D03D0032D01D0012D12D1F079C14362
:103FE00049060ED037214843324909684018FF304E
:103FF0001B30002D02D0012D17D0C01C0178491CA8
:104000000170641E2406240EC1D107220499019870
:10401000EFF754FC00260098022D08D00078009994
:10402000401C0870002D3DD041E0401CE6E70178BF
:10403000002921D00198CA001018C01D0278521C16
:10404000D2B2A24200D902700838491EF6D10098B7
:10405000007801E028E022E000280DD01548006833
:10406000FF300130417EA14201D3491C4176017EDF
:10407000A14201D3491C01760E480168FF3101318C
:10408000097ECA0001995118CC710068FF300130D7
:104090000476009800990078401C087007E0002D15
:1040A00002D004E0FE2E02D1029E8020064330465C
:1040B00005B0F0BD042500206C040000640500007C
:1040C000DC060000DC050000E4040000F0B504009C
:1040D0004E4883B000680F4608D0012C0AD0022C4D
:1040E0000BD0042C2BD02F21490107E04849401860
:1040F000009009E09D21C90000E046494018009069
:10410000032C1ED0042C1ED00F20FF2F5ED0401E8B
:10411000C0B23E46019087422ED20098F1000D18A1
:104120002946083128460722EFF7C8FBE87BE871EB
:10413000002C0AD0032C08D0012C06D017E03649F9
:10414000DCE71F20E1E70820DFE7C14349060ED086
:10415000372148432D4909684018FF301B30002C97
:1041600002D0012C1ED0C01C0178491E0170761CA3
:104170000198F6B28642D0D3C100009807220D18EC
:104180002846FF21EFF79EFBFF20E871002C0BD0A3
:10419000012C0FD0022C11D01C48042C006832D006
:1041A0001E490FE0401CDFE718488D210068C90058
:1041B000401808E015481A49006803E013482B210D
:1041C0000068490140180178491E0170022C18D17D
:1041D0000E480068FF300130417EB94201D9491EC6
:1041E0004176017EB94201D9491E017600980F211E
:1041F000C01D0278BA4201D9521E02700830491E11
:10420000F7D103B0F0BDDB21C900DBE704250020B6
:104210006C04000064050000DC060000DC05000002
:10422000E4040000094AFF201368002137224A43B2
:10423000D218FF323B32527D002A04D0491CC9B249
:104240000F29F3D37047084670470000042500206B
:10425000F0B5234A0028126808D001280BD00228A4
:104260000CD004282FD02F235B0108E01D48121822
:10427000964604220CE09D23DB0000E01A4BD21886
:104280009646032821D0042822D00422042821D0D5
:104290000F20844601209040C3B200265B08F0182E
:1042A000C0B260450BD2C200744614190722521ED8
:1042B0008D5CA75CED1B0FD0002D00DD0646002BAA
:1042C000ECD1FF20F0BD094BD9E705221F20E0E724
:1042D0000322DBE70820DCE7002AE8D1F0BD00007C
:1042E000042500206C04000064050000DC060000CA
:1042F00070B5304D2E4A28680021FF301B30EFF793
:10430000E1FA2868FF21F222115411229201821849
:10431000117651769176284AF4210A502F235B01B9
:10432000F822FF21C018EFF7CDFA244B2868782235
:10433000FF21C018EFF7C6FA204B2868F83378221F
:10434000FF21C018EFF7BEFA9D232868DB00782212
:10435000FF21C018EFF7B6FA194B28684022FF2159
:10436000C018EFF7AFFA23262868760100248119D8
:104370000C722721490141180C712B214901411868
:104380000C701721890141180C771B2189014018F5
:104390000476FCF7EDFE29680B4680339867881990
:1043A0000A4601210471E0325174DC67847170BDEA
:1043B0003903000004250020905F01006C04000018
:1043C000DC060000F0B4234B00281B6808D001284D
:1043D0000BD002280CD0042833D02F24640108E02D
:1043E0001D481B189C4604230CE09D24E40000E0BB
:1043F0001A4C1B199C46032825D0042826D00423D8
:10440000042825D00F2701209840C3B200205B0864
:10441000C418E4B2BC420FD2E50065442E686D6852
:104420002D02AA4203D8AA4206D1B14204D32046A3
:10443000B14201D1AA4202D0002BE8D1FF20F0BC4A
:104440007047074CD5E705231F27DCE70323D7E791
:104450000827D8E7042500206C040000640500004C
:10446000DC0600000A4610B501460320FFF7AAFF4C
:10447000FF2801D0012010BD002010BDF0B5A3B071
:1044800001780E91456881681091C76801691E9195
:104490004169059180690024189417940090FF26C3
:1044A00016941D940894A81CF4F721F829780002AA
:1044B0004906C90F08433860681DF4F718F8000270
:1044C000000A786028460830F4F711F829780002CD
:1044D000C9090843029028460B30F4F708F8000297
:1044E000000A03907A681002810F012902D13978FD
:1044F000012900D000211391039909028B0F012B90
:1045000003D1029BDBB2012B00D000231593800F57
:1045100002D13878012800D000201B90880F03D1E9
:104520000298C0B2012826D0002128780507FB4850
:104530002D0F03681846FF301B302190F8481818DB
:10454000149000200F9012900C9001201A901C9053
:104550000098426000983A680260F048006819903C
:10456000E030027C0B92002A00D0012211920B9ABB
:10457000012A02D005E00121D7E7407C002800D1C4
:1045800001240E98002811D001284ED0032D02D00E
:10459000052D00D001240598007E03287ED0022836
:1045A0007DD001287CD004287AD09CE0032D06D051
:1045B000052D04D0042D04D0012D05D009E00124DF
:1045C00007E001200F9004E01198002801D101209C
:1045D000129010981690801C189010980830179020
:1045E000059820300079032810D001280ED0002231
:1045F0000C92059200280BD0012809D000201A90B7
:104600000B98012806D0012D09D0A0E00122EFE788
:104610000120F4E7012D6FD1002900D00124159865
:10462000002801D101201290C1E0002D02D0012DFF
:1046300000D0012405982030007901280ED00022F6
:104640000C921B9A002A01D0002809D00122059261
:10465000159A002A06D0012D09D019E00122EFE7B2
:104660000022F4E7012D13D10B9A012A06D00B9AF0
:10467000002A0BD0159A002A08D009E02323199AA2
:104680005B01D2181279012A00D101240122129271
:10469000139A002A06D00B9A002A02E01CE019E0C7
:1046A0001CE006D1002801D101220F92139A002AA2
:1046B00007D00B9A012A45D1002805D101201D9071
:1046C00002E00B9801283DD1012D78D100296ED050
:1046D00001246CE0052D06D1012404E01399002982
:1046E00008D0002A06D000210F91032D05D0052DFA
:1046F00009D00FE00121F7E729E005992031497B36
:10470000C90705D106E005992031497B890701D504
:1047100001210C910C990591012112911099891C8C
:10472000189110990831179110991691012A07D103
:10473000012801D0042803D11B99002900D00124AD
:10474000052D29D0012D32D00E98012837D0189888
:10475000F3F7CDFE1699000209784906C90F084300
:1047600009901898C01CF3F7C2FE0002000A0A90D4
:104770000E98012823D01798F3F7B9FE1699000276
:104780000978C90908430D901798C01CF3F7AFFECC
:104790000002000A109020E013990029D7D00128C8
:1047A00001D00428D3D101200890D0E707E00121EF
:1047B000199889024018C16D0991006ED7E71E98BB
:1047C00000691E9949690202CB03DB0F09041A43F1
:1047D000090A000E01430D921091002C73D1139819
:1047E000002866D00B9800281CD01198002860D0B3
:1047F0007868396802020120FFF7E4FD474B014663
:104800009D221868D2008218FF290CD0FE293ED0C4
:10481000C8008018C6791498F1000918072200987A
:10482000EFF74CF883E0052D02D10E99022904D050
:10483000F221095CFF2913D029E00121384600F05C
:10484000B3F941087F2903D0C10014980818E1E7A3
:1048500008990598084301D0012468E0002466E027
:10486000112189014118497EFF2910D1FF3007220B
:1048700039460130EFF722F8284800210068F2227B
:10488000115401464031CA79EF231A40CA710E997A
:10489000012904D0059C4AE001200F9047E0232124
:1048A00049014018C0790228D6D20C980028F3D0CC
:1048B000D2E71B98002802D00B98012804D0119849
:1048C00000280CD104E039E00020059C1C902EE06B
:1048D0002321199849014018007A002827D07868C8
:1048E000396802020020FFF76DFDFF281FD0C100CC
:1048F00014980818C6793720219970434018017D13
:10490000002900D0012120302091807D002809D08D
:1049100000201F90002907D009E000000425002096
:104920006C0400000120F4E71F98002894D1574838
:104930000168112080010818067546751198002835
:104940004BD0FF2E0BD00898002808D04F480168A4
:10495000112080010818807DB04200D001241D98EC
:1049600000280BD0FF2E09D0484801681120800193
:104970000818807EB04201D0012447E0002C45D1C8
:10498000159800282BD0012D29D14048029A0068A3
:10499000C11DF9310B699A4205D1039A4969120286
:1049A00009028A421BD0112189014118497E1A9CB3
:1049B000FF2912D1FF30072202A90930EEF77EFF4E
:1049C0003248EF23016808464030C2791A40C2716C
:1049D00011220020920189184876002C16D11C98CB
:1049E000002813D00C98FF2E07D000280ED03720B7
:1049F000219970434018807806E0002806D0786836
:104A000001023868FFF72EFD0028B5D00F98002866
:104A10002AD00D983968884203D110987968884265
:104A200022D01198002807D118480168232040019E
:104A30000818007A002800D00120FF2E02D020990B
:104A4000002907D000221F99002905D00021052D3B
:104A500017D103E00122F6E70121F8E7002810D082
:104A6000002A0ED000290CD0002C0AD11298002860
:104A70000AD002990998884203D103990A9888427A
:104A800002D0012023B0F0BD0020FBE70425002068
:104A9000F8B5FCF76DFB434C074621680A468031A8
:104AA000886FCB6F381A1818C8674B6F000B984285
:104AB00036D30020E032C8675074107C00282BD019
:104AC0000025232676010BE03721694308180146AB
:104AD000FF31FF304031303000F018F96D1CEDB27D
:104AE00020688119097AA942EED800250BE0372108
:104AF000694308180146FF31FF3047311F3000F08D
:104B000005F96D1CEDB220688119097AA942EED829
:104B1000216801208919887121680120E0314874D9
:104B20002068F8210F5072B601464031CA7910232F
:104B30001A43CA7162B60146E0310A7C002A24D0C9
:104B4000897CFF25002906D1FF30013000F02CF8C8
:104B50002068E030857411262168B6018819407EEE
:104B6000FF2813D0372250434018FF30FF31002276
:104B70003030093100F0B0F8002808D0216800205A
:104B80008919C8752068801945760020F8BD20680D
:104B900001218219FF30D175013081680161C1683E
:104BA0004161EFE704250020F3B505468DB0FF20F5
:104BB000454C03904549206847189D21C90040187D
:104BC000049029460220FFF743FBFF284AD100202A
:104BD00005902320216840010918097A002931D95C
:104BE000F8793721484321682A79461838490E9BBD
:104BF0000A706A7930464A70FF30AA791F308A708D
:104C000006AA061F01F04EFC0322691C06A8EEF757
:104C10005DFE002829D0307D012806D107223946C3
:104C20002846EEF753FE00281FD005980837401C91
:104C3000C0B205902320216840010818017A059828
:104C40008142CDD821680020E031487429460220F5
:104C5000FFF72EF922680121E0325174FF2801D0BC
:104C6000FE20039003980FB0F0BD059803902168D3
:104C70000020E031487471780120FFF727FA1549C8
:104C80002068411809780F290CD19D23DB00782278
:104C9000FF21C018EEF716FE2722216800205201DE
:104CA0008918087129460120FFF702F97070C200C7
:104CB0000498F9791018C17121680120E031487415
:104CC0000398FF28BED0CDE7042500206C04000027
:104CD000D0020020E404000010B50C460B790A490C
:104CE00084B00B7063794B70A3798B7013466A465E
:104CF00001F0D8FB0322611C6846EEF7E7FD0028AF
:104D000000D0012004B010BDD0020020F3B589B05E
:104D10000D46FBF78AFF8002800A012189050843BE
:104D200000226B461024114601E0032A04D2D7006A
:104D30000646FE401E7000E01970521C5B1C641E8B
:104D40002406240EF1D1002304AA6946099801F033
:104D5000A9FB03226946281DEEF7B0FD032204A932
:104D6000681CEEF7ABFD012028700BB0F0BD000011
:104D7000FFB55C49964609685B4A8DB08D183922AB
:104D800052018A18944652791127169B04920C46B8
:104D9000BF010020179E9206A034CF190833002AC5
:104DA0000FDA6246D27952070BD50D9A012A08D93B
:104DB0007246012A05D10E9A002A02D0FA7D002AF5
:104DC0000BD0F022525C012A23D13F7DFF2F20D04F
:104DD0002079C00732D0002431E03A7D0120FF2A3B
:104DE00019D06F4649C7372042435018FF30013071
:104DF000807EC00041183D480B182079C00701D0C3
:104E0000002000E01020A12108437146109A10E014
:104E1000012011B0F0BD694649C12079C00701D019
:104E2000002000E01020A121169B084301227146BA
:104E30009B1C00F061F9002850D1E9E71024A12063
:104E4000044370460790109809903720474378181C
:104E5000FF300130807E0593C000421823480B9636
:104E60001018089018980290032213301043401C29
:104E70008308E00603D50722BF20044007E004981A
:104E80008006C5D5604680798007C1D505222007F8
:104E9000800E40180121C9024018C06C214609F05B
:104EA00001FA06001AD007983071099870713546DA
:104EB000371D18350622B01D0899EEF7FFFC029841
:104EC0003872FD602846029A0599EEF7F7FC0B98B8
:104ED00038743146204609F0D1F999E7296A002053
:104EE000087095E7042500203C0900006D040000CF
:104EF000FFB595B000257C480295039500880E46C5
:104F000079494007C00D0C314018C1890120400784
:104F100009184988FF230C187448372102681120AA
:104F200080011018407D1B33414389185B5C079357
:104F3000E3799B09012B04D123785B0601D5012776
:104F400000E0002723235B01D2185279012A17D9E8
:104F5000FF2815D01598002804D0607B800901280F
:104F600005D00DE00622FF3102A8413106E020788D
:104F7000000605D521460622083102A8EEF79EFC60
:104F8000002F35D017983C2800D105AE574F11207F
:104F9000396880010818407DFF2824D00622A11C12
:104FA0006846EEF78BFC07985149C5003868062221
:104FB000281841183046EEF781FC386823212A185A
:104FC00049015118097B3722891CB17111218901CE
:104FD0004118497D51430818FF300622A11C483072
:104FE000EEF76CFC06E00622A11C3046EEF766FCEC
:104FF000009501953D48A4210068095CC90701D0CE
:10500000002700E0102717990C9118990B9115991A
:105010000991716808230902090E0A9102A90791F2
:10502000694606911E9913911F9912912099803714
:105030000903090C11912199C9B20F91F90603D501
:105040000B22BF210F4009E03921490141184A795B
:10505000920635D5C979890732D509223907890ED3
:1050600008180121C9024018C06C394609F01AF924
:10507000040025D00C9921710B99E18009992172C6
:105080000A99251D617206223146A81DEEF716FC0D
:10509000284606220C300799EEF710FC2846062217
:1050A00012300699EEF70AFC139929831299698345
:1050B0001199A9830F99A9772146384609F0DEF89E
:1050C000179800280ED170680A4CC003C10F2068E1
:1050D0000622816331463930EEF7F0FB2068383024
:1050E000EEF7B8FD19B0F0BDC00000200425002087
:1050F0006D040000C4240020FFB504230546C1064A
:105100001F4881B00C9E006803D50C22BF210D40C2
:105110000CE03921490141184A79920602D5C97932
:10512000490702D4002005B0F0BD0A222907890EE4
:1051300008180121C9024018C06C294609F0B2F8CC
:10514000040019D00298207103986071271D06226F
:10515000A01D0499EEF7B2FB0A9838723846062271
:1051600009300B99EEF7AAFBFE732146284609F099
:1051700085F8002005B0F0BD072005B0F0BD0000A7
:105180000425002010B502F009FA082803D302F024
:1051900083F9082801D2012010BD002010BD0000B5
:1051A00070B5134909220968120200208B18AC223D
:1051B000525C19E060249D6E44432C195C252D5DE2
:1051C000ED060FD50B480818C030428A018A608965
:1051D00000F0C2F93A2804D04034207FEF21084083
:1051E000207770BD401CC0B28242E3D870BD000081
:1051F0000425002058080000F8B5104E3068203013
:10520000C57D002D19D0002409273F0210E0E907D1
:105210000BD0C019816E6020604308184030417F78
:10522000204600F085F8002807D06D08641CE4B221
:105230003068AC21095CA142E9D8F8BD0425002002
:1052400070B54030018942880025914200D3114653
:10525000C38A028A934200D21A46C48883889C4239
:1052600000D22346868A448AA64200D23446468922
:105270008E4200D00125C189994200D00125018BC1
:10528000914200D00125408BA04200D00125284644
:1052900070BD70B50C46054602224831C01CFBF7B4
:1052A000E3FC214602225631681DFBF7DDFC214656
:1052B00002224631E81DFBF7D7FC21462846022290
:1052C00054310930FBF7D0FC403420891B211B28C6
:1052D00000D22181E28AFF204930824200D2E0825E
:1052E000E2881B2A00D2E180A18A814200D2A082FA
:1052F00070BD000070B50D460B490024884204D8EB
:10530000032102F0EDF8082801D302240AE007493E
:10531000012209682031C97D8240114202D129460B
:1053200000F006F8204670BDFF0E000004250020A6
:10533000F8B5064624480F46006824494418092158
:1053400009024018816E602070430D18304602F04B
:1053500049F9002816D02046CF30CC3472B60278F6
:105360000121B140082A02D36A7992070ED06879E8
:10537000800726D4144800682030C27D0A43C275D5
:105380003A201FE02046CE30CA34E7E77A06104BB9
:105390005208D2186B6B1A603A0601D4132200E04F
:1053A00012226B7913436B710670288B2080403575
:1053B00005486F7700682030C27D8A43C27500209F
:1053C00000E00C2062B6F8BD04250020580800005B
:1053D00003020200F7B50F4682B0032102F080F805
:1053E000064602F0FFF80090082E02D3022005B016
:1053F000F0BD2948294900684518092109024018CB
:10540000816E602070430C1872B6A0784007400F80
:10541000052804D0022802D00C2062B6E7E76079A4
:10542000800701D03A20F8E72046403047800499B1
:105430000182017F202211430177616B18480860C7
:10544000676B204602224430F91CFBF70DFC204616
:105450000222791D5230FBF707FC20460222F91D7B
:105460004230FBF701FC3946204602220931503018
:10547000FBF7FAFB60790121084360717D200099F8
:105480004002002904D0C035A881EE730020C4E793
:10549000C0356881AE73F9E7042500205808000084
:1054A0000309140070B5032102F01AF8082801D38B
:1054B000022070BD26490922096812028918896EE6
:1054C000602250430D1868796E6B800701D03A2036
:1054D00070BD2C464034E188A08800F09DF8E08142
:1054E000A18A608A00F098F860832189608800F0C2
:1054F00093F86081E18A208A00F08EF82083C0084A
:105500000E3881B2608900F087F8A08111483060C0
:105510006C6B284602224430E11CFBF7A5FB2846B1
:105520000222611D5230FBF79FFB28460222E11D3B
:105530004230FBF799FB21462846022209315030C0
:10554000FBF792FB6879012108436871002070BD68
:105550000425002003091500F7B52C4F0E462C49F1
:10556000386882B0441815460321029801F0B8FF4C
:1055700000900920396800020818816E00986022A6
:1055800050430F18009802F02DF8002807D0CF20C4
:10559000005D0099082905D3022005B0F0BDCE209A
:1055A000005DF6E74037397F4A0701D51A20F4E756
:1055B00032461B3AE12A05D22A46FF3A154B493AB0
:1055C0009A4201D31220E8E78A0601D4C90701D024
:1055D0000C20E2E7082801D23A20DEE7C034A08A96
:1055E000B04200D20646E08AA84200D20546788939
:1055F000B04204D1388BA84201D10020CDE72A4621
:1056000031460298FFF7E6FEC7E7000004250020B8
:105610005808000049410000884200D308467047FE
:10562000F8B51C4615460E460746EEF733FB002834
:1056300005D004F007F9002803D00C20F8BD112094
:10564000F8BD1249124A0968002089183A461B3AE7
:10565000E12A00D330203346FF3B0E4A493B9342B8
:1056600000D330202B461B3BE12B00D330202346B8
:10567000FF3B493B934200D3302072B6C0318F824A
:10568000CE820D834C8362B6F8BD00000425002055
:10569000580800000107000018B51C4909220968D4
:1056A00012028A186023926E5843121864206B46C7
:1056B00018700923DB066C462078401E2070D868DD
:1056C000C00302D520780028F5D12078086D496DF7
:1056D000030C180A0002C9B20843D9B2002801D04D
:1056E0000B2901D97F200EE0062359437F3901E0C1
:1056F0004008891D1E28FBD8FF23A2335843044BC2
:10570000C018800A4018907318BD000004250020BE
:10571000A0460000F3B5054693488DB00168934854
:105720000F189248E4300C18FD20C00008180490AF
:10573000092000020818806E069001F02FFF06462F
:10574000E0210E98C8553046082E0AD2002D7DD192
:1057500072B601F0CDFD62B6304600F065FE00265F
:10576000FFE0002D72D038468030C1680291866813
:1057700042200A9009907E48089000200C9001F089
:10578000F3FE054605AB3246029902F007F8012107
:105790000646490405E0800805900C98401CC0B2FC
:1057A0000C9005988842F6D80C980599800440180A
:1057B0000B2109054018059078684021800A0840AF
:1057C0006949C01C0A681321C90151188968087009
:1057D00065480C2102681320C001101880684170D0
:1057E0006148396802681320C00110188068801C65
:1057F00000F0E4F95C4801681320C00108188168D2
:10580000B8888871000AC871574801681320C00120
:10581000081841689031A16141686031396341687D
:105820003031E16140682062E16900200870216A3E
:105830000870A0696168E2685080E0680180388E75
:10584000E168626850806068018000E088E0464856
:1058500001681320C001081800892168226850805F
:10586000206801800021099B2768C81D02463B541F
:105870000A98E368985463689854059AE368081D89
:105880001A54089A63681A54059A23681A540A9895
:10589000491C000A0A900998C9B2000A09900598A3
:1058A000000A05900898000A08900329DBD32E48C7
:1058B0000168492040010B18987E002815D0E16846
:1058C0006801C01C887221686801887261688872EA
:1058D000E1680320C87221680122CA726168C87237
:1058E000082D39D2002E04D03BE0E1686801133066
:1058F000E8E72049A8014018002181729B7E002B17
:1059000028D0DF0701D0252302E09B0722D52623DC
:10591000C37223680382E3684382174BC361174B4A
:10592000836120231A54C1756020069B6843C01808
:10593000417172B6049BAA401B7D03241A438470F4
:10594000241F4481C1730498027562B6184601F0A1
:10595000C7FF06E02723DBE7002E02D1412600E047
:105960000C2630460FB0F0BD04250020580800007A
:105970002C01B000CC00002055555500D6BE898EB4
:10598000F8B51D460F4602230446C10612481646C6
:10599000006803D50322BF210C4008E0072109025B
:1059A0004118897F090601D40020F8BD0122210792
:1059B000890E08180121C9024018C06C214608F060
:1059C00071FC010006D00F71CE800D72204608F0E8
:1059D00055FCE9E70720F8BD0425002070B50E4608
:1059E00001230446C10612481546006803D5042267
:1059F000BF210C4008E0392149014118C978090646
:105A000001D4002070BD02222107890E081801214F
:105A1000C9024018C06C214608F044FC010005D0C2
:105A20000E71CD80204608F029FCEAE7072070BD02
:105A300004250020FFB581B006460A9803211330E3
:105A40000843401C83081F48F106006803D507225D
:105A5000BF210E400CE03921490141184A799206D4
:105A600002D58979890702D4002005B0F0BD05224E
:105A70003107890E08180121C9024018C06C31464F
:105A800008F010FC05001AD002982871039868717C
:105A90002C462F1D18340622A81D0499EDF70EFF81
:105AA0000A983872FC6020460A9A0B99EDF706FFB7
:105AB0000C9838742946304608F0E0FBD4E70720FC
:105AC000D3E7000004250020FFB51F460523064646
:105AD000C1061E4881B0006803D50522BF210E40D3
:105AE00009E03921490141184A79920629D5897975
:105AF000C90726D003223107890E08180121C902DF
:105B00004018C06C314608F0CDFB04001CD0029850
:105B100020710398E08027720A9860722046251D44
:105B200006220A300B99EDF7C9FE0C98A8810D9852
:105B3000E8810E9828820F98A8742146304608F014
:105B40009DFB002005B0F0BD0720FBE704250020E9
:105B5000F8B51D460F4603230446C10616481646EF
:105B6000006803D51022BF210C400BE03921490108
:105B700041184A79920602D58979490701D4002053
:105B8000F8BD0D222107890E08180121C90240180D
:105B9000C06C214608F086FB01000AD00F71CE8050
:105BA0000D81069A4A81079A8A81204608F066FB91
:105BB000E5E70720F8BD00000425002001700A0A6F
:105BC00042700A0C8270090EC1707047FFB506461C
:105BD0008DB050890690F9480921006809020A90A1
:105BE0004018806E14460C90527920464030510681
:105BF0001D460B90002901DBE8076FD000200890BC
:105C00000B9800880190A089A1698446A07840077C
:105C1000400F05282FD003282DD001200990BF2048
:105C2000024062710E9FEA07384640301037002A62
:105C300009D03C21089100210E9F0691019181839A
:105C40008C468180083739220A9B52019B185A7969
:105C5000920612D5DA7992070FD58088019B6246A9
:105C600001920390009302913946069B089A099885
:105C7000EDF79AFF32E00020D0E700790903090C24
:105C80006246019B02930392049105907868019704
:105C90000002000E00900A98A0300079C00701D0E1
:105CA000002000E010208030099B069A0899FFF739
:105CB0000BFFE8070899C00F08430FD17868062248
:105CC000C003C10FBE480068816339463930EDF723
:105CD000F5FDBB4800683830EDF7BCFF0E9F280784
:105CE0000122C037002872DA20698446E80301D512
:105CF000162017E0A80301D5132013E0280301D5CF
:105D000028200FE0E80201D53D200BE0680201D514
:105D1000222007E0680334D56079000601D408200A
:105D200000E03E200290B87B602148430C99401867
:105D3000A04201D10820B873F87B602148430C9938
:105D40004018A04201D10820F8739E4800884307FC
:105D50009A485B0F0068014640314F7B9A40974359
:105D60004F73052261469202114220D029041ED5AC
:105D7000218A49040ED5A0300079C00703D0002045
:105D800002E01F20CEE710208030069A0299FFF72C
:105D900025FE0CE0A0300079C00701D0002000E013
:105DA000102000238030069A0299FFF7E9FD206A4F
:105DB000002801D008F0F8FF0020206260627F48D0
:105DC000A4210068095CC90702D0002501E039E080
:105DD00010250299069F022380350791E90603D515
:105DE0000222BF210D4006E0072109024118897FE8
:105DF000C90614D500222907890E09180120C002FE
:105E00000818C06C294608F04DFA010007D000229E
:105E10000A71CF80079A0A72284608F02FFA2046A6
:105E20003830EDF71BFF00272761E0693D46002869
:105E300007D0828806998A4203D1012101F068FFC8
:105E4000E76187E1680621D5A0784007400F052863
:105E500001D1A1696161002105280CD0208BA289A4
:105E60000004000D019000920B98069A0388802090
:105E7000FFF76EFE6EE1606B438902890193009229
:105E8000C3888020069AFFF763FE6AE0680723D57F
:105E90008020049049480721006809024118C97F01
:105EA0000223069F0907CCD5990240180C22C06C2A
:105EB000049908F0F7F90100C3D08F80F2788A7155
:105EC0003379727912021A430A81B379F279120294
:105ED0001A434A8104983BE12805800F06D00E98AA
:105EE000694631C16846EDF791FE33E13648054217
:105EF0003DD0E80401D5002000E01A200790069864
:105F00000290F01C8021089005912C4839210068EE
:105F1000490141184A79032392061AD5897909075C
:105F200017D50121C90240180E22C06C059908F04E
:105F3000B9F9019000280CD0079901710299C1802C
:105F4000082208300899EDF7B9FC0199059808F086
:105F500095F9A0784007400F052802D0022803D009
:105F6000F8E00820B873F5E00820F873F2E0680460
:105F70002CD5208A4004114800680CD5A030007947
:105F8000C00701D0002000E0102000218030069AD8
:105F9000FFF724FD0CE0A0300079C00701D00020FD
:105FA00000E01020012300218030069AFFF7E8FC72
:105FB000A0784007400F0528D3D0CBE0042500206F
:105FC000C4240020C00000200010000428021ED5B8
:105FD000208A00051AD59348F1780068A03000792E
:105FE000C00701D0002000E0102000238030069A76
:105FF000FFF7C6FCA0784007400F052801D1082014
:10600000B87343212069890288432061A2E00E9978
:106010002A06803184480191002A26DA02A93346F3
:1060200007910D337F4900930968169F09180822CC
:10603000F01C2637FAF718FEF17A307B08220002AE
:1060400008430199C88307990098FAF70DFE009B51
:106050000422184639460830FAF706FE01980299DC
:10606000C16301980399016474E029013CD56D492D
:10607000A4220968525CD20701D0002700E0102753
:106080000818039001980323C08B80370590F80609
:1060900003D50622BF20074009E039204001081837
:1060A0004279920656D58079C00653D50422380726
:1060B000800E41180120C0020818C06C394608F053
:1060C000F1F80190002845D0001D0290069901804A
:1060D00002980822801C0399EDF7F0FB02980599BD
:1060E00041813846019933E0A80200D539E7A8017B
:1060F00030D5802001900B98069F408902900B9824
:106100003921008B07900B984901C08906900B98A4
:106110000323408B04904348006841184A79920653
:1061200018D58979490615D50121C90240180622DA
:10613000C06C019908F0B6F801000BD08F80029A6C
:10614000CA80079A0A81069A4A81049A8A8101982C
:1061500008F094F8A8060AD5206A01682162002197
:106160000160226A002A00D1616208F01DFEE80683
:106170001AD5EDF78FFD012852D01F277078B11C7A
:106180000740E0693A46806800F0EFFBE069C780AD
:10619000E069002707603078E1698007800F0873A5
:1061A000E06908F0B1FDE761E80137D51698C189CB
:1061B0000120400709184988081801784906CD0FC1
:1061C00006A902F0A9FBA1200090A67B06980890E2
:1061D0000798099013483921006849014118497E00
:1061E0000223C9071AD09902001D40180F22C06C63
:1061F000009908F057F8040010D02671271D65712A
:10620000042208A9A01DEDF759FB042209A9B81D15
:10621000EDF754FB2146009808F030F811B0F0BDBE
:10622000FF27ABE7042500209C090000F0B58FB0E4
:10623000076841680A917949794A0968008989188B
:106240000B910121099100210891400514D50B986B
:106250008469C6692078617B05072D0F89090129AA
:1062600003D1C00901D0012000E000200890022DD8
:106270000CD9062D08D109E00B983C6B066A2078F2
:1062800005072D0F042D01D000200990E079800929
:10629000012804D12078400601D5012100E0002129
:1062A00060480170E020C05D00283DD00120864696
:1062B000002084463078132100901DE000200D90CE
:1062C00042182318B25C9B789A4201D001220D92A9
:1062D000401CC0B20628F3D37046002804D00D98A5
:1062E000002801D0012000E000208646891F60467A
:1062F000401CC0B2C9B2844600988445DED37046C3
:1063000000287AD00098401CC0B2042800D904208C
:1063100030701222711CF01DFAF7A6FC31460622DD
:106320001331A01CFAF7A0FC062D02D0022D02D0DA
:1063300002E0022500E0032520784006C00F04900B
:10634000012D0AD06078801FC606F60E3348F02172
:106350000068095C012914D02FE000266946204618
:1063600002F0D0FA2D480068E030007C0028EDD122
:106370000098396888424FD10198796888424BD19A
:106380001BE01121890141180A7DFF2A15D02549FA
:106390000B78012B01D102234B7037235A4312187B
:1063A000FF320132927E4978D20010182322520126
:1063B0008018007B4018C0B20490099800282BD0A8
:1063C0000A982037807B02960094019038792A46FB
:1063D000049B0899EDF7FAFB00281DD10A98214685
:1063E000807B029008310D48009601910068A03032
:1063F0000079C00702D0002001E00DE01020A121AB
:106400000843A31C2946049AFFF714FB002803D075
:106410000B980021006A01700FB0F0BD0425002028
:106420003C09000000250020F8B51B4E31880446C9
:1064300009070820090F0443A1422CD1174D002160
:10644000286881631121C90140180921C906806AA1
:106450000969471A642003F09FFB717AC90040184C
:106460002968896A4018381A00020121000AC90502
:10647000884202D2002008F0A9FD09492868328824
:106480001207120FA24206D1826B8A4203D2826B9C
:10649000521C8263F3E7F8BDC000002004250020F1
:1064A0000071020030B50D461C49144609681C4AAB
:1064B00091B089180922D206096D1269891A194A00
:1064C00009021288090A12070AD5002B08D1164AB8
:1064D000FF39914204D32246294609F0B5F81AE063
:1064E0000146102204A8EDF7E9F91022294608A870
:1064F000EDF7E4F904A8009008A801900CA8029018
:106500000020694608736846FBF792FD10220CA92B
:106510002046EDF7D3F9002011B030BD042500204E
:1065200058080000C000002002FF7F00F8B51446A4
:106530000A4605460121104600F0D2FF0146082810
:1065400001D30220F8BD1C480922006812028018FD
:10655000826E602048431018184A89018B18426BDC
:10656000002D07D0164972B643799B070DD062B64D
:106570003A20F8BD00215F18665C2037BE73491CC5
:10658000C9B21029F7D30F49EDE711604179012213
:1065900011434171002D09D00748492200680821A4
:1065A00052018018C17162B60020F8BD0122016954
:1065B000520411430161F6E704250020CC000020BD
:1065C00003020D0603010500F3B581B0984A0121CD
:1065D00001A800F036F9974C04222060432101A85D
:1065E00000F02FF901272168FF02C919086404226D
:1065F000432101A800F025F921680422C919486443
:10660000FF21843101A800F01CF921688A4DC919C5
:106610008864A97F0C2201A80B3100F012F9132124
:106620002268C9015118C860A97F202201A800F082
:1066300008F90926216836028919C867A97F10223E
:1066400001A800F0FEF813212268C9015118086062
:106650002822052101A800F0F4F813212268C901BD
:10666000511888603022052101A800F0EAF81321B2
:106670002268C90151184860FA10012101A800F0F0
:10668000E0F813212268C90151184861A97F6022EE
:1066900001A800F0D6F82168202289198866A97F10
:1066A00001A800F0CEF821688919C866AA8B0121DB
:1066B00001A800F0C6F80F212268C90151188863AB
:1066C000298B282201A800F0BCF80F212268C901FB
:1066D00051180863698B302201A800F0B2F80F212D
:1066E0002268C901511848630C22012101A800F059
:1066F000A8F821680C2289194866012101A800F038
:10670000A0F8216828228919496E8860284620301F
:106710000090417801A800F094F8216804228919BA
:10672000496E896888600098417801A8491C00F08A
:1067300088F8216810228919496E89684860A97F04
:1067400001A800F07EF821680222C9194863A97FD8
:1067500001A800F076F821680222C919C860A97F53
:1067600001A800F06EF821680222C9190861A97F0A
:1067700001A800F066F821680222C9194861A97FC2
:1067800001A800F05EF821680122C9198861A97F7B
:1067900001A8491C00F055F821681022C9190863A6
:1067A0000B2101A800F04DF8072221681202891878
:1067B00008650422802101A800F043F821688919A6
:1067C0000867029ADC204243012101A8443200F00C
:1067D00038F8216889194867029AD8204243012174
:1067E00001A82C3200F02DF82168F0228919886761
:1067F000012101A800F025F8104C7C222060A97F1F
:1068000001A800F01EF821680822C867032101A82A
:1068100000F017F82168282280310860012101A8C2
:1068200000F00FF82168803148600198FEBD00003B
:10683000B809000004250020E00200200C250020FB
:10684000704710B5034600680324401E204351439F
:10685000401C4118196010BDF0B52B481324026884
:10686000E4011019C0681121C901034651180C3305
:10687000CB670923054688671B021835D1180D60C0
:106880000C354D600C358D600C35CD600C350D61CF
:106890000C35CD630C350D640C354D64783088644F
:1068A00000201419D21811E0D16F45014D19602153
:1068B00041430F46966E3437F5510C254543E66843
:1068C000843575192831966E401C75500F498D7F9F
:1068D0008542E9D80C4A002014681322D201A51879
:1068E000E31807E02C680601A61944010834DF6E9E
:1068F000401C3E518C7F8442F4D80348C96800682C
:1069000080188161F0BD000004250020E002002015
:106910000268002A03D010461268002AFBD10160E9
:10692000704770B50C461F21521E0A430546521C83
:10693000002011044E0D17D0214608316A1A28464E
:10694000002A01DD082A03DB2022F4F749F904E0DC
:10695000082208C9521E08C0FBD120352046761EE9
:1069600024683604360CE7D170BDF8B504460D46F0
:10697000501E1F210843401C00041646470D1ED020
:10698000204608302946421A002A01DD082A03DB86
:106990002022F4F725F904E0082208C9521E08C095
:1069A000FBD12035202E01D2304600E02020A080EF
:1069B000301A7F1E24683F0486B23F0CE0D1F8BD38
:1069C00070B50C4605460AE021462846A2880831E3
:1069D0000830ECF773FFA088A8802D682468002D8C
:1069E00001D0002CF0D1254301D0472070BD0020FC
:1069F00070BDFFB581B01D466946002A09D0002848
:106A00000CD08488944204D8121B12040068120C23
:106A1000F5D10A80040001D000261FE0184605B019
:106A2000F0BD6846A1880088814213D9091A8FB247
:106A3000AF4200D32F460299201889193A460830F0
:106A4000ECF744FF0028EAD1F01986B2002069462D
:106A5000088002E0401A694608802468B54201D9DE
:106A6000002CDED1A81B05B0F0BD002959D0F3B52C
:106A70008FB00C46A088202813D0002C14D002948C
:106A800002980068029000282ED08688014632467F
:106A9000083106A8ECF712FF0027A088202805D0AF
:106AA00007E02468002CE5D111B0F0BD2468002077
:106AB000A080002EE4D080B22021091A8DB2AE420F
:106AC00000D235462246083206A98018C9192A463E
:106AD000ECF7F4FE701B86B2781987B2A0884019D3
:106AE000A080002ED9D1CBE720680028DCD000217F
:106AF00021600F9972B60A78002A03D04B68920081
:106B00009A581060002383800A78521CD2B20A700F
:106B10004C689200A05000680028F4D162B611B011
:106B2000F0BD7047491EC904090E72B602788A4248
:106B30000CD9511AC9B24A1ED3B2037042688800F8
:106B40001058990052580021116000E0002062B6F0
:106B500070470021002804D0491C0068C9B20028F1
:106B6000FAD1084670470021002804D0491C00686B
:106B7000C9B20028FAD14801704770B441780029A1
:106B80002DD08668002E2AD00025057041682A463F
:106B90000D60417800291FD928215143891900230C
:106BA0000B60002913D072B60378002B03D0446821
:106BB0009B00E35819608D8003785B1CDBB2037087
:106BC00044689B00E15009680029F4D162B6521C68
:106BD0004178D2B29142DFD870BC0020704770BCBF
:106BE00047207047F8B51D460E466B46002A09D06F
:106BF000002824D08488944204D8121B1204006810
:106C0000120CF5D11A80040019D014E06846A1884E
:106C10000088091A8FB2AF4200D32F4621183A4696
:106C200030460831ECF74AFEF619E81B85B22468B5
:106C3000002069460880002D03D0002CE6D14120B9
:106C4000F8BD0020F8BD002917D072B60278002ADE
:106C500003D0436892009A58116010B400238B80CF
:106C60000278521CD2B2027044689200A1500968A6
:106C70000029F4D162B610BC7047704730B40024CC
:106C80000B1E22D02034A4B294421AD30A68002AE0
:106C900035D072B60378002B03D044689B00E358CC
:106CA0001A600024948003785B1CDBB20370456893
:106CB0009B00EA501268002AF4D162B600200860F6
:106CC0001DE00B4609680029DCD1111B491EC904CF
:106CD0000A0E72B6017891420CD9891AC9B24A1EBD
:106CE000D2B2027040688900920041588258002058
:106CF000106000E0002162B61960002902D030BCAB
:106D00000020704730BC47207047FFB5044650094B
:106D1000000681B01F46000E06D0002C23D0401E76
:106D200024680006000EF8D1D606F60E17E02020E3
:106D3000851BBD4200D33D46A0192A460830029962
:106D4000ECF7BCFD0298711940190290781B87B2CC
:106D5000A088884201D2A819A08024680026002FAC
:106D600004D0002CE3D1412005B0F0BD002005B0D7
:106D7000F0BD0000FFB58FB01A9E0F9800F0D8FC50
:106D80009249FD200A68C000151810463630844626
:106D90000F98082822D0044601200346A3403A2435
:106DA000645D27073F0F0446BC40234364462478B4
:106DB0002407240FA0400343287D984311D068681E
:106DC0000190012000240C90A86CA0320690127B48
:106DD0002746805CA44696460D9430E0822013B08E
:106DE000F0BD1198189B02681298006810180022D4
:106DF00040081A80400A119B40021860129B1860DC
:106E00001B9B1A80724A80183268824201D8104651
:106E100000E03060800930600868A030017B0F9886
:106E200000F006FCCDE06A6A4100AB6A525A595A3A
:106E300051188901614500D98C460699085C864540
:106E4000F1D16348129940420968019A6044029165
:106E5000914202D81099C90701D0144632E0119925
:106E600009680691814200D908460A9010460299A5
:106E7000E9F7B2F9089006990198E9F7ADF9401CD5
:106E800009900898002800D10120099906908842AD
:106E90000D9815D8002815D106990198E9F79CF9A5
:106EA000C1050AD10A99884207D30299814204D3C5
:106EB0000446012106980D910C900698401CE4E7C9
:106EC000002803D011992046096804E0842086E751
:106ED00000197F1CBFB28142FAD80299814204D2C4
:106EE0001099890701D4852079E7119903AA0860D0
:106EF0001298046031683F20491E0143491C204616
:106F0000316000F0A3FB00280AD00EE030687F0853
:106F1000400830601999490819910599814204D2B5
:106F20001098400701D5002FF0D1059831688842AC
:106F300008D93F20491E0143491C03AA204631605D
:106F400000F084FB0599199881423CD3084603213F
:106F50000902884237D30C980890401E0990684671
:106F6000017B0F9800F064FB72B61849AA6C0868A0
:106F7000A030007B105C12E0EB6A41009C465A5A3C
:106F8000089B5A4363465A522B6B9C465A5A089B9D
:106F90005A43099BD21863465A52A96C085C0B49A4
:106FA0000968A031097B8142E6D16C6062B6049821
:106FB0008002010C1B9801800598800930601898A8
:106FC000078000200BE7862009E700000425002049
:106FD0009AFDFFFFF1B5B04AFD211068C90090B0DD
:106FE00041180491AD4904464518C0340146363174
:106FF0000D9100210291AA49497AC9000C91816A38
:107000000B91049920310E91897E079108297DD238
:10701000092109024018816E1746079860225043E3
:1070200008180890079881019D480C3008180A90AC
:10703000C07A2E4640360990B08B02F001FE3968C6
:107040004031098E401880B20390E96C039802F039
:1070500095FDE96C09020F1AB07F02F01FFE381887
:1070600002F09AFDA96C41180C98081A0002000A57
:1070700001901099411A0B98081A00020121000A88
:10708000C90588427ED2049801994163099802F0AB
:1070900067FD0A99C8720D980078C143090706D0A8
:1070A00041070798490F4007400F81422BD10E98A6
:1070B0000821807E08430D990870A86C2060E86C58
:1070C00060600198A0600298E060A86D2061686D22
:1070D0006061B08B2083B07FA07628466030017855
:1070E000E176B18CA183318DE183B18D2184318E24
:1070F0006184B18EA184318FE184C17E2820015545
:1071000084204059E0620D98007800E07CE0079907
:1071100042074907520F490F8A4261D0F7210840C0
:107120000D995D4F08704007400F0790092039689E
:1071300000020818816E07986022504308180490D6
:107140000798810156480C3008180A90C07A0990B7
:10715000208B02F075FD39684031098E401880B2ED
:1071600003906168039802F009FD616809020F1A33
:10717000A07E02F093FD381802F00EFD2168411840
:107180000C9800E042E0081A070210983F0A391AEA
:107190000B98081A00020121000AC905884258D23A
:1071A000A760099802F0DCFC0A99C8720198089956
:1071B000C01B00024979000A9022114210D101211E
:1071C000C90588420AD30498C17B0898C07B401C3B
:1071D000814203D804984079C00601D502F07AFFB5
:1071E000E96C039802F0CFFC0446B07F02F05EFD2C
:1071F000A96D201840180721090508438035A96B9F
:107200000322091DF9F782FD11B0F0BD0898403046
:10721000008841000A98203002780998101880B23E
:1072200009900898089A0089401C108108984069C4
:10723000421A089842610898C07BFF2802D2089A37
:10724000401CD073E86C4018E86407980AF00AF80C
:10725000FBE604984030008841000A98203002780C
:107260000998101880B209900498049A0089401C6B
:10727000108104984069421A049842610498C07BC6
:10728000FF2802D2049A401CD073606840186060E6
:10729000079809F0E7FF64E704250020580800007C
:1072A000C000002010B51149FD220968D2008918DC
:1072B0004C688B6842009C4204D1086B4C8A805A0F
:1072C000A04201D0012000E000204B608B688B6160
:1072D0004C6A8B89A3528C6ACB89A3520C6B4B8A64
:1072E000A3520B8AC96A8B5210BD000004250020EE
:1072F000F1B56749674A086882B082180092FD229A
:10730000D2008618AC22155C04460346029AC034AB
:10731000363395427ED9092109024018174660216B
:10732000806E4F430025B91C4554029800F05AF96D
:1073300000280CD15648BF1D01680920000208181A
:10734000806EC05D002802D00098C030057272B611
:107350004F48029D0768012039462031CA7DA84068
:107360008243CA75317D81433175197808077AD413
:107370004A070298520F82427CD030462030827EEB
:107380005507029A6D0F954276D181760F201870BD
:10739000404AA0687063BD18A86D2169A965206185
:1073A000686D6169696560612146284618315C3005
:1073B00000F0FEFA3748A37E5E3039180A780B7069
:1073C000A276A86C2168A9642060E86C6168E96411
:1073D00060603048E37E603039180A780B702146CF
:1073E0002846E2761C31643000F0E2FA2146284655
:1073F0001E31683000F0DCFA2146284620316C301E
:1074000000F0D6FA214628462231703000F0D0FA3A
:10741000214600E03AE028462431743000F0C8FAF2
:10742000214628462631783000F0C2FA19488035C6
:107430007B303918204628300A7803780B700270A8
:107440001448E26A8430381801680260E16207215A
:10745000E06809050843A96B0322091DF9F756FCEA
:107460000AE000E006E03A20805D41070298490FFB
:10747000814201D10F2018702036B07E410702985A
:10748000490F814201D10F20B07662B6FEBD0000E7
:10749000042500205808000070B51048092402682F
:1074A000FD20C0001018037D2402082000211419BB
:1074B000A032157B0EE0DA0709D060224A43A66E9F
:1074C000921CB25C5207520F012A00D108465B0899
:1074D000491CC9B28D42EED870BD000004250020C1
:1074E000F8B507461F4809260568FD20C0002C187E
:1074F0002846363036023F0584463F0DAE19237DBF
:1075000008200022A0350097B6462D7B0EE0DE074E
:1075100009D07646B66E60275743F6197689009FE4
:10752000B74200D110465B08521CD2B29542EED849
:107530002034A27E1207120F824202D1CB0700D163
:107540000820824207D062461278130707D45207F8
:10755000520F824203D1C90700D10820F8BD890724
:10756000FBD5F8BD0425002010B50B4800210368A9
:10757000FD20C0001818027D0820A0331B7B05E009
:10758000D40700D108465208491CC9B28B4201D920
:107590000828F5D010BD00000425002070B5104863
:1075A00009240268FD20C00011180B7D2402082068
:1075B00000211519A032127B0EE060244C43AE6E00
:1075C000A41C345D6407640F032C02D1DC0700D0D7
:1075D00008465B08491CC9B28A42EED870BD00005B
:1075E000042500200B49FD220968D2008A182032A8
:1075F000927E36311207120F824206D009780A07AE
:1076000005D44907490F814201D10120704700206C
:1076100070470000042500200448FD210068C900CF
:107620004118A030007B896C085470470425002065
:1076300010B5054AFD231268DB00D218936C5C5C20
:107640001C54926C505410BD04250020F7B5074619
:1076500015462D48FD220168D2008E188AB00022FE
:10766000AF6007920292A031097B6A4611712970BE
:107670000168B26CA031097B545C23E0706A610040
:10768000405A80010090B06A405A029980010490EB
:107690000098411A0520C0010391814201D3081AC4
:1076A000039005AB2A4601A90B9800F02FF8049926
:1076B000009841180520C00108180290684604711E
:1076C000B06C045D10480068A030007BA042D5D1AA
:1076D0000298391A0520C0010391814201D200208D
:1076E00000E0081A039005AB2A4601A90B9800F0A8
:1076F0000DF8A868381A03D00B99A9600DB0F0BD39
:1077000005AC0ECC0EC5F9E704250020F0B58C6859
:107710009D68A54203D860C92746E0C30839A04246
:1077200004D89068A04201D90BC90BC2F0BD00007B
:10773000F1B5194BFD211868C900024636324118CF
:107740009646A030027B886C805C0C462034A446B0
:107750001BE08D6C2C5C009EB04212D06646B67E5B
:107760003607360F86420CD07646367877077F0F7D
:10777000874201D1360704D501260F7D86403E425F
:1077800001D1AC5400E0024620461C68A034247BA2
:107790008442DED1F8BD000004250020F0B5074684
:1077A00021488BB000681E46FD23099100250891F1
:1077B000DB006946C4188D82900807920D83082F5C
:1077C0000FD006A907AA05AB00930292039101907E
:1077D00008AB09AA07213846FFF7CCFA010002D00E
:1077E0001EE082211CE008986060A0616A46636A1E
:1077F000128B78001A52A36A079A1A52E26A15523B
:107800006A46236B928A1A5207980C2801D2832168
:1078100002E0102800D91020044A5043800830604C
:1078200008460BB0F0BD00000425002071020000E6
:10783000FFB5294E074689B0FD213068C9004518BB
:10784000264905AB07AA06A86C4607910FC40CABE6
:107850000BAA01213846FFF78DFA0090002838D195
:107860000C98686069466A6A898A78001152AA6A27
:1078700007991152EA6A0021115269462A6B098B55
:10788000115209203268000212183C466023926EA1
:107890005C430021631DD15432680A991218926E1C
:1078A000A31CD154326800211218926EC9430833C8
:1078B000D152326800211018806E0F34015572B613
:1078C000297D0120B8400843287562B6084600F0BB
:1078D00007F800980DB0F0BD0425002070170000D7
:1078E000F8B52F4F0546FD203E68C00034182D48DE
:1078F000301800902C48363602F04EF92B494A7A5F
:10790000D2008018002D36D031784A078E463A21B1
:10791000095D520F4B075B0F94469A4206D10E0742
:10792000360F0122B2402E4696430DD09C4521D001
:107930000B0701211B0F0A469A4073461B071B0FBA
:1079400099400A43954315D10921C90609691122B5
:10795000081800020021000A616420603968D20121
:107960008918896A401A00020012002802DC0020EF
:1079700007F02CFBF8BD48220A8011060969002592
:10798000081800020099000A08656564206028460E
:1079900007F01CFB386868304571F9F76FF9F8BDDE
:1079A000042500205808000066020000C0000020E6
:1079B00002880B8803800A80704700000B48FD2175
:1079C0000068C90040180A490988C36A4907028C3F
:1079D000090F5A52036BC28B5A52836A428C5A5215
:1079E000436A828B5A5281694160704704250020A6
:1079F000C000002070B50C460B4E81000B48326869
:107A00000D1801232032D37721462846EBF77AFF61
:107A100028680021844201D1084600E0FB2032683A
:107A20002032D17770BD0000042500200000041032
:107A3000024800682030C07F704700000425002005
:107A4000034900280A7801D00020087010467047CA
:107A50000825002070B5124C0E462178012500291A
:107A60001BD101460120EBF799FF607031460220DF
:107A7000EBF794FF617840186070314620310320A5
:107A8000EBF78CFF617840180006000E607004D19F
:107A9000EBF764FF022020700025284670BD00002F
:107AA0000825002070B5184D90B02878002802D025
:107AB000012010B070BD6E460024F9F7B6F8A100A1
:107AC000641C7050082CF8DB69460120EBF766FF58
:107AD0000128F1D020220D496846F3F77DF80B49C3
:107AE0002022203108A8F3F777F869460220EBF747
:107AF00055FF08A90320EBF751FFEBF72FFF0120FB
:107B000028700020D5E7000008250020F844061062
:107B100070B5124A092312681B02D2180123526E53
:107B200083435B00491E41249B184909491CC9B283
:107B300072B615798D420ED31E785B78AD19EDB211
:107B40005B18AB4207D84000135C00245B18135449
:107B50001079401A107162B6204670BD04250020CD
:107B600070B50D0004460AD0002C08D0A968A068A2
:107B7000FEF726FF002801D1E988E18070BD412091
:107B800070BD0000F3B50F461248092100680902D4
:107B90004018BE68446E81B03046FEF7DAFF0546F5
:107BA000F888401E4009401CC0B2A84211D231469C
:107BB000A068FEF75AFF3046FEF7CBFF281A72B6D0
:107BC00001994900625C121A6254217908182071E7
:107BD00062B6FEBD0425002010B51C4613460A46B9
:107BE00080682146FEF7FEFF10BD0000044A09230D
:107BF00012681B02D218526E400080184170704704
:107C00000425002000228168083802600846704779
:107C10000D490922096812028918496E72B60122BB
:107C2000824350004218084B095C09201B6800027F
:107C30001818406E527800798A4202D9511A401AB7
:107C4000C0B262B6704700000425002010B58068FD
:107C5000FEF77FFF10BD0000F8B50D460E49092361
:107C600009681B02C9184E6E1F21521E0A431D329D
:107C700097B200243946FFF74BFF00280AD1394656
:107C8000B068FEF74FFF044608340068A06000208B
:107C9000E074A5802046F8BD0425002070B5174883
:107CA0000921006809024018446E04220021204680
:107CB000EBF708FE124D688C23304009401CC1B21E
:107CC0000020FFF793FF688CA97F23304009801CB8
:107CD0004843401CC1B20120FFF788FF28462030EE
:107CE000A16840784870A068FEF747FFA06872B6A8
:107CF000007862B62071002070BD000004250020CD
:107D0000E002002010B58068FEF773FE10BD000091
:107D1000F8B50E460C49092209681202891808387C
:107D200007464C6EFEF715FF05463946A068FEF77C
:107D30008AFF72B67100605C401B60542079401964
:107D4000207162B6F8BD000004250020F7B5074693
:107D500018480921006809024018446E412016465F
:107D6000002F11D03846FEF7FEFE0546B0420CD279
:107D7000301A81B20198FFF7CBFE002804D13246B9
:107D80003946A068FEF77AFFFEBD32463946A06844
:107D9000FEF774FF6D1E761E69097209891A72B6A4
:107DA000019A5200A35C5B1AA354227951182171E5
:107DB00062B6FEBD0425002010B51C4613460A46D7
:107DC00080682146FEF7A1FF10BDFFB5C8880025D9
:107DD000401E83B00E4687B2012427E0B06802221D
:107DE000083001196846091DEBF768FD68460088F0
:107DF000F7F73EFC01001DD068460A8D00888242DC
:107E000012D001AAF8F7C6FA00280DD10199262050
:107E1000405C400708D506986A00101802221C3101
:107E2000EBF74CFD6D1CADB2A41CA4B2BC42D5D383
:107E30000C98058007B0F0BDFFB5074683B0002061
:107E400000900D98F7F714FC069905460C31019146
:107E5000002826D00837BD4223D0288D0E998842AD
:107E60001FD80D99884213D30E99884210D82946FD
:107E700002222A310198EBF721FD10220C99069875
:107E8000EBF724FD002809D0298D0E98814208D0F7
:107E90002E462C6A2036B4423FD140E0059800219E
:107EA000018007B0F0BDA18B0D98814234D30E98AC
:107EB000814234D8204620300290C078012808D072
:107EC0002046083010220C99EBF700FD002808D05E
:107ED00022E02146022208310198EBF7EFFC0698D8
:107EE000F0E702988079400716D50098002801D164
:107EF000E08B0090E18B814211D10598022200882D
:107F000041000498081821461C31EBF7D7FC05986E
:107F100005990088401C08802468B442C3D12D68AC
:107F200099E77FB50546684600890C4600281AD0B7
:107F3000A0680C210173A068022202A90D30EBF7A2
:107F4000BDFCA068022203A90F30EBF7B7FC0520A7
:107F5000E080212128698901084328610D20A87348
:107F6000002004B070BD4220FBE77FB5054668469F
:107F700000890C9E0C46002816D0694689898842E3
:107F800012D8A06808210173A068022202A90D304E
:107F9000EBF794FCA068022203A90F30EBF78EFCEC
:107FA000012E04D0022E0AD0422004B070BDA06879
:107FB000022208A91130EBF781FC072006E008AB8C
:107FC000102209212046FFF7F7FE1520E08021212D
:107FD00028698901084328610920A8730020E4E783
:107FE000FFB5074673480D4604688FB0AE34A178DC
:107FF0001E46C80602D5E078C0067DD4880607D59F
:10800000E0788006800F03D0022F01D0002E73D0BD
:108010008806800F06D0022F08D0032F06D0002E2E
:108020006AD003E0012F01D0002FF8D1880603D4D5
:10803000002D01D0012D5FD1002E06D1302001404E
:10804000384600F018FE002856D11199002008701B
:10805000A17889068A0F7DD00CA908A801F054F8F0
:1080600007900DA90AA801F08DF80690079800283E
:1080700002D00698002801D1012E58D1022F04A861
:1080800007D000F0CBF8002E3CD00798002803D092
:1080900012E004F019FCF6E7464F47483B68062219
:1080A00008A91818EBF712FC0028386808D04030EF
:1080B000417E4908490041760698002805D014E021
:1080C0004030417E01221143F5E73A4F3A483B6880
:1080D00006220AA91818EBF7F9FB002838680CD01B
:1080E0004030417EFD22114041760798002809D09A
:1080F0000698002806D01AE043E04030417E022274
:108100001143F1E72B48062203682B4804A91818ED
:10811000EBF7D4FB052069460873002E02D1084610
:10812000F9F7B6F9254802906846F9F765F9A0789D
:10813000800611D51198032101702079C10603D55D
:10814000002D01D0022D1CD1800605D5012D03D0B4
:10815000032D00E018E014D1A078C00627D51199AE
:10816000012008702079C10601D5002D09D18106B2
:1081700001D5012D05D1000619D5002D17D0012DEF
:1081800015D0422013B0F0BD012F01D1002E03D035
:10819000890F314309D00AE00648062203680648E1
:1081A000611D1818EBF78AFB012011990870002057
:1081B000E8E700000425002033070000A0BB0D0005
:1081C0003EB5FFF769F90446FFF7E8F9082C01D13D
:1081D000082813D00A480B4900680622411868464F
:1081E000EBF76CFB68464079400601D5022000E0C1
:1081F0000320012302AA0021FFF7F2FE3EBD00008A
:10820000042500203307000003480068AE30807862
:108210008006800F7047000004250020F8B5204E2E
:1082200004463568AE35F8F7E3FC2070000A60704C
:10823000F8F7DEFCA070000AE070F8F7D9FCC2B2D3
:108240008004830E2271002163710846275C401C64
:108250007918C0B289B20628F8D30029E3D0207873
:10826000FF280CD16078FF2809D1A078FF2806D11B
:10827000E078FF2803D1FF2A01D1FF2BD3D00622BB
:10828000691D2046EBF722FB0028CCD0316806227E
:1082900020467831EBF71AFB0028C4D0F8BD000067
:1082A00004250020F0B5064600208DB00D46002ABA
:1082B00003D0F8F740FF002806D1002E03D0002D90
:1082C00004D0002428E000200DB0F0BD4220FBE7E0
:1082D000E000001B295C471908467F1C009100F054
:1082E0001EF80028F0D103AA3946009802F046F99A
:1082F000002804D01022002103A8EBF7E3FA07A816
:1083000004F07AF907AB03AA39460098F8F7F2FEB1
:108310000028D9D1641CE4B2B442D9D3D4E70021F7
:10832000012802D0002800D04721084670470000ED
:1083300070B592B00646202221A101A8F2F74CFCAC
:10834000202109A8F2F750FC0A2168460170002498
:108350002546694601A800F0F7FE6846027801A9A3
:1083600009A8EBF7ABFA01A824E0015D491CC9B2EA
:10837000914223D803195B78B34214D16B461A7823
:10838000521A6118C9B24118D2B209A81A7040191C
:10839000EBF794FA6B4618782818C1B209A801F0D7
:1083A00001F812B070BD521A6B461A706218691843
:1083B000D4B2CDB269460A78002AD6D11F20F0E7A0
:1083C00002FF0102010403028FFC00000000000014
:1083D000000000000000000000000000000000009D
:1083E0000FB410B5079C01282DD168468089174924
:1083F000884210D103A80FC800F04CF800281DD106
:1084000002F0D0F8FA281ED001281CD92078F321D8
:108410000840207017E00D49491C884208D0C91E49
:10842000884205D0491C884202D0C91C88420AD122
:1084300003AC0FCC00F02EF8002800D0632010BC55
:1084400008BC04B018470020F9E70000022A000029
:1084500010B5FCF74FFF10BD02480068AE30008831
:10846000704700000425002010B503490622096862
:10847000B331EBF723FA10BD042500202423184262
:1084800004D0C81F092803D82032D17100207047BA
:10849000422070471FB582B00024FFF7DDFF694618
:1084A000F7F788FF009A6846116A0089203209E0D0
:1084B00023235B5C012B04D10B89834201D1641C13
:1084C000E4B209689142F3D1204606B010BD000025
:1084D0001FB50446064802900846F7F7EDF88000FD
:1084E00000196946113008736846F8F785FF1FBD0B
:1084F000307500001FB504460846F7F7DDF8800028
:1085000000196946113008736846F8F7C1FF1FBDAE
:10851000026800230B80824203D09BB212685B1C6E
:10852000F8E77047086042684A604268116041603D
:108530007047026804E08A4201D101207047126846
:108540008242F8D10020704702680A601268026017
:108550000A68126850600A68002010600968486064
:10856000704700B50B46FFF7E4FF002808D003CBA7
:10857000083B086003CB41600020083B186058604E
:1085800000BD0000FFB515691E46A8032E3689B050
:108590001C461746002833DA102269463046F8F7A1
:1085A00063FB0924E4060398A0610298E061019846
:1085B000206200986062354801681320C0010818E5
:1085C000816AA162406AE0620A988030016C21638E
:1085D000C06B606300F069F8A06B0390E06B0290E1
:1085E0002B4801680191406800901022314668468E
:1085F000F8F73AFB0120400485433D610DB0F0BD22
:10860000E8053CD505A80146009010223046F8F751
:108610002BFBFF20013085434120800205433D6153
:108620000998082201A9C01CF8F71EFB09982146E9
:1086300004222A310B30F8F717FB154805A9283812
:10864000F9F7AAFC0924E4060298A0620198E06206
:10865000786B082203A90D30F8F706FB0498206315
:108660000398606300F021F8094905A80839F9F773
:1086700093FC102231460098F8F7F6FABEE7A07A8C
:108680000006BBD40A9800F005F8B7E704250020DF
:108690004000004810B504468034606C002803D0C8
:1086A000F9F7C6FC0020606410BD08B56420694677
:1086B00008700921C9066A461078401E1070486982
:1086C000C00402D410780028F5D1107808BD00004D
:1086D000FFB582B000230193059B012B30D04B8C5A
:1086E000224D1C010B8C9C46CB7E6B438D8BAE4682
:1086F000CD8B1646403697690096A74206D19689DB
:10870000664503D1009E3688AE4201D040260196D0
:1087100096790427760876003E43967194615461F9
:1087200064469481009A1580059A012A17D00B613E
:1087300070464A68400010184860019806B0F0BDC5
:10874000034640331D461B8E084E1C01AB8D9C46D4
:1087500060231B5C7343AE8C2D8DB646C9E78365E1
:108760007146C26C49005118C164E6E7E20400009A
:1087700070B5044616460D46084600F02AFA2060F9
:10878000281D00F021FA31044018606070BD00001F
:10879000FEB539490922096812028A18936E6022CF
:1087A00042439C18354A80018D1835492289461864
:1087B0004020005B2021895D521C228140006269BB
:1087C000002700B2101A6061F07A4018C0B2252864
:1087D00000D32538F072A079C0072ED0284640304B
:1087E0000090408E2189401A0004000C25D12448B5
:1087F0000C3800884007400FFEF754FD8446A079EE
:1088000040084000A0712846C030017A490849005C
:1088100001720099A3894A8DC98D0905090C9342FB
:1088200005D1A3698B4202D16346002B01D04027BA
:1088300001E008238373A281A161A079800719D583
:108840007620405B2189401A0004000C12D180215F
:10885000495960350091A97E0191A179FD2211400D
:10886000A1713146684605222131F8F7FDF9012052
:10887000400507433846FEBD042500205808000087
:10888000CC000020F8B501461B48092200681202FE
:108890008218936E60224A439E18184A0024851855
:1088A000174A88018718B0784007400F052802D082
:1088B000012805D010E00846EBF7A4F904460BE0C8
:1088C0002A468032108A002802D0401E108203E01F
:1088D00001240846FEF70CFDF07BFF2801D2401C66
:1088E000F073002C06D0234632462946002000971C
:1088F000FDF76CF9F8BD00000425002058080000C1
:10890000CC00002010B50B460178CA090146083199
:108910001846FFF72DFF10BD10B50B46017849062C
:10892000CA0F811C1846FFF723FF10BDFFB50D4687
:1089300007468DB000200921C906169E14464860DE
:1089400038460E3000F045F90790B97CF87C0202F9
:10895000387D0004104308430990787D069038461E
:10896000163000F031F90A903846183000F02CF932
:108970000B9038461A3000F027F90C9038461C301E
:1089800000F022F9039038461E3020370090F87826
:10899000C106C90E47090920C00608918068A8646D
:1089A00000203146E8642131052202910098F8F751
:1089B0005BF90221E170002022225055E0730B98F0
:1089C0000C2250436061002031221055039801238E
:1089D0000001A061284621714030039083710B98FB
:1089E0007149400240187149896A814200D20846A3
:1089F0000021686521810C98A081204640300B9AA7
:108A000002800A9A01235200921CEA64039A978317
:108A1000039A9780A17121612380A26A1280A26AC1
:108A2000548001771B27FF21478049312B46018263
:108A3000C0331A8A1B2A02D15A8A8A4201D01022D4
:108A400002771A8B8280C780078147818781C7811F
:108A50005A8B42828182C18201834183288C54498E
:108A6000401C80B2884202D94942401880B26081DD
:108A70002884C7200190A16AC87205220299009833
:108A8000F8F7F2F80020F072218D3182F075079826
:108A9000B0610998F061202108988855EBF7FAF841
:108AA0008021012800D1B1754220029005904148F3
:108AB00004902F461098404B803700283AD0B86B6E
:108AC0000080B96B0198C872388F708210983B494A
:108AD0000068286110984068686106984843FF3034
:108AE000F530A86503990120887718881946344A1B
:108AF000400712684123400F5B01D21890706079E3
:108B0000C022104360710020B072A078C008C0007D
:108B1000801CA070BA6B1B2090720888A16A40016B
:108B2000083088720020C0433882B96B0322C91D07
:108B3000029825E0786B00807A6B0198D072B88E2D
:108B400070826079C02210436071B172A0781D4DAF
:108B5000C008C000401DA07018884101A06A1931EA
:108B60008172796B0A208872FEF728FF796B0322E5
:108B7000C91D0298F8F7CAF8796B03222846091D27
:108B8000F8F7C4F8012006F021FAA16A0322C91DF2
:108B90000598F8F7BBF8A16A0322091D0498F8F7B5
:108BA000B5F811B0F0BD00009AFDFFFFE002002013
:108BB000FF0E0000FA003000C0000020E2040000B8
:108BC000042500202C01B000017840780002084301
:108BD00070470178427813028278C0781204000648
:108BE000104318430843704770B5054616460C46B7
:108BF000C01CFFF7EEFF84210851E9797B20015565
:108C000028460830FFF7E0FF40342087B079022182
:108C10000843B07170BD70B50C460546C178602040
:108C200001551646281DFFF7CFFF4034A084A81D2C
:108C3000FFF7CAFF208528460830FFF7C5FFA0854B
:108C400028460A30FFF7C0FF208628460C30FFF781
:108C5000BBFFA086B07901210843B07170BD024608
:108C600000200146535C002B00D00120491CC9B2F2
:108C70000629F7D37047FEB50F4606460024FEF7D7
:108C80008DFC0546FEF708FC082D01D3082811D2FB
:108C900002A9684600F020FA002F684606D0407905
:108CA000400601D5022102E0032100E0017AB14231
:108CB00000D041242046FEBDFFB507468DB0002000
:108CC0000890079077481E460168774815460C18AB
:108CD0002320400108184771C271002B01D00021E8
:108CE00001710E9800287DD0FFF7B9FF002879D0D8
:108CF000002E03D020342079012873D0FF24002EC9
:108D000007D0022D02D0032D02D002E0002500E0A2
:108D1000012564486549006840180B90022F01D076
:108D2000032F6AD1684605700622401C0E99EAF7A7
:108D3000C5FD69460020FBF78BFAFF2803D00B998D
:108D4000C2005118CC7911239B015649002E14D032
:108D50000968CA189476232300225B01C9180A7196
:108D6000FF284AD0372044434E48FF2100682F3166
:108D70002018095C002904D015E00A68D1188C7508
:108D8000EEE70146FF31FF3047311F30EAF700FFC1
:108D90004448062200682118FF3105A84831EAF747
:108DA0008DFD012007903F49FF2208684E322018B0
:108DB000125C002A1CD10146FF31FF3040313030B7
:108DC000EAF7E6FE3748062200682118FF3103A8BB
:108DD0004131EAF773FD01200890002E08D00121EF
:108DE000304800E018E002682320400110180171AB
:108DF0000798002801D0002E0AD0324629460E9846
:108E000000F05EFC0898002806D0012103A815E0B8
:108E10003246012105A8F3E7002F06D0012F1AD012
:108E2000022F02D0032F07D115E01E480622016849
:108E300068467831EAF742FD0021684600F05CFCA4
:108E40000124A402002F10D0012F16D0022F0CD025
:108E5000032F24D111E01348062201681448091891
:108E60006846EAF72BFD0121E7E70E480068816FAD
:108E7000041909027B30E1650CE00A4805680C48DA
:108E80002818EFF734FB00022C19401CE065084855
:108E9000C01C2818EFF72BFB0002000A20660020F8
:108EA00011B0F0BD04250020580800006C0400003B
:108EB00033070000F0B5824D04468249286885B02A
:108EC00040180190FEF7E8FA002C7DD008280DD359
:108ED0004220074603907C4800240290FEF744FBA2
:108EE0000090082004900098082802D30C2005B0B8
:108EF000F0BD00F0A1FB00F091FA009873498001E9
:108F0000421813212868C9014018818801988030CF
:108F1000036BC0315980016B09800021C943018274
:108F20000021456ACB1DEF54856AEF54C56AEF54A2
:108F3000056AEF54066B039DF554039B3F0A1B0A19
:108F40000393466A029D0B1DF554866AF554C66A62
:108F5000F554066AF554066BF554029B491C1B0A2E
:108F6000C9B202930329DCD3009911234907090EE2
:108F7000456A0B43AB72856AAB72C56AAB72019BE3
:108F80001D7E0223022D0BD1456AAE7A1E43AE72BE
:108F9000856AAE7A1E43AE72C56AAE7A1E43AE7261
:108FA000466A0127F772866AF772C66AF772194332
:108FB000036B9972036A9972036B0321D972016A78
:108FC000CF7200210B4600E04EE0535455186B71F0
:108FD000491CC9B20529F6D3802595720199203123
:108FE000CE7BD672868C1682068E5682384E96615D
:108FF000384ED6613E462027BE54D375019A127E64
:10900000002A04D0012A04D0062A12D110E0182424
:109010000FE00322836828245202934209D1C368D7
:10902000934206D100220492FF225632028200E0CF
:109030001024497B002904D0012904D0022906D13B
:1090400003E0C02102E02C4301E040210C430499DD
:10905000C2680902806853184218E108C900491C17
:109060000098FEF7E5FB42E772B608280CD209210A
:109070002A68090251188B6E60214143891C5C5C8F
:109080006407640F012C01D062B616E0F024A45CE2
:10909000002C04D01126FF24B601921994750022E9
:1090A0005A543F212A68490151180B7F01228240FE
:1090B00093430B7762B600F0F7FB002017E7000040
:1090C00004250020580800008100B000CC000020DA
:1090D000D6BE898E5555550070B5044608480D46D4
:1090E0000068084946182046316800F0A3FB726802
:1090F0002271100A6071100C2870002070BD0000F1
:10910000042500205808000070B50D460446FEF7FF
:10911000C3F9082801D31F2070BD09480949006818
:1091200040180022416B931CC95CA154521C062AB2
:10913000F8DB406B00784006C00F2870002070BD3F
:10914000042500205808000030B50C4A0C4B12686A
:10915000D218936A2032147B1F2C02D90020087089
:1091600030BD002205E01D780570521C401CD2B2B3
:109170005B1CA242F7D30C7030BD00000425002018
:1091800058080000F8B50C460546FEF707FA08280F
:1091900001D31F20F8BD0A4E13273068FF01C01904
:1091A000806806222946801CF7F75EFD3068C019EA
:1091B000806800784006C00F20700020F8BD0000D5
:1091C00004250020F8B55E4B5E481E68002230186A
:1091D00001462031027613240D460A73E401311949
:1091E0008E68FF2728368663896849375031416386
:1091F000083181620721A973416B524E0A70456B99
:10920000062169701B68FB2519198C687834C463C2
:1092100089680824A03101640146C0314A720A728B
:10922000CC738C731B240C824F828D82103ECE82B5
:109230000D834E838C83CF8343495A65196513236D
:109240003F4C0146DB012668B518F618B768603553
:1092500016462D7E2A36BD552668F618B76816467E
:109260005236BD552668F618B76816467A36BD558B
:109270002668F618B7681646A236BD550D70521C02
:10928000D2B2491C062ADED300230B70826B062162
:109290005170426B5170024680325361194693619E
:1092A0001BE009252D025B1960254D439F6E2B465F
:1092B000264E0A33FE52092327681B02FB189F6EB5
:1092C0002B4600262033FE50092327681B02FB187B
:1092D00024359B6E491C5E51C9B22368AC25ED5CF8
:1092E0008D42DED8002501219583C9020184556491
:1092F0000920216800020918896F936B891C598025
:1093000021680818806F516B801C48801048818D3F
:1093100020684030018600F0D1FC3F2120684901DF
:10932000411841220D775201082180188170FAF707
:1093300061FDFEF771F920682030C574F8BD0000AA
:109340000425002058080000862E0000FFFF0000C2
:10935000E002002010B5044680880321FEF7C0F823
:10936000022172B6082815D20D4A1368092212028A
:109370009A186023926E5843831CD35C002B09D04B
:10938000002110182160016A002906D0416A0C6092
:109390004521446262B6084610BD0462F8E7000049
:1093A0000425002070B51B4A1B4B1268D418E36BD0
:1093B0000833A3621F2901D9302070BD0022656BDC
:1093C000E66BAD5CB554521CD2B2082AF7D300222A
:1093D00005E00578521C1D70401CD2B25B1C8A420D
:1093E000F7D32C200155E06B891D4170FEF754F82E
:1093F000217E01290CD008280AD2616BE06BE16361
:1094000060638034616A4880A16A4880E16A48806C
:10941000002070BD042500205808000030B53148F8
:10942000314900684018416B037E0A781B07920996
:1094300092011B0F1A430A70C16B037E0A781B0747
:10944000920992011B0F1A430A70816B0A789209E4
:109450009201121D0A70016C0A7892099201121D84
:109460000A700021024620320BE0836A456B5C5C87
:109470000B460833EC54846AC56B645C491CEC549D
:1094800089B2137B8B4201D91F29EED3017E0129BA
:1094900007D0D9B2426B891D5170416B083181628E
:1094A00030BD0346C26B1033083281688262446B60
:1094B0000C22627000221546446B08356155197004
:1094C000090A5B1C032A00D1C168521CD2B2062AC9
:1094D000F1D3406B02785206520EC9010A43027062
:1094E00030BD00000425002058080000F8B5504F9A
:1094F0000646504938684518FDF7CEFF082812D1B6
:10950000FEF74CF8082803D02320405D02280AD03B
:10951000386834462030807D0934000700283079CF
:1095200003DB032803D00C20F8BD012804D020461B
:10953000FFF795FB002806D0327AF0790023214608
:10954000FFF7BAFB0BE00023F0791A461946FFF744
:10955000B3FB11223968FF209201891888752C46C7
:109560008034216A288F48803079012821D03088C2
:109570000002A06070880002E0600020C0432082EA
:10958000307902281CD003281CD004281CD00128C4
:109590001AD0052800D3FF20287628462030B1793C
:1095A000417371790346817327200022CE070FD0C3
:1095B00011E003204002A060E060FF205630DEE7AB
:1095C0000620E9E70220E7E701200021B171E3E787
:1095D0004908401CC0B2521CD2B2022AE6D3052967
:1095E00002D1801CC0B20321272801D9C01EC0B2FD
:1095F000666A228D3280A66AA28D3280E66AA28CCB
:109600003280666AAA8E7280A66AAA8E7280AA8E3C
:10961000E56A6A80D873032902D0012904D005E0E5
:10962000A16AA08C088001E0606A00800020F8BD7B
:109630000425002058080000FEB51F481F49006897
:109640004718694601A8FFF747FDBE6B7D6BFC6BB1
:109650003B6C72B6002001AA811C175C6F54175C2A
:109660007754175C6754175C401C5F540628F3DB83
:10967000694609782A78BF20C9070240490E0A4383
:109680002A70694609783278C9070240490E0A43B0
:109690003270694609782278C9070240490E0A43A8
:1096A00022701A78694602400878C007400E0243CB
:1096B0001A7062B60020FEBD042500205808000084
:1096C000034610B50A48002A006806D0094A8018E7
:1096D00072B60A461946103006E0064AE43A801887
:1096E00072B60A461946083000F094F862B610BD0A
:1096F000042500203C090000034610B50548064A31
:109700000068801872B60A46194600F083F862B6FF
:10971000002010BD0425002058080000F0B5144AB0
:10972000144B1268D3181A6C154608321F2901D938
:109730003020F0BD00249E6B1F6C365D3E55641CCE
:10974000E4B2082CF7D3002405E00678641C1670F8
:10975000401CE4B2521C8C42F7D3186C891D417036
:10976000986B9D6318648033186A45800020F0BDB3
:109770000425002058080000FEB511481149006872
:1097800006224618104941186846EAF797F8012260
:109790006946304600F03EF8B56BF46B736B366C7F
:1097A00000206A46811C175C5F54175C6F54175C7D
:1097B0006754175C401C77540628F3DB0020FEBD7D
:1097C0000425002058080000330700007CB50E4C2B
:1097D0000E492068062245180D4941186846EAF7E7
:1097E0006DF8296A06226846891CF7F73DFA1321AD
:1097F0002068C9014018816806226846891CF7F76D
:1098000033FA00207CBD0000042500203C09000044
:109810003307000070B5054616460C46084600F0B2
:1098200037F8286021796079000208433104401834
:10983000686070BD01700A0A42700A0C8270090EDD
:10984000C170704770B51148092402683F2040017B
:109850001018037F002024021419A0320146157B42
:1098600010E0DA070BD06022A66E4A43B218927855
:109870005207520F052A01D0022A00D101205B08AD
:10988000491CC9B28D42ECD870BD000004250020EF
:109890000178427813028278C078120400061043DF
:1098A0001843084370470000F8B51B4E3188044642
:1098B00009070820090F0443A1422CD1174D0021AC
:1098C000286881631121C90140180921C906806AED
:1098D0000969471A642000F05FF9717AC9004018DD
:1098E0002968896A4018381A00020121000AC9054E
:1098F000884202D2002005F069FB094928683288B5
:109900001207120FA24206D1826B8A4203D2826BE7
:10991000521C8263F3E7F8BDC0000020042500203C
:109920000071020070B50F4D0F4928684118403092
:10993000407B002814D0C031897B082910D1002435
:1099400002E04008641CE4B2C107FAD0204600F0EF
:109950007BF8286801224030417BA240914341734B
:1099600070BD00000425002058080000FFB53348F2
:109970000E460068324987B045181F4614463046E7
:1099800000F0B2F80190301D00F0AEF800902078A1
:10999000617802AE0C02044302210798FDF7A0FD96
:1099A00000213A783270491CC9B2761C7F1C1029FC
:1099B000F7D3082802D302200BB0F0BDC035A97B35
:1099C000082901D20C20F7E71C4909220968120274
:1099D00089188A6E60214143511872B64A799207FC
:1099E00002D062B63A20E7E77D2252026A81A8736C
:1099F0004A6B144810600869020504D548790122B1
:109A00001043487103E001221203104308614A6BBE
:109A1000019850604A6B009890604A6B0298D06041
:109A20004A6B039810614A6B049850614A6B059821
:109A30009061486BC46162B60020BDE70425002038
:109A40005808000003010A007CB502462348244957
:109A5000006845180921090241188B6E60215143A5
:109A60005C1800210091019172B6A1784907490F55
:109A7000052901D062B67CBD2946C0318A737D229A
:109A800052024A8162B6052269464830F7F7ECF87F
:109A90008020009941517A2101984855A0890622D9
:109AA000218950430930081886B2616B0D4808605F
:109AB000606B05228660616B6846C91CF7F7D4F8B5
:109AC00060790121084360714035EE86A07902215A
:109AD000C006C00E0843A0717CBD00000425002014
:109AE00058080000030801000178427813028278C8
:109AF000C078120400061043184308437047000062
:109B000010B5064801680648406A002803D02022A4
:109B1000F7F7AAF810BD0020087010BD042500203A
:109B2000E002002010B504460448807A8006400F09
:109B300000F006F82070002010BD00000001002099
:109B40000CB505A206CA00917F210192082801D216
:109B50006946095608460CBDF2F5F8FBFE020408FA
:109B6000054925224143090C5143401A80B225285A
:109B700000D32538C0B27047EB0600008908414386
:109B8000880A401C70474143080A292109014843BB
:109B9000C00A401C704700000649C20B0968400417
:109BA000096A400CCB0958435143000A0818203079
:109BB000800970470425002070B51A4A1A4CD37BDF
:109BC0002268002B11D01A4E184B8009CDB2584391
:109BD00075430B0A2D0A734310355B19154D803000
:109BE0005B09000A6943090C04E0192312481B04AD
:109BF000FF21E931114D11866980536210620948D5
:109C00002038008EFFF7C8FFE914884200D3481EB1
:109C100040052168000E203108752988090700D405
:109C2000687270BD00030020042500205307000067
:109C3000F6BC080055050000C2F52800C000002051
:109C40001FB5054C40071ECC03946C460EC4000F94
:109C50006946085A04B010BD3845061008B5002101
:109C60006A461180694600F001F808BD10B50A4A3D
:109C7000830B12688004526A800C140A60435A43B2
:109C80008009101800228A5E821A10464030C009EE
:109C9000C3019A1A0A8010BD04250020032802D0AF
:109CA0006320C0437047662070470000012801D040
:109CB00001487047002070477A03000070B5274ABA
:109CC000002110680346403041760176492040016A
:109CD0001818417681760F20203398751323084693
:109CE000DB0114680546E4186468303521541468B3
:109CF000E4186468615514683035E4186468615587
:109D00001468E418656804469034401CC0B22955B4
:109D10002D28E6D31068C3185C6809231B02C318FA
:109D2000DC65254630359D6590345C65FF23483001
:109D3000037043708370C3701F23037112684D203A
:109D40008154074801800921417105238371C17144
:109D500003724281FFF7D4FE70BD0000042500208D
:109D6000C000002010B5FAF759F810BDFEB55248F2
:109D70000088602341075148490F0268092000020A
:109D80001018826E59435418A27825695207520F51
:109D9000216A0092022A01D0052A20D12A0404D483
:109DA0006279920701D1002919D0A66A444A2B048E
:109DB00043D563799B0715D0676B77800120C0037B
:109DC00085432561E9F766FF012809D01F217878CE
:109DD000014204D0218A890401D5001D7870FEBD9E
:109DE000FF21F4E70029FAD01542F8D10A7C406F30
:109DF000D206D20E921C1718B8B20190708020467D
:109E0000F8F7D4F80120C0038543256105110098B7
:109E1000052800D1AD00E9F73DFF01280BD01F2137
:109E20007878014204D02169294201D0001D787060
:109E300001987080FEBDFF21F2E7708801235B0767
:109E4000C01863799C469B0704D0636B834201D0A2
:109E5000012700E00027666B864202D023888342F8
:109E600012D1002912D015420ED1012300290ED0A3
:109E700086420CD02488844209D00968002906D083
:109E8000154204D1012103E00023EFE70023002164
:109E900062469206920F03D00022002F06D101E005
:109EA0000122FAE70B43C5D0002AC3D00178102263
:109EB00011430170FEBD0000C000002004250020F9
:109EC000600600004101401880097047F0B57E4CE3
:109ED00005467E49206891B04018089000200D90FA
:109EE00072B606F0BBFF002801D1002D07D07648DE
:109EF00000250168492040010818467EDFE062B66F
:109F00000D9811B0F0BDF0077ED07149A80140183E
:109F10000E906D480168092000020818816E6020CB
:109F200068430C18A178206A4907490F02294BD1D0
:109F3000A179490748D4002846D04020005B400062
:109F400009900002FFF728FE039000200F905E4862
:109F500036210068095C0A070AD44907490FA9425B
:109F600006D1012180300F91416C0191806C06E097
:109F70000899C96C01910121C9024018C06900907B
:109F8000FF205F30FFF708FE51490C39497AC900BC
:109F900041180098411A0398081A07900E980B214F
:109FA00041562030059100780A90002002902089C7
:109FB00006900920C00601690798401A070201208F
:109FC0003F0AC00587422AD36CE001200D90079913
:109FD0000398081A079002990398081802900999A3
:109FE0000198401A01906169099808186061059903
:109FF0000A98081A40B205900698401E80B2069052
:10A000000598002804DA00E056E0253040B20590BB
:10A010000920C00601690798401A07023F0A642018
:10A02000FFF7BAFD2A490C39497AC9004118264878
:10A030000068806A0818B84207D20120C00587422C
:10A0400003D2099901988842BFD802990098401A12
:10A0500001020D98090A00280CD01B481122006843
:10A06000D2018018806A081A00020012002801DD5F
:10A0700000200D900F98002806D01348019A006820
:10A0800080304264816408E0089A0198D0640E48E8
:10A0900002680120C0021018C1610E990598C872AB
:10A0A00006982081084801220168492040010818CB
:10A0B000417EAA40914341766D1CEDB27608002E98
:10A0C00000D020E71BE7000004250020580800000E
:10A0D000CC000020F8B54C4D4C4928684418264661
:10A0E0004036B08BFFF7ACFD29684031098E40182F
:10A0F00080B2E16CFFF747FD0746B07FFFF7D6FD62
:10A10000A16D3818411807200005014300913F4A0E
:10A110002968363A8818363100F084F841212868D9
:10A120004901421891784B07014620318E7D5B0F23
:10A1300037093F013B4393707207520F8A75334AC8
:10A14000A8313C3A801800F068F82868A16CC0304B
:10A150000268A26401602868E16CC4300268E264AD
:10A16000016028680099CC221150D030A16D02689E
:10A17000A26501602868616DD43002686265016083
:10A18000296820465C30D83100F042F82968204622
:10A190005E30DA3100F046F8296820466030DB3165
:10A1A00000F040F8296820466430DC3100F030F8D7
:10A1B000296820466830DE3100F02AF829682046F8
:10A1C0006C30E03100F024F8296820467030E2312C
:10A1D00000F01EF8296820467430E43100F018F8C9
:10A1E000296820467830E63100F012F829682046C8
:10A1F0007B30E83100F016F8296820468430EC31D5
:10A2000000F00BF8F8BD00000425002058080000FD
:10A2100002880B8803800A80704702680B6803601D
:10A220000A60704702780B7803700A70704710B5A7
:10A23000C001000CE9F74EFB002010BDF0B51E4830
:10A2400013210068C901401897B000240C27142678
:10A25000C56AF9F7CFFD0FA802301490284600F028
:10A260001DFDFC2820D16946284600F005FD684602
:10A270004078C007149804D0EEF739F90002401C6A
:10A2800002E0EEF734F90002159010A80130EEF765
:10A290002EF90002000A169015A8F9F71DFD0028F6
:10A2A00002D0472017B0F0BD641CAD19E4B2BC4227
:10A2B000D4D30020F6E70000042500200FB4F0B549
:10A2C000584F13203968C001081897B0C66A0FA804
:10A2D000023000241590703014901BE0304600F0DE
:10A2E000DDFC0546FC2809D0FE2D18D0002810D032
:10A2F000FA2017B0F0BC08BC04B0184769463046D5
:10A3000000F0BAFC062215991498E9F7DFFA002844
:10A310001BD014362046641CE4B20C28DED318A8E7
:10A32000407C0009E5D00C2C76D972B600F06AFBAF
:10A3300062B613203968C0010818C66A304600F0BA
:10A34000ADFCFE2868D01436F8E7502269461CA8F8
:10A35000E9F7BCFA0028CCD0304600F073FC0AE0E4
:10A360001436304600F09AFC0546FC2803D0002D38
:10A3700001D0FE2DBCD12046641CE4B20C2801D2D1
:10A38000FE2DEDD118A8C17C6846C0788142C6D1A7
:10A3900018A8407CC0060ED468464078C0060AD58E
:10A3A00002222DA811A9E9F789FA18A9487C1021E1
:10A3B000084318A9487418A8407C800615D468463C
:10A3C0004078800611D523A807A910220230023157
:10A3D000E9F774FA062215991498E9F76FFA18A9A3
:10A3E000487C2021084318A9487418A8407C4006DE
:10A3F00095D468464078400691D527A80BA910222D
:10A4000002300231E9F75AFA18A9487C4021084382
:10A4100018A9487483E7FFE701221CA9304600F021
:10A4200047FC66E70425002010B5064813210068A4
:10A43000C9014018C06AC001000CE9F74BFA0020BE
:10A4400010BD000004250020F7B521481321006845
:10A45000C901401898B0C66A002511A814460C27F7
:10A46000149515901CE0304600F018FCFC2802D032
:10A4700000281AD113E06946304600F0FDFB68461B
:10A480004078C0060BD516AA1999159802F0E2F982
:10A49000022216A81899E9F719FA002808D01436EC
:10A4A00028466D1CEDB2B842DDD341201BB0F0BD93
:10A4B0006946204600F0EEF805482346006821462C
:10A4C0002A3314AA2031803002F070F80020EDE722
:10A4D00004250020F8B5074627480E4600681321DA
:10A4E000C9014018C56A1446002E18D0012E06D1A5
:10A4F0007879010601D5410611D480090FD0787909
:10A50000400637D526461E36284600F0C7FBFC28F5
:10A5100024D0FE282ED000282AD0FA20F8BD2046CC
:10A520003E300090284600F0B9FBFC2805D0FE28FC
:10A5300020D00028F1D11435F4E72146284600F058
:10A540009BFB6078C007C00FB042F4D106223946A9
:10A550000098E9F7BBF90028E0D0ECE7214628464F
:10A5600000F08AFB3146384602F0D5F90028D5D0F4
:10A570001435C9E75C20F8BD0425002030B50B4632
:10A5800095B0154601466A461846FFF7A3FF04003A
:10A5900005D107A9102228460231E9F78FF9204694
:10A5A00015B030BD70B50C4813210068C9014018C2
:10A5B0001426C56A0024284600F070FBFC2805D04C
:10A5C000FE2807D0002803D0FA2070BD641CE4B236
:10A5D000AD19F0E7204670BD04250020F7B596B010
:10A5E00017465E2602F0F6FB04004FD06078C507E0
:10A5F000ED0F1ED0002D05D0E0798109032918D078
:10A60000800916D0E079400610D521481321006852
:10A61000C901401807AEC56A0236284600F03EFB65
:10A62000FC280CD0FE2801D0002812D0472019B0F9
:10A63000F0BD0622A11C14A8E9F740F912E0694612
:10A64000284600F019FB3146A01C02F064F90028EE
:10A6500001D01435E1E70FA9062214A80231E9F769
:10A660002DF900253B4614A92846179A00F0A0F8BA
:10A6700006465D280AD172B600F0C4F962B63B46C0
:10A6800014A92846179A00F093F806463046CEE7FC
:10A690000425002070B5044601200D46A076C97837
:10A6A00021776978090603D5617F1022114361770C
:10A6B0006A78617F60231A40114361776978C9061F
:10A6C00002D5A17F0143A177E86C6061A86C29469F
:10A6D00020610E31204610220E463A30E9F7EEF89E
:10A6E0002946204610221E315430E9F7E7F8294662
:10A6F000204610222E316430E9F7E0F82946204642
:10A70000022244312030E9F7D9F820460822A91D59
:10A710004A30E9F7D3F820460222291D5230E9F7E2
:10A72000CDF86878800704D52089012149030843C2
:10A7300020816878400704D52089012189030843D6
:10A7400020816878000704D520890121C9030843C6
:10A750002081A878010706D5E072204610223146F4
:10A760002A30E9F7ABF8F120A07270BD70B594B053
:10A7700015460E466C4602F02DFB002816D0417897
:10A780002246C907C90F801CFFF7A4FE002802D08B
:10A790005C2014B070BD684640780FA9C007C00F98
:10A7A0002B463246023100F0DFF9F2E74020F0E7B5
:10A7B000FFB585B00D4600F039FA044600270C209D
:10A7C000029060E0204600F069FA0646FE2861D05B
:10A7D000FC2E04D0002E02D0FA2009B0F0BD204695
:10A7E00000F040FA84465F49A000401800686A46BD
:10A7F000030A1370030C5370000E9070641CA000C9
:10A8000040180068D070030A1371000C5071641C6A
:10A81000A000401800680390FC2E0AD105998C45D1
:10A8200006D1062229466846E9F750F8002804D0E8
:10A83000039880080419641C25E00799039888424E
:10A8400019D10622FF216846E9F73CF8002635E0D9
:10A85000641C4448A10008180168684600F0CAF862
:10A860000898042280196946E9F730F8002824D0B6
:10A87000B008241A641EA41E204600F0E3F90398D1
:10A8800080080419E41C384602997F1C884299D339
:10A890008F4210D8344801681320C0010818026B99
:10A8A000C16A406B8918401E091807980C3080084F
:10A8B0000019814206D25D208FE7361D039886423B
:10A8C000C6D34DE005986946C007C00F001F087049
:10A8D0002878487068788870A878C8700099000651
:10A8E0000902090A01432046FDF784F8002831D106
:10A8F000E978684601702979417069798170FF2192
:10A90000C1700098641C0102FF20090A000601437F
:10A910002046FDF76FF800281CD1641C20460799DB
:10A92000FDF768F8002815D1079800258107890FE1
:10A930000E18641C12E0089840190746EDF7D7FD81
:10A940000102F878090A000601432046FDF752F893
:10A95000002801D0FB2040E7641C2D1DB542EAD33E
:10A9600000203AE70000041004250020FFB597B04E
:10A970000C201590142014901D4800250068132108
:10A98000C9014018C66A1F462C461D70304600F0AB
:10A9900085F9FC280DD0FE2806D014986D1C3618B9
:10A9A0001598EDB28542F1D31798047000201BB0C2
:10A9B000F0BD6946304600F05FF91999E01D884204
:10A9C00001D96420F3E7684640780622C107189849
:10A9D000C90F0155641C1898A4B20FA900190231BF
:10A9E000E8F76CFFA41D3878A4B2401C3870D4E797
:10A9F0000425002001700A0A42700A0C8270090EB8
:10AA0000C1707047F0B5FFB0FFB085B00020009076
:10AA100001900290534E039013203168C001081832
:10AA20000025C76A04952C460595384600F036F98E
:10AA3000FC280ED0FE2812D000280CD0132031683C
:10AA4000C0010818C06AFFF7F2FB7FB07FB005B005
:10AA5000F0BD641CE4B26D1C14370C2DE5D3254603
:10AA6000042C00D90424281BC0B206903D480027BE
:10AA700001681320C0010818C66A0CE0304600F0D7
:10AA80000DF9FC2806D10698002816D0401EC0B249
:10AA900006907F1C1436AF42F0D3324D132628683F
:10AAA000F6018019C06AC001000CE8F713FF28689E
:10AAB000801900263546C76A4FE00499502041436B
:10AAC000B3A8081801460890304600F0D5F8552183
:10AAD0000598C9000A1A04986946800007900A5030
:10AAE000059A09A98B1869464218089801464078CA
:10AAF0003E31C007C00F00F037F8002807D0079993
:10AB000000206A4650500498401C0490C1E7079802
:10AB100069460958059808180590F4E75020294619
:10AB20004143B3A8091800223846049100F0C0F848
:10AB3000A9006846059142581437002A08D009A890
:10AB40000499831948783E31C007C00FFFF730FEE3
:10AB500005986946085886196D1CA542DED3002069
:10AB600073E7000004250020FFB585B000F05EF813
:10AB7000044607980026006803900C2002902046A7
:10AB800000F08CF80546FE2835D0FC2D04D0002DB1
:10AB900002D0FA2009B0F0BD204600F063F8224947
:10ABA000A200521813686A461F0A17701F0C5770CC
:10ABB0001B0E9370641CA200521813686A46D3706F
:10ABC0001F0A17711B0C5371641CA20051180F68E7
:10ABD000FC2D09D10599884206D1062268460699BE
:10ABE000E8F774FE002808D0B80804190298641C1D
:10ABF000761C8642C3D35C20CCE70398874201D9F8
:10AC00004820C7E707980025074E076008E0641C46
:10AC1000A0008019016808984019FFF7EBFE2D1D70
:10AC2000BD42F4D30020B5E70000041004480168D9
:10AC30001320C0010818C16A006B08187047000093
:10AC400004250020810010B505480C182068010A71
:10AC500009022046E8F756FE2068002010BD0000DB
:10AC6000000004100349800040180068C007C00FAE
:10AC70007047000000000410F8B5074F0E46044668
:10AC80000025A000C01901687019FFF7B3FE641C0D
:10AC90002D1D502DF5D3F8BD000004100349800090
:10ACA000401800680006400E400070470000041085
:10ACB000F7B5002450260546002A20D00027092099
:10ACC000C006016942685201520F032A0ED0426841
:10ACD0005201520F0AD04068401A0002000AFEF7E3
:10ACE000BDFF01461048814209D803E0FF20F5303E
:10ACF00003F0ECF97D20C0007F1C8742DFDB019868
:10AD00000019077841780B028178C0780A0401069F
:10AD10001143194339432846FCF76CFE241D6D1C72
:10AD2000B442ECD30020FEBDCC040000F7B584B0E3
:10AD3000072116460191009102F04CF8040004D05E
:10AD40007420005DC00724D102E0402007B0F0BDB0
:10AD5000A01C02F0F3FD00281DD0002E02D0A07B25
:10AD6000000616D4A27BD00613D4464D2868817DF8
:10AD70004B081943C90702D0817E490709D4002135
:10AD80000291D109C901A173A27A002A08D0F12A3F
:10AD900003D04620DAE75920D8E7059AD2071ED01B
:10ADA000807EC043800721D0208920220105090D23
:10ADB0000020FCF751FF07001AD0A020A072E07E0F
:10ADC0002F210840E0760598800703D5A07B20213D
:10ADD0000843A0732868002E0CD0417B0EE00120B0
:10ADE0000143A1732046E8F725FFAFE73820ADE720
:10ADF0006420ABE78030007B4007C10F2868827D6C
:10AE000053081A43D207C37DD20F007B00F093F999
:10AE10000646204602F030FC01990098009101900E
:10AE2000227E33460121384600F092F92146384609
:10AE300001F0A0FB002802D04120029086E729689B
:10AE4000887EC243920701D0401C88762046542257
:10AE500000212030E8F736FD304618210840E07226
:10AE6000A07EF10700D002210843A076E07E7107A2
:10AE7000C90F0843E07628688030C672A120A0720E
:10AE8000029863E70C250020F0B593B000200690EF
:10AE900072B65F4D042128684030C2790A43C271FE
:10AEA00062B6E8F705FF00265A4F73E03868C16FB5
:10AEB0007C2070430C186BD02089002868D0617BFF
:10AEC000C9075FD00005000D21462A3101901022EC
:10AED00011910CA8E8F7F2FC07A9204600F006FB48
:10AEE00000283CD00198F6F75CF80B90207B800797
:10AEF0000CD0019802F012FB0246474B00210120C2
:10AF000002F0DEF8207B000900012073022004908B
:10AF100001980390032002903921286849014118C3
:10AF2000897B0123890712D5D902083040181322E2
:10AF3000C06C022103F0B6F9010008D0039A8A80A0
:10AF4000029A00238A71CB71049803F097F90B9849
:10AF50003A280AD0607B40084000607312E007A9DD
:10AF60000198F6F717F80B90F1E710220CA9119849
:10AF7000E8F7A4FC72B62868FB224030C179114082
:10AF8000C17162B6A07A002802D0204600F064F9B0
:10AF9000761CF6B22868A030007BB04286D830E03C
:10AFA00006A9386803F0FBFF0698808801F012FFBD
:10AFB000010022D006988268127B052A05D08B7A80
:10AFC000102B05D9F12B03D00BE002F0EDFB14E0C0
:10AFD00074235B5CDB0702D0012A0ED101E00B2A4F
:10AFE0000BD101F075F9002807D0FD2805D006998E
:10AFF000386803F082FF13B0F0BD01210698FCF71A
:10B0000087FE386803F0A2FF0028C9D0F3E70000EC
:10B01000042500200C2500203075000070B501F0DB
:10B02000D9FE040007D07420005DC0070AD0207B41
:10B03000800707D101E0402070BDA07A002803D02E
:10B04000F12801D0462070BD1A4E3068807EC04382
:10B0500080072BD0208920220105090D0020FCF754
:10B06000FBFD050024D00220E880A8680B210173B5
:10B070003068817DC37D4A081143CA07417B007B4C
:10B08000D20FC007C00F00F056F80146306880307C
:10B090000173A86841732146284601F06BFA002825
:10B0A000D1D1217B01221143217370BD382070BDA5
:10B0B000642070BD0C25002070B50E4602230446A6
:10B0C000C10612481546006803D51E22BF210C4058
:10B0D00008E0392149014118C97B890601D40020C3
:10B0E00070BD1B222107890E08180121C9024018D2
:10B0F000C06C214603F0D6F8010005D08E802046B2
:10B100008D6003F0BBF8EAE7072070BD042500203E
:10B1100001700A0A42700A0C8270090EC1707047F1
:10B120000178427813028278C07812040006104336
:10B13000184308437047C007C907C00F490F0843A9
:10B14000D107090F0843D907C90E0843704700000B
:10B15000F0B50724059E069DC4808468D20721733C
:10B16000084C81682468D20F277E4F7381688A73E8
:10B170008168CB738168E27B0A7481684E74806851
:10B180008574F0BD0C2500200146896800204A7BAB
:10B19000042A05D88A7B012A02D8CA7B920701D5E6
:10B1A0000A207047044A097C1268927B914201D3BD
:10B1B0001029F6D9062070470C250020F0B587B07D
:10B1C00004461C2222496846EFF706FD227E032131
:10B1D000D04383071F48002B006804D0E37A1D0783
:10B1E00005D5D50701D0E1771CE09207FBD4E27EBC
:10B1F00005252A4212D0627E057E960096196F467A
:10B20000F619AD5DE577002D0CD11B0708D4012A96
:10B2100002D1027E012A01D0022202E0012200E0D6
:10B220000422E277407BC007C00F02D0E07F0128F4
:10B2300006D0E07A000709D5E07F022804D005E0B7
:10B24000E177472007B0F0BD0020E0730020F9E768
:10B25000484506100C250020F0B50446807A2646A5
:10B26000603695B0102820D0D1287BD0D22879D054
:10B27000D32877D0D42875D0D52873D0F02875D0AE
:10B28000FE2877D0A2287FD0B2287DD0B42868D0FD
:10B29000BF28204677D0E8F7D1FCE07A000702D536
:10B2A0002046E8F73BFD15B0F0BD60786A46C1075F
:10B2B000C90FA01CFFF70EF90227474D00282AD01E
:10B2C000FCF7A2FF002824D0307DC00721D0FFF773
:10B2D00069F9FA281DD000281BD0E079400618D55E
:10B2E000022014903921286849014118C97B268918
:10B2F000012309070DD5DD02083040191A2239460D
:10B30000C06C02F0CFFF010003D08E80149802F0D1
:10B31000B5FF00204AE069462046FFF7BBF92089C7
:10B320000104BAD502211491060539212868490182
:10B330004118897B360D01230907AED5DD0208309F
:10B34000401915223946C06C02F0ACFF0100A4D0B0
:10B350008E80149802F092FF9FE703E006E009E078
:10B3600012E027E0204600F041F996E7204602F07F
:10B37000DFF992E7307D00068FD57C220021204640
:10B38000E8F7A0FA89E724E0E07A000704D5204630
:10B39000E8F7C0FC002880D0E07F022802D1E07EE0
:10B3A000C006D9D5307DC00702D0B420A07274E7A2
:10B3B000A420FBE7204610216430F5F743FBE07A38
:10B3C000000703D52046E8F78DFC66E7B521A1729A
:10B3D00063E702F035F960E70425002010B5742119
:10B3E000095CC9070BD1817AA42909D0AC2916D0F0
:10B3F000AF2904D1417F002914D0D021817210BD22
:10B40000044610215430F5F71DFBE07A0007204672
:10B4100002D5E8F763FC10BD00F0A8FC10BDE8F70A
:10B4200009FC10BD02F00CF910BD10B50146807A80
:10B43000A92802D1002000F059FC10BD10B5044627
:10B44000807AAA280BD0BA2809D0B92810D0742045
:10B45000005DC00702D12046E8F7F8FB10BD20468A
:10B4600002F032FD0028F9D0012300220B210DE06B
:10B47000E07F0428F2D1E07E410602D5BA20A07216
:10B4800010BD0006FCD5012300220C21204602F04D
:10B4900096F910BD70B50446134800250268402196
:10B4A00028463C3202F029FE002804D002F05EFD5E
:10B4B00002F08AFB0DE0E07A4106890F03290AD0E9
:10B4C0007421095DC90708D0400602D5204602F064
:10B4D0008BFC284670BD0125FBE78106F9D49B2132
:10B4E0000840E072F2E700000C250020FEB504469B
:10B4F0000020009025462646A07A2A3532360F468F
:10B50000BC2821D0F12810D1E07A00071CD42046B5
:10B51000203001AA2946029001F09CF9022231460E
:10B5200001A8E8F7D3F9002806D02246294630467C
:10B53000FEF78AFF4120FEBD09482B4600686A4697
:10B540000299803001F032F8102200213846E8F7E5
:10B55000B9F9227F29463846E8F7B0F90020FEBD48
:10B560000425002010B58268527B4A768268927B5F
:10B57000012A03D10A7E02231A430A761A4B8268F3
:10B580001B68D27B80331A728468647C5C72846826
:10B59000A47C9C728B7ED407E40F23438B76CB7EF6
:10B5A000042422401343CB768268127C0A777422EB
:10B5B000525CD20712D08B7F0522DC08E4008C7726
:10B5C00083689B7C5B075B0F23438B778068083025
:10B5D000801800794007400F487710BD8368062225
:10B5E0005B7C5B075B0FF0E70C250020F0B58DB0AE
:10B5F000002705460797008920220105090D3846D6
:10B60000FCF72AFB04006DD02E466036307DC10663
:10B61000284620300290002906DB0221F5F712FAB5
:10B62000307D102108433075A87A2E462236D12865
:10B6300008D0D2281AD0D3282CD0D42835D0D52859
:10B6400052D047E008213046F5F7FCF92C4803AB0F
:10B65000006807AA0299803000F0A8FFA0680621C0
:10B6600001731120E0802A7F03AB1CE00B20E080F7
:10B67000A0680721017307AA3146029801F0EAF891
:10B6800007AB022205212046FCF796FB0822334631
:10B6900007211CE01120E080A0680821017308A8A0
:10B6A00000F0AAFF29E0052111E069460F7108A901
:10B6B00001A801F081FF0820E0800921A06806228E
:10B6C00001736946A0680979417308AB11462046A9
:10B6D000FCF772FB2946204600F04CFF002801D100
:10B6E000DD20A8720DB0F0BD1120E080A0680A2115
:10B6F000017308A9284600F06DFF08AB1022D2E7BD
:10B7000004250020F0B599B016460D4604463C22AB
:10B7100000216846E8F7D6F81022294604A8E8F781
:10B72000CDF8E07F464D022802D0032806D00BE07A
:10B73000286801696846FFF7EBFC05E029681022DC
:10B7400068461C31E8F7BAF8012108A801702A6898
:10B75000117E4170207EC107C90F08A88170114673
:10B760008031CB7AC370D27B027107224271827121
:10B770000222C271627E0272207E8007C20F08A878
:10B7800042720A7A8272227FC2724A7A0273897A7C
:10B7900041730F30471E05463946FDF79DFC607822
:10B7A0000622C107C90F08A841751630A11C1790C1
:10B7B000E8F784F811A807220130F91FE8F77EF8AE
:10B7C0000FAC0722A01C08A9E8F778F80122601C3A
:10B7D000E11FE8F773F8012239460FA8E8F76EF881
:10B7E0000020694613AF0A18127C235C5A403A5471
:10B7F000401CC0B21028F6D3324639466846F5F7E9
:10B8000085FB102200210FA8E8F75CF806222946E4
:10B81000A01DE8F753F806220FA81799E8F74EF88D
:10B820000021705C625C50407854491CC9B21029F8
:10B83000F7D3324613A96846F5F768FB19B0F0BD97
:10B840000C250020F0B599B016460D4604463C2262
:10B8500000216846E8F736F81022294604A8E8F7E0
:10B860002DF8E07F4A4D022802D0032806D00BE0D5
:10B87000286801696846FFF74BFC05E0296810223B
:10B8800068461C31E8F71AF8012108A80170617EAA
:10B890004170207E8007C10F08A881702A68114678
:10B8A00080310B7AC370237F03714B7A43718B7A9B
:10B8B00083710223C371137E0372207EC307DB0FE3
:10B8C00008A84372C97A8172D17BC172607F410737
:10B8D000490F08A80173A07F4107490F08A84173C9
:10B8E0001630471E05463946FDF7F6FB60780622FE
:10B8F000C107C90F08A881730F30A11C1790E7F783
:10B90000DDFF11A809A9072201300331E7F7D6FFAF
:10B910000FAC0722A01C08A9E7F7D0FF0122394687
:10B92000601CE7F7CBFF01220FA8F91FE7F7C6FF5E
:10B930000020694613AF0A18127C235C5A403A541F
:10B94000401CC0B21028F6D3324639466846F5F797
:10B95000DDFA102200210FA8E7F7B4FF0622A01D90
:10B960001799E7F7ABFF062229460FA8E7F7A6FFCE
:10B970000020315C225C51403954401CC0B2102878
:10B98000F7D3324613A96846F5F7C0FA19B0F0BDEF
:10B990000C2500207FB5AC218172817B05468A078A
:10B9A0002A350446002A09DA102200216846E7F702
:10B9B00089FF69462B460A46AD250FE0C80701D12D
:10B9C000480719D521464A312246E07A523200070B
:10B9D00001D52B4601E023463A33AE2520890005E8
:10B9E000000DFDF7C3FF00280BD03A2801D00C282A
:10B9F00000D1002004B070BDC808C000A07346206C
:10BA0000F8E7A17BCA0703D010221143A173F125E7
:10BA1000C9B2C908C900A173A572EBE7F8B50268FD
:10BA200041689268FD20137B0E2B13D1CB7ADB0685
:10BA300010D5CB7F022B0DD14B7E022B0AD1742364
:10BA40005B5CDB078B7A06D0B22B0AD0B42B08D014
:10BA5000B52B06D0F8BDA22B03D0A42B01D0A52B6B
:10BA6000F8D10889392105050D48490100680226E9
:10BA70004118C97B2D0D547B012349060ED50221A7
:10BA80008F020830C0191C22C06C02F00BFC0100B0
:10BA900004D08D808C71304602F0F0FB0020F8BDA0
:10BAA0000425002010B5036841689A68FD20127BC8
:10BAB0000B2A07D0022A0ED0032A13D0042A1ED044
:10BAC000FC2010BD8A7A002A01D0F12AF9D118464B
:10BAD00000F02EFA10BD8A7AA12AFBD1184600F098
:10BAE000F1F910BD8A7AA52A05D0A22A01D0A42A8C
:10BAF000F7D1FF2010BD184600F0F8F810BD8A7A83
:10BB0000A62AFBD1184600F06BF910BDF8B5074620
:10BB10008068FD25007B0C46012806D003285AD0FA
:10BB2000042870D0FC252846F8BDA07A00280AD049
:10BB3000F12808D0FB28F6D1012300220921204654
:10BB400001F03DFE65E00026208901F0E7FC024699
:10BB50000021314B084601F0B3FA207BC14389072D
:10BB60000AD0810714D5012108432073207B0107E7
:10BB7000890F012911D00BE00C210840D4D00428F2
:10BB8000F4D0082825D00C2800D10126002ECAD0D8
:10BB90002146384600F0DEFA3BE0FB210840082150
:10BBA000084320731D483921006849014118897BE9
:10BBB000022489060DD502218B020830C0181722F5
:10BBC000C06C002302F06EFB010002D0204602F0A0
:10BBD00055FB4320F8BDA07AB5280FD0B22801D07C
:10BBE000B428A0D1C87F02289DD10D480068007EEE
:10BBF000022801D0042896D1FE2594E7384600F0AB
:10BC0000E1F906E0FFE7A07AB6288CD1384600F0CB
:10BC100017FA054687E7000030750000042500206C
:10BC20000C25002010B5026841689368FF201B7B3B
:10BC30000C2B03D00D2B14D0FC2010BD8B7AA22B23
:10BC400001D0B22BF9D174235B5CDB07CB7A05D032
:10BC50005B06F2D4104602F085F810BD9B06F9D4BD
:10BC600010BD8B7AAB2B01D0BB2BF9D1104602F063
:10BC7000F1F810BDF8B504460025FFF79FFA4728F4
:10BC800003D0E07F022802D026E0E57F24E01548BB
:10BC90000068007D002821D00220009020893921F1
:10BCA0000605114849010068360D4118897B0123BA
:10BCB00049070DD502218F020830C0191422C06C2B
:10BCC00002F0F0FA010003D08E80009802F0D6FA5C
:10BCD000E07EEF210840E0762846F8BDE07E1021A6
:10BCE0000843F8E70C25002004250020F8B5074696
:10BCF00008890C460105090D20220020FBF7ACFF46
:10BD000005000DD026462A36002F05D033461022D6
:10BD100005213846FBF760FFE07F022802D009E0EA
:10BD20006420F8BD2046102231466430E7F7CEFD8E
:10BD3000002814D01120E880A8680421017323464C
:10BD40005433102205212846FCF736F821462846B0
:10BD500000F010FC0028E4D1A621A172F8BD012357
:10BD60002A460821204601F02AFDF8BD30B50446D8
:10BD7000008989B00105090D20220020FBF76CFF26
:10BD8000050009D0E07A000709D5684605900494BB
:10BD900004A8E7F7ABFF08E0642009B030BD2146F6
:10BDA0006A4654312046FFF7ADFC1120E880A868B0
:10BDB000032101736B46102205212846FBF7FCFF87
:10BDC0002146284600F0D6FB050007D12046102268
:10BDD00069466430E7F772FDA520A0722846DCE7CB
:10BDE000F0B50B4693B00C466433002510220521B4
:10BDF0000993FBF7F1FEE07A00070BD504A80F903A
:10BE00000E940EA8E7F776FF0546EB2807D1002031
:10BE100013B0F0BD04AA20460999FFF773FC214630
:10BE20002A3110220F4604A8E7F750FD002806D05B
:10BE300000231A460421204601F0C1FC3CE0204EBC
:10BE4000217F3068C07B814200D92077E07A0007EB
:10BE500003D52046E7F752FF2FE010220021684665
:10BE6000E7F730FDE07F022802D0032806D00BE080
:10BE7000306801696846FFF74BF905E03168102228
:10BE800068461C31E7F71AFD22460AAB5432684671
:10BE9000099900F0C5FB102200213846E7F712FD92
:10BEA000227F0AA93846E7F709FDA07B0221084353
:10BEB000A0732046E7F7BEFE05462846A8E7000027
:10BEC0000C2500207CB50C460646A425FFF75CF93E
:10BED00000281BD1E07A000707D568460096019438
:10BEE000E7F7F8FE002811D1A225A07EFB2140082B
:10BEF0004000A076E07E0840E07621463046FFF71D
:10BF000031FB2046FFF7B6FE002808D0642805D094
:10BF1000014601230022204601F051FC7CBDE17F57
:10BF2000022903D1E17EC90600D4A225A5727CBDF9
:10BF3000F8B50C46897A0026A039502901D800208E
:10BF4000F8BD80681D4F457B3868807D022803D18D
:10BF5000280701D4032024E0A07B80210843A0739C
:10BF6000208901F0DBFA02460021154B084601F05A
:10BF7000A7F8A07AF12806D1680704D520894004E3
:10BF8000800F00D101263868E906C90E80300173A0
:10BF9000208900220005000D3146FEF7C7FE00286B
:10BFA000CED0A17B4906490EA1736428C8D00146B2
:10BFB00001230022204601F002FCF8BD0C250020E0
:10BFC0003075000070B5064608890C4601058AB038
:10BFD000090D20220020FBF73FFE050012D0002EA5
:10BFE00006D023462A33102205213046FBF7F4FD04
:10BFF000E07A000709D505A80290019401A8E7F7A7
:10C0000081FE08E064200AB070BD214605AA6431B3
:10C010002046FFF717FC1120E880A8680321017370
:10C0200005AB102205212846FBF7C6FE214628460F
:10C0300000F0A0FA0028E6D1B621A172E3E70000E3
:10C04000F0B5064693B00020059008890C4601051E
:10C05000090D20220020FBF7FFFD050019D0234623
:10C0600054331022052130460293FBF7B5FDE07AE8
:10C07000010720462A30019000290DDA0FA8089008
:10C0800005A8099006A80A90079407A8E7F73EFEBE
:10C0900010E0642013B0F0BD0FAA20460299FFF70C
:10C0A000D1FB10220FA80199E7F710FC0590BC20E6
:10C0B00069460876264605986436254F002809D03B
:10C0C00001232A460421204601F079FB0598002827
:10C0D0001BD03AE01120E880A868042101733346A0
:10C0E000102205212846FBF767FE2146284600F06E
:10C0F00041FA0028EAD16846007EA0723868217FA4
:10C10000C07B8142E2D92077E0E7E07A00071CD4C7
:10C11000102200210BA8E7F7D5FBE07F022802D010
:10C12000032806D00BE0386801690BA8FEF7F0FF82
:10C1300005E0396810220BA81C31E7F7BFFB314638
:10C140000BA8019B029A00F06BFA0020A2E7000006
:10C150000C250020F3B55D4E00253068B427807EA5
:10C1600083B0C0430C4680070ED0208920220105F1
:10C17000090D0020FBF770FD0290002807D0A17A7E
:10C180000020F12905D032E0082005B0F0BD642080
:10C19000FBE7E17E2F221140E1763168237FC97BE6
:10C1A0008B4204D0039A9268127C8A4207D8039A81
:10C1B00092689446127C9A4203D08A4201D86077F2
:10C1C00015E0617F8A0600D50225490601D50421C4
:10C1D0000D436146497CA94203D001221543A9427F
:10C1E00002D16077A07702E0204601F06BF8B02022
:10C1F000A0723168887EC243920701D0401C8876C5
:10C200000398FEF7C1FF039900288968CD7B4BD1C5
:10C210003068817D022903D12A0701D4032043E03D
:10C220004A081143CA07C37D417BD20F007BFEF74A
:10C2300082FF0646354018200540E572280705D5DF
:10C240002046E7F731FD00282ED1B227204601F025
:10C2500013FAF00700D00220A0767007C00FE07636
:10C2600021460398FFF77EF92046FFF703FD0028DB
:10C270001AD1E07F022803D1E07EC00600D4B227A5
:10C28000A07F617F40074907400F490F009101904F
:10C29000227E334602210298FEF75AFF2146029879
:10C2A00000F068F9002806D0014601232046029AD2
:10C2B00001F085FA69E72189072212039143218160
:10C2C000024909688031CE72A7725EE70C25002012
:10C2D0007CB50546C87A0C46000706D56846009529
:10C2E0000194E7F71FFDFC2822D17420005DC007F0
:10C2F00004D021462846FFF709FC04E06846009573
:10C300000194E7F79FFCFC2812D12146284601F052
:10C310007DF8452803D047280BD0FC2808D1E17AC6
:10C32000FD20090704D5684600950194E7F7FEFC57
:10C330007CBDFD207CBD000038B514C8D07F02282C
:10C340000FD10848D17B0068491E03690094CB4097
:10C35000DB070146DB0F90313C305432803300F074
:10C3600072F938BD0C25002038B514C8D17F0023E0
:10C37000032904D00C480229006804D00AE0AA204E
:10C380009072EB2038BDD17B0369491ECB40DB079F
:10C39000DB0F803301463C3190306432009400F072
:10C3A00052F9002038BD00000C2500201CB50446C1
:10C3B000C07F042806D0AA21022820D0012800D15D
:10C3C000A1721CBD01A800901048234600682246B7
:10C3D00001466433543290313C3000F00FFAB920FA
:10C3E000A07201A8FEF79CFE0949E3F7F5FE20893B
:10C3F0000A460105090D0220FEF75EFE1CBDE07B2A
:10C400001428DDD2A420A0721CBD00000C25002041
:10C4100040420F0010B50B4A016812688968927D8E
:10C420004068C97B022A03D10A0701D4032010BD4A
:10C430001823C27ADB4319430A40C272E7F734FC7F
:10C4400010BD00000C25002010B5C17F012908D0C7
:10C45000042906D0022907D0032901D101F03CFCB0
:10C4600010BDA521817210BDC17B491CC173FFF7AE
:10C470007DFC10BD38B514C80A48D17F0023006880
:10C48000022906D1D17B0369491ECB40DB07DB0FB4
:10C490008033014690313C306432009400F0D3F890
:10C4A00038BD00000C250020FEB5046841680291EB
:10C4B0008668C568BA20287000203060E17F1F4878
:10C4C00004291ED002291BD10068E77B01697A1E6E
:10C4D000D140CB07029900910146DB0F224654322E
:10C4E0003C319030803300F0AEF8214610222A31E2
:10C4F0000298E7F7EBF93060142F01D2B4202870CE
:10C50000FEBD01A90091006823460146224664331E
:10C5100054323C31903000F071F9B920287001A8F4
:10C52000FEF7FEFD0649E3F757FE20890A4601059E
:10C53000090D0220FEF7C0FDFEBD00000C25002005
:10C5400040420F0010B5C17F012908D0042906D050
:10C55000022909D0032901D101F0BEFB10BD01461B
:10C560000020FFF72FFD10BDC17B491CC173B52111
:10C57000817210BD70B50D46064601460620F5F7DE
:10C58000ADF9040005D000213046FBF7C1FB204681
:10C5900070BD288900F0C2FF02460021024B084608
:10C5A00000F08EFDF3E70000307500007FB5002439
:10C5B00000940194029403940D786C462570497898
:10C5C00061701178A1705178E1701A466946F4F7EC
:10C5D0009DFC7FBD08B50B4605A2014612680548C3
:10C5E000009200686A4620318030FFF7DFFF08BD07
:10C5F00001000000042500201CB507A10968009176
:10C600000346002105480191006801AA694690305F
:10C61000FFF7CCFF1CBD0000010000000425002036
:10C620007FB5164604461D46082202A8E7F746F9DC
:10C63000082231466846E7F741F92A46694620460E
:10C64000F4F764FC7FBDF0B599B00E461C46174662
:10C6500001460123202268461E9D01F03EFD012374
:10C660002022314608A801F038FD10A804700123EB
:10C670001022394611A801F030FD15AB11AA412155
:10C68000684603F020F80123102215A9284601F07E
:10C6900024FD19B0F0BD0000FFB5A3B00F4605465C
:10C6A0001C46382225A16846309EEEF795FA0123F4
:10C6B000202229460EA801F010FD16AB2D4A20219C
:10C6C0000EA803F000F801A801231022394601301A
:10C6D00001F003FD05A8012310220130259901F086
:10C6E000FCFC08A8447101230622801D2C9901F04E
:10C6F000F4FC08A82D990173012306220D302E9910
:10C7000001F0EBFC1AAB16AA3521684602F0DBFFFC
:10C71000012310221AA92F9801F0DFFC012168469D
:10C7200001701EAB16AA352102F0CDFF01231022A5
:10C730001EA9304601F0D1FC27B0F0BD0062746C38
:10C740006500000000000000000000000000000084
:10C7500000000000000000000000000000000000D9
:10C7600000000000000000000000000000000001C8
:10C770000000000061450610FFB599B00446012392
:10C7800010226846229F259E279D01F0A6FC0123CA
:10C79000102204A81B9901F0A0FC0123102208A874
:10C7A0001C9901F09AFC0123032239460CA801F0E0
:10C7B00094FC08A82399C174012306220DA824998A
:10C7C00001F08BFC08A88676012306221B302699EF
:10C7D00001F083FC01231022214615A801F07DFC05
:10C7E00011AB15AA4121684602F06DFF012310220A
:10C7F00011A9284601F071FC1DB0F0BDF0B59DB047
:10C800000D461E4617460146012320226846229CFB
:10C8100001F063FC01232022294608A801F05DFCF9
:10C8200001231022314610A801F057FC01231022E9
:10C83000394614A801F051FC18AB14AA50216846DF
:10C8400002F041FF012304221BA9204601F045FC10
:10C850001DB0F0BDF0B5054691B019A000680D906F
:10C8600000200E901748144600680E4605AB0EAA2D
:10C870000DA99030FFF79AFE05A80F906F46102281
:10C88000002101A8E7F71EF80822314601A8E7F7C2
:10C8900015F809AA01A90F98F4F738FB022209A993
:10C8A0003846E7F70BF8684600782978484020704A
:10C8B0006846407869784840607011B0F0BD00006B
:10C8C000030000000425002010B586B0044601A82E
:10C8D000FFF792FEF4F78CF969468870000A4870F9
:10C8E000F4F786F969460870887840214006400EC2
:10C8F00008436946887005AA01A800F080F8032261
:10C9000005A92046E6F7DAFF03226946E01CE6F7B0
:10C91000D5FF06B010BD38B50B460446C11C6A46AB
:10C92000184600F06CF8032221466846E6F7CEFF71
:10C93000002800D0412038BDFFB593B014460FAA9F
:10C940000BA9139800F076F81022002102A8E6F750
:10C95000B9FF002502AE06AF1DE0281D81B206AB6F
:10C9600010221498FBF738F90020315C3A5C5140F2
:10C970003154401CC0B21028F7D306AA02A913985C
:10C98000F4F7C4FA102206A902A8E6F797FF1035BB
:10C99000103CADB2E4B2102CDFD827D01022002119
:10C9A00006A8E6F78FFF002C08D01020001BC31943
:10C9B0002D1DA9B222461498FBF70EF980200F21F5
:10C9C000091B78540FAC0020395C225C5140325C6A
:10C9D00051403154401CC0B21028F5D302A9169A18
:10C9E0001398F4F793FA002017B0F0BD2D1D0BAC8F
:10C9F000A9B206AB10221498FBF7EEF8E3E770B586
:10CA000088B016460C460546102200216846E6F717
:10CA100059FF032221466846E6F750FF04AA6946FB
:10CA20002846F4F773FA032204A93046E6F746FFD6
:10CA300008B070BDF0B589B00346002015460C461D
:10CA4000009001900290039004AA69461846F4F7FA
:10CA50005DFA6846C07F8727000600286E4621469B
:10CA600004A80DDA00F025F8684607700020215C64
:10CA7000325C51402154401CC0B20F28F7D301E072
:10CA800000F017F8E07B2946000620460ED500F09E
:10CA900010F8684607700020295C325C5140295428
:10CAA000401CC0B20F28F7D309B0F0BD00F001F868
:10CAB000FAE730B5027852000A7001221446835C0E
:10CAC00085185B061B0E8B54203DED7F2D0601D58E
:10CAD00023438B54521CD2B20F2AF0D930BD000030
:10CAE00010B50F4CFF220021206802F0FEF92068EB
:10CAF00000218176C17601224273072383731023BC
:10CB0000C37302760175016102738175C17519469F
:10CB10001C30F3F797FF0020E7F7C2F810BD0000C4
:10CB20000C2500207CB508380E4EC4B230687C213C
:10CB3000C06F4C430519288900230105090D012206
:10CB4000022000F077FB02206946009508716846D4
:10CB500000F016FF30687C22C06F00210019E6F754
:10CB6000B1FE7CBD0C250020F8B507460D46002619
:10CB7000888800F02FF9040064D0012F02D0002F24
:10CB800009D062E0E88841285ED833482946006829
:10CB900002F0C6F95DE0A868007B06280BD0D5211D
:10CBA00007280AD0082819D0092819D00A281CD02B
:10CBB0000B281ED049E0D22006E0A07ADD2844D11F
:10CBC000A07F820702D5D320A0723EE0400701D5A6
:10CBD000A1723AE0204600F05BFB36E0D420F3E798
:10CBE000A07ADD2831D1A07FF0E7A07ADD28F1D04E
:10CBF0002BE0207B8107890F012926D18843022160
:10CC00000843207315483921006849014118897B80
:10CC10004227C9060ED50121C90208304018162244
:10CC2000C06C0023394601F03DFB010002D03846BC
:10CC300001F024FBA07AF12807D1207B04210843CE
:10CC4000207302E0012F00D1012631462846FBF770
:10CC50005FF80020F8BD00000C250020042500200E
:10CC600000B50005000D00F0B5F8002806D0017BE6
:10CC70000A07920F022A03D0462000BD402000BDC3
:10CC80000C2211430173002000BD10B50C4600F0CA
:10CC9000A1F8002807D0817A002904D0007FA042A3
:10CCA00001D3002010BD5F2010BD10B594B0044624
:10CCB00000F090F800281AD041786A46C907C90FD9
:10CCC000801CFDF707FC00280DD0204600F082F8FC
:10CCD00000280CD0817AF12907D1807EC10704D0C9
:10CCE000800702D5002014B010BD5E20FBE7402075
:10CCF000F9E70000FFB59C46224B00241B68204941
:10CD00000646A03381B02746204609681D7B08E00F
:10CD10007C23CC6F4343E4182389002B0DD0401CA7
:10CD2000C0B28542F4D8854227D0002F25D00320F9
:10CD30002070002A03D0012002E00127F3E7002041
:10CD4000607006226146A01CE6F7B8FD268110201F
:10CD5000A07220466030029901750B994175062238
:10CD600016300A99E6F7AAFD2046042200210C306D
:10CD7000E6F7A8FD0020C043606105B0F0BD0000EB
:10CD80000C2500200425002010B5412400F022F8D5
:10CD9000002805D06030017D8022114301750024F8
:10CDA000204610BD10B5002400F014F800280ED065
:10CDB0000089C10407D50124810401D5032402E0C0
:10CDC000410400D50524000401D408200443204672
:10CDD00010BD000070B500281BD003050F480021CE
:10CDE00000680D4A1B0DA0301268047B0FE0084656
:10CDF0007C267043D56F0830285A0005000D9842F4
:10CE000003D17C225143681870BD491CC9B28C42C1
:10CE1000EDD8002070BD00000C2500200425002066
:10CE20001CB5FFF7D7FF040016D0208900F076FB71
:10CE300002460A4B0021012000F042F9208900053A
:10CE4000000D00F08DFB02206946009408716846D1
:10CE500000F096FDFE20A0721CBD000030750000A1
:10CE6000F8B507460E4600251046FFF7B3FF04004D
:10CE700071D0002E0BD120890121090308432081A4
:10CE8000E17F02290DD003290BD0042909D0208984
:10CE90000105090D002E10D07420005DC00723D0BD
:10CEA0003DE0E17A090702D50121890301E0012172
:10CEB0004903084301052081090DA07ABC2806D04A
:10CEC000AD2806D0AE2806D0F12807D037E0BF2025
:10CED00002E0AF2000E0F020A07230E0032F2ED15E
:10CEE00000231A46422028E0A07AF12817D12648CC
:10CEF0003921006849014118897B422589060ED5F0
:10CF00000121C902083040181722C06C00232946AD
:10CF100001F0C8F9010002D0284601F0AFF9002065
:10CF20000125A072032F0AD10522062E00D104226A
:10CF3000208900230105090D022000F07BF97420EF
:10CF4000005DC00708D0207B810700D001250009C3
:10CF5000000120730CE016E0A07BC10608D5EF218C
:10CF60000840A073010603D54006400EA07301E0FF
:10CF7000002D08D0208900F0D1FA0246034B002191
:10CF8000012000F09DF8F8BD042500203075000058
:10CF9000F0B585B00E4607461C46154602A804A902
:10CFA000FCF79AF86946097C02A801910090234693
:10CFB0002A4631463846FFF79DFE05B0F0BDFFB565
:10CFC00085B015460E461C46062202A80F9F0E99F4
:10CFD000E6F774FC02A8FBF742FE002806D0012009
:10CFE00069460874A80706D53B4605E002A804A9CF
:10CFF000FCF772F8F6E723466946097C02A801911E
:10D0000000902A4631460598FFF774FE09B0F0BD3E
:10D0100070B515460E46FFF7DDFE040013D0607BA9
:10D02000012108436073A07ABC280CD0E07A000785
:10D0300009D42046082231462A30E6F73FFC323434
:10D040002570280A607070BDF8B51B4EC0003168AD
:10D05000054680310A68083D515D40234906490E66
:10D060005155326819438032126800245155851F8A
:10D07000124F1AE0306880210958C26F20467C2385
:10D0800058430090801C101849190622E6F71EFC30
:10D09000002808D13068C16F00980818817AFB29F0
:10D0A00001D110218172641CE4B23868A030007B89
:10D0B000A042DFD8F8BD00000C2500200425002088
:10D0C0007FB50024002902D0012902D002E0082502
:10D0D00000E00025A9186A4611730293012809D0BF
:10D0E00000280AD11046F4F7D3F96846F4F784F91A
:10D0F000044602E01046F4F7CBF9204604B070BDB8
:10D1000070B5054600F076FA002801D0462407E005
:10D110000448002400680C2229460C30E6F7CEFBB8
:10D12000204670BD0C25002030B50C4A0021136844
:10D130000B4A1268A032147B0AE07C224A43DD6F5E
:10D140000832AA5A002A01D0462030BD491CC9B273
:10D150008C42F2D81876002030BD00000C2500204B
:10D1600004250020F0B58BB00F46CE88FFF732FEC5
:10D17000050032D007A900F00FFA002802D05A208B
:10D180000BB0F0BD083EB1B26B460C223846FAF740
:10D1900023FD6846017840780202684680780304DF
:10D1A0006846C07804061C43144368690C43411C5C
:10D1B00001D0A0420CD2F2B203AB394607A8FFF768
:10D1C000BBFB082205A901A8E6F780FB002801D0D7
:10D1D0000520D5E700206C61D2E74020D0E70000B1
:10D1E00070B50D4601230446C1061148006803D5F9
:10D1F0001822BF210C4008E0392149014118897BE0
:10D20000090701D4002070BD15222107890E0818D6
:10D210000121C9024018C06C214601F043F8010009
:10D2200004D08D80204601F029F8EBE7072070BD7F
:10D2300004250020F8B51D460F4601230446C1060B
:10D2400012481646006803D51622BF210C4008E09C
:10D25000392149014118897B890701D40020F8BD93
:10D2600013222107890E08180121C9024018C06C39
:10D27000214601F017F8010006D08F808E71CD7124
:10D28000204600F0FBFFE9E70720F8BD0425002059
:10D2900010B57421095CCA07417F07D0002902D06C
:10D2A000D021817210BD00F043FA10BDC906FAD535
:10D2B000817B8A06F7D5042211438173E6F7BAFC15
:10D2C00010BD000030B50446A17E0020A5B0CA07FD
:10D2D00079D0890777D55022002110A8E6F7F2FA15
:10D2E000FC2110A80170417860780622C007C00FA9
:10D2F000014310A84170A11C3E30E6F7DFFA217F00
:10D3000010A8C170607F404DC0066D4419D52046FD
:10D310004030827C10A90A71C07C4871214611A856
:10D3200008224A310230E6F7C9FA214610223A3182
:10D330002846E6F7C3FA10A948788021084310A9C7
:10D340004870E07A010707D510A98870214610229D
:10D350002A312846E6F7B2FAA07F052108420BD011
:10D3600021460222203121A8E6F7A8FA10A9487820
:10D370001021084310A94870607F80060CD5214613
:10D3800017A8102254310230E6F798FA10A948780D
:10D390002021084310A94870607F40060CD5214623
:10D3A0001BA8102264310230E6F788FA10A94878E9
:10D3B0004021084310A948702089810404D510A990
:10D3C0004878022105E01DE0400405D510A9487801
:10D3D0000421084310A948702089000405D510A92C
:10D3E00048780821084310A9487020692290606994
:10D3F0002390402214A96846EDF7EEFB10AD0FCD47
:10D40000FCF75CFF25B030BD4E0000007CB50C463B
:10D4100081680546087B0026821F042A7BD8A27AF1
:10D42000D02A01D047207CBD062808D0072809D083
:10D4300008281DD0092826D00A2852D06CE023469F
:10D440003A331AE04A7B214640318A74A868234661
:10D45000807BC8744A33082207212846FAF7BCFBB0
:10D46000607F1021084360774007800F47D053E06A
:10D47000607F800750D5234654331022052128466B
:10D48000FAF7AAFB48E0607F800745D500200090AE
:10D49000062301901A4669462846FAF733FC00280D
:10D4A0001BD0A8680622407B6070A31C114628464A
:10D4B000FAF792FB607801280BD1E0798009032804
:10D4C00007D0012300220821204600F078F9064603
:10D4D00022E0607F202108436077607F40070ED5FF
:10D4E0001AE0607F400717D52346643310220521D8
:10D4F0002846FAF771FB607F40210843607774206B
:10D50000005DC007204603D000F012F904E002E0FD
:10D5100000F096F800E0452630467CBD30B5024666
:10D520000D480068A030007B002A014612D00B4C49
:10D53000130500201B0D22680AE07C244443D56FAC
:10D5400008342C5B2405240D9C4203D0401CC0B23F
:10D550008142F2D830BD0000042500200C250020B7
:10D56000F8B50C4E0546306801F0AAFC2F050446BC
:10D570003F0D0CE0A0882568B84207D121463068ED
:10D5800001F0EBFC01212046FAF7C2FB2C46002CEF
:10D59000F0D1F8BD0C25002010B50B46417F49069F
:10D5A00007D50146102264311846E6F787F90020B6
:10D5B00010BD412010BD0000024610B50B480024EC
:10D5C0000068407D1070002804D001280AD01F2474
:10D5D000204610BD08460649062209687831E6F75C
:10D5E0006DF9F5E70846FAF73FFFF1E70C25002053
:10D5F0000425002030B5104A002013680F4A014668
:10D600001268A032147B13E07C22DD6F4A43AA1813
:10D610007425AD5CED07957A06D0B02D06D3EAB23D
:10D62000F02A03D8012030BDA02DF8D2491CC9B280
:10D630008C42E9D830BD00000C25002004250020D4
:10D64000C17A0A07817F03D4CA0701D0D12102E041
:10D650008A0702D5D32181727047490701D5D521A8
:10D66000F9E77421095CC90704D0417F490701D05B
:10D67000D021F0E7F021EEE770B504460C4862785F
:10D680000068D2078030406800254178D20F801CA6
:10D690008A420AD10622A11CE6F718F9002804D113
:10D6A000207E0121084320760D46284670BD0000EB
:10D6B0000C25002070B500241D461646002804D015
:10D6C000FFF7DAFF002802D003E0002901D042244E
:10D6D0000BE00948002E0AD0012E08D0022EF6D108
:10D6E00000688030406818302860204670BD0068AF
:10D6F000803040680830F7E70C25002070B51C46E4
:10D700001546002908D1008920220105090D0020B5
:10D71000FAF7A2FA010009D00220C88088680573D0
:10D72000886844730620F4F7D9F870BD642070BD92
:10D730007CB50446008905052D0DFFF7EFFE024676
:10D74000174B00210120FFF7BBFC2046FFF7BAFD75
:10D75000E07F0026032807D1124828220068002114
:10D7600080304068E6F7AEF82046042200210C30F5
:10D77000E6F7A8F868460094067100F001F9F12078
:10D78000A07200231A4629460220FFF753FD208984
:10D79000010404D50105090D0220FFF721FD7CBD20
:10D7A000307500000C25002010B50A46897AFB2947
:10D7B00004D08068417B104600F016F810BDF8B523
:10D7C0001D4614460E460B46074605222146FFF726
:10D7D00095FF0446642801D1012D03D13146384616
:10D7E00000F002F82046F8BD7CB504460D460089DD
:10D7F000FFF794FE0246144B00210120FFF760FC66
:10D8000020890005000DFFF7ABFE02206946009459
:10D810000871684600F0B4F82046042200210C305C
:10D82000E6F750F8E07E2F210840E076204600F031
:10D830000DF8FB20A072208902220105090D2B465C
:10D840001046FFF7F7FC7CBD30750000F8B50024EA
:10D8500006460127344D0CE080300168E000801C52
:10D8600008180622B11CE6F731F8002821D0641C04
:10D87000E4B22868417EA142EED8417E03293FD020
:10D88000491C41762868E70080300168B81C0818F8
:10D890000622B11CE6F712F8296880208031096859
:10D8A000641C224BC855E2B201210020FFF708FC9E
:10D8B000F8BD2868E100803002688023505C18437E
:10D8C00050542A6880321268830705D5184EC30762
:10D8D00012D1384350540FE0C3070AD00223184333
:10D8E00050542A6840088032126840005054114E4B
:10D8F00002E03843104E5054641CE2B23346D3E782
:10D90000002480300068E100415C4906BAD4641C00
:10D91000E4B2032CF7D3012100243A4633460846EB
:10D92000FFF7CEFBAEE700000C25002088130000B7
:10D93000580F0200C8AF0000983A000070B50F4DB4
:10D94000064600242868062280300168E000801C1A
:10D9500008183146E5F7BAFF002805D0641CE4B288
:10D96000032CEFD3412070BD2868E10080300068AF
:10D97000405C0006F6D5002070BD00000C2500209C
:10D9800010B501686031097DCA070168897A0DD038
:10D99000B02908D3F02906D806490A68917E8B077A
:10D9A00001D0491E9176E6F787F910BDA029F1D282
:10D9B000F9E700000C25002070B5054600892022FB
:10D9C0000105090D0020FAF747F9040018D01120CD
:10D9D000E080A0680D2101730D4810220368052125
:10D9E0002046E033FAF7E8F97420405DC00709D01B
:10D9F000BC2629462046FEF7BDFD002804D004E0E1
:10DA0000642070BDAB26F4E7AE72002070BD00004C
:10DA10000C250020F7B594B00D46002708A90F7219
:10DA200004460F731022394606A8E5F74BFFE07F46
:10DA3000444E022809D13068694600690876020A16
:10DA40004A76020C8A76000EC876012D0ED0306818
:10DA5000627E014680314A72227E9207D20F8A721C
:10DA60000A7ACA72E17F032919D01EE03068017E6C
:10DA700080304172217EC907C90F8172E07F03287F
:10DA800013D12046FFF7F8FD00280ED00EAB01227F
:10DA900000212046FFF70EFE10220E9902E0102210
:10DAA00001461C3106A8E5F709FF7420025D2146F6
:10DAB0002046D30754316430002B02D0002D0AD009
:10DAC00001E0012D07D0D3072B4307D0D30710D097
:10DAD000012D03D00DE00D910C9001E00C910D9003
:10DAE000012D08D0D00728430BD0D00701D0002D3E
:10DAF00007D0472722E011A80BAB0FAA0AA9009074
:10DB000004E00FA80AAB11AA0BA90090204600F070
:10DB10001BF808AA107B0FAA169B029211A903AC4E
:10DB20000BC4306808AA127A01468931019200912B
:10DB300006ABD0300C9A0D99FEF71EFE384617B092
:10DB4000F0BD00000C25002070B504466030407D1B
:10DB5000049E1D460870134621460622763118465B
:10DB6000E5F7ACFE60780622C007C00F2870A11C44
:10DB70003046E5F7A3FE70BD10B5124C2022216897
:10DB800008463C309031E5F7A1FE002803D100F0B3
:10DB90009BF8002809D020689022817E114202D192
:10DBA0008906890F03D0382010BD1F2010BD90308A
:10DBB000F3F7B2F90028F9D1216810238A7E1A43BD
:10DBC0008A7610BD0C25002010B50A4C2068807E96
:10DBD00041060DD5902108420AD1F3F7E9F9002852
:10DBE00006D12168BF22887E1040802210438876AB
:10DBF00010BD00000C25002030B50446C07A002579
:10DC0000000710D5208900F03FF8002801D0082532
:10DC100009E0E07A01210843E07204480422006828
:10DC2000817E11438176284630BD00000C250020FE
:10DC300010B50648F9230068DB0020220249C0180D
:10DC4000E5F73CFE10BD0000B1450610042500209C
:10DC500010B5012813D10A4C08222068817E114397
:10DC60008176202207493C30E5F728FE05492068E7
:10DC7000202220315C30E5F721FEFFF7D9FF10BDEF
:10DC80000C2500207145061070B50D4A0546136835
:10DC90000C4A002012680146A032147B0DE07C2261
:10DCA000DE6F4A43B218D67AF60704D01289AA4228
:10DCB00001D0012070BD491CC9B28C42EFD870BDA3
:10DCC0000C2500200425002002480068807E000703
:10DCD000C00F70470C25002070B588B004460025A1
:10DCE000FFF7CAFC1E4E012823D105AB01220021FB
:10DCF0002046FFF7DFFC06AB022200212046FFF79B
:10DD0000D9FC01A80090316800239031059A08469B
:10DD1000FEF799FC102201A90698E5F7D7FD002827
:10DD200007D00421012300222046FFF748FD0546C5
:10DD300010E0207EC10707D0800705D4306810228C
:10DD400000211C30E5F7BEFD7420005DC00704D043
:10DD5000B620A072284608B070BDA920F9E70000DF
:10DD60000C25002070B51E4E0D463368997E0906BD
:10DD700001D53A2432E0402205219033F9F72CFFF7
:10DD8000FFF7FAFE040004D0122C1CD01F2C1ED06A
:10DD900024E0E87AC0210843E87230681149202263
:10DDA0009030E5F793FD002818D10E4930682031F6
:10DDB0002022B030E5F78AFD00280FD1E87A04214F
:10DDC0000843E8720AE0012300220B2102E001234C
:10DDD000002208212846FFF7F2FC0024204670BDEF
:10DDE0000C2500207145061070B5064600894125B6
:10DDF0000105090D20220020F9F72EFF040025D08F
:10DE000000214522A068F9F7A1FF05001ED141209D
:10DE1000E080A0680C2101730D48402203680521B1
:10DE200020463C33F9F7C8FF31462046FEF7A2FBF7
:10DE300005000BD1F07A20210843F072FFF744FF70
:10DE4000002803D0F07A04210843F072284670BD00
:10DE50000C25002030B589B00C466B4610220521F8
:10DE6000F9F7BAFE04AA00212046FFF7D3FD05000A
:10DE700006D1102204A96846E5F728FD002806D03F
:10DE8000012300220B212046FFF799FC17E07420A4
:10DE9000005DC00703D02046FFF78EFD10E0207F15
:10DEA00010210A1A21462A3140180021E5F70AFDFF
:10DEB000A07B02210843A0732046E5F7BBFE054680
:10DEC000284609B030BD0000F0B5274D044629684A
:10DED00000208A7E93B09206920F032A38D1202226
:10DEE00007A8D031E5F7EAFC2868CF22817E2646D4
:10DEF000114081766036307D11AFC0072AD00FA85F
:10DF000005AB3A4606A900902046FFF71DFE6A467B
:10DF10002968127E2046D0312A30039104900FA840
:10DF20006B4685C36A46137D2246214664325431CE
:10DF300007A8FEF7B1FB2A6801212046E032FFF76F
:10DF400069FD002804D1317DC90708D0BB21A17229
:10DF500013B0F0BD06AB0FAA05A90097D4E7204681
:10DF6000FFF72AFDF4E700000C25002004480068B4
:10DF7000817E0A0602D44022114381767047000058
:10DF80000C25002070B504680579E07A00072FD5CC
:10DF90002089FFF779FEE17A49084900E172154CC2
:10DFA000002804D12168FB238A7E1A408A762168E2
:10DFB000002D05D0CA7E1032CA76002804D007E0B2
:10DFC000C87E401CC87603E0887ECF221040887649
:10DFD00020680321C07E05090007000FE2F7FCF866
:10DFE0004019032804D3FFF7C1FF21680020C87639
:10DFF00070BD00000C25002070B5054600242046A9
:10E00000FFF742FE002801D0462404E0012D02D192
:10E010000120E5F745FE204670BD000070B51A4CA2
:10E0200002782368411C987EC00626D5002A05D0B8
:10E03000164800210068A030027B21E0184620220B
:10E04000D030E5F73BFC20682022817E114313E0AD
:10E050007C20DD6F4843281810D00589002D0DD095
:10E06000C57A2D060AD5012300220B21FFF7A7FB55
:10E070002068CF22817E1140817670BD491CC9B2D3
:10E080008A42E5D870BD00000C2500200425002040
:10E0900070B50D4D0178441C2868827E5206520EE0
:10E0A0008276002902D0FFF761FF70BDFFF70CFEFA
:10E0B000002802D0FFF7BCFD70BD28684022214631
:10E0C0003C30E5F7FBFB70BD0C250020002101E092
:10E0D00000BF491C8142FBD3704770B5002407E0A4
:10E0E0000D5D002B07D0161B3618203EF577641CFB
:10E0F0009442F5D370BD0555F9E730B504460120CB
:10E10000002306E0D55CA54201D0002030BD5B1C99
:10E11000DBB28B42F6D330BDFEB572B63F4D08235D
:10E12000286801464030C2791A43C27162B60020A5
:10E1300001276C46FF0282005218D219D26C528815
:10E140004300401CC0B2E2520328F4D372B6C8198F
:10E150000021866B816362B6F00702D00020E3F7EE
:10E1600095FDB00702D50120E3F790FD700702D5B9
:10E170000220E3F78BFD300702D50320E3F786FD8D
:10E18000002623E00D281AD2211D254A80001258AE
:10E1900020469047002812D072B62868F7224030F7
:10E1A000C1791140C17162B630E03A2807D21C49EA
:10E1B000231D8000E8390A581946204690470298E6
:10E1C00029684018C019C06C218801807100684618
:10E1D000415AB00002902A688018C019C06C0288A9
:10E1E000920892001418028808348A420ED0A2784D
:10E1F00091070BD09107890F012901D104460834FA
:10E20000A0788008C006E078CFD5BBE7761CF6B2D0
:10E21000032EDBD3F2F732FDFEBD00000425002003
:10E22000BC46061070B5F2F743FD114D0124286875
:10E23000E4020019006C402100F0B7FC29680919BC
:10E24000C864486C402100F0B0FC296809190865D1
:10E25000886CFF21813100F0A8FC2B680822191975
:10E260004865044800211818E5F72CFB70BD000034
:10E270000425002038080000704700000A464006C8
:10E2800008D5D0783A280AD2111D054B80001B58BA
:10E2900010461847907880088000801C887070476E
:10E2A000D4450610FFB5044600262C4F83B09C468B
:10E2B0000D46080616D572B601AB6A466146204681
:10E2C00000F03DFC00280BD06846818800988278D9
:10E2D00092089200827001806180012662B615E08A
:10E2E00062B621E001AB6A466146204600F027FC99
:10E2F000002819D0680609D4684681880098827879
:10E300009208920082700180618001260098AA0024
:10E31000817840238907890F1A401143817005993C
:10E32000C170002E0ED115E00020009072B6A80634
:10E330000FD401203968C0020818816B08221143EC
:10E34000816362B672B63868F7224030C1791140F5
:10E35000C17162B6009807B0F0BD0000042500202E
:10E360007047000010B50748392200685201801834
:10E37000007C400704D5084649880088E3F7A4FDDF
:10E3800010BD00000425002010B5064839220068A1
:10E3900052018018407CC00602D50888E3F7DCFDF6
:10E3A00010BD00000425002010B507483922006880
:10E3B00052018018007CC00605D50A46108889786D
:10E3C000121DE3F791FD10BD0425002010B508488B
:10E3D0003922006852018018007C000706D50B46E0
:10E3E000CA78188889781B1DE3F776FD10BD0000F8
:10E3F0000425002008B50948392200685201801818
:10E40000407C000708D50846C91D009183798288A1
:10E4100041880088E3F798FD08BD0000042500202E
:10E4200010B507483922006852018018007C0006A8
:10E4300005D50A4610888978D21CE3F76DFD10BD1A
:10E440000425002010B508483922006852018018C0
:10E45000407C800706D50B46CA78188889781B1D32
:10E46000E3F76AFD10BD00000425002010B5084840
:10E470003922006852018018007C800606D50B46C0
:10E48000CA78188889781B1DE3F736FD10BD000097
:10E490000425002010B50748392200685201801871
:10E4A000407CC00705D00A4610888978D21CE3F763
:10E4B0003BFD10BD0425002010B507483922006837
:10E4C00052018018007C400605D50A4610888978DC
:10E4D000D21CE3F719FD10BD0425002010B5074834
:10E4E0003922006852018018407C400705D50A4651
:10E4F00010888978D21CFFF7BFFE10BD04250020CC
:10E5000010B506483922006852018018C07B000708
:10E5100002D50888E3F7B2FC10BD000004250020F6
:10E5200010B506483922006852018018807B000728
:10E5300002D50888E3F77AFC10BD0000042500200E
:10E5400010B505483921006849014018807B8006D4
:10E5500001D5E3F77BFC10BD0425002010B506486B
:10E560003922006852018018807B400603D5087864
:10E57000491CFFF7F5FE10BD0425002010B5074823
:10E580003922006852018018C07B400604D5084635
:10E5900089780088E3F788FC10BD0000042500207E
:10E5A00010B505483921006849014018807BC00733
:10E5B00001D0E3F72BFC10BD0425002010B507485F
:10E5C0003922006852018018C07B800604D50846B5
:10E5D00049680088E3F75AFC10BD000004250020BC
:10E5E00010B507483922006852018018807B8007E7
:10E5F00005D50846CA7889780088E3F77BFA10BD0C
:10E600000425002010B50648392200685201801800
:10E61000807B400702D50888E3F700FC10BD0000AE
:10E620000425002010B508483922006852018018DE
:10E63000807B000606D50B468A7818784978DB1C63
:10E64000E3F714FC10BD00000425002010B50548B8
:10E650003921006849014018807BC00601D5E3F7E5
:10E66000EDFB10BD0425002008B5094839220068DB
:10E6700052018018007CC00708D00846083100917C
:10E68000C388828841880088E3F780FA08BD0000CB
:10E690000425002010B5084839220068520180186E
:10E6A000807C800706D50B460A79188849885B1D4F
:10E6B000E3F77AFC10BD00000425002010B50848DF
:10E6C0003922006852018018407C000606D50846B1
:10E6D0008B798A8889780088E3F75EFC10BD00009A
:10E6E0000425002010B5084839220068520180181E
:10E6F000407C800606D50B460A79188849885B1D40
:10E70000E3F732FC10BD00000425002010B50848D6
:10E710003922006852018018407C400606D50B461D
:10E720000A79188849885B1DE3F726FC10BD0000B4
:10E730000425002008B50846C91D00918379828808
:10E7400041880088E3F758FC08BD000010B5074871
:10E750003922006852018018807CC00704D0084626
:10E7600089780088E3F710FC10BD00000425002024
:10E7700010B506483922006852018018007C8007D5
:10E7800002D50888E3F798FB10BD0000042500209F
:10E7900010B50A4610888978121DE3F715FC10BDE4
:10E7A00010B508468A8849880088E3F745FA10BD05
:10E7B00010B50888E3F718FC10BD10B50846498865
:10E7C0000088E3F709FC10BD10B50B460A791888DC
:10E7D00049885B1DE3F7F0FB10BD10B50A461078C1
:10E7E0004978921CE3F738FC10BD000010B50848CA
:10E7F0003922006852018018407EC00706D00A46C0
:10E80000002010564978921CE3F71EFC10BD000052
:10E810000425002008B508460021009182888178EF
:10E8200000880023E3F708FC08BD00000EB50B4884
:10E830003922006852018018C07BC0070CD00846FE
:10E840008B894A890989029301920091C388828841
:10E8500081780088E3F7E8FB0EBD00000425002066
:10E8600010B507483922006852018018C07B800724
:10E8700004D5084649880088E3F7C6FB10BD0000B0
:10E880000425002010B5074839220068520180187D
:10E89000C07B400704D5088800221146E3F7BCFB83
:10E8A00010BD0000042500207047000010B5074887
:10E8B0000722006812028018807FC00605D508462E
:10E8C0000A7949880078E2F779FF10BD0425002015
:10E8D00010B507480722006812028018807F0006E2
:10E8E00005D508460A7949880078E3F7D9F910BDBB
:10E8F0000425002010B5074839220068520180180D
:10E90000C078000604D5084649880078E3F7F6F990
:10E9100010BD00000425002010B50748026839200A
:10E92000400110184279920605D58079800702D5FA
:10E930000120E3F7F3F910BD04250020084610B5C7
:10E940000E4986B00A683921490151184A79920660
:10E9500011D58979C9070ED0847C038AC28981893F
:10E96000049401AC0EC4811D009143790279418861
:10E970000078E2F74DFF06B010BD0000042500202E
:10E9800008B50A48026839204001101842799206F9
:10E990000BD58079400708D5084609890091C388BE
:10E9A000828841880078E3F7C1F908BD042500207A
:10E9B00008B50A48026839204001101842799206C9
:10E9C0000BD58079400608D5084609890091C3888F
:10E9D000828841880088E3F7F9F908BD0425002002
:10E9E00010B5074802683920400110184279920694
:10E9F00005D5C079400702D50120E3F7FFF910BD26
:10EA000004250020084610B5104988B00A6839214D
:10EA1000490151184A79920616D5C979890713D543
:10EA2000847F838B428B018B069403AC0EC401461A
:10EA300012318A1F831D009301920291437902795A
:10EA400041880078E2F784FF08B010BD042500205B
:10EA500010B5084802683920400110184279920622
:10EA600006D5C079C00703D00878491CE3F7BEF982
:10EA700010BD00000425002010B5084802683920A8
:10EA8000400110184279920607D58079C00604D556
:10EA90004A890888891CE3F791F910BD04250020F4
:10EAA00010B50848026839204001101842799206D2
:10EAB00006D58079000603D50878491CE3F78EF95E
:10EAC00010BD00000425002010B509480268392057
:10EAD000400110184279920608D58079000705D5C3
:10EAE0000A4610784988121DE3F760F910BD00004E
:10EAF0000425002010B50120E3F7F8F810BD000050
:10EB000008B508480722006812028018C07F000775
:10EB100007D5C88800908B888A7809880020E3F799
:10EB2000DDF808BD0425002008B50846891D0091C0
:10EB30008388C27881780088E3F7E8F808BDF0B5EB
:10EB40004488491CA4B2E5B2A40809B21C808EB264
:10EB500087883619BE4204D9A6B2891B6D1C09B23A
:10EB6000EDB2A4002418083414601C88AD076418A2
:10EB7000A400AD0F2C43A4B21C800388E31A9C07A9
:10EB8000A40F012C02D803D1002B01DD00230AE0E1
:10EB90000123002907DA11688C78A408A400641CFA
:10EBA0008C70083010601846F0BD00220280428050
:10EBB0008180704770B5C57804460E462846F2F746
:10EBC00024FE31462846EFF7F3F80020E070A078E5
:10EBD000BF210840A070452070BD10B50446C07824
:10EBE000F2F713FE0120E070A078BF210840A0706A
:10EBF000452010BD10B50446C078F2F706FE02208D
:10EC0000E070A078BF210840A070452010BD10B56D
:10EC10000446C078EFF7CCF8002806D00520E07055
:10EC2000A078BF210840A070452010BD70B5C57800
:10EC300004460E462846F2F7E8FD31462846EFF72F
:10EC4000B7F80320E070A078BF210840A0704520ED
:10EC500070BD0621C1708178BF22114081704520AE
:10EC6000704710B50446C078EFF7A2F8002806D028
:10EC70000A20E070A078BF210840A070452010BD98
:10EC800070B5C57804460E462846F2F7BEFD3146FB
:10EC90002846EFF78DF80920E070A078BF210840E2
:10ECA000A070452070BD10B504460846E5F70EF883
:10ECB0000820E070A078BF210840A070452010BD5A
:10ECC00010B5C078F2F7A1FD002010BD10B50446C4
:10ECD0000846E4F7F7FF0720E070A078BF2108405E
:10ECE000A070452010BD00000648002102684B209E
:10ECF000400110180170417003218170C170002023
:10ED0000704700000425002070B50D4D0446012316
:10ED10002868D902401890261A46C06C3146FFF781
:10ED2000C1FA010003D030464C60FFF7A7FA4B2030
:10ED30002968400109180878401C087070BD00005F
:10ED40000425002010B5044600202082A074A1688C
:10ED5000A161616120602046FAF7FCFA452801D0E4
:10ED6000412010BDA0880321F8F7BAFB0446F8F74C
:10ED700039FC002813D072B60A48012201684920E4
:10ED800040010918487EA2401043487662B6002030
:10ED9000FBF79CF8002802D0002000F017F90020B3
:10EDA00010BD00000425002070B5C17C0E4D490641
:10EDB000490EC174044601232868D90240189026E0
:10EDC0000022C06C3146FFF76DFA010003D03046D7
:10EDD0004C60FFF753FA4B20296840010918487826
:10EDE000401C487070BD00000425002010B5C2789A
:10EDF0000D4C08682168A0310979C90705D0F2F7E0
:10EE000021F9002806D0432010BD01461046F2F734
:10EE1000EDFCF6E772B64B212268490152181178D1
:10EE2000491E117062B610BD0425002070B503465E
:10EE30004322DC780026086810E005680660C17C83
:10EE4000C90702D0F2F734F903E001462046F2F791
:10EE5000CDFC020001D043220EE028460028ECD170
:10EE6000002A09D172B6054801684B2040010918F3
:10EE70004878401E487062B6104670BD04250020D8
:10EE8000064801684B2040010818017880788142CB
:10EE900001D90120704700207047000004250020A0
:10EEA000064801684B20400108184178C07881422B
:10EEB00001D9012070470020704700000425002080
:10EEC0000068704710B50446007AFF280BD008464A
:10EED000F8F7BCFEE17A627A89184018217A8842F4
:10EEE00001D9012010BD002010BD00230360436044
:10EEF00041720272C3728372704710B50446006893
:10EF000008602068002800D1616008462160F8F799
:10EF10009DFEE17A4018E072A07A401CA07210BDFC
:10EF200010B5044600200860206800280CD06068F6
:10EF3000016008466160F8F789FEE17A4018E072E6
:10EF4000A07A401CA07210BD2160F2E70068002882
:10EF500001D0002070470120704710B504460068BA
:10EF6000884209D1026822600022026020680028DD
:10EF70000BD1626009E0104602688A42FBD10A6840
:10EF8000026062688A4200D160600846F8F75EFE5F
:10EF9000E17A081AE072A07A401EA07210BD10B586
:10EFA000044600680860206802682260002202604F
:10EFB0002068002800D162600868F8F747FEE17A0F
:10EFC000081AE072A07A401EA07210BDF1B5FD4F84
:10EFD000FD223868D2000146851896B0683012903C
:10EFE000092000020818806E0F90F7480E180920BB
:10EFF000C00600690990002014900824F348FAF72D
:10F00000CBFD02900020139072B63868F721403093
:10F01000C2790A40C27112980121017112980168E7
:10F020004A07520F4271C9081298C900016062B6BE
:10F030001698002801D009980EE06420FAF7ACFD7C
:10F04000014609980918E248427ADE480068806A59
:10F05000101808180002000AF7F7BCFF686B05904B
:10F060003A20405D0D90082841D2012014900D985F
:10F07000602148430F9940180390D648876AD448C6
:10F08000407AC000FAF7EAFD014603984030028852
:10F0900052028918CD4A524289188F4200D239460D
:10F0A0007165B82189590B794A79897912021A4315
:10F0B0008907890B1143028B408BFF311018C33134
:10F0C0004018FAF7FFFE07465F200001FAF764FDDB
:10F0D000B84204D95F200001FAF75EFD00E038462F
:10F0E00005990918BA48407AC00008181390706D45
:10F0F000FAF752FD05994018019000200746039049
:10F10000287D002809D10D98082806D3B049002091
:10F1100008800921C906486060E168680790686C4A
:10F12000049029680998401A00020412A84800882F
:10F130004007400FF8F756FA002801D0002007E0FA
:10F14000002CFBDB2046FAF789FD0499884200DA9F
:10F150000490012080070824099000200B90297D4D
:10F160003AE00D9A904234D0964A12682032927D4D
:10F170001207120F82422CD0EB6A420010930C92BD
:10F180009F5A00976B6A9A5A079B92017B43D31848
:10F19000049A9C46934212DACA0710D02A6B0C9B41
:10F1A000079FD25A521C93B21A467A43009F944446
:10F1B000FA1892B213460092109F0C9ABB52099A09
:10F1C0006346944505D2CA0703D0009A09930446C2
:10F1D0000B924908401CC0B20029C2D10998FAF725
:10F1E000DBFC29684718A86A6100405A8001FAF7D9
:10F1F000D3FCC01903907648407A5822C100714868
:10F200000068125C002A744A126939D0BB1A029A4B
:10F2100052009B1A38E0002001E0806A4018181A5A
:10F220000002000A01460A900120C005814209D36C
:10F23000082C7DD02046F9F725FB64490998401831
:10F240000490686401210A98C905884281D2082C7B
:10F250006ED00B98002835D0079948430490FAF7F0
:10F260009BFC296840180002000A2860696C049819
:10F27000081A686409990498081A002109901BE08B
:10F28000029BBA1A5B08D31A169A002AC5D0C2E7A5
:10F29000EA6A480007909446105A0B9A801A04E0D4
:10F2A0002B6B079A401C9A5A10180028F8DB079B12
:10F2B0006246491CD052C9B242480068A030007B67
:10F2C0008842E5D80D9808286CD20598C01B010229
:10F2D0000120090AC005814223D30298391A1398E4
:10F2E000081A02020120120AC005824201D31398B3
:10F2F0000FE0019A891A0902090A814201D2019894
:10F3000008E001204002FAF747FC02994900791A07
:10F31000081A01900599401A0002000AFAF79EFCAB
:10F320007065029901984018C01B0102090A00E0AB
:10F3300054E00120C005814254D202994A00039949
:10F3400052180599511A0902090A81422AD20D98C8
:10F35000602148430F994218602060434018C17BE8
:10F36000D37B994201D3102100E00021C90615D4B6
:10F370008179CA0704D07221895B0289891A05E064
:10F38000890707D576218A5B0189511A491E09042C
:10F39000090C07D04079000604D423E0507990216D
:10F3A00008421FD1082C21D00849099840186864E8
:10F3B00060200F996043401880784007400F012873
:10F3C0004BD013E00425002058080000660200001E
:10F3D000C0000020E002002000000048149800282F
:10F3E00004D003D0059F0D9C019803900398390227
:10F3F0000002000A0390090A012000918002FAF736
:10F40000CBFB029001204002FAF7C6FB07460099A9
:10F410000398401A00020012002809DD0299000A30
:10F42000884200D901460291B84200D838460746C2
:10F43000082C7DD0804800884007400FA0424FD064
:10F4400060200F9960434018079080784007400F74
:10F45000052812D0022810D042E031468031032026
:10F460008A6840028242C1D0C9688142BED0F1F7A9
:10F47000BFFB4005400DC719B8E70798A101006A16
:10F4800004906D480818818B079880B2814227D07C
:10F490000498002824D004990798F2F787FD67495B
:10F4A00004980A68007C09210902C0065118C00EA0
:10F4B000496F801C40180490079801692120800141
:10F4C00001420DD0E4F7E6FB01283BD01F20049950
:10F4D0004978084204D0049840780499001D487087
:10F4E00056485549006820308474482020430880DD
:10F4F00030468030436B997ACA06D20E61010A43C6
:10F500009A72826B907AC006C00E0843907200987F
:10F51000306501F0A3FC012816D048484649006830
:10F52000497A2030007D401A316DC000081800E093
:10F530003AE000020121000A490641180920C006EC
:10F5400041600EE0FF20C2E70121306D090641183D
:10F550000920C0064160394800682030017D3648E6
:10F560004172082C24D2602044430F98241872B6AC
:10F570001298A17800684907C008C000490F0843E5
:10F580002F4908400099C90008431299086062B6E3
:10F59000A0784007400F03280FD0E4F77BFB012839
:10F5A0000FD00398C01B19E000200921C90648604C
:10F5B00021490020088017B0F0BD02990398401A35
:10F5C0000CE04034208B618B4018FF30C330FAF7D9
:10F5D00079FC874200D938460399081A0002000ACC
:10F5E000E863A88B8001FAF7D7FA29680026441847
:10F5F0001448FAF7D1FA201A0002000A28640F4CC6
:10F600002E8420684030407E002807D0FAF7B4F8F6
:10F6100020684030417E49084900417620684030EA
:10F62000407E0028C7D0FAF7D1F820684030417EEC
:10F63000FD2211404176BEE7C000002004250020D5
:10F64000070000F835020000F0B50F46B5B01546CA
:10F65000002130AA0F23445C5E1A491C94551029DE
:10F66000F9DB1022694630A802F006FA0026B40041
:10F67000E019401CE8F73BFF395D00020843032115
:10F68000891B89002CAC761C6050042EEFDB2146D0
:10F6900010236A46084602F0B9F800200326311A02
:10F6A0008900635C8200AB54635A52191B0A537081
:10F6B0006358401C1B0C93706158090ED1700428CC
:10F6C000EDDB35B0F0BD70B5BAB0054600200C4694
:10F6D000009020206946087210200A9038901E463B
:10F6E000039201A802F078F82246294601A801F009
:10F6F000FBFE6A46314601A802F038F83AB070BD08
:10F700007FB505469868012202739A681C465173BA
:10F710009868022202A90E30E4F7D0F8A16805200B
:10F720000D74E0807FBD70B5064608881D460C4606
:10F73000001D81B2134602223046F8F73DFB2188B6
:10F740002B46891C2180091D89B202223046F8F718
:10F7500033FB2088801C208070BDFEB500240E463F
:10F760002746056845E028680290A96802223046CD
:10F770000D31E4F7A3F83088B84209D087B2384693
:10F78000EFF776FF014601AA3846F0F703FE019C29
:10F79000A968022268460F31E4F790F8E888401F14
:10F7A00081B22220005D002806D001280BD000285D
:10F7B00011D0012814D01BE0E08B6A461288401E4D
:10F7C000904206D307E0208C6A461288401E904281
:10F7D00006D20720FEBD684600880818E18B03E0CA
:10F7E000684600880818218C884201D90D20FEBD8A
:10F7F000029D002DB7D100203080FEBDF8B5164621
:10F800000D4607460024FDF7E5FA002806D03246EB
:10F810002946384600F030F8044604E0203568797F
:10F82000002802D00E242046F8BD2879C10701D156
:10F83000012E09D0810701D4022E03D04007F2D453
:10F84000042EF0D10324EEE70224ECE770B5154650
:10F850000646FFF7D3FF0446082D0BD1052C09D12E
:10F860003046FDF7B7FA002804D000894004800F25
:10F8700000D00024204670BD70B515460C460646E3
:10F88000FDF790FA20346179012D09D00A0702D5DD
:10F890004207920F0FD0CA0625D5020709D522E0EC
:10F8A000CA0702D04207920F05D08A0705D5020782
:10F8B00003D4082070BD052070BD490707D5C007D7
:10F8C00009D0E1793046FDF7E0F95F2805D02079CD
:10F8D000C00704D005E00F2070BD0C2070BD0220D1
:10F8E00070BD002070BD890607D5C007F3D0E1794F
:10F8F0003046FDF7CAF95F28EFD02079810701D49F
:10F90000022D07D0410701D4042D03D00007E8D40D
:10F91000082DE6D1032070BDFEB5064629481446E1
:10F920000068294A8518C888032806D02346002283
:10F9300002210420FFF7E4FE42E0896802226846C3
:10F940000D31E3F7BBFF326990052ED4684601887C
:10F95000172903D35C20405B172801D2172002E04F
:10F96000814200D2084670800120400202430220FA
:10F9700032610190134839210068490141183788E4
:10F98000097C7688012349070FD5D9020830401831
:10F990002422C06C0221FEF785FC002805D0878058
:10F9A000C68001460198FEF769FCA068032606732D
:10F9B000A068294602225C310D30E3F77FFFE68024
:10F9C0000020FEBD0425002064070000F7B590B0BC
:10F9D00000206A460D9090826A4A6B4B126804467A
:10F9E000D218CB88022B08D0002218210420129BA9
:10F9F000FFF786FE002013B0F0BD8B6800205E7B11
:10FA00000A900B9088883032019209900027019863
:10FA1000FFF756FA054620E028680890A98809985B
:10FA2000814219D1A968022207A80D31E3F746FFE8
:10FA3000002F01D16846878B6846808B87420BD1A7
:10FA400029460198FFF789FA002028600A980028C3
:10FA500011D00B9805600B95089D002DDCD1002F6F
:10FA6000D4D1129819218068017301211298012EB6
:10FA7000C18002D081E00A95EDE702A90AA8FFF74C
:10FA80006CFE002879D069460A891821129BFFF77D
:10FA900037FE002671E081680546022202A80D317A
:10FAA000E3F70CFF012E66D168460089EFF7E0FD11
:10FAB000014668460EAA0089F0F76CFC0E9C10996E
:10FAC0002046EFF717F90D9055E02F68012E3FD132
:10FAD000002F06D0B968022205A80D31E3F7EEFE2B
:10FAE00002E0002069468882A968022204A80F313A
:10FAF000E3F7E4FEE8880D99401F80B20090208C67
:10FB0000A269484369461018098A009A43180921D6
:10FB10002846F8F761F82220005D012804D16846E4
:10FB2000018A00980818E08368460189808A81422A
:10FB30000ED0208C0D99A269484310180021019025
:10FB400000911098E38B0188A28B022001F05EF8EF
:10FB50000A9908680A90002008600A99002900D1D3
:10FB60000B9001212846F8F7D3F869460889898A5D
:10FB7000884202D13D46002DA7D10A9800288AD19B
:10FB800039E700000425002064070000F7B5784835
:10FB90000F460068774988B04418F888072804D2CF
:10FBA0000022062104200A9B2AE0B9680222684646
:10FBB0000D31E3F783FEB968022201A80F31E3F7A4
:10FBC0007DFEB968022204A81131E3F777FEF888B8
:10FBD000C01F80B2039068460288808882420CD899
:10FBE000002A0AD00898002142880A9800F0BAF941
:10FBF000002808D045200BB0F0BD062101200A9B4B
:10FC0000FFF77EFDABE00A98072180680834017396
:10FC100001216846018105940088EFF729FD050060
:10FC20007CD086E06846008A0522D202904202D04B
:10FC3000521C904226D168460088814278D32946DA
:10FC40000B2208313846039BF8F75CF869466A8D49
:10FC5000098A8A426CD10399022901D0102967D1FF
:10FC6000002865D12A462846296A28322030814258
:10FC700002D06B6A1C3300E0134602A90A98FFF712
:10FC800052FD55E02E462C6A2036B4424ED14FE04C
:10FC90006946A08B0988884247D36946898888428B
:10FCA00057D82320005D01283FD120460899EFF75F
:10FCB00021F8218CA269414351180B223846039B3D
:10FCC000F8F720F8069008980122008821460005E0
:10FCD000000DFFF793FD01466A462089128A904283
:10FCE00023D1002921D1E28B03998A421DD10699A3
:10FCF00000291AD108996A4649881289891A042963
:10FD000027D322461C491C32884208D12068B042C1
:10FD100005D00089884202D02468F7E719E023461D
:10FD20001C3302A90A98FFF7FEFC2468B442AFD145
:10FD30002D68059885420CD06846298D80888142BF
:10FD400007D808986A4640881289801A042800D388
:10FD500068E768460089012803D90A99C88000200D
:10FD600049E76846028806210A200A9B48E7000006
:10FD7000042500206407000003280000FFB589B0B7
:10FD8000002405460794D0881646052804D0002292
:10FD9000042108460C9B20E0B168022208A80D311E
:10FDA000E3F78CFDB168022268460F31E3F786FD68
:10FDB0006846028C008882420CD8002A0AD00A9831
:10FDC000002142880C9800F0CDF8002808D045208A
:10FDD0000DB0F0BD042101200C9BFFF791FCB9E0B0
:10FDE0006846008CEFF744FC060076D00835049591
:10FDF0000498864272D06946308D098C884230D38F
:10FE00006946098888422CD8002C0AD10121079123
:10FE10000C9805218068022401730C98079980686A
:10FE200041730A984088001B042857D3079801287B
:10FE300054D1201D81B23346283302220C98F7F7A3
:10FE4000BBFFA01D81B233462A330222A41C0C98AA
:10FE5000F7F7B2FF6946A41C308D0988A4B2884226
:10FE600074D03746356A2037BD42C1D060E069465C
:10FE7000A88B098C88425AD369460988884265D87C
:10FE8000002C36D02320415D0798814260D10A982A
:10FE90004088001B042802D30799012904D01228A6
:10FEA00056D30798022853D1201D81B22B461C330C
:10FEB00002220C98F7F780FFA41C0798A4B201282F
:10FEC0000DD0201D81B22B46083310220C98F7F775
:10FED00073FF2046103084B229E03DE036E0201D5B
:10FEE00081B22B46083302220C98F7F765FFA01C5D
:10FEF000F1E72320415D07910C98052180680222DB
:10FF000001730C980799806841730C9829468068A2
:10FF10001C310E30E3F7D2FC079901290CD02B4697
:10FF20000833102208210C98F7F746FF14242D6897
:10FF3000BD429CD136685BE70C9829468068022256
:10FF400008311030E3F7BAFC0624F0E7002C03D0A8
:10FF50000C98C48000203BE76846028C04210A20EC
:10FF60000C9B3AE710B5121D806892B2F7F7EEFECF
:10FF700010BD0000F0B506465A480C4600685A49C4
:10FF80008DB04718E0881546052804D21346002294
:10FF900016210420A2E0A168022208A80D31E3F78F
:10FFA0008DFC6846008C002873D0EFF761FB0100E0
:10FFB0006FD068460A8D008C824204D10246162119
:10FFC0002B4603208AE001AAF0F7E4F9002860D16B
:10FFD000308802220005000D0199FFF70FFC002870
:10FFE00004D069460A8C2B46162177E0384630301B
:10FFF00021460090FEF766FF012844D0019820308A
:020000041006E4
:100000008079800746D53069810343D4C00141D44B
:10001000A168022209A80F31E3F750FC01213069E1
:100020004904084330610220079030880690019807
:100030000321878B6846868CA0790A94401FC5B23D
:10004000E81D0843401C83082648022100688C02F2
:10005000083000193522C06CFEF724F904000FD0D7
:100060000698A080E7802681A57223462A460921AA
:100070000B330A98F7F7B0FD21460798FEF7FEF814
:1000800069200DB0F0BD6846028C16212B46092070
:1000900024E01EE0E28800212846FFF763FF0028E5
:1000A00001D04520EDE7384621462430FEF755FFC4
:1000B00021462846F7F754FD21460098FEF730FF09
:1000C000A86817210173E888002802D0E88067201B
:1000D000D7E76846028C2B4616210120FFF710FB5C
:1000E0000020CEE7042500206407000070B5054617
:1000F000C88888B00C461646052804D0134600224E
:100100000C2104201FE0A168022204A80D31E3F7AE
:10011000D5FB6846028A002A13D0A168022202A8F1
:100120000F31E3F7CBFB6846008AEFF7A1FA010035
:1001300076D068460A8D008A824207D1334602464D
:1001400020E033466FE0FFF7DBFA66E06A46F0F73F
:1001500021F9002864D1288801220005000D0099AA
:10016000FFF74CFB002804D069460A8A33460C216D
:10017000E9E700986A88C18BD31E994205D8684682
:10018000028A33460C210B20DDE76B461B8999421E
:1001900005D26846028A0C2133460720D3E7262180
:1001A000095C49070ED529690C030BD40122D2043E
:1001B00011432961828B2988022000F097FD692074
:1001C00008B070BD00213046FFF7CCFE002801D0FA
:1001D0004520F5E7B0680D21017329460098EEF738
:1001E00089FD014600986A46C38B12899B1A9CB20E
:1001F0006B885B1E9BB29C4200D31C468369008CBB
:10020000484318188318052122463046F7F7D4FDD5
:10021000641C2004000C03D0F0800020D0E7FFE72E
:100220006846028A33460C2101208CE7F7B500208E
:1002300092B00546089073480C460068724916460D
:100240004718E088072806D0152804D01346002256
:100250001021042045E0A168022205A80D31E3F732
:100260002DFBA168022206A80F31E3F727FB6846A1
:10027000828A008B824231D8002A2FD01022634913
:100280000DA8E3F71BFBE1880CA8019007292BD0F0
:100290000346102209212046F7F79EFC022207A8F8
:1002A00008370199E3F70AFB6846808B0521C902EC
:1002B000884202D0491C88427ED16846808AEFF786
:1002C000C1F9040079D01298002142883046FFF726
:1002D00049FE00287ED0452015B0F0BD33461021E0
:1002E0000120FFF70DFA7FE01022484909A8E3F743
:1002F000E5FAA168022211310198E3F7DFFACDE7B0
:100300006946608D898B884263D1002D0CD1B0681D
:10031000112101732C20005D012810D014200890B9
:10032000B06808994173022512984088401B042840
:1003300057D30898062804D0142807D051E0062087
:10034000EDE72C20005D012804D04AE02C20005D60
:10035000022846D1281D234681B228330222304686
:100360000493F7F729FDAD1C2046216A2030ADB279
:10037000814206D0281D636A81B2022230461C33B6
:1003800004E0281D81B202223046049BF7F714FDD9
:100390000898AD1C001F81B21298ADB24088401B76
:1003A00080B2814200D208460390281D81B22346C4
:1003B00008333046039A02E018E01DE00AE0F7F740
:1003C000FBFC0398281885B212984088401B04282B
:1003D00007D32468BC4204D06946208D098B88422B
:1003E0008ED9002D08D0F580002075E76846828AF6
:1003F00010213346084674E76846828A1021334646
:100400000A206EE70425002064070000F04606106D
:10041000F7B5FFB093B007460C46002080A90390C3
:100420008883AD48AD49006802264518E088072852
:1004300006D0152804D0002208210420949B4CE00B
:10044000A168022285A80D31E3F738FAA1680222DB
:1004500086A80F31E3F732FA80A8828A008B8242A5
:1004600038D8002A36D010229D498DA8E3F726FA05
:10047000E088072834D089AB102209212046F7F7FD
:10048000ABFB3869000337D4398868460174090A20
:10049000417480A90A8B898A89A86C4607C404AC78
:1004A0008DAB87AA2846A11CF7F7C6FC80A8808BD5
:1004B000002821D001213A69C9040A433A61400663
:1004C000020E3988A31C022000F0DCFB69207FB0FB
:1004D00016B0F0BD08210120949BFFF711F9F2E05E
:1004E00010227F4989A8E3F7E9F9A16802228CA8C4
:1004F0001131E3F7E3F9C4E77A8800219498FFF714
:1005000031FD002801D04520E1E7083580A8889515
:10051000808AEFF7ADF8050090A8019074D0B8E09C
:10052000294602222A310198E3F7C8F9102289A945
:100530008DA8E3F7CBF9002806D02846203000909C
:100540002C6A84427ED1A3E00398002804D00428BA
:1005500010D0122806D0AAE02C20405D012806D039
:10056000122003902C20405D022807D09FE0042039
:10057000039003E02C20405D01287DD1301D81B225
:100580002B46283302229498F7F716FC03982B4643
:10059000801E82B2B01D81B20833B61C9498F7F762
:1005A0000BFC03983018801E86B271E080A9A08BE6
:1005B000898A884268D380A9098B884277D823200A
:1005C000005D012808D020460830102289A9E3F7F1
:1005D0007DF9002808D057E0214602220831019811
:1005E000E3F76CF98DA8F0E7388801220005000DCB
:1005F0002146FFF703F90399002915D1002804D0FB
:10060000A28B0821949B68E75FE0E18BFD2901D96B
:10061000FF2101E0891CC9B203917988039A891EE0
:10062000914201D2C9B2039179888A1B03998A4207
:100630003DDB00283BD10398E18B801E0290814274
:1006400035D100E021E0301D81B223461C33022267
:100650009498F7F7B1FB39462046EEF74BFB218C17
:10066000A26941430298531882B2B01D81B2949896
:10067000F7F7A2FB039800E019E0301886B27888FB
:10068000811B0398814212DB2468009884428DD13B
:100690002D68889885420AD080A9288D098B8842C8
:1006A00005D878880399801B884200DB38E7022E42
:1006B0000BD99498092180680173949803998068F4
:1006C00041739498C680002001E780A8828A08219F
:1006D0000A20949B01E70000042500206407000025
:1006E000F0460610F7B5FFB085B005460024694610
:1006F0008C815F485F49006846188598C088411E14
:10070000042902D3C043C00704D000220E210420D4
:10071000869B44E0286900031BD403A8009004AB27
:100720003046869A8599F7F750FB684680890028FD
:100730000FD001222969D20411434006020E29611B
:10074000298804AB022000F09DFA69207FB008B030
:10075000F0BD6A8800218698FFF704FC002801D0CC
:100760004520F3E78598C088401E87B2012677E0D0
:10077000301D81B201AB02228598F7F72DFA684649
:100780008088002832D0EEF773FF01002ED0684633
:100790000A8D8088824224D1002C03D007E0FEF726
:1007A000AFFF63E086980F22806801240273688897
:1007B000A04253D02C22525C012A05D0001B80B2EB
:1007C000102806D3102004E0001B80B2022800D3BA
:1007D00002200090201D0B4680B208330146009A8B
:1007E00036E002AAEFF7D6FD002805D068468288D9
:1007F0000E210120869BD2E7288801220005000DEA
:100800000299FEF7FBFF002804D069468A880E2172
:10081000869BC4E7002C04D186980F2180680124B0
:1008200001736888A04219D0029A001BD18B80B254
:10083000884200D30846009029461046EEF75AFA3F
:1008400002998A69098C41435318201D009A81B28C
:100850008698F7F7B1FA0098201884B2B61CB6B2A1
:10086000BE4285D3002C01D08698C48000206DE75D
:100870000425002064070000FEB504460020029015
:10088000C8881546032804D0134600220A210420F4
:1008900026E08968022268460D31E3F70FF86846C2
:1008A0000088002819D0EEF7E3FE010073D06846F7
:1008B0000A8D00880B27052682421DD1A868077380
:1008C0002C20405C01280ED00B4608331022314604
:1008D0002846F7F771FA112059E02B4602465DE0F1
:1008E000FEF70EFF54E00B4608330222314628463D
:1008F000F7F762FA03204AE001AAEFF74BFD002860
:1009000049D1208801220005000D0199FEF776FFEC
:10091000002804D069460A882B460A21E0E701999D
:100920002620405C40070ED5206902030BD401222B
:10093000D204104320618A8B21880220029B00F0A0
:10094000D5F96920FEBD628800212846FFF70AFB21
:10095000002801D04520FEBDA868214607730198F4
:10096000EEF7C8F96188491E8AB20199CC8BA24280
:1009700000D214468A69098C4143531831462246F5
:100980002846F7F719FA641C2004000C03D0E8800D
:100990000020FEBDFFE7684602882B460A210120A1
:1009A0009EE7F0B5044688680F460146007B083193
:1009B00085B0522810D00F250826F888A8425CD3AD
:1009C000022203A8491DE2F779FF684680890028C2
:1009D00053D0082E03D00DE003250426EDE720694F
:1009E000400107D4208839460005000DFCF7BAFB0A
:1009F000002842D101212069890688432061684688
:100A00008089EEF735FE010037D068460A8D80896F
:100A1000824232D002AAEFF7BDFC00282DD12088F7
:100A200032460005000D0299FEF710FF002824D180
:100A3000F888401B85B20298014620310A46897821
:100A4000002902D0012902D004E0C18B00E0018C12
:100A5000A94212D39179890711D521694A030ED48D
:100A60000122920411432161E9B201970091828B26
:100A700021880323022000F061F905B0F0BD214672
:100A8000EEF738F9064602982A468169008C7043D1
:100A90000B1807213846F7F79FF8029801462031D6
:100AA0008A78012A00D1C5838979C907E5D0018CEC
:100AB000826971435118002200920191C38B828B8D
:100AC00020880105090D022000F0A0F8D5E7F0B557
:100AD0000446C88887B00F461646032804D213463A
:100AE00000221221042016E0B968022205A80D3167
:100AF000E2F7E4FE6846808A002814D0EEF7B8FDDD
:100B0000010010D068460A8D808A824206D10246D2
:100B1000334612210320FEF7F3FD74E002AAEFF73B
:100B200039FC002805D06846828A1221334601200C
:100B3000F1E7208802220005000D0299FEF75EFE13
:100B4000002804D069468A8A33461221E3E7F888F0
:100B5000C01E85B20298014620318A78002A02D050
:100B6000012A02D00AE0C28B00E0028CAA4205D220
:100B70006846828A122133460D20CCE7897989079D
:100B800014D521698A0311D4CA010FD40122520459
:100B900011432161E9B201970091828B21880323DF
:100BA000022000F0CBF8692007B0F0BD2146EEF737
:100BB000A1F801900298028C8169019842438B1838
:100BC0002A4607213846F7F707F8029801462031F0
:100BD0000A468978012900D1C583B16813230B73B4
:100BE00091790125C9070DD0018C019A8369514380
:100BF0005918002200920191C38B828B2188022018
:100C000000F004F8F5800020CEE70000FFB50F46A5
:100C10000646D81D032108431D46401C830818487A
:100C200081B00068F10603D52522BF210E4006E001
:100C3000392149014118097CC9071CD022223107FA
:100C4000890E08180121C9024018C06C3146FDF711
:100C500029FB040012D0A7800399E1800A99218121
:100C6000204665810C302A460B99E2F727FE214683
:100C70003046FDF703FB002005B0F0BD0720FBE781
:100C800004250020FFB50F460546D01C032108436C
:100C9000401C830881B01646E80603D53A22BF20DF
:100CA000054000E03722104928070968800E4018E7
:100CB0000121C9024018C06C2946FDF7F3FA04006F
:100CC0000FD0A7807108A1712046324608300499E0
:100CD000E2F7F4FD21462846FDF7D0FA002005B0E2
:100CE000F0BD0720FBE7000004250020F8B51D46F5
:100CF0000446022316460F46C00603D53922BF20FC
:100D0000044000E036220C4920070968800E401894
:100D10000121C9024018C06C2146FDF7C3FA010049
:100D200007D08F80CE800D812046FDF7A7FA0020E6
:100D3000F8BD0720F8BD000004250020FFB581B0F4
:100D40000A9E05460321701D0843401C8308174670
:100D5000E80603D53722BF20054000E034221149C0
:100D600028070968800E40180121C9024018C06C8C
:100D70002946FDF797FA040012D00298A080E78078
:100D80002672049923463246091D09330B98F6F75B
:100D900023FF21462846FDF771FA002005B0F0BD7B
:100DA0000720FBE704250020F8B5294D002029681D
:100DB0000A4640321378D279934348D14A6E120ED4
:100DC00045D13E22525C002A41D1431E21488D6A02
:100DD000467A1A460024F600AD190926F606376948
:100DE00000887D1907070120002F07DA1123DB0196
:100DF000CB189C6A631B1B021B1228D407273F02D7
:100E0000C919C96DCF0103D54A1B120212121ED493
:100E100001252D07002B06DA002A0ADA75600E4834
:100E2000856003200AE01120000604437460002A54
:100E300003DB29430846F0F7C7F902200449096893
:100E400040314A78002A02D0002048700320F8BDC3
:100E500004250020C00000204000004830B41348A2
:100E6000092203681120C0011818D206806A11698E
:100E70000F4C411A09022588090A2D0702D430BCFB
:100E800001207047647A9B6AE400E3188B4209D220
:100E90000123DB05994205D259000843506030BC5C
:100EA0000120704730BC002070470000042500205E
:100EB000C0000020F0B5454C13252668ED017019DF
:100EC00080690027416B4248AE368DB0814242D0E6
:100ED00006216846EFF7B6FD69464879C021084308
:100EE0006946487120680622401980692430EFF76E
:100EF0007FFD0746102105A8EFF7A4FD206810220A
:100F00004019806905A9001DEFF772FD0743102104
:100F100009A8EFF797FD206810224019806909A9F8
:100F20001430EFF765FD0146394313D12068294994
:100F300040198069264F401880088100264808180B
:100F400039460490E2F7DEFC04980068B84201D10B
:100F5000002700E0FB27226850198069A632243060
:100F600001900620014600900020FDF7C6F80028F9
:100F700002D12068A6300190701D009A0199E2F715
:100F80009DFC22681026314600208032FDF7B5F81E
:100F9000002807D020683246411989698030091D30
:100FA000E2F78CFC2268314600209032FDF7A5F86C
:100FB000002807D0206832464119896990301431E1
:100FC000E2F77CFC38460DB0F0BD0000042500209F
:100FD000AAAAAAAA3400FCEF00000410FEB55079BA
:100FE00015698007566B1F461446800F0DD1A80562
:100FF0000CD5012040028543000105436C48306058
:1010000060790121084360711561FEBD280609D58C
:101010005120C0018543E80401D4402005436548C0
:10102000256198E0E80439D5EFF7FFFD0090EFF770
:10103000FCFD0190EFF7F9FD0290012000038543CC
:101040000320800205432561607901210843607116
:10105000606B39462E3110220C30EFF705FE263733
:1010600002983870010A7970010CB970000EF8709E
:1010700051483060616B0822081DC91CEFF7F4FD70
:10108000616B022208461C300B31EFF7EDFD616BFE
:101090000C2268460D31EFF7E7FDFEBD680235D53D
:1010A000EFF7C3FD0190EFF7C0FD0090EFF7BDFD36
:1010B000014601AA00203D1813782035AB72401C70
:1010C000C0B2521C0428F6D300983C4A000680188F
:1010D000306000980A06000A1043706001980A0AFE
:1010E00003061A43000AB260F0603548009A0368AC
:1010F0001320C001181842628162607901210843FF
:1011000060712069890588432061FEBD6805FCD4B3
:10111000680716D521462031487C00280DD1294882
:101120003060274800688030408C000430307060A8
:10113000627901200243627148740420854325616D
:10114000FEBD2807082700280BDAE079BD431E49B9
:101150000006401825613060607901210843507114
:10116000FEBDE80610D5102085432561E2F792FD0B
:10117000164940074018306000207060B060607908
:10118000012108436071FEBD6803FCD51046E2F7FB
:1011900079FD002804D020464030017F3943017793
:1011A00001208004854325616089E2F76FFDFEBD63
:1011B0000301060003010B0003170300130D0400D5
:1011C0000425002003060C0B03020700030909098C
:1011D000F8B51D46144606460027E2F75BFD0128D8
:1011E0000CD01F2071780840060036D00020E8613E
:1011F000FDF746FE002803D0E86907E0FF20F1E78D
:10120000698932460120F6F727FDE861002801D000
:10121000102722E0E07D80214840E07510492869D0
:1012200008421AD06079401E60716079FF2814D19D
:10123000A079401EA071A079FF280ED1E079401E50
:10124000E071E079FF2808D1207A401E2072207AD0
:10125000FF2802D1607A401E60723846F8BD000057
:1012600020280000FEB503462C48412702680920CB
:1012700000021018816E602058430C18284811464F
:101280001018284E7F019D01D219AE199278C031F5
:1012900000259A420CD1024640321746928E3F8F6B
:1012A000009784273F58012301977B273F5C07E085
:1012B0008A8CCF8C0097CF6A0023019728277F5C08
:1012C0000297A779FF0708D02789D21B1204120CB6
:1012D00003D12246F7F7FCF90546A079810710D51E
:1012E00022890099891A491C0904090C09D1FD2198
:1012F000084001ABA0713146052221311846EFF7B5
:10130000B3FC002D09D005480096016804482B461F
:10131000091822460020F4F759FCFEBD04250020E0
:1013200058080000CC000020F0B50D4689B0002719
:101330000921C9060E9E14464F60827BC17B9446EC
:101340000B02017C0A04417C0906114319436246E1
:1013500011430491827CC17C0B02017D0904194375
:1013600011430591027E417E090211430691827E5E
:10137000C17E090211430891027F417F0902114396
:10138000009101461E3102912030C0783146C006DE
:10139000C00E21310790052203910298EFF764FCFB
:1013A0002220475531200755E7730220E070069947
:1013B0000C22514361610099FF220901A161207152
:1013C00027810899A1812046403006990180A771A4
:1013D000276107771B21418049322B460282C033A7
:1013E0001F8A1B2F02D15F8A974201D010270777EF
:1013F0001F8B8780C180018141818181C181598B8F
:1014000041828282C2820283428301202080A06ABC
:101410000080A06A4480288C2F49401C80B28842FA
:1014200002D94942401880B260812884A06AC72747
:10143000C772052203990298EFF716FC0020F0729C
:10144000218D3182F0750498B0610598F0612021FA
:1014500007988855E2F71EFC8021012800D1B1755C
:101460004220039080350290686B0080686BC772E1
:10147000A88E7082C0206071B172A078174EC0082B
:10148000C000401DA07016480088A16A40011930B4
:101490008872696B0A208872F6F790FA696B0322EA
:1014A000C91D0398EFF732FC696B03223046091D12
:1014B000EFF72CFC0120FDF789FDA16A0322C91D6D
:1014C0000298EFF723FCA16A03220648091DEFF7F3
:1014D0001DFC09B0F0BD0000FF0E00002C01B000A3
:1014E000C0000020FA003000F7B592B00F460400AB
:1014F00004D0002F06D11498002803DD612040019C
:1015000015B0F0BD1498002804DB102804DA207907
:10151000800601D49448F3E72079410701D481077C
:1015200002D59148401CEBE740210843207120463A
:10153000143000250F90143001901EE00026B000FA
:1015400004904019C0190390E6F7D1FF00BA010AD0
:1015500003980902C07807AA01430498761C001971
:10156000406941400498042E1150E8DB636A07A8E3
:10157000019A0F9900F07CFA059D284610300590DD
:1015800014998842DADB2079800620D400291EDDF8
:101590000026B00004904019C0190390E6F7A7FF99
:1015A00000BA010A03980902C07807AA0143049807
:1015B000761C0019406941400498042E1150E8DB64
:1015C000636A07A8019A0F9900F052FACAE0002056
:1015D0000B900C900D900E900BA9636A0846019A2F
:1015E00000F046FA0B988721C00F48430B990C9ADC
:1015F0004900D20F11430B910C990D9A4900D20F5B
:1016000011430C910D990E9A4900D20F11430D917F
:101610000E99149A49004140284610300E9190428C
:101620001CD10026B00002904019C0190490E6F7C2
:101630005EFF00BA010A04980902C0780BAB0143AF
:101640000298761C0019426902981858424051408D
:10165000029807AA1150042EE4DB79E00B98872248
:10166000C00F50430B9A0C9B5200DB0F1A430B9296
:101670000C9A0D9B5200DB0F1A430C920D9ACB0F64
:1016800052001A430D924A00424014980E92401B99
:101690000390C017820F0398002610188010029044
:1016A00019E0B00010904019C0190490E6F71FFF30
:1016B00000BA010A04980902C0780BAB01431098E4
:1016C000001942691098185842405140109807AAD2
:1016D00011500298761CB042E3DCB00001190BAA4D
:1016E00049691258514007AA1150039B00211B1A47
:1016F00042199C4696460BE072465218BA5CCD00E1
:1017000018235B1B9A4007AB1D586A401A50491CAE
:101710008C45F1DC002909D0CD00182107AA4D1B0A
:1017200013588021A9404B40135005E007A90A58DF
:101730000123DB075A400A5007A90BAA05E0B000B5
:1017400003195B6915586B400B50761C042EF6DBB1
:10175000636A07A8019A0F9900F08AF92079042199
:10176000084320710020CBE61D0C0000F8B516469A
:101770000F46040009D0002E07D025468035E86DBD
:10178000401E102804D31348F8BD61204001F8BD65
:101790002079400604D4002211462046FFF7A4FE1B
:1017A0002079022108432071002018210CE0C21783
:1017B000920F121892089200121983075269DB0ED9
:1017C000CB1ADA403A54401CEA6D8242EFDC00202A
:1017D0003260F8BD1F0C000010B5040007D00223D2
:1017E0000022A16800F00CFA010003D00CE0612097
:1017F000400110BD102020610020024683001B190B
:10180000401C5A610428F9DB084610BDFFB5D90811
:10181000490083B0891D02910368116854684B40E8
:101820004168956861408468C0686C40A446D4688B
:101830001E0E60408B4CC5B2A65D655D3606354315
:1018400067460E023F04360E3F0EA65DE75D360486
:101850003F023E433543AE460F0EDDB2E75D665DA7
:101860003F063E4365462F0205043F0E2D0EE75D01
:10187000655D3F042D022F433E43CDB20096665D69
:1018800065462F0EE75D1D043F063E4307023F0EEF
:101890002D0EE75D655D3F042D022F433E4301960B
:1018A0006546EDB2070E665DE75D0D043F063E43FB
:1018B0001F023F0EE75D2D0E645D3F0424022743A7
:1018C000029C3E43641E10320294002C63DD664C81
:1018D00070462040430070466449C00908401B21FF
:1018E00048434340704658401821C8414340704621
:1018F0001021C841434070460821C8414340106848
:101900005A4D43400098594F204041000098C0096B
:1019100028401B2568434140009818254840E8416D
:10192000414000981025E841414000980825E841D1
:1019300041405068019D41400198ED0920403D40E3
:1019400040001B277D436840019F05467D401827C6
:10195000FD416840019D1027FD416840019D082719
:10196000FD416840956868408446304620403F4DC0
:10197000F4092C4040001B256C4360400446744031
:101980001825EC41604010243546E54108246840A4
:10199000E64170404BE7334CC5B2665D1D0E645D99
:1019A000240626430C02250E2E4C645D65462D044C
:1019B0002F0E2C4D2404ED5D2D022C432643294C83
:1019C0000096DDB2655D0E0EA45D240625436446D7
:1019D0002402260E234CA45D0604370E214E240457
:1019E000F65D360234432543AE461E4CCDB2645DEF
:1019F00065461C4E2F0EF55D2D062C4305022F0E5D
:101A0000F55D1F042E043D0E164F7F5D65463F02B7
:101A10003E433443EEB2134DAF5D050E1148405DB9
:101A2000000607431802030E0E48C05C09040B0EA3
:101A30000C490004C95C9368090208430743106815
:101A4000009E63405168049C7040D26820607546D7
:101A500004986940416004987A4083600498C260A9
:101A600007B0F0BD004706107F7F7F7F01010101B5
:101A700000B5FFF7CBFE00BDF7B50298860800243D
:101A80000DE00098A7003D182846E6F730FD00BAA3
:101A9000000AE978000208430199641CC851B44265
:101AA000EFDB0199029A084600F002F8FEBD000043
:101AB000F0B59208002303E09C0005590D515B1C12
:101AC0009342F9DB4D4FF81FF938042A48D0062A13
:101AD0006DD0082A43D10023CA6915022D0E140EB9
:101AE000455D045D2D062C4315042D0ED2B2455DD7
:101AF000825C2D04120215432C439D007D590A6817
:101B00006A40544001225B1C0C62940065180C5919
:101B1000EE69521C66402E62042AF6DBCA6A150E74
:101B2000D4B2455D045D2D062C4315022D0E120422
:101B3000455D120E825C2D04120215430A692C4386
:101B4000544005220C63940065180C59EE69521C30
:101B500066402E62082AF6DB2031072BBCDDF0BD83
:101B60000022CB681D022D0E1C0E455D045D2D0666
:101B70002C431D042D0EDBB2455DC35C2D041B02FE
:101B80001D432C4395007D590B686B405C4001233D
:101B9000521C0C619C0065180C59EE685B1C664079
:101BA0002E61042BF6DB1031092ADADDF0BD0022AC
:101BB000CB681D022D0E1C0E455D045D2D062C43C9
:101BC0001D042D0EDBB2455DC35C2D041B021D43BD
:101BD0002C4395007D590B686B405C400123521CDF
:101BE0000C619C0065180C59EE685B1C66402E6108
:101BF000042BF6DB1831092ADADDF0BD00480610A7
:101C0000F8B59E468C46002807D0002905D0590714
:101C10008C0F002A04D1012C02D061204001F8BDB4
:101C2000416A102903D0182901D0202905D1012C9F
:101C300005D00169491E102901D31E48F8BDC260B4
:101C40000179F92319400171012C20D000210B46A4
:101C50008D002D18491C6B610429F9DB0021182720
:101C600012E0CB179B0F5B189B089B001D182B469F
:101C7000143300938B07565CDB0EFB1A6D699E4094
:101C80003543009B491C1D6003698B42E9DC0179E7
:101C9000C9070CD1614681607146C90701D0032C88
:101CA00005D10146426A28316046FFF7E5FE002073
:101CB000F8BD00001F0C0000669A0C200008A4AEBE
:101CC000EE115934207B7044669A0C200008A4AEB3
:101CD000EE115934217B7044669A0C200008A4AEA2
:101CE000EE115934227B7044669A0C200008A4AE91
:101CF000EE115934237B7044669A0C200008A4AE80
:101D0000EE115934247B7044669A0C200008A4AE6E
:101D1000EE115934257B704404030100FFFFFFFFDF
:101D2000FFFFFFFFFFFFFFFF0000000000000000BB
:101D30000000000001000000FFFFFFFF512563FCD1
:101D4000C2CAB9F3849E17A7ADFAE6BCFFFFFFFF36
:101D5000FFFFFFFF00000000FFFFFFFF0003010087
:101D60004000000006000000023F00023E30023C3E
:101D700020023B4C023A400239B202345B02350B7E
:101D800000000000E2400610E5400610E8400610A2
:101D90000D0A202D2D2D2D201B5B346D426C6520EE
:101DA000536D617274206C6F636B20312E322E3153
:101DB0001B5B306D202D2D2D2D200D0A0000000005
:101DC000417070005465726D000000004C696768D6
:101DD00074000000426C65004170703A204E564D10
:101DE000206D656D6F7279207772697474656E20ED
:101DF000776974682064656661756C742076616CBF
:101E0000756573210D0A00004170703A206F70658E
:101E10006E2074686520446F6F722E0D0A000000FA
:101E20004170703A20756E6C6F636B20746865202A
:101E30006C6F636B2E0D0A004170703A2043616E27
:101E4000277420756E6C6F636B20696620756E63F6
:101E50006F6E6E6563746564206465766963652E74
:101E60000D0A00004170703A20626C652072616456
:101E7000696F206572726F7220210D0A00000000E8
:101E80004170703A206465766963652064697363A4
:101E90006F6E6E65637465642E0D0A004170703A52
:101EA0002064657669636520636F6E6E6563746533
:101EB000642E0D0A000000004170703A20646F6FBC
:101EC00072206973206F70656E2E0D0A000000008D
:101ED0004170703A20646F6F7220697320636C6F79
:101EE00073652E0D0A0000004170703A204E564D69
:101EF000206D656D6F7279207772697474656E21DB
:101F00000D0A0000426C653A204661696C656420E8
:101F1000746F207365742050494E3A2025733A201F
:101F200025730D0A00000000426C653A2046616985
:101F30006C656420746F2067657420626F6E6465E1
:101F400064206465766963653A2025730D0A000094
:101F5000426C653A207570646174652063686172D3
:101F60002076616C7565206572726F723A202573F8
:101F70000D0A0000426C653A205365742064657652
:101F8000696365206E616D65206572726F723A20BB
:101F900025730D0A00000000426C653A20737461DD
:101FA000636B20696E69743A2025730D0A00000086
:101FB000426C653A20696E69742064657669636570
:101FC000206572726F723A2025730D0A00000000BE
:101FD000426C653A20696E697469616C6973656405
:101FE000207769746820737563636573730D0A00E5
:101FF000426C653A2061646420736572766963653A
:10200000206572726F723A2025730D0A000000007D
:10201000426C653A207570646174652077686974F4
:10202000656C697374206572726F723A2025730D46
:102030000A000000426C653A20646973636F76653C
:102040007261626C6520696E20626F6E64206D6FD4
:1020500064652E0D0A000000426C653A20646973C5
:10206000636F76657261626C652E0D0A0000000078
:10207000426C653A206D616B6520646973636F76AD
:10208000657261626C65206572726F723A202573A9
:102090000D0A0000426C653A20636C656172207322
:1020A000656375726974792064617461206261731B
:1020B00065206572726F723A2025730D0A00000068
:1020C000426C653A20736563757269747920646146
:1020D0007461206261736520636C65617265640D73
:1020E0000A000000426C653A20736C6176652073CB
:1020F0006563757269747920726571756573742092
:102100006572726F723A2025730D0A006863695F09
:10211000646973636F6E6E656374696F6E5F636F1E
:102120006D706C6574655F6576656E740D0A000090
:10213000095374617475733A307825780D0A00007C
:1021400009436F6E6E656374696F6E5F48616E649C
:102150006C653A307825780D0A00000009526561F7
:10216000736F6E3A307825780D0A00004D617374F4
:1021700065720000536C6176650000005075626CFA
:1021800069632044657669636520416464726573A0
:102190007300000052616E646F6D20446576696360
:1021A0006520416464726573730000006863695F51
:1021B0006C655F636F6E6E656374696F6E5F636F8E
:1021C0006D706C6574655F6576656E740D0A0000F0
:1021D00009526F6C653A25730D0A00000950656558
:1021E000725F416464726573735F547970653A25F8
:1021F000730D0A0009506565725F4164647265730E
:10220000733A3078257825782578257825782578CB
:102210000D0A000009436F6E6E5F496E7465727639
:10222000616C3A2575206D730D0A000009436F6ECD
:102230006E5F4C6174656E63793A307825780D0A6B
:1022400000000000095375706572766973696F6EDE
:102250005F54696D656F75743A2575206D730D0A4D
:1022600000000000094D61737465725F436C6F6319
:102270006B5F41636375726163793A25730D0A0080
:102280006863695F6C655F656E68616E6365645FF6
:10229000636F6E6E656374696F6E5F636F6D706C94
:1022A0006574655F6576656E740D0A000950656535
:1022B000725F416464726573735F547970653A50FC
:1022C00075626C6963204465766963652041646466
:1022D000726573730D0A000009506565725F416491
:1022E00064726573735F547970653A52616E646F9E
:1022F0006D2044657669636520416464726573731B
:102300000D0A000009506565725F4164647265736F
:10231000735F547970653A5075626C6963204964E3
:10232000656E7469747920416464726573730D0A13
:102330000000000009506565725F41646472657356
:10234000735F547970653A52616E646F6D202853E3
:10235000746174696329204964656E7469747920B5
:10236000416464726573730D0A000000094C6F6369
:10237000616C5F5265736F6C7661626C655F507201
:1023800069766174655F416464726573733A30782D
:102390002578257825782578257825780D0A000078
:1023A00009506565725F5265736F6C7661626C652A
:1023B0005F507269766174655F41646472657373BE
:1023C0003A30782578257825782578257825780D70
:1023D0000A0000006163695F6761705F7061697224
:1023E000696E675F636F6D706C6574655F65766558
:1023F0006E740D0A00000000092053746174757337
:102400003A25730D0A0000000920526561736F6E52
:102410003A25730D0A0000006163695F6761747497
:102420005F6174747269627574655F6D6F6469660B
:102430006965645F6576656E740D0A0009417474A0
:10244000725F48616E646C653A307825780D0A00D9
:10245000094F66667365743A25750D0A0000000021
:1024600009417474725F446174615F4C656E677496
:10247000683A25750D0A00006163695F67617474CD
:102480005F726561645F7065726D69745F726571BA
:102490005F6576656E740D0A000000000941747472
:1024A0007269627574655F48616E646C653A307814
:1024B00025780D0A000000006863695F6861726436
:1024C000776172655F6572726F725F6576656E7453
:1024D0000D0A00006863695F656E637279707469E4
:1024E0006F6E5F6368616E67655F6576656E740DBC
:1024F0000A0000004C696E6B204C6576656C2045C7
:102500006E6372797074696F6E206973204F4E200C
:1025100077697468204145532D43434D0000000006
:1025200009456E6372797074696F6E5F456E6162A2
:102530006C65643A25730D0A000000006863695FEA
:10254000726561645F72656D6F74655F76657273E5
:10255000696F6E5F696E666F726D6174696F6E5FD1
:10256000636F6D706C6574655F6576656E740D0A7A
:10257000000000006863695F6E756D6265725F6F71
:10258000665F636F6D706C657465645F7061636BCB
:102590006574735F6576656E740D0A006863695FC4
:1025A000656E6372797074696F6E5F6B65795F7267
:1025B0006566726573685F636F6D706C6574655F87
:1025C0006576656E740D0A006863695F72785F6195
:1025D000636C5F646174615F6576656E740D0A009B
:1025E0006863695F6C655F6164766572746973695D
:1025F0006E675F7265706F72745F6576656E740D7D
:102600000A0000006863695F6C655F636F6E6E65EA
:102610006374696F6E5F7570646174655F636F6D1D
:10262000706C6574655F6576656E740D0A000000F8
:102630006863695F6C655F726561645F72656D6F29
:1026400074655F757365645F6665617475726573E3
:102650005F636F6D706C6574655F6576656E740D34
:102660000A0000006863695F6C655F6C6F6E675F8E
:102670007465726D5F6B65795F7265717565737492
:102680005F6576656E740D0A000000006863695F1F
:102690006C655F646174615F6C656E6774685F63CD
:1026A00068616E67655F6576656E740D0A0000008F
:1026B0006863695F6C655F726561645F6C6F6361BD
:1026C0006C5F703235365F7075626C69635F6B6525
:1026D000795F636F6D706C6574655F6576656E7448
:1026E0000D0A00006863695F6C655F67656E6572FF
:1026F0006174655F64686B65795F636F6D706C654D
:1027000074655F6576656E740D0A00006863695FC5
:102710006C655F6469726563745F61647665727429
:102720006973696E675F7265706F72745F657665F5
:102730006E740D0A000000006163695F6761705F7D
:102740006C696D697465645F646973636F766572E3
:1027500061626C655F6576656E740D0A000000004D
:102760006163695F6761705F706173735F6B6579E7
:102770005F7265715F6576656E740D0A000000001A
:102780006163695F6761705F617574686F72697AB0
:102790006174696F6E5F7265715F6576656E740DE9
:1027A0000A0000006163695F6761705F736C617646
:1027B000655F73656375726974795F696E69746961
:1027C000617465645F6576656E740D0A00000000D3
:1027D0006163695F6761705F626F6E645F6C6F7386
:1027E000745F6576656E740D0A0000006163695F51
:1027F0006761705F70726F635F636F6D706C65743B
:10280000655F6576656E740D0A0000006163695F3F
:102810006761705F616464725F6E6F745F7265732D
:102820006F6C7665645F6576656E740D0A000000F6
:102830006163695F6761705F6E756D657269635F23
:10284000636F6D70617269736F6E5F76616C7565D1
:102850005F6576656E740D0A00000000094E756DA7
:10286000657269635F56616C75653A25750D0A007E
:102870006163695F6761705F6B65797072657373BF
:102880005F6E6F74696669636174696F6E5F6576A8
:10289000656E740D0A0000006163695F676174749E
:1028A0005F70726F635F74696D656F75745F657675
:1028B000656E740D0A0000006163695F6174745F86
:1028C00065786368616E67655F6D74755F72657367
:1028D000705F6576656E740D0A0000006163695F64
:1028E0006174745F66696E645F696E666F5F72655E
:1028F00073705F6576656E740D0A00006163695FD1
:102900006174745F66696E645F62795F7479706523
:102910005F76616C75655F726573705F6576656E15
:10292000740D0A006163695F6174745F726561644C
:102930005F62795F747970655F726573705F6576E9
:10294000656E740D0A0000006163695F6174745FF5
:10295000726561645F726573705F6576656E740D34
:102960000A0000006163695F6174745F726561648D
:102970005F626C6F625F726573705F6576656E74BF
:102980000D0A00006163695F6174745F7265616460
:102990005F6D756C7469706C655F726573705F658F
:1029A00076656E740D0A00006163695F6174745F1F
:1029B000726561645F62795F67726F75705F747969
:1029C00070655F726573705F6576656E740D0A0081
:1029D0006163695F6174745F707265706172655F75
:1029E00077726974655F726573705F6576656E7422
:1029F0000D0A00006163695F6174745F65786563E7
:102A00005F77726974655F726573705F6576656E16
:102A1000740D0A006163695F676174745F696E6455
:102A200069636174696F6E5F6576656E740D0A0027
:102A30006163695F676174745F6E6F74696669630F
:102A40006174696F6E5F6576656E740D0A000000D3
:102A50006163695F676174745F70726F635F636FF6
:102A60006D706C6574655F6576656E740D0A000047
:102A70006163695F676174745F6572726F725F72C0
:102A80006573705F6576656E740D0A006163695FDA
:102A9000676174745F646973635F726561645F63C7
:102AA0006861725F62795F757569645F7265737082
:102AB0005F6576656E740D0A000000006163695FF2
:102AC000676174745F77726974655F7065726D6950
:102AD000745F7265715F6576656E740D0A00000043
:102AE0006163695F676174745F726561645F6D756E
:102AF0006C74695F7065726D69745F7265715F6532
:102B000076656E740D0A00006163695F67617474B5
:102B10005F74785F706F6F6C5F617661696C616222
:102B20006C655F6576656E740D0A00006163695FB0
:102B3000676174745F7365727665725F636F6E66EA
:102B400069726D6174696F6E5F6576656E740D0A8A
:102B5000000000006163695F676174745F70726593
:102B6000706172655F77726974655F7065726D69B7
:102B7000745F7265715F6576656E740D0A000000A2
:102B80006163695F6C326361705F636F6E6E656312
:102B900074696F6E5F7570646174655F7265737080
:102BA0005F6576656E740D0A000000006163695F01
:102BB0006C326361705F70726F635F74696D656FB3
:102BC00075745F6576656E740D0A00006163695FF8
:102BD0006C326361705F636F6E6E656374696F6E94
:102BE0005F7570646174655F7265715F6576656E4F
:102BF000740D0A006163695F6C326361705F636FBB
:102C00006D6D616E645F72656A6563745F6576653C
:102C10006E740D0A000000006163695F68616C5F9B
:102C20007363616E5F7265715F7265706F72745FFE
:102C30006576656E740D0A006163695F68616C5F3B
:102C400066775F6572726F725F6576656E740D0A86
:102C500000000000504153534B45595F454E5452BC
:102C6000595F4641494C4544000000004F4F425FC8
:102C70004E4F545F415641494C41424C4500000083
:102C8000415554485F5245515F43414E4E4F545F4A
:102C900042455F4D45540000434F4E4649524D5FFB
:102CA00056414C55455F4641494C454400000000A3
:102CB00050414952494E475F4E4F545F5355505013
:102CC0004F52544544000000494E535546465F4517
:102CD0004E4352595054494F4E5F4B45595F5349EB
:102CE0005A450000434D445F4E4F545F535550507A
:102CF0004F52544544000000554E535045434946F9
:102D00004945445F524541534F4E00005645525984
:102D10005F4541524C595F4E4558545F41545445AC
:102D20004D505400534D5F494E56414C49445F50FD
:102D30004152414D53000000534D505F53435F4497
:102D4000484B45595F434845434B5F4641494C45D5
:102D500044000000534D505F53435F4E554D434F69
:102D60004D50415249534F4E5F4641494C454400F6
:102D7000537563636573730054696D656F75740093
:102D800050616972696E67204661696C6564000014
:102D9000456E6372797074696F6E206661696C65E7
:102DA000642C204C544B206D697373696E67206FDF
:102DB0006E206C6F63616C206465766963650000EA
:102DC000456E6372797074696F6E206661696C65B7
:102DD000642C204C544B206D697373696E67206FAF
:102DE0006E20706565722064657669636500000019
:102DF000456E6372797074696F6E206E6F742073A4
:102E00007570706F727465642062792072656D6F81
:102E10007465206465766963650000003530302094
:102E200070706D003235302070706D00313530209B
:102E300070706D003130302070706D00373520704B
:102E4000706D000035302070706D000033302070E0
:102E5000706D000032302070706D00007375636318
:102E600065737300756E6B6E6F776E206863692093
:102E7000636F6D6D616E6400756E6B6E6F776E2043
:102E8000636F6E6E657874696F6E20696400000010
:102E90006861726477617265206661696C757265DC
:102EA00000000000556E6B6E6F77206572726F7256
:102EB0000000000061757468656E7469636174690F
:102EC0006F6E206661696C75726500006B657920B4
:102ED0006D697373696E67006D656D6F72792063DC
:102EE00061706163697479206578636565646564A0
:102EF00000000000636F6E6E656374696F6E20740E
:102F0000696D656F75740000636F6D6D616E64202F
:102F1000646973616C6C6F7765640000756E7375BE
:102F200070706F7274656420666561747572650097
:102F3000696E76616C69642068636920636D6420E2
:102F4000706172616D7300007465726D696E617499
:102F500065642072656D6F7465207573657200001D
:102F60007465726D696E61746564206C6F63616C09
:102F70005F686F7374000000756E737570702072F7
:102F80006D7420666561747572650000756E73708E
:102F9000656369666965640070726F636564757204
:102FA000652074696D656F7574000000696E7374D7
:102FB000616E74207061737365640000706172618A
:102FC0006D65746572206F7574206F662072616E16
:102FD00067650000686F7374206275737920706193
:102FE0006972696E67000000636F6E74726F6C6C5B
:102FF00065722062757379006469726563746564D3
:10300000206164766572746973696E672074696D96
:10301000656F757400000000636F6E6E65637469A0
:103020006F6E20656E642077697468206D69632017
:103030006661696C75726500636F6E6E6563746955
:103040006F6E206661696C656420746F20657374AF
:1030500061626C6973680000756E6B6E6F776E20CD
:10306000636F6E6E656374696F6E20696400000043
:10307000696E76616C696420706172616D730000C5
:10308000627573790000000070656E64696E670098
:103090006E6F7420616C6C6F776564006572726F1F
:1030A000720000006F7574206F66206D656D6F7221
:1030B00079000000696E76616C6964206369640060
:1030C00064657669636520696E20626C61636B6C10
:1030D000697374006373726B206E6F7420666F7512
:1030E0006E64000069726B206E6F7420666F756E7F
:1030F00064000000646576696365206E6F74206605
:103100006F756E6400000000736563206462206662
:10311000756C6C00646576696365206E6F742062FF
:103120006F6E646564000000696E7375666669633E
:1031300069656E7420656E63206B657973697A6565
:1031400000000000696E76616C69642068616E64DD
:103150006C6500006F7574206F662068616E646C2A
:1031600065000000696E76616C6964206F7065723D
:103170006174696F6E000000636861726163206151
:103180006C726561647920657869737473000000FE
:10319000696E73756666696369656E7420726573BE
:1031A0006F7572636573000073617469736679206B
:1031B0007065726D697373696F6E206572726F727C
:1031C0000000000061646472657373206E6F742088
:1031D0007265736F6C766564000000006E6F207618
:1031E000616C696420736C6F740000007363616EBE
:1031F0002077696E646F772073686F7274000000C7
:103200006E657720696E74657276616C206661699F
:103210006C656400696E74657276616C20746F6FA2
:10322000206C6172676500006C656E67746820666B
:1032300061696C656400000070726F66696C65207E
:10324000616C726561647920696E697469616C6929
:103250007A6564006E756C6C20706172616D00003F
:10326000466C6173682072656164206661696C6593
:1032700064000000466C6173682077726974652091
:103280006661696C65640000466C617368206572F4
:10329000617365206661696C6564000074696D65C1
:1032A0006F7574004A616E2032352032303235003D
:1032B000312E322E310000002573202D2025730D74
:1032C0000A0000001B5B316D252D3134733A201B41
:1032D0005B306D00456E61626C65640044697361CA
:1032E000626C656400000000656E61626C650000E0
:1032F00064697361626C650030000000496E76613C
:103300006C696420617267756D656E742E205573EB
:10331000652027656E61626C6527206F72202764C7
:10332000697361626C65270D0A0000004572726F57
:10333000723A20496E76616C6964206E756D6265C3
:1033400072206F6620617267756D656E7473210DF2
:103350000A000000566572626F73653A2025730D8E
:103360000A000000496E76616C69642061726775BD
:103370006D656E742E20446576696365206E616D9F
:1033800065206D757374206265203120746F20256F
:10339000642063686172616374657273206C6F6E20
:1033A000672E0D0A00000000446576696365206E93
:1033B000616D653A20272573270D0A0025750000E9
:1033C0004572726F723A20496E707574206D757314
:1033D000742062652061206E756D626572210D0A30
:1033E000000000004572726F723A2050696E206DC5
:1033F00075737420626520302D3939393939390DAA
:103400000A00000050696E3A20253036750D0A001A
:103410004272696768746E6573733A2025752E254C
:103420007525250D0A00000025752E257500000064
:103430004572726F723A20496E76616C69642069D8
:103440006E70757420666F726D6174210D0A0000D4
:103450004572726F723A204272696768746E657362
:1034600073207468726573686F6C64206D75737413
:1034700020626520302E30252520746F20313030B9
:103480002E3025250D0A00004272696768746E654A
:103490007373207468726573686F6C643A20257565
:1034A0002E257525250D0A004E6F2064657669630B
:1034B0006520626F6E646564210D0A002020202063
:1034C0002020204164647265737320202020547989
:1034D00070650D0A00000000307825303278253004
:1034E00032782530327825303278253032782530E0
:1034F00032782020202000005075626C6963000043
:1035000052616E646F6D0000436C656172696E6735
:1035100020626F6E64656420646576696365732EEE
:103520000D0A00005265736574696E6720636F6EE3
:1035300066696720616E6420636C656172696E679D
:1035400020626F6E64656420646576696365732EBE
:103550000D0A00001B5B316D1B5B33326D62736CB7
:103560003E1B5B306D0000001B5B44001B5B430097
:103570001B5B337E000000001B5B3F32356C1B5B26
:10358000730000001B5B4B00257300001B5B751B69
:103590005B3F3235680000001B5B3F32356C1B5BC4
:1035A000440000001B5B731B5B4B00001B5B324A3B
:1035B0001B6300001B5B316D1B5B33326D62736CF0
:1035C0003E1B5B306D2573000D0A25730000000063
:1035D0000D0A1B5B316D1B5B33326D62736C3E1BDE
:1035E0005B306D25730000001B5B252075440000D7
:1035F0001B5B75001B5B431B5B3F323568000000A3
:1036000076657273696F6E0068656C70000000000B
:10361000766572626F7365006E616D650000000013
:1036200070696E00627269006272692D74680000D0
:10363000636F6E6669670000626F6E6465640000A8
:10364000626F6E6465642D636C65617200000000DA
:103650007265736574000000746F7000272573270E
:1036600020756E6B6E6F776E20636F6D6D616E642B
:103670002120506C6561736520757365202768652E
:103680006C70272E0D0A00001B5B316D00000000DE
:103690002025397320000000202052756E6E696E5F
:1036A00067202020000000002020526561647920FE
:1036B00020202020000000002020426C6F636B65FA
:1036C0006420202000000000202053757370656E78
:1036D0006465642000000000202044656C6574650A
:1036E00064202020000000002020556E6B6E6F7754
:1036F0006E202020000000002020252D387520009D
:103700002020252D31307520000000002020257557
:103710002E257525250000001B5B306D0D0A1B5BF7
:103720004B000000205461736B204E616D652020BA
:10373000205374617465202020202020205072695D
:103740006F72697479202020537461636B20467214
:1037500065652020204350552055736167650D0A2B
:10376000000000001B5B324A000000001B5B3F3280
:10377000356C1B5B4800000020274374726C202BC3
:1037800020432720746F20717569742E000000009B
:103790001B5B3F3235680000446973706C617920AF
:1037A00076657273696F6E20696E666F726D617493
:1037B000696F6E732E000000446973706C6179202C
:1037C00068656C702E000000526561642F77726925
:1037D000746520766572626F7365206D6F64652E07
:1037E000203120746F20656E61626C652C20302062
:1037F0002864656661756C742920746F2064697330
:1038000061626C652E000000526561642F777269F9
:10381000746520646576696365206E616D65202836
:1038200064656661756C742069732027426C65203D
:10383000536D617274204C6F636B27292E0000005A
:10384000526561642F77726974652050494E206318
:103850006F6465202864656661756C7420697320E7
:10386000323135343236292E000000005265616451
:1038700020616D6269656E74206272696768746E3A
:103880006573732E00000000526561642F777269C2
:103890007465206461792F6E69676874207468723A
:1038A0006573686F6C64202864656661756C74204C
:1038B000697320353025292E0000000053686F778A
:1038C00020616C6C20636F6E6669677572617469E4
:1038D0006F6E2E00446973706C6179207468652086
:1038E0006C697374206F662070616972656420640E
:1038F0006576696365732E0052656D6F766520612C
:103900006C6C2070616972656420646576696365BA
:103910007320286F7220686F6C6420746865206261
:103920006F6E6420627574746F6E20666F72206DA6
:103930006F7265207468616E2033207365636F6EEB
:103940006473292E00000000526573657420636F54
:103950006E66696775726174696F6E20746F20643A
:10396000656661756C742E0053686F77207461739F
:103970006B732073746174652E0000004170703A9F
:10398000205265626F6F74696E67202E2E2E0D0AAD
:1039900000000000000000008249030000004842CF
:1039A000426C6520536D617274204C6F636B000034
:1039B000900E0410980E0410A00E0410240E041093
:1039C000880E0410542C06106C2C0610802C061047
:1039D000982C0610B02C0610C82C0610E42C0610EB
:1039E000F82C06100C2D0610242D0610382D06106C
:1039F000542D0610702D0610782D0610802D0610FF
:103A0000902D0610C02D0610F02D06101C2E06104D
:103A1000242E06102C2E0610342E06103C2E0610D6
:103A2000442E06104C2E0610542E06105C2E061046
:103A3000642E0610782E0610902E0610A42E061066
:103A4000B42E0610CC2E0610D82E0610F42E06101A
:103A5000A42E0610A42E0610A42E0610082F061061
:103A6000A42E0610A42E0610A42E0610A42E0610B6
:103A70001C2F0610302F0610482F0610A42E0610FB
:103A8000A42E0610602F0610A42E0610A42E0610D9
:103A9000A42E0610782F0610A42E0610A42E0610B1
:103AA000A42E0610A42E06108C2F0610A42E06108D
:103AB000A42E0610982F0610A42E0610A42E061071
:103AC000A42E0610A42E0610A42E0610AC2F06104D
:103AD000A42E0610A42E0610A42E0610A42E061046
:103AE000A42E0610A42E0610A42E0610BC2F06101D
:103AF000A42E0610A42E0610A42E0610A42E061026
:103B0000A42E0610A42E0610A42E0610D42F0610E4
:103B1000A42E0610E82F0610A42E0610F82F06106B
:103B20001830061038300610A42E06105830061033
:103B3000943206107030061080300610A42E061045
:103B400088300610903006109C300610A430061005
:103B5000A42E0610A42E0610A42E0610A42E0610C5
:103B6000A42E0610A42E0610A42E0610B4300610A3
:103B7000A42E0610A42E0610A42E0610A42E0610A5
:103B8000A42E0610A42E0610A42E0610A42E061095
:103B9000C0300610D4300610E4300610F4300610A1
:103BA0000831061014310610283106104431061071
:103BB0005431061064310610783106109031061029
:103BC000A8310610A42E0610A42E0610A42E06104E
:103BD000A42E0610A42E0610A42E0610A42E061045
:103BE000A42E0610A42E0610A42E0610C431061012
:103BF000A42E0610A42E0610A42E0610A42E061025
:103C0000A42E0610A42E0610A42E0610A42E061014
:103C1000A42E0610A42E0610A42E0610A42E061004
:103C2000A42E0610A42E0610A42E0610A42E0610F4
:103C3000A42E0610DC310610EC31061000320610FE
:103C40001432061028320610A42E0610A42E0610D8
:103C5000A42E0610A42E0610A42E0610A42E0610C4
:103C6000A42E0610A42E0610A42E0610A42E0610B4
:103C7000A42E0610A42E0610A42E0610A42E0610A4
:103C8000A42E0610A42E0610A42E0610A42E061094
:103C9000A42E0610A42E0610A42E0610A42E061084
:103CA000A42E0610A42E0610A42E0610A42E061074
:103CB000A42E0610A42E0610A42E0610A42E061064
:103CC000A42E0610A42E0610A42E0610A42E061054
:103CD000A42E0610A42E0610A42E0610A42E061044
:103CE000A42E0610A42E0610A42E0610A42E061034
:103CF000A42E0610A42E0610A42E0610A42E061024
:103D0000A42E0610A42E0610A42E0610A42E061013
:103D1000A42E0610A42E0610A42E0610A42E061003
:103D2000A42E0610A42E0610A42E0610A42E0610F3
:103D3000A42E0610A42E0610A42E0610A42E0610E3
:103D4000A42E0610A42E0610A42E0610A42E0610D3
:103D5000A42E0610A42E0610A42E0610A42E0610C3
:103D6000A42E0610A42E0610A42E0610A42E0610B3
:103D7000A42E0610A42E0610A42E0610A42E0610A3
:103D8000A42E0610A42E0610A42E0610A42E061093
:103D9000A42E0610A42E0610A42E0610A42E061083
:103DA000A42E0610A42E0610A42E0610A42E061073
:103DB000A42E0610A42E0610A42E0610A42E061063
:103DC000A42E0610A42E0610A42E0610A42E061053
:103DD000A42E0610A42E0610A42E0610A42E061043
:103DE000A42E0610A42E0610A42E0610383206109B
:103DF00054320610A42E0610A42E0610A42E06106F
:103E0000A42E0610A42E0610A42E0610A42E061012
:103E1000A42E061060320610743206108832061086
:103E2000A42E0610A42E06109C32061000F00710D7
:103E3000000400000004000000F80710D82A002049
:103E4000A423000016000300A6000100020E1700C4
:103E500044230020FFFFFFFF64000300480100002F
:103E6000022E0410AA2D0410702C0410682C0410CB
:103E7000F22D04109C2C0410682C0410682C0410E3
:103E8000682C0410682C0410682C0410682C041092
:103E9000682C0410682C0410682C0410682C041082
:103EA000682C0410682C0410682C04107C2C04105E
:103EB000C6300410B6300410BE3004104630041072
:103EC000AE30041000360610652604109837061030
:103ED0000836061081260410B83706101036061072
:103EE000B5260410C83706101836061051270410DE
:103EF0000838061020360610D12704104038061066
:103F0000243606103D2804106C380610283606109A
:103F1000912804108838061030360610692A0410DB
:103F2000BC3806103836061081290410D438061023
:103F300040360610252A0410F838061050360610B0
:103F4000452A04104839061058360610AD320410C0
:103F500068390610E241041002420410BA4104100C
:103F600082410410B44104107C4104100E4204103C
:103F700076410410D641041003000000947A041026
:103F8000187A0410B47B04109E7A0410FA7A041094
:103F90005C7B04109E7A04109E7A0410002020207E
:103FA00020202020202028282828282020202020E9
:103FB00020202020202020202020202020881010B9
:103FC0001010101010101010101010101004040415
:103FD00004040404040404101010101010104141D3
:103FE00041414141010101010101010101010101C1
:103FF00001010101010101011010101010104242D5
:104000004242424202020202020202020202020290
:104010000202020202020202101010102000000030
:104020000000000000000000000000000000000090
:104030000000000000000000000000000000000080
:104040000000000000000000000000000000000070
:104050000000000000000000000000000000000060
:104060000000000000000000000000000000000050
:104070000000000000000000000000000000000040
:104080000000000000000000000000000000000030
:1040900000000000000000000000000000232D30A0
:1040A0002B2000686C4C0065666745464700303140
:1040B000323334353637383941424344454600308F
:1040C00031323334353637383961626364656600BE
:1040D000412D46612D66383930313233343536372B
:1040E0005D002B2D0030300078580000D1F71737D5
:1040F000D1F717B78071313F807131BF0000003FA9
:10410000000000BF000FC93F000F494000CB9640A0
:10411000000FC9400053FB4000CB164100ED2F417A
:10412000000F49410031624100537B41003A8A410E
:1041300000CB9641005CA34100EDAF41007EBC4145
:10414000000FC94100A0D5410031E24100C2EE415B
:104150000053FB4100F20342003A0A42008310423E
:1041600000CB164200141D42005C234200A52942E8
:1041700000ED2F4200363642007E3C4200C74242EC
:10418000000F4942A2000000F90000008300000077
:104190006E0000004E00000044000000150000000A
:1041A00029000000FC00000027000000570000006C
:1041B000D1000000F500000034000000DD00000028
:1041C000C0000000DB00000062000000950000005D
:1041D000990000003C000000430000009000000037
:1041E00041000000FE0000005100000063000000DC
:1041F000AB000000DE000000BB000000C5000000B6
:1042000061000000B7000000240000006E00000004
:104210003A000000420000004D000000D200000003
:10422000E000000006000000490000002E00000031
:10423000EA00000009000000D10000009200000028
:104240001C000000FE0000001D000000EB0000004C
:104250001C000000B100000029000000A7000000C1
:104260003E000000E8000000820000003500000071
:10427000F50000002E000000BB000000440000001C
:1042800084000000E90000009C00000070000000B5
:1042900026000000B40000005F0000007E00000067
:1042A000410000003900000091000000D60000002D
:1042B00039000000830000005300000039000000B6
:1042C000F40000009C000000840000005F0000007B
:1042D0008B000000BD000000F90000002800000075
:1042E0003B0000001F000000F800000097000000E5
:1042F000FF000000DE000000050000009800000044
:104300000F000000EF0000002F000000110000006F
:104310008B0000005A0000000A0000006D00000041
:104320001F0000006D000000360000007E0000004D
:10433000CF00000027000000CB00000009000000B3
:10434000B70000004F000000460000003F000000E2
:10435000660000009E0000005F000000EA00000010
:104360002D0000007500000027000000BA000000CA
:10437000C7000000EB000000E5000000F1000000B5
:104380007B0000003D000000070000003900000035
:10439000F70000008A0000005200000092000000B8
:1043A000EA0000006B000000FB0000005F0000005E
:1043B000B10000001F0000008D0000005D00000043
:1043C000080000005600000003000000300000005C
:1043D00046000000FC0000007B0000006B000000B5
:1043E000AB000000F0000000CF000000BC000000A7
:1043F000200000009A000000F400000036000000D9
:104400001D000000A9000000E30000009100000072
:10441000610000005E000000E60000001B000000DC
:104420000800000065000000990000008500000001
:104430005F00000014000000A00000006800000001
:10444000400000008D000000FF000000D8000000C8
:10445000800000004D0000007300000027000000F5
:1044600031000000060000000600000015000000FA
:1044700056000000CA00000073000000A800000001
:10448000C900000060000000E20000007B000000A6
:10449000C00000008C0000006B0000006042A20D14
:1044A0000000803F0000C93F0000F0390000DA370B
:1044B0000000A2330000842E0000502B0000C22711
:1044C0000000D0220000C41F0000C61B00004417DB
:1044D0000400000007000000090000000C0802179B
:1044E0000D01010209090101060209FFFFFFFFFF9B
:1044F0000909FFFFFFFF000096C298D84539A1F4D3
:10450000A033EB2D817D0377F240A463E5E6BCF890
:1045100047422CE1F2D1176BF551BF376840B6CB5B
:10452000CE5E316B5733CE2B169E0F7C4AEBE78E57
:104530009B7F1AFEE242E34F0D0207019E006900D5
:104540004F003500200015000101020102010002A8
:104550000100020202010201010101010200020147
:10456000006C888391AAF5A53860370BDB5A60830D
:10457000BEE69D350E480103CCDBFDF4AC1191F491
:10458000EFB9A5F9E9A7832C5E2CBE97F2D203B050
:10459000208BD28915D08E1C742430ED8FC24563D8
:1045A000765C15525ABF9A32636DEB2A65499C803E
:1045B000DCBD1A3CCDA6B8995899B740EB7B60FF9B
:1045C0004A503F10D2E3B3C974385FC5A3D4F6494B
:1045D0003F000000ADE80510D1E80510F5E8051032
:1045E0003DE9051079EA051019E90510B1E9051052
:1045F000A1EA051051EA051005EA0510E1E90510E8
:10460000A9E8051001EB051081E90510C9EA0510BC
:10461000EDE70510F5EA051029EB0510A1E50510F9
:10462000E1E5051005E6051021E505104DE605104C
:1046300041E505105DE5051025E6051001E50510CD
:10464000BDE505107DE5051061E8051085E805105C
:104650002DE8051015E80510DBE7051069E60510E3
:1046600071E7051065E30510CDE30510A9E305101A
:104670006DE40510B9E4051021E4051095E405107A
:1046800045E40510DDE40510F5E3051089E30510A8
:10469000E5E605100DE705104DE70510BDE6051030
:1046A00095E60510C9E7051035E70510A1E70510E7
:1046B00091E70510BBE70510B1E705102DEE0510D9
:1046C000EDED0510B5EB0510DBEB0510F5EB051076
:1046D0002DEC0510C1EC05100FEC051053EC051086
:1046E000CDEC0510A7EC051081EC051063EC05106E
:1046F000FB349B5F80000080001000000000000081
:10470000637C777BF26B6FC53001672BFED7AB768E
:10471000CA82C97DFA5947F0ADD4A2AF9CA472C039
:10472000B7FD9326363FF7CC34A5E5F171D83115A6
:1047300004C723C31896059A071280E2EB27B275C7
:1047400009832C1A1B6E5AA0523BD6B329E32F843F
:1047500053D100ED20FCB15B6ACBBE394A4C58CF37
:10476000D0EFAAFB434D338545F9027F503C9FA80B
:1047700051A3408F929D38F5BCB6DA2110FFF3D2D9
:10478000CD0C13EC5F974417C4A77E3D645D19738D
:1047900060814FDC222A908846EEB814DE5E0BDB87
:1047A000E0323A0A4906245CC2D3AC629195E479BE
:1047B000E7C8376D8DD54EA96C56F4EA657AAE0818
:1047C000BA78252E1CA6B4C6E8DD741F4BBD8B8AB3
:1047D000703EB5664803F60E613557B986C11D9E19
:1047E000E1F8981169D98E949B1E87E9CE5528DF90
:1047F0008CA1890DBFE6426841992D0FB054BB16BC
:104800000000000100000002000000040000000899
:1048100000000010000000200000004000000080A8
:084820000000001B000000363F
:04482800F8B5C046D9
:04482C00F8B5C046D5
:08483000D43BFE7F01000000F3
:10483800000000000000000000000410000000005C
:104848000000000000000000000000000000000060
:0C48580000000000000000000000000054
:104864000000000000000000000000000000000044
:104874000000000000000000000000000000000034
:104884000000000000000000253B0510BD200510BD
:10489400692B0510253B0510253B0510253B05100C
:1048A400BD3A0510853A0510000000000000000024
:1048B40000000000000000001F02000000000000D3
:1048C40000000000000000000000000000000000E4
:1048D40000000000000000000000000000000000D4
:1048E40000000000000000000000000000000000C4
:1048F40000000000000000000000000000000000B4
:1049040000000000000000000000000000000000A3
:104914000000000000000000000000000000000093
:104924000000000000000000000000000000000083
:104934000000000000000000000000000000000073
:104944000000000000000000000000000000000063
:104954000000000000000000000000000000000053
:104964000000000000000000000000000000000043
:104974000000000000000000000000000000000033
:104984000000000000000000000000000000000023
:104994000000000000000000000000000000000013
:1049A4000000000000000000000000000000000003
:1049B40000000000000000000000000000000000F3
:1049C40000000000000000000000000000000000E3
:1049D40000000000000000000000000000000000D3
:1049E40000000000000000000000000000000000C3
:1049F40000000000000000000000000000000000B3
:104A040000000000000000000000000000000000A2
:104A14000000000000000000000000000000000092
:104A24000000000000000000000000000000000082
:104A34000000000000000000000000000000000072
:104A44000000000000000000000000000000000062
:104A54000000000000000000000000000000000052
:104A64000000000000000000000000000000000042
:104A74000000000000000000000000000000000032
:104A84000000000000000000000000000000000022
:104A94000000000000000000000000000000000012
:104AA4000000000000000000000000000000000002
:104AB40000000000000000000000000000000000F2
:104AC40000000000000000000000000000000000E2
:104AD40000000000000000000000000000000000D2
:104AE40000000000000000000000000000000000C2
:104AF40000000000000000000000000000000000B2
:104B040000000000000000000000000000000000A1
:104B14000000000000000000000000000000000091
:104B24000000000000000000000000000000000081
:104B34000000000000000000000000000000000071
:104B44000000000000000000000000000000000061
:104B54000000000000000000000000000000000051
:104B64000000000000000000000000000000000041
:104B74000000000000000000000000000000000031
:104B84000000000000000000000000000000000021
:104B94000000000000000000000000000000000011
:104BA4000000000000000000000000000000000001
:104BB40000000000000000000000000000000000F1
:104BC40000000000000000000000000000000000E1
:104BD40000000000000000000000000000000000D1
:104BE40000000000000000000000000000000000C1
:104BF40000000000000000000000000000000000B1
:104C040000000000000000000000000000000000A0
:104C14000000000000000000000000000000000090
:104C24000000000000000000000000000000000080
:104C34000000000000000000000000000000000070
:104C44000000000000000000000000000000000060
:104C54000000000000000000000000000000000050
:104C64000000000000000000000000000000000040
:104C74000000000000000000000000000000000030
:104C84000000000000000000000000000000000020
:104C94000000000000000000000000000000000010
:104CA4000000000000000000000000000000000000
:104CB40000000000000000000000000000000000F0
:104CC40000000000000000000000000000000000E0
:104CD40000000000000000000000000000000000D0
:104CE40000000000000000000000000000000000C0
:104CF40000000000000000000000000000000000B0
:104D0400000000000000000000000000000000009F
:104D1400000000000000000000000000000000008F
:104D2400000000000000000000000000000000007F
:104D3400000000000000000000000000000000006F
:104D4400000000000000000000000000000000005F
:104D5400000000000000000000000000000000004F
:104D6400000000000000000000000000000000003F
:104D7400000000000000000000000000000000002F
:104D8400000000000000000000000000000000001F
:104D9400000000000000000000000000000000000F
:104DA40000000000000000000000000000000000FF
:104DB40000000000000000000000000000000000EF
:104DC40000000000000000000000000000000000DF
:104DD40000000000000000000000000000000000CF
:104DE40000000000000000000000000000000000BF
:104DF40000000000000000000000000000000000AF
:104E0400000000000000000000000000000000009E
:104E1400000000000000000000000000000000008E
:104E2400000000000000000001010000AAAAAAAAD4
:104E34008C2A00200000000070230020D8230020CA
:104E440040240020000000000000000000000000DA
:104E5400000000000000000000000000000000004E
:104E6400000000000000000000000000000000003E
:104E7400000000000000000000000000000000002E
:0400000510047E491C
:00000001FF
