:020000041004E6
:1000000000600020B97D0410A17C041011040410CC
:10001000AA5555AA45554C420000000000000000BA
:10002000000000000000000000000000A1660410B5
:10003000000000000000000051660410A5640410D8
:10004000C5430410A57C041000000000000000005F
:10005000A5350410A97C0410ED0F0410C17C041018
:100060000000000000000000000000000000000090
:1000700000000000C57C0410C97C0410CD7C041075
:1000800000000000AD7C0410B17C0410B57C0410AD
:10009000B97C0410BD7C0410D57C0410D17C041004
:1000A0000000000000000000000000000000000050
:1000B0000000000000000000000000000000000040
:1000C000EFF31482EFF309811C4880F31488BFF327
:1000D0006F8FF0B543464C4655465E466746F8B4CA
:1000E000174CEFF30883236006B4164C2068164CB7
:1000F0002060164C2068164C2060164C2068164C68
:100100002060164C276800202060BFF34F8F30BF5F
:1001100027600B4C246884F3088882B003BCF8BCC9
:100120009846A146AA46B346BC46F0BC04BC80F340
:10013000098881F31488BFF36F8F10470000000017
:100140000800002004ED00E06C23002024ED00E016
:100150006823002000E200E0642300200800204023
:10016000002934D00123002210B488422CD301246A
:100170002407A14204D2814202D209011B01F8E7FF
:10018000E400A14204D2814202D249005B00F8E7B8
:10019000884201D3401A1A434C08A04202D3001BE4
:1001A0005C0822438C08A04202D3001B9C08224317
:1001B000CC08A04202D3001BDC082243002803D055
:1001C0001B0901D00909E3E7100010BC704701B515
:1001D000002000F00BF802BD0029F8D003B5FFF7AE
:1001E000C1FF0EBC4243891A1847C0467047C0463B
:1001F000844608006146FFE71FB508F032FC00287E
:1002000001D40021C8421FBD10B508F0C7FB404211
:10021000013010BD10B508F024FC002801DB0020DF
:1002200010BD012010BDC04610B508F01AFC002812
:1002300001DD002010BD012010BDC04610B508F042
:10024000D2FB002801DC002010BD012010BDC046FB
:1002500010B508F0C8FB002801DA002010BD01200D
:1002600010BDC046002B11D1002A0FD1002900D1AA
:10027000002802D00021C943080007B4024802A1A7
:100280004018029003BDC04665FFFFFF03B46846F7
:1002900001B5029808F0A4F8019B9E4602B00CBC80
:1002A0007047C04602B4714649084900095C4900DC
:1002B0008E4402BC7047C04603B4714649084000F2
:1002C0004900095A49008E4403BC7047D0400B00D6
:1002D000D1409C46203AD340184352426346934053
:1002E000184370479140030090409C46203A934049
:1002F000194352426346D340194370478446100065
:1003000062468C461900634600E0C0461FB50AF0FD
:10031000E5FA002801D40021C8421FBD10B50AF03B
:1003200037FA4042013010BD10B50AF0D7FA002864
:1003300001DB002010BD012010BDC04610B50AF041
:10034000CDFA002801DD002010BD012010BDC046FF
:1003500010B50AF05FFA002801DC002010BD012072
:1003600010BDC04610B50AF055FA002801DA002089
:1003700010BD012010BDC0461C2101231B04984262
:1003800001D3000C10391B0A984201D3000A083926
:100390001B09984201D30009043902A2105C4018DD
:1003A0007047C04604030202010101010000000081
:1003B0000000000010B5002903D1FFF7DDFF203059
:1003C00002E00800FFF7D8FF10BDC0460023C25C62
:1003D0000133002AFBD1581E7047000003B4714658
:1003E000490840004900095E49008E4403BC70473B
:1003F00010B503F0AFFC054803F0D6FD00F00EF891
:1004000000F016F805F0FEFBFEE7C046381D0610AA
:10041000802010B5C00106F0B5FFFEE710B500F072
:1004200099F802F039FB01F0B1FE00F079FF10BD40
:1004300010B51B4B84B002931A4B80220193022308
:100440001949009352000023184805F065FA012469
:10045000C022174B17490293174B00940193520087
:100460000023164805F058FA8022154B15490293CF
:10047000154B0094019352000023144805F04CFAE8
:10048000134BC0220293134B1349019303235200D1
:1004900000931248002305F03FFA04B010BDC04697
:1004A0004018002040140020681D0610010A0410A6
:1004B000DC1300206C1D0610DC0D00209D2A0410AA
:1004C000780D0020741D06107809002021240410E6
:1004D00014090020140300207C1D0610E1160410EE
:1004E00070B5040001E005F0B5FF00F01DFC182810
:1004F000F9D900F061FD7D2003F0A8F901E005F0D5
:10050000A9FF012003F0D2F90128F8D1260000F05C
:100510005FFD1C360E4D01E005F09CFF00F004FC71
:100520000028F9D000F048FD2800216803F0A6F962
:1005300001E005F08FFF012003F0B8F90128F8D1A0
:10054000043400F045FD0435B442E7D170BDC04627
:1005500000E8071030B5204C0025220083B02300AE
:10056000202150320820009504F030F8AA22AC2156
:10057000043C5200A552563AFF3A490062500C31F1
:1005800062500C316550043162501031206062506D
:10059000124C2378002B0ED12378002B0BD010485F
:1005A000FFF79EFF0F4803F0B5FC2078C0B203F0C0
:1005B000A9FC03B030BD62680B4B9A42EFD8A0682B
:1005C0000021FFF745FE0028E9D0A0680749FFF7A2
:1005D0002BFE0028E9D1E2E7A818002000E8071068
:1005E00064390610801D06103F420F000000C8420B
:1005F000022310B588B00093094B01AA13CB13C294
:1006000013CB13C21B68694613600122054B52428B
:100610001868002304F040F8002008B010BDC04660
:1006200064390610A4180020014B98687047C04632
:1006300000E8071070B500218AB0051C0190FFF793
:1006400007FE00282BD01749281CFFF7EDFD0028D6
:1006500025D0154C281CA168FFF7D6FD002802D034
:1006600000200AB070BD0223029303AB45CC45C302
:1006700045CC45C3226802A91A6001220B4B5242A5
:1006800018680023CD6004F007F800F03DFB002857
:10069000E6D1042201A9043000F0A4FBE0E7012028
:1006A0004042DEE70000C84200E80710A41800201E
:1006B000014B58687047C04600E8071070B5124BF0
:1006C000050088B098421CD8104C6368834215D04E
:1006D00000F038FB002814D10223009301AB45CC75
:1006E00045C345CC45C3226869461A600122084BC0
:1006F000524218680023029503F0CEFF002008B094
:1007000070BD01204042FAE73F420F0000E80710A9
:10071000A4180020014B1878C0B2704700E80710F9
:1007200070B50F4B04001A7888B0824214D00222B0
:10073000009201AA61CB61C261CB61C21B686946AC
:1007400013600122074B5242186800230C7103F01A
:10075000A3FF200003F0D6FB002008B070BDC04608
:1007600000E80710A4180020004870470CE80710A4
:1007700030B5010089B0002815D0022300930B4B3F
:1007800001AA31CB31C231CB31C21B6804A813603E
:1007900010220AF0BDF90122054B69461868524241
:1007A000002303F079FF09B030BDC04600E8071010
:1007B000A418002010B503F0C1FD002805D105489C
:1007C00003F0A8FB03F0C2FD10BD034803F0A2FB39
:1007D000FAE7C046D81D0610B01D0610B22301224C
:1007E00070B5AA254B4C5B005242E2506D00635D30
:1007F000DA071CD402221A4208D05621FF31615C6C
:100800000A424DD05622FF32A35470BD0822102157
:100810001A40194212D0002A5BD15B0752D5FA2246
:100820000321C820520001F0C3FC635DEAE7002207
:100830000121002001F0BCFC635DE3E75623FF3398
:10084000E35C1940002A33D000291BD005F04AFA96
:10085000B8235B00E358C01AC82813D9FA236422CE
:10086000012100205B0001F0D9FC2000B2232A4ABC
:1008700069305B00FF30E25005F054FBAA235B00B7
:10088000E35CBFE703F0E8FC244B9968FFF7CCFC7E
:10089000C822002832D00821C82001F089FCE4E7F2
:1008A000FE220221C820920501F09CFC635DA9E7AD
:1008B000002200291CD0FA200021000101F078FC60
:1008C000635D9FE70321C820154A01F08BFC635D3F
:1008D00098E703F0C1FC114B9968FFF7A5FCC8220B
:1008E000002810D00821C82001F062FC635D89E770
:1008F0000021C82001F05CFC635D83E70421C8206F
:1009000001F056FCB1E70421C82001F051FC635D01
:1009100078E7C046A4180020C8AF000000E8071020
:10092000CDCC4C3E70B5AA240A4D64002B5DDB068D
:100930000BD5094803F0EEFA03F0ECFC04222B5D22
:1009400013432B55FFF74AFF70BD044803F0E2FA4A
:10095000FAE7C046A4180020F01D0610081E061075
:1009600070B5802006F006FD244C012814D0C02369
:100970005B00E35C002B0ED17533FF33E35801338A
:1009800004D0AA256D00635D9B0723D5BA230122FD
:100990005B005242E25070BDAA2502266D00635DE5
:1009A0001E420DD0C22301225B0052420020E250C1
:1009B00000F0EEFD635DB3436355FFF70FFFEAE719
:1009C0002000BA23962279305B00FF30E25005F018
:1009D000A9FAE0E7012000F0DBFD0222635D13438A
:1009E0006355FFF7FBFE2000C223FA2289305B002B
:1009F0005200FF30E25005F095FAC7E7A418002036
:100A0000F0B5DE46574645464E46E0B5AC2791B0B8
:100A100004229B49042000F0E5F9012003F0C4FC06
:100A200008AB9846974B984C0493984B7F000593DE
:100A3000974B0293974B0393974B0193974B0093DC
:100A4000C2235B0099464B46B226BA25E158760090
:100A50006D0045E0E359013309D0210020005931F0
:100A60005D30FF31FF3005F07DFA00287CD1A359BD
:100A7000013309D02100200065316930FF31FF309A
:100A800005F070FA002866D16359013324D0BC23E5
:100A90005B0021009A467531A2445046FF3105F0B3
:100AA00061FA002818D001235B4263518233FF337F
:100AB0009B46E35C002B5AD100F084FD5022782342
:100AC0000721002001F0AAFB1E235046635105F0C8
:100AD00029FA01235A46A3544B46E1584B1C4FD1E7
:100AE000A259E359934200D9130062599A4200D99E
:100AF0001A008A4200D90A004146206804F016F81C
:100B00000128A7D143461B78012B5BD0022B52D082
:100B1000002B9FD143461B799A46002B72D0012BA4
:100B200098D103F037FC8346002800D193E0049865
:100B300003F0F0F9524606ABDA71D91D012201200B
:100B400000F050F9AA2208215200A35C0B43A354E1
:100B5000FFF744FE7EE7012300225B4200210020D4
:100B6000A35101F025FB8FE703F008FA7FE700238C
:100B70005A46A35403F002FA4B46E1584B1CAFD03F
:100B80002100200085318930FF31FF3005F0EAF97E
:100B9000002800D157E701234A465B420020A350BA
:100BA00000F0F6FCAA2202215200A35C8B43A3545E
:100BB000FFF714FE44E709A8FFF792FC009803F042
:100BC000A9F947E743461B79012B2CD0022B1CD0F7
:100BD000002B00D03EE7029803F09CF98020C00172
:100BE00006F0D0FB20002E4B5D30FF30E35105F0C6
:100BF00099F9AA2201215200A35C0B43A354FFF7E9
:100C0000EDFD27E7FFF7ACFE24E7019803F082F93A
:100C100003F068FBAA2214215200A35C8B43A35467
:100C2000FFF7DCFD16E7039803F074F9C2230122F5
:100C30005B005242E25005F055F8B823AA22022187
:100C40005B005200E050A35C8B4310210B43A35484
:100C5000FFF7C4FDFEE6059803F05CF95A4606ABC3
:100C6000DA71D91D0122012000F0BCF8AA22082166
:100C70005200A35C8B43A354FFF7B0FDEAE6C046E5
:100C800008E80710881E0610A4180020A01E0610F1
:100C9000341E06106C1E0610501E0610B81E0610DC
:100CA000B80B0000F0B50B4B05001E680C0089B0B6
:100CB000002E0CD06F4620220021684609F0F6FE77
:100CC00000232200694630003D7103F085FE09B023
:100CD000F0BDC046A418002030B589B00500202220
:100CE0000021684609F0E2FE6C46012301222370D0
:100CF000044B6946186852420023257103F0CCFC6E
:100D000009B030BDA418002010B505F089F90028FD
:100D100006D0044B1B68181A43425841C0B210BD9C
:100D20000020FCE7341A0020BC22054B10B59C586B
:100D300010F008FA0100200010F0FEF910BDC046C6
:100D4000341A0020012300B587B0049300230293D6
:100D500010330193093B03900093012200230121EA
:100D600001200CF0A9FB03000020002B01D107B0EB
:100D700000BD044A9B009958034803F0CBF80120BA
:100D80004042F4E7FC390610D41E0610012130B5AC
:100D9000114D83B004004942286E04F02DF86A46D4
:100DA00000232100D01DD3710CF064FB00280AD170
:100DB0006B46DC79002300220021286E03F06CFCD6
:100DC000200003B030BD0124044B8000C15804480A
:100DD00003F0A0F86442EDE7341A0020FC39061055
:100DE000F81E0610F0B54746CE4680B504000F0049
:100DF00015008DB0042800D976E03D4A8300D35811
:100E00003C4E9F46CC23F35A99463B4B994500D123
:100E10006AE000239846002D20D00121306E49421F
:100E200003F0EAFFC423F15A043BF05AEBB20293F9
:100E300043460193ABB2039700934A4601230CF05B
:100E40000AFCBA27F055012C28D0A84600281BD14F
:100E5000002300220021306E03F01EFC40460DB03E
:100E6000C0BCB946B046F0BDCE23F35A9946CCE794
:100E7000C623F35A9946C8E7C823F35A9946C4E7EC
:100E8000CA23F35A9946C0E71C4B8000C1581C483E
:100E900003F040F801235B429846D9E7FFF764FC72
:100EA0001021814609F048FE04AB984604001B223D
:100EB000002105A809F0FAFD124B049303F06AFA29
:100EC000434642461871631C537117200923494653
:100ED000937168442200073409F079FE4146E0B27C
:100EE00010F08EF8F05DB0E701235B429846B5E75D
:100EF00080390610341A0020FFFF0000FC3906106C
:100F0000201F0610042DFFFFF0B510218DB0060044
:100F100009F012FE0121244D04004942286E03F01D
:100F20006BFFB623EA5A023BE95AE3B2029300236D
:100F3000A4B201930396009400200CF08CFBFFF701
:100F400013FC1021070009F0F7FD1B22040000210B
:100F500005A809F0ABFD154B04AE049303F01AFA93
:100F6000631C307117207371092322003900684413
:100F70000734B37109F02BFE3100E0B210F040F8F5
:100F8000002300220021286E03F086FBBA23EB5CCD
:100F9000002B01D10DB0F0BD054A9B0099580548C2
:100FA00002F0B8FFF6E7C046341A0020042DFFFF18
:100FB000FC390610441F0610044B10B5186E0028AB
:100FC00003D00121494203F017FF10BD341A00205D
:100FD000054B10B5186E002804D000230022002114
:100FE00003F05AFB10BDC046341A002010B500248F
:100FF00082B0019410F0ACFE6B466946DC70084B81
:1010000001AA58680331002303F0E6FC019B002B82
:1010100003D08022034B52051A6002B010BDC046B7
:10102000341A002004ED00E0F0B5C64600B592B0D9
:10103000FFF79AFB1021050009F07EFD8023504A3E
:101040005B05995C08AA11704E490600595C0020A6
:1010500051704D49595C91704C49595CD170FF21D8
:10106000C900595C11714A495B5C062153710CF04F
:1010700007FB041E04D0200012B080BCB846F0BDAF
:10108000072101200CF0F8FA041EF4D141480FF0BA
:1010900097FF041EEFD1FF200FF0BAFD041EEAD126
:1010A0000CF0CBFA041EE6D13B4F10223B1D0193FE
:1010B000BB1C009302213B0001200CF0E5F9041E4B
:1010C000D9D1B4235B429846B8447A884346B427C2
:1010D000D95BF3B2B6B202930190002300200395CE
:1010E00000960CF0B8FA1E23E1226B44D2001A805D
:1010F0004146B822895A4246D05B0093002202231F
:101100000CF09FFA041EB6D100200CF01FFA041E4A
:10111000B1D1FFF7CDFA012304930F330193093BBB
:1011200003900294009301220023012101200CF07E
:10113000C3F9041E9FD1FFF717FB1021070009F028
:10114000FBFC1B22050000210BA809F0AFFC134B90
:101150000AAE0A9303F01EF96B1C30712F207371D5
:1011600009232A0039006844B37109F030FDE81DF5
:101170003100C0B20FF044FFBA234246D0547AE7A0
:10118000F4070000F5070000F6070000F70700006D
:10119000F907000010250020E81A0020042DFFFFA9
:1011A000F0B54E4645465746DE46E0B55A4B9FB031
:1011B00006A918000A0070C870C200680AAC106066
:1011C0001A0020001032E0CAE0C0126802601A0063
:1011D0000EA82032E0CAE0C0126802601A0012A80D
:1011E0003032E0CAE0C0126802601A0016A840322D
:1011F000E0CAE0C01268503302601AAA904661CB80
:1012000061C21B6802201360444B0122994600937F
:101210000C230CF0F1F9002806D01FB0F0BCBB463F
:10122000B246A946A046F0BDC4235B424B449B4650
:10123000C4239A465B4652469B5A38219C464B46ED
:10124000023305931023C33A049008301E00039321
:10125000029201910090220060460F3B36390CF05B
:10126000ACF90028D9D15C465546645B0221A446FE
:101270004C46231D0593330007240233049002904B
:101280000093604603960194113B0EAA0CF095F969
:101290000028C2D157465D46ED5B4F46BB1D01227B
:1012A0003821059333000490083017000292019111
:1012B0000090039628000F3B12AA36390CF07DF9F6
:1012C0000028AAD15946554604234D5B494602934E
:1012D0000831023B059104900093022128000396F7
:1012E0000194023316AA0CF068F9002895D15B46E8
:1012F00051465C5A4B460A3305933F230193353BD5
:10130000049000934246200003960297063BC239A0
:101310000CF053F981E7C046601C0610F81A002053
:1013200030B5284C0023220083B025005032012123
:1013300000930820230003F049F92100083D68606C
:101340005C31012003F006FB28661F480CF0DEF933
:10135000BA242855002810D1FFF766FEBA251B4C89
:101360006055002814D1FFF71BFFBA2560550028EF
:101370001DD1174802F0CEFD08E0164B8000C15881
:10138000154802F0C7FD2B5D002BE5D003B030BD42
:10139000104B8000C158114802F0BCFD635D002B6A
:1013A000F4D1FFF7FDFEBA2560550028E1D0094BC6
:1013B0008000C1580A4802F0ADFD635D002BD8D013
:1013C000E4E7C0463C1A0020FC3D0610341A002019
:1013D000A01F0610FC390610681F0610801F06109B
:1013E000C01F0610F0B5C64600B5ACB06B4602A9EA
:1013F000D81D0CF03FF81E4B04009846BA23424615
:10140000D05400280CD01B4BA400E1581A4802F01D
:1014100081FD0020FFF760FC2CB080BCB846F0BD19
:101420006B46DF7902AD17AE002F0CD02B7801345C
:101430003370701C691C0622E4B209F0C8FB073542
:101440000736BC42F2D10CF011F8BA254346041E0F
:101450005855D8D16B46D8790028DDD0012217A97C
:1014600002F04EFB4346041E5855D5D0CBE7C0468C
:10147000341A0020FC390610E01F0610F0B5C646ED
:10148000C226402200B53C4C88B0A35D05009343C2
:10149000A3555BB2002B52DB0CF060F8BA23E0548A
:1014A00000280ED046280CD0344B8000C158344858
:1014B00002F030FD0020FFF70FFC08B080BCB846FA
:1014C000F0BDFFF751F91021804609F035FB060009
:1014D0006F461B22002101A809F0E8FA294B00936E
:1014E00002F058FF731C7B710923320041463871AA
:1014F0000736F81DBB7109F06AFBF0B269460FF0C0
:101500007FFDBA26A0550028CED1002D25D0802100
:101510000130002302228900FF300CF029F8A05589
:101520000028C1D1C2224021A35C17480B43A35419
:1015300002F0F0FCBA23E05C0028BED0B4E7C02380
:101540001321E05A0CF022F8BA23E054002DB4D055
:101550004022A35D1343A355AFE7B421F02003233A
:101560000222C90080000CF003F8A05500289BD18E
:10157000064802F0CFFCDDE7341A0020FC390610E3
:1015800040200610042DFFFF04200610282006101E
:10159000012170B50A4D04004942286E03F02CFC6D
:1015A000C223EB5C5B06DB0FA34202D02000FFF7F7
:1015B00065FF286E00230022002103F06DF870BD46
:1015C000341A0020012170B5134C4942206E03F0FB
:1015D00013FC0BF047FFBA23E054002813D10F4847
:1015E00002F098FCFFF7FEFEC223E05C00254006F7
:1015F000C00FFFF743FF002300220021206E03F0FD
:101600004BF8280070BD0125054B8000C1580548E6
:1016100002F080FC6D42EEE7341A002090200610A4
:10162000FC3906106420061030B5C2250223294C6F
:1016300085B0605D03420AD10423034215D1012322
:1016400003421BD10823034224D105B030BD984387
:101650006055BE33E05A0BF095FFBA23E0540028E2
:101660002DD1605D04230342E9D0C2259843605523
:10167000FFF7B8FE0123605D0342E3D00200C225FC
:1016800040069A43C00F6255FFF7F8FE0823605DDD
:101690000342DAD09843BA33E05402F0DDFDCC23A4
:1016A0000390E15A083BE05A03AB00930022042365
:1016B0000BF0C7FFC023E05A0BF0B9FFC5E7064B9C
:1016C0008000C158054802F025FC0020FFF704FB0C
:1016D000605DC7E7341A0020FC390610B4200610FC
:1016E00030B583B004F09CFCBA23214C2060E35C4D
:1016F000002B38D10121206E494203F07DFBFFF71A
:1017000071FE0020FFF7BAFE002300220021206EA8
:1017100002F0C2FF6B46DD1D05E000230022002120
:10172000206E02F0B9FF012229005242606803F0E6
:10173000FDF90121206E494203F05EFB2B78002B5E
:10174000EBD18020C00105F01DFE03E00BF09CFFF3
:10175000FFF76AFF1FF0FCFA0028F7D08020C001D5
:1017600005F014FED9E70020FFF7B6FAC2E7C0463D
:10177000341A002070B506000D0014000D4802F068
:10178000C9FB31000C4802F0C5FB29000B4802F0F0
:10179000C1FB21000A4802F0BDFBC2217F23094A98
:1017A000505C03400120034302205354FFF794FA96
:1017B00070BDC046DC200610002106101021061066
:1017C0002C210610341A0020F0B5DE4657464E464E
:1017D0004546E0B50D0087B01F0010AB10CB05905B
:1017E0001B8837489B4612AB1B8816009A4613ABE2
:1017F0001B88994614AB1B78984602F08BFB059921
:10180000304802F087FB29002F4802F083FB002EAE
:101810004CD12E492E4802F07DFB002F4CD12D4992
:101820002D4802F077FB2678E378227961790296D9
:1018300066782A480196A478009402F06BFB58461B
:1018400007F03EFC08F0F2FE0022254B08F0C4F938
:1018500008F0BAFE234B0100180002F05BFB514672
:10186000214802F057FB4B46990049441F48490064
:1018700002F050FB4346072B20D81D4A9B00995885
:101880001C4802F047FBC022C2211B4B9D52585CF2
:101890003F3AFF3A024301205A54FFF71DFA07B0BE
:1018A000F0BCBB46B246A946A046F0BD1349084865
:1018B00002F030FB002FB2D01149B1E71149DFE748
:1018C0007C21061000210610102106103C21061074
:1018D000A02106104C210610AC210610C4210610D0
:1018E0000000F43FE4210610FC210610142206102B
:1018F000DC39061034220610341A00204421061068
:1019000064210610641D0610F0B5DE4657464E46AB
:1019100045468846E0B589B01F0015AB1B88059089
:101920009B4616AB1B884C48079317AB1B88069247
:10193000994618AB1B78129E9A46139D149C02F090
:10194000E9FA0599454802F0E5FA4146444802F0B3
:10195000E1FA069B002B67D14249434802F0DAFACC
:10196000002F67D0012F6FD0022F69D0032F6FD0C7
:101970003778F37832797179029777783B48019715
:10198000B678009602F0C6FA2E78EB782A79697953
:1019900002966E7836480196AD78009502F0BAFA54
:1019A0002578E37822796179029565783148019547
:1019B000A478009402F0AEFA584607F081FB08F0D4
:1019C00035FE00222C4B08F007F908F0FDFD2B4BEB
:1019D0000100180002F09EFA0799294802F09AFACD
:1019E0004B46990049442748490002F093FA534670
:1019F000072B23D8244A9B009958244802F08AFADE
:101A00004146C022224B9952C2213F3A585CFF3ACC
:101A1000024301205A54FFF75FF909B0F0BCBB46FE
:101A2000B246A946A046F0BD1A490F4802F072FA24
:101A3000002F97D1184802F06DFA99E71749DCE7B3
:101A4000174802F067FA93E7164802F063FA8FE747
:101A5000154802F05FFA8BE75022061000210610AD
:101A6000102106103C210610A0210610C4210610EA
:101A70003C230610702306100000F43FE4210610FA
:101A8000FC21061014220610DC3906103422061040
:101A9000341A0020442106107C220610641D061012
:101AA000D4220610A82206100423061070B50500E3
:101AB0001C480E00140002F02DFA29001A4802F00A
:101AC00029FA052E0BD91949194802F023FAC22325
:101AD000184AD35C40218B438231535470BD164B5E
:101AE000B200D158124802F015FA022E0FD1013C73
:101AF000E4B20B2C09D8114BA400E158104802F0B5
:101B000009FAC2230B4AD35CE4E70849F6E7C2238B
:101B1000084AD35C002EDDD15906DBD504210B43E6
:101B2000D8E7C046A423061010210610641D061035
:101B3000C8230610341A0020C43906109439061040
:101B4000D8230610F8B507000C0016001D00214828
:101B500002F0E0F93900204802F0DCF921001F48CA
:101B600002F0D8F931001E4802F0D4F929001D48CE
:101B700002F0D0F90D2C0AD80123A3401A4A1342CF
:101B800004D1072C03D10698FEF7F2FDF8BDC62359
:101B9000164AD35A01339C4215D0CA23D35A013373
:101BA0009C4209D0CE23D35A01339C42EED1069BEE
:101BB0001868FEF73FFDE9E7069B1B78012BE5D18E
:101BC000FEF7F8FDE2E7069B1B78012BDED1FEF75E
:101BD000A9FEDBE7E8230610102106100C240610EE
:101BE0002024061030240610042A0000341A002095
:101BF00070B506000D0014000A4802F08BF93100A0
:101C0000094802F087F92900084802F083F9210009
:101C1000074802F07FF9C2210820064B5A5C0243B4
:101C20005A5470BD48240610102106106C2406106A
:101C300020240610341A0020BC21014B5A50704752
:101C4000341A002010B5034802F064F90020FFF7B1
:101C500043F810BD8824061070B505000C00084834
:101C600002F058F92900074802F054F9210006480B
:101C700002F050F90549064802F04CF970BDC04623
:101C8000A42406100021061010210610C4240610FA
:101C9000F024061010B5024802F03CF910BDC04611
:101CA0000C25061010B5024802F034F910BDC046EC
:101CB0004425061010B5024802F02CF910BDC046AC
:101CC0006C25061010B5024802F024F9002010BD62
:101CD0009825061010B5024802F01CF910BDC04648
:101CE000B0250610F0B5C64600B580461C006B4610
:101CF0000F00160014481D8B02F00CF941461348E2
:101D000002F008F93900124802F004F9300007F037
:101D1000D7F908F08BFC00220E4B07F05DFF08F0AE
:101D200053FC0D4B0100180002F0F4F821000B48A1
:101D300002F0F0F8A90049194900094802F0EAF850
:101D400080BCB846F0BDC046D42506100021061060
:101D5000102106100000F43FE4210610FC210610BB
:101D60001422061010B5024802F0D4F810BDC04687
:101D70000026061010B5024802F0CCF810BDC0468F
:101D80003426061010B5024802F0C4F810BDC04653
:101D90005C26061010B5024802F0BCF810BDC04623
:101DA0008026061010B5024802F0B4F810BDC046F7
:101DB000B426061010B5024802F0ACF810BDC046BB
:101DC000DC26061010B5024802F0A4F810BDC0468B
:101DD0000827061010B5024802F09CF810BDC04656
:101DE0003027061010B5024802F094F810BDC04626
:101DF0005027061010B5024802F08CF810BDC046FE
:101E00007427061010B5024802F084F810BDC046D1
:101E1000A027061010B5024802F07CF810BDC0469D
:101E2000BC27061010B5024802F074F810BDC04679
:101E3000DC27061010B50C00034802F06BF82100F7
:101E4000024802F067F810BD002806102C28061082
:101E500010B5024802F05EF810BDC04640280610DA
:101E600010B5024802F056F810BDC04668280610AA
:101E700010B5024802F04EF810BDC0468828061082
:101E800010B5024802F046F810BDC046AC28061056
:101E900010B5024802F03EF810BDC046CC2806102E
:101EA00010B5024802F036F810BDC046F4280610FE
:101EB00010B5024802F02EF810BDC04618290610D1
:101EC00010B5024802F026F810BDC04634290610AD
:101ED00010B5024802F01EF810BDC0465429061085
:101EE00010B5024802F016F810BDC0467829061059
:101EF00010B5024802F00EF810BDC046A029061029
:101F000010B5024802F006F810BDC046C4290610FC
:101F100010B5024801F0FEFF10BDC046E4290610CE
:101F200010B5024801F0F6FF10BDC046002A0610A9
:101F300010B5024801F0EEFF10BDC046202A061081
:101F400010B5024801F0E6FF10BDC046402A061059
:101F500010B5024801F0DEFF10BDC0465C2A061035
:101F600010B5024801F0D6FF10BDC0468C2A0610FD
:101F700010B5024801F0CEFF10BDC046B02A0610D1
:101F800010B5024801F0C6FF10BDC046D82A0610A1
:101F900010B5024801F0BEFF10BDC046FC2A061075
:101FA00010B5024801F0B6FF10BDC046242B061044
:101FB00010B5024801F0AEFF10BDC046502B061010
:101FC00010B5024801F0A6FF10BDC0467C2B0610DC
:101FD00010B5024801F09EFF10BDC0469C2B0610B4
:101FE00010B5024801F096FF10BDC046C42B061084
:101FF00010B5024801F08EFF10BDC046E82B061058
:1020000010B5024801F086FF10BDC046082C06102E
:1020100070B5144C251D2100280003F0A3FF0028F3
:1020200000D170BD022328002600236003F07AFF50
:102030009C24B423413EFF3E64005B00F1583059BC
:1020400006F04EFA084D305102F0C0F83059291C04
:10205000FEF7FEF80028E4D09A2300225B003551F9
:10206000F250DEE7481C00200000C84210B5154CB5
:102070002100201D03F076FF002815D0AE23413C3F
:10208000FF3C5B00E25C002A0FD10122E254B02346
:102090005B00E2580C48203BE250083BE05002F065
:1020A00095F80A4803F03EFF10BD00220020E254DC
:1020B0000833E258243BE250083BE05002F086F837
:1020C000EFE7C046481C00200000C8424C1C00201E
:1020D000F8B5284C251D2100280003F043FF0028F7
:1020E00000D1F8BD022328002600236003F01AFF68
:1020F00003F0F8FDAC23413EFF3E5B000700F058C3
:1021000008F094FA1C4A1D4B07F066FD00221C4B98
:1021100007F062FD00221B4B07F0D8FA04003800DC
:102120000D0006F0CDFF08F081FA02000B00200040
:10213000290007F051FDAA235B000400F0580D00B0
:1021400008F074FA02000B002000290006F0F6FFE8
:1021500008F0AEFA09F06EFE011CFE20800506F0C4
:10216000B7FD094906F0BCFC9C235B00F05002F06F
:102170002DF8B6E7481C0020182D4454FB211940C7
:102180000000344000408F400000484210B5074C2A
:102190000023220082B000931C212300503208202B
:1021A00002F014FA043C206002B010BD0C1B0020A9
:1021B000F0B589B001AC07000E001500002118220F
:1021C000200008F073FC0122054B210018685242E0
:1021D000002302972672079502F05EFA09B0F0BD5F
:1021E000081B0020F0B589B001AC07000E00151CDB
:1021F00000211C22200008F059FC01230122237039
:10220000054B21001868524200230297267204955C
:1022100002F042FA09B0F0BD081B0020F0B5C64636
:1022200000B588B080460F00160000211C226846C9
:102230001D006C4608F03AFC02232370434601223D
:102240000193074B6946186852420023277204968F
:10225000059502F021FA08B080BCB846F0BDC04632
:10226000081B0020F8B54746CE4680B5AC27A6230C
:102270005F4E7F00F0515B00F35C0C00002B69D1D6
:102280003933FF33F058984608F0D0F9A022594B63
:10229000120609F02FFE08F00BFA08F0C7F9A02289
:1022A000554B120609F004FE08F002FA4346F050BE
:1022B00003F018FD8146F05908F0B8F94F4A504B29
:1022C00007F08AFC00224F4B07F086FC00224E4BA1
:1022D00007F0FCF9040048460D0006F0F1FE08F096
:1022E000A5F902000B002000290007F075FC8023EF
:1022F0001B06CD18434604004449F05806F06CFA1A
:10230000FE21890506F0E4FC09F04AFD08F08EF98B
:1023100002000B002000290007F084FE374A3C4BE6
:1023200006F00CFF08F0C4F9011C041C06F052FE74
:1023300000285BD165006D083649281C06F04AFE6E
:10234000002848D13349281CFDF76EFF002842D1F0
:10235000314C40E003F0C6FC142105002000FDF7DD
:10236000FFFE06F0ADFE9C235B00F15806F0B8FBC3
:10237000294906F031FA041C280006F0A1FE011CD0
:10238000201C06F0ADF808F051F90400F0590D00DA
:1023900008F04CF9194A1A4B07F01EFC0022194BA1
:1023A00007F01AFC0022184B07F090F902000B000E
:1023B0002000290007F010FC8023C0221B06C9184A
:1023C000D205134B07F02EFE0C4A114B06F0B6FE59
:1023D00008F06EF9041CAA239A225B00F4500F4BFC
:1023E0005200B350C0BCB946B046F8BD0024F2E775
:1023F000081B002099F958409999B93F182D445469
:10240000FB2119400000344000408F40000048424A
:10241000FB210940FFFF7F7F0000C842D12004104C
:10242000F0B54546DE4657464E46674BE0B59B46FF
:10243000664BA6269A46A02389B05B0000226D4613
:102440009846634C760055E068682F7A002800D1E2
:102450008EE006F035FE5F4906F0BEF9011C5E48CD
:1024600006F0BAF9A8235B00E050143B9946E35C00
:102470002000FA1A511E8A41591E8B411340A35560
:10248000424600234530FF30A35003F04BFDA35DCF
:10249000002B0CD14B46E35CBB4208D09C230020B0
:1024A0005B00E05001F092FE380001F0D3FD9E2366
:1024B0005B00E7542B78012B78D0022B5AD0002BED
:1024C0001ED1A86900287DD006F0FAFD414906F02A
:1024D00083F9011C404806F07FF9B4235B00E0500B
:1024E0005B469A225200A350A25D002A12D198475F
:1024F0004346E2582900206802F018FB0128A3D0C7
:102500009A2301225B00E3585242002BF2D0A25DD5
:10251000002AECD02700210045374131FF37380031
:10252000FF3103F01FFD0028E2D0424602233800AD
:10253000A3509C2703F0F6FCA8237F005B00E15822
:10254000E05906F0C5FBE05101F040FE0023E059E0
:10255000191C9946FDF768FE0028C9D04B46E35187
:102560000023A3553D33FF33E05C01F073FDBFE76B
:10257000194877E714212869FDF7F2FDB0236F6948
:102580005B00E05014213800FDF7EAFDB2235B0048
:10259000E0504346E05020004530FF3003F0C2FCDD
:1025A000AE2300225B00E25453469AE76968E8686C
:1025B000FFF758FE9A2301225B00E3585242002B9A
:1025C000A5D197E7044888E7112004106D20041076
:1025D000081B0020000020420000C84210B5034A3A
:1025E0000349044801F0E0FC002010BD74320610DD
:1025F0008032061088320610F8B5094C094E2700C3
:10260000094D90372168300001F0CEFCA168280008
:102610000C3401F0C9FCBC42F4D10020F8BDC04626
:10262000943E061094320610981F061010B501282B
:102630002DD0022826D14C681A48210008F03EFA15
:10264000002816D02100184808F038FA002810D0C9
:102650002100164808F032FA002805D0210014485D
:1026600008F02CFA002818D10020FEF759F811497B
:1026700003E00120FEF754F80F49104801F094FCE4
:10268000002010BD0E4801F08FFC0120F9E7FEF795
:1026900041F80028F0D10749EFE70A4801F084FC2F
:1026A0000120EEE7B8320610C0320610C432061020
:1026B00084320610AC320610A43206102433061001
:1026C000FC320610CC32061030B587B004000D0085
:1026D0001122002101A808F0E9F9012C1FD0022CD9
:1026E00018D16C682000FDF771FE01380F281ED844
:1026F0001022210001A808F00BFA2000FEF738F89C
:102700006868FEF701FC0D4801A901F04DFC0020AE
:1027100007B030BD0A4801F047FC0120F8E7FEF79A
:1027200023F81022010001A808F0F2F9EBE71021CC
:10273000044801F039FC0120EAE7C046783306106E
:10274000FC3206103433061000B583B001281AD0CD
:10275000022812D1124B486801AA190008F022F988
:10276000002815D00198FDF7A9FF002814DB019976
:102770000C4801F019FC002003E00B4801F014FCA8
:10278000012003B000BDFDF793FF01000190EFE7CA
:10279000064801F009FCF3E7054801F005FCEFE706
:1027A0008C330610D4330610FC320610903306101A
:1027B000B433061070B501F04FFD07F037FF0E4A35
:1027C0000E4B06F0BBFC07F073FF051C06F016FC71
:1027D000040006F075FC011C281C06F079FA084973
:1027E00006F07EF905F0C8FD064B02002100180036
:1027F00001F0DAFB002070BD9A9999999999A93F47
:1028000000002041E033061030B50C0083B00128F1
:1028100058D0022851D14D682E21280008F097F990
:10282000002805D04378002B02D000238370656810
:1028300000236A46009301932800274901AB08F062
:10284000B1F80138012833D8019806F039FC234942
:1028500005F0C2FF041C009806F032FC011C201C8D
:1028600005F03EFE041CFDF7E5FE00282ED1201CDD
:1028700007F0DCFE1A4A1B4B06F060FC07F018FF5D
:10288000051C06F0BBFB040006F01AFC011C281C0A
:1028900006F01EFA114906F023F905F06DFD124B02
:1028A00002002100180001F07FFB002003B030BDC2
:1028B0000E4801F079FB0120F8E70D4801F074FBA8
:1028C0000120F3E7FDF7B0FE041CD0E7094801F052
:1028D0006BFB0120EAE7C046F833061000002041F8
:1028E0009A9999999999A93F58340610003406107D
:1028F000FC32061020340610F0B5CE46474680B5AF
:102900009BB005A8FEF742FA061E36DD1D4801F011
:102910004BFB1D4BF50099461C4BAD1B05AC984677
:102920001B4F1C4E65190AE0012B02D1404601F0F5
:102930003BFB3000073401F037FBAC4217D0607826
:1029400023796279A1790290A0780190E0780090D3
:10295000380001F029FB2378002BE5D1484601F02F
:1029600023FB0734300001F01FFBAC42E7D100200D
:102970001BB0C0BCB946B046F0BD074801F014FB1F
:10298000F5E7C0468C340610C8340610D034061063
:10299000A8340610D01E06107834061010B5FEF7C5
:1029A00011FE054801F000FB142003F0DDF801F0F2
:1029B000E5FA002010BDC046D834061010B5FDF76A
:1029C00017FEFEF7FFFD054801F0EEFA142003F0B4
:1029D000CBF801F0D3FA002010BDC046F434061045
:1029E00030B5012387B0012802D0180007B030BDF0
:1029F000FDF790FE00283BD01E491F4801F0D4FA95
:102A0000FDF756FE1D4B0100180001F0CDFAFDF751
:102A10000BFE07F00BFE1A4A1A4B06F08FFB07F06D
:102A200047FE051C06F0EAFA040006F049FB011C0B
:102A3000281C06F04DF9144906F052F805F09CFCEC
:102A4000124B02002100180001F0AEFA1122002101
:102A500001A808F02BF8FDF787FE1022010001A85D
:102A600008F056F80A4801A901F09EFA0023BCE7D5
:102A70000849C2E7A432061024330610D4330610E6
:102A80009A9999999999A93F0000204158340610C4
:102A900078330610AC3206107047C046F0B54E468B
:102AA000DE4657464546E0B5C5B034AB9946E24BE5
:102AB000370008932EAB9846E04B0393E04B0C9302
:102AC000E04B0B93E04B0D93E04B0493E04B0A93E8
:102AD000E04B0193E04B1093E04B1193E04B0693D6
:102AE000E04B0793E04B0E93E04B0293E04B0F93C8
:102AF000E04B1D93E04B0993E04B1293E04B139393
:102B0000E04B1493E04B1593E04B1693E04B179377
:102B1000E04B1893E04B1993E04B1A93E04B1B9357
:102B2000E04B1C93E04B1E93E04B1F93E04B209334
:102B3000E04B2193E04B2C93E04B2D93E04B229301
:102B4000E04B2393E04B2493E04B2593E04B2693FB
:102B5000E04B2793E04B2893E04B2993E04B2A93DB
:102B6000E04B2B9300239B464B465A4608981A701D
:102B700001F01AFA002300259A4600260DE0DA4AF1
:102B8000934200D123E1D94A934200D125E10823A1
:102B90005E460137BB427641F6B20120404201F069
:102BA00035FA0400002E00D1F1E14346DC551B68E4
:102BB000CF4A9342E3D1002DE9D00398013D01F0C3
:102BC000F3F90120404201F021FA3E000400230005
:102BD000083BDBB2132B03D8019A9B00D3589F46C6
:102BE00053463F2B00D885E10120404201F00EFA08
:102BF0000400ECE72EAB07220021581C07F056FF1B
:102C000001201B2342464042137001F0FFF90127C7
:102C10000400CAE7099801F0C7F937004B46564649
:102C20005A469B191A70002E9EDD4B4620214846BD
:102C30009A55309307F05EFF002800D17EE15B4695
:102C4000202103700130319007F054FF002800D19B
:102C500081E15B46202103700130329007F04AFF8A
:102C6000002800D179E15B460424037001303390E1
:102C70004846149907F022FF002800D166E1484633
:102C8000159907F01BFF002800D16AE14846169904
:102C900007F014FF002800D165E14846179907F0B6
:102CA0000DFF002800D160E14846189907F006FFA3
:102CB000002800D15BE14846199907F0FFFE002883
:102CC00000D158E148461A9907F0F8FE002800D1D3
:102CD0004FE148461B9907F0F1FE002800D14EE174
:102CE00048461C9907F0EAFE002800D145E1484615
:102CF0001E9907F0E3FE002800D144E148461F99E1
:102D000007F0DCFE002800D13BE14846209907F09F
:102D1000D5FE002800D138E14946219801F044F958
:102D200022E75346002B00D15EE70E9F05963C003C
:102D3000903726684946300007F01DFF002803D071
:102D40003100029801F030F90C34BC42F1D149460F
:102D50000F98059E01F028F9554500D144E75346E8
:102D60001D98591B01F020F93EE7069801F01CF967
:102D70004946079801F018F936E7002D00D133E7EE
:102D80006B1E52461C00571E05934C44BB4205D295
:102D900029002000521B494407F076FE4B465A4654
:102DA000DB191A70109801F0FFF8119801F0FCF887
:102DB0002100049801F0F8F80A9801F0F5F80120D4
:102DC000404201F023F9BA460400059DFFE655454F
:102DD00000D3DCE60C980135F1E643461B79002B65
:102DE00000D0D4E6554500D3D1E65346681C5E1E9C
:102DF000864207D95246A91C023A521B494448440C
:102E000007F042FE4B465A469B191A700B9801F088
:102E1000CBF80D9801F0C8F84B460498591901F009
:102E2000C3F80A9801F0C0F80120404201F0EEF822
:102E3000B24604003E00CAE62435061038350610B6
:102E40003C35061048350610543506105835061026
:102E50005C350610303E06106835061074350610D5
:102E60007C35061084350610943E06109835061001
:102E7000A0350610B8350610D01E0610C035061055
:102E8000C4350610D0350610D8350610E0350610CA
:102E9000E8350610F0350610F4350610F835061042
:102EA00000360610083606101036061020360610BA
:102EB000283606102C360610DD250410F9250410DE
:102EC0002D260410C926041049270410B527041024
:102ED00009280410E1290410F92804109D29041080
:102EE000BD290410253204101B5B43001B5B337E9D
:102EF0001B5B4400554532D25A1B4B466F1C591977
:102F0000D81907F0C1FD012294462B004A46E2443D
:102F10004B4452441C70059313005A460B981A7088
:102F200001F042F80599049801F03EF8129801F07A
:102F30003BF813983D0001F037F855E648461499E0
:102F4000012407F0BBFD002800D098E62C9B200050
:102F500030A9984708E602248AE6032488E66F1C15
:102F6000D1E72D9BF3E7229BF1E7239BEFE7249B1F
:102F7000EDE7269BEBE7259BE9E7289BE7E7279B07
:102F8000E5E72A9BE3E7299BE1E72B9BDFE73E0090
:102F90001DE6C04670B5037B04000D00002B0AD06F
:102FA00061682C4801F000F8237B042B4ED82A4A94
:102FB0009B00D3589F46294800F0F6FFF0E72848C9
:102FC00000F0F2FF2169274800F0EEFFA16A2648D1
:102FD00000F0EAFF002D36D0A06906F071F8234911
:102FE00005F07EFD041C280006F06AF8011C201C78
:102FF00005F0F2FB051C06F001F8040006F01CF8D1
:10300000011C281C05F064FE194905F069FD05F056
:10301000F5FF0200174B2100180000F0C5FF16480D
:1030200000F0C2FF70BD154800F0BEFFCAE71448AB
:1030300000F0BAFFC6E7134800F0B6FFC2E7124837
:1030400000F0B2FFBEE700220024E3E70F4800F0E3
:10305000ABFFB7E760360610803E06105836061004
:1030600098360610C8360610D03606100000C84242
:1030700000002041DC360610E8360610A83606109F
:10308000783606108836061068360610B8360610F0
:10309000F0B5CBB008AC02F02BFE0621200001AA4F
:1030A00003F09CF802AD061E2ED0029401281ED01B
:1030B00013AB6B60022841D01EAAAA60032809D076
:1030C00029AAEA60042805D034AA2A61052801D07B
:1030D0003FAA6A61A169626C701E914235D369682A
:1030E000AB688C699A69944221D3022832D14C484A
:1030F00000F05AFF0024019901CD0134FFF74AFF87
:10310000A642F8D84BB0F0BD02996A688869946904
:10311000844256D8AB689F69A74219D96B60AA60F0
:10312000B84215D20120404269600293DDE7A960F0
:1031300002996B608C69A242D7D9F5E7A169626CEC
:103140009142D4D202936C60D1E702936C60C6E7DF
:1031500001204042AB68E9689C698A6994424ED379
:103160000328C4D0EB6829699C698A6994422DD3ED
:103170000428BCD02A69696990698B698342B6D9F1
:10318000E8686A6182692961934202D91A0028615C
:10319000E960A968E8688B69934202D21300E9608C
:1031A000A8606968A8688A69934202D91A00A96070
:1031B0006860029B69689869824298D96B60029145
:1031C00095E7012002926960404288E7AC682B6174
:1031D000A369E9609A4202D91300EC60A9606968AA
:1031E000AC688A69934202D91A00A9606C60029B9C
:1031F00069689C69A242BBD96B600291B8E76C68B0
:10320000EB60A369A9609A4202D91300AC606960BF
:10321000029A69689469A342A2D96A6002919FE701
:10322000F436061070B50E4800F0BEFE0D4E0E4D81
:103230000E4C300000F0B8FEFFF72AFF280000F027
:10324000B3FE200000F0B0FEFA20800000F0DEFEA9
:103250000328EED1064800F0A7FE002070BDC0464E
:10326000343706103C370610483706106037061012
:10327000D01E061010B507F095FC0C23036001204A
:10328000404210BD30B50400080085B02060200029
:1032900011001A00184B1C301C6001F0FBF8099A51
:1032A0000899201D01F0F6F80325230000220021D3
:1032B00038330095012001F089F923000022606372
:1032C00000218C330095012001F080F98823002132
:1032D000E050606B01F090FD0121082004F0A4F89B
:1032E000064B03A81A8802809B78837004F08EFC3A
:1032F000002005B030BDC046741C0020C01C061064
:1033000030B585B008AC25780191072A45D011D891
:10331000052A46D00121062A08D101AC217161712C
:10332000012B0FD0022B3AD0002B0CD001204042B1
:1033300005B030BD0321082AF8D101AC21716171BB
:10334000012BEFD10223E371002D01D0012DEDD12E
:10335000436AA5715A1E9341C2685B002372002A1A
:1033600002D0012213432372002300206372013331
:10337000A37204F0DBF8200004F0E6F8062004F065
:10338000D9F9002004F0CAF90121102004F088F9CD
:10339000012004F0CBF80020CAE70221BDE7012399
:1033A000D1E70021B9E7C046F0B5C64604000E00DB
:1033B0001700002000B5002A02D180BCB846F0BD3D
:1033C00081200021400104F06BF90021606B01F0C5
:1033D00013FD8120400104F09BF90EE0002D28D060
:1033E000E36A226A18780133E362934201D3E36906
:1033F000E362013D256304F05FF9202004F06CF9DD
:10340000256B0028EAD000239846002D11D020001B
:1034100031003A001C3001F047F8236B0500012110
:10342000002B18D18020400104F03AF928004044D4
:10343000C3E7002505E0BD4211D0705D04F03CF902
:103440000135202004F048F9A84673190028F2D06D
:103450001E007F1BDBE7202004F022F9E6E70027AF
:103460001E00D4E770B505004B1C0BD032220023A0
:103470000800002104F05EFFFA2200239200FCF70E
:10348000F1FE0100686B01F0B7FC0400012802D0D6
:103490000024200070BD02F0E9FF082004F01CF9B0
:1034A000002803D0002402F0EDFFF2E70023002201
:1034B0000021686B01F0F0F8F5E7C046F8B50400AC
:1034C0000F0016000020002A00D1F8BD00211030A6
:1034D00004F0E6F832003900201D01F011F8050073
:1034E000864206D822E004F0EFF878550135AE4266
:1034F0001CD9102004F0F0F80028F4D0102004F0BB
:10350000EBF8A369002817D1E2689A4214D004F0BE
:10351000DBF8236918702369A268013323619342A1
:1035200001D363682361A3690133A361102004F010
:10353000D3F8A3690028E7D0002B05D01020012183
:1035400004F0AEF82800C0E788330021E05801F00D
:1035500053FCF3E770B505000C004B1C0BD0322276
:1035600000230800002104F0E5FEFA220023920067
:10357000FCF778FE04008826002004F0DBF8210028
:10358000A85901F039FC012804D0062004F0D2F833
:10359000A86970BD002300220021A85901F07CF821
:1035A000F3E7C0463E4B10B51C68002382B02020D4
:1035B000019304F0A3F8012813D08020400104F007
:1035C0009DF8012858D0102004F098F8012831D037
:1035D000019B002B03D08022324B52051A6002B0AF
:1035E00010BD314B1B8F9B06E7D51F3004F090F8C0
:1035F0000EE0002A14D0E36A216A18780133E362EE
:103600008B4201D3E369E362013A226304F054F888
:10361000202004F061F8226B0028EAD0002ACCD1E7
:103620000021202004F03CF880200121400104F01A
:1036300037F8C2E71C4B1B8FDB06C9D50F3004F0EF
:1036400067F80EE004F040F8236918702369A26857
:1036500001332361934201D363682361A36901337A
:10366000A361102004F038F80028EBD0882301A9CA
:10367000E05801F00FFAABE780220B4B52011B8F91
:103680001342A0D0100004F043F880200021400134
:1036900004F006F8606B01A901F0FCF993E7C0465D
:1036A000741C002004ED00E0000030400D4B70B5AC
:1036B00005000C0099420CD00B4B99420FD1802091
:1036C0000121400103F0B0FE002300202C606B605C
:1036D00070BD80200121000103F0A6FEF4E7012067
:1036E0004042F5E70000D0400000E04070B5040023
:1036F0001A480D00002682B00902814208D8FCF762
:103700002FFD80235B00984225D845430138C6B27F
:1037100029001248FCF724FD6060684604F060F858
:1037200080236D465B002B800023AB70AB80636809
:103730006946013B2068EB80EE7004F009F8012235
:103740002068002104F05EF82068012104F04EF8A2
:10375000002002B070BD1800D7E7C0460048E8015D
:1037600070B50C1C06000021201CFCF753FD00283E
:103770001CD10F49201CFCF761FD002800D00C4C27
:103780007568280005F09CFC211C05F0A9F906F0DD
:103790004DFF0022074B05F099FF04F005FE33684A
:1037A0002D1AADB282B29A801D8170BD0024E7E768
:1037B0000000C84200005940002203681A80704788
:1037C000002310B50160037180204000012103F047
:1037D0002BFE002010BDC04600B583B00023017150
:1037E000684603700133FF334380FE3B4170037131
:1037F00004F01EF8012004F099F8012004F082F88A
:10380000002003B000BDC04670B5050004240120AF
:1038100004F05AF8042004F097F80028FAD0013C8C
:1038200004F0D6F9002CF2D12879022104F094F8A2
:1038300070BDC04610B507F0CAF910BD10B507F04D
:1038400035F910BD10B507F011F910BD084B1A6815
:10385000084B9A420AD13F23074A40061381000CC5
:103860002E3B90611380138ADB07FCD57047C0465E
:1038700014000020CCBCECFC00001040084B1A687F
:10388000084B9A420AD13F23074A800813810C3B18
:10389000906111641380138ADB07FCD57047C04622
:1038A00014000020CCBCECFC00001040034B1B8A31
:1038B0001840431E9841C0B27047C04600001040F7
:1038C000C02380211B061A680A431A601A688A43BB
:1038D0001A607047C02301211B061A680A431A6048
:1038E0001A688A431A607047C0231B06186880074D
:1038F000C00F7047054B1B78002B05D1044B18688F
:10390000431E9841C0B270470120FCE7781C00209C
:10391000000400C0F0B5534B91B01C006A46E0CCE7
:10392000E0C2E0CCE0C260CC60C22033E0CBE0C2B9
:1039300070CB70C230CB30C2012857D002281CD0C7
:10394000032850D16A4620234C1E551E03E0013B3C
:10395000002B00D17CE0E05CEA5C861A9042F6D055
:10396000414B1A78002E00DB74E0022082433F486E
:103970001A700C1D02003E4B50E06A4620234C1E7C
:10398000551E02E0013B002B5CD0E05CEA5C861A2D
:103990009042F7D0344B1A78002E55DA012082433A
:1039A0001A700C1D4B0759D1324BCB18002B55D038
:1039B0000C684D68304B1C605D60304B8C68CD6886
:1039C0001C605D602E4B0C694D691C605D602D4B69
:1039D0008869C969186059602B4B2FE0224B1A780F
:1039E00004210A431A70012011B0F0BD1F252023C5
:1039F0004C1E6D4402E0013B002BEFD0E05CEA5C22
:103A0000861A9042F7D0184B1A78002EE8DA042074
:103A100082431E481A7002001D4B0C1D0D68056084
:103A20002068506088689060C868D060086910613C
:103A30004869506188699061C969D161002200209C
:103A40001A60D1E7084B1A7801210A431A70CAE7B5
:103A5000054B1A7802210A431A70C4E706480A4B3C
:103A60000200DBE7C41C0610781C0020B40400C070
:103A7000D40400C074FBFF3F900400C0980400C051
:103A8000A00400C0A80400C0B00400C06C0400C0C2
:103A90008C0400C0431E10B5022B1DD8C200164B6B
:103AA00012189200D318880718D114481018081A51
:103AB000022813D91A680A605A684A609A688A60AC
:103AC000DA68CA601A690A615A694A619A698A6140
:103AD000DB69CB61002010BD0120FCE70800521A11
:103AE0002030054C8B18A44663441B780B700131C1
:103AF0008842F6D1EEE7C046480400C0490400C041
:103B000010B514F0B9FB10BD10B511F0E9F810BDF7
:103B100010B510F09DFC10BD10B510F0A3FF10BD46
:103B200070B584B06E466C466D46B68D248CAD8CF7
:103B300003960A9E01950296009411F0C3F904B011
:103B400070BDC04670B584B008AC20CC0AAE2478F5
:103B5000367801940296009511F0F4F804B070BD27
:103B600010B50AF0E7F910BD10B512F085FC10BDD4
:103B70000120704710B509F0BBFF10BD10B514F05F
:103B8000F1FD10BD10B512F03BFB10BD10B515F0E6
:103B9000B3FE10BD10B50AF0A3F910BD10B50AF0C0
:103BA000A7F910BD10B50EF067FA10BD10B517F0EB
:103BB000DBFE10BD10B517F0FBFB10BD10B517F004
:103BC0005BFF10BD10B517F01AFC10BD10B510F05A
:103BD00031F910BD10B510F03DF910BD10B510F061
:103BE00045F910BD10B511F0C5FA10BD10B50EF0B5
:103BF00019F810BD10B511F0FDFC10BD10B511F095
:103C000009FB10BD10B511F037FC10BD0120704745
:103C100010B50DF0B3F810BD10B519F0EDFF10BDE3
:103C200010B519F0BDFF10BD10B519F0A1FF10BD02
:103C300010B51AF07BF910BD0120704710B51AF0CD
:103C4000FBF910BD10B51AF0BDF910BD10B518F094
:103C5000CBFB10BD10B518F0E1FB10BD10B518F08E
:103C60005BFC10BD10B518F051FB10BD10B518F07D
:103C700065FB10BD10B518F083FB10BD10B518F032
:103C8000E3FB10BD10B518F0F9FB10BD10B517F02F
:103C9000EBFB10BD10B517F0BBFB10BD10B517F056
:103CA000ABFF10BD10B517F0A3FE10BD70B504003A
:103CB0000DF048FA050002F091F901281CD072B607
:103CC00002F08CF9002812D01A4B19781A4B1A7886
:103CD000022808D0022002F02FFD184B1B78002B81
:103CE0001CD162B670BD013002F026FDF9E762B664
:103CF00003300DF04BFAF5E702300DF047FA6001A2
:103D0000001B800000193221C000FCF729FA0100D5
:103D100003200DF020FA0DF0CBFAD0E70DF012FAE7
:103D200029000DF009FA1421FCF71AFA01F0E6FF58
:103D3000D7E7C0467A1C0020791C00200C00002028
:103D4000024B1870024B19707047C0467A1C002055
:103D5000791C0020F0B5C64600B58AB004F0ECF935
:103D6000604C0120210000F0F5FD5F4B0121E618B9
:103D70005E4B0027F050012003F056FB04A803F02F
:103D8000F3FA802304936B4604A81F7503F008FA26
:103D900080235B0104936B4604A81F7503F000FAAF
:103DA0004023062504936B4640201D7503F0EEFA70
:103DB00004A803F0F5F980206B46C0011D7504903E
:103DC00003F0E4FA04A803F0EBF9202398460493E7
:103DD0006B4620201D7503F0D9FA04A803F0E0F922
:103DE0000F2304936B460F201D7503F0CFFA04A830
:103DF00003F0D6F9102304936B4610201D7503F0D1
:103E0000C5FA04A803F0CCF980231B0104936B4688
:103E1000053D04A81D7503F0C3F980235B000493DE
:103E20006B4604A81D7503F0BBF9314B03A81A8833
:103E3000013502809B78837003F0E8FE8022002326
:103E400006A806920793089503F0ACFA8022002397
:103E5000520106A806920793089503F0A3FA84205E
:103E6000400103F0D5FA84200121400103F0C4FA97
:103E700041460191210080231E4A2439A218009155
:103E800030001D49DB00FFF7FDF92500E12100238B
:103E900008225035300000974902FFF731FA280018
:103EA0001649FFF703FC64212800FFF71FFC81215E
:103EB00060342000C905FFF783FC02212000FFF7D2
:103EC0008BFC0121802003F0AFFA0D4803F08CFE3B
:103ED00003F090FE08210820FFF732FF0AB080BCF3
:103EE000B846F0BD182A002000FBFFFFFC040000CC
:103EF000041D0610DCFBFFFF000030400000D04036
:103F0000FD7F0700014B024A985470471825002096
:103F1000690500000FB4F0B5144B154D0024EB5C9F
:103F200083B0002B05D1200003B0F0BC08BC04B066
:103F3000184701210F4E09AFA8594942019700F0D7
:103F40005BFF80210C4C3B00089A2000490006F0E2
:103F500081FD210002002800FFF726FA002304005B
:103F600000220021A85900F097FBDCE7690500005A
:103F700018250020FC0400007C1C002010B5074818
:103F8000FFF7C8FF012001F0EFFDBFF34F8F044B97
:103F9000044ADA60BFF34F8FFEE7C0464C39061083
:103FA00000ED00E00400FA050FB4F0B5C6460121AB
:103FB00000B582B0124C08AE124F08CEE05949420B
:103FC0009846019600F018FF80210F4D33004246BD
:103FD0002800490006F03EFD290002002000FFF7FE
:103FE000E3F90500002300220021E05900F054FB12
:103FF000280002B080BCB846F0BC08BC04B018472A
:1040000018250020FC0400007C1C002070B582B044
:104010006B46DD1D00230D4C010020002B70FFF7C7
:1040200099FA01210A4E4942A05900F0E5FE290003
:1040300001222000FFF742FA002300220021A059AC
:1040400000F02AFB287802B070BDC0461825002079
:10405000FC040000F0B5C646AB2600B5504CF60097
:1040600082B0A75D0500A0550F2003F08FF94D4BDE
:104070004D49E358181C984604F02AFE06F0D6FA7B
:104080004A4A4B4B05F0A8FD06F012FB07F0A8FECC
:1040900006F0CCFA474A484B05F09EFD0022474BFC
:1040A00005F09AFD464B474A05F0BCFF06F000FBC1
:1040B000A35D011C082B03D03B4804F009FE011C42
:1040C000AA23DB00E018FFF74BFB4246354BE250DA
:1040D000043BE35CBB4204D0AA23DB00E018FFF7FB
:1040E0006BFB082D58D8384BAD005B599F4601201B
:1040F00003F048F9042003F045F9022003F042F9E7
:10410000002F0FD1684603F02FF910236A46009361
:104110000B3B6846137103F043F8202003F02AF9A3
:1041200000280CD002B080BCB846F0BD012003F0DE
:1041300029F9042003F026F9002FE3D0F2E701214A
:10414000202003F027F9052001F00EFDEAE7082002
:1041500003F018F9002FD5D0E4E70021202003F068
:1041600019F9684603F000F910236A4600930A3BE8
:104170006846137103F014F8D4E7012003F002F944
:10418000002FBFD0CEE7012003F0FCF8022003F09F
:10419000F9F8002FB6D0C5E7002FC3D1B2E7C0466B
:1041A000182500205C0500000000C8429A999999E2
:1041B0009999A93FD2847F2DC91BF03F0000594037
:1041C0002BB5E53FE1C39F8B243F061070B518491E
:1041D000041C04F07DFD06F029FA164A164B05F082
:1041E000FBFC06F065FA07F0FBFD06F01FFA134A28
:1041F000134B05F0F1FC0022124B05F0EDFC124BC5
:10420000124A05F00FFF06F053FAAB23104DDB0006
:10421000EB5C011C082B03D0054804F059FD011C80
:10422000AA23DB00E818FFF79BFA0A4BEC5070BD9D
:104230000000C8429A9999999999A93FD2847F2DF3
:10424000C91BF03F000059402BB5E53FE1C39F8BF0
:10425000182500205C05000070B5202003F08AF8C6
:10426000002826D01B4C02212000FFF7B5FA2000C1
:10427000FFF7CAFA184B051C9C46AB236444DB00CD
:10428000E35C002B10D0202003F074F8002818D035
:10429000281C124904F024FC114904F09DFA011C69
:1042A0000E4804F015FD70BD0021202003F072F8C7
:1042B000EEE70121203003F06DF8052001F054FCF9
:1042C000D0E70121203003F065F8052001F04CFC17
:1042D000DEE7C046782A0020A0FAFFFF0000C842AF
:1042E0003333534010B582B06A46084B03CB03C248
:1042F000402003F04BF8684602F052FFAD22012146
:10430000034BD200995402B010BDC046081D0610E0
:1043100018250020402310B582B06A46002400937F
:10432000002368469380947102F03AFFAD22024B5D
:10433000D2009C5402B010BD18250020AD22024BC3
:10434000D200985C7047C0461825002010B582B096
:104350006A460E4B6C4603CB03C2684602F020FF50
:10436000402003F00FF8072001F0FEFB402003F08F
:104370000DF8AD22064BD2009B5C002B01D002B0A1
:1043800010BD6846237102F00BFFF8E7081D061008
:1043900018250020802010B5400102F0EBFF013805
:1043A00043425841C0B210BD8022012300B585B000
:1043B0005201029068460092019302F0F3FF05B0AB
:1043C00000BDC04600B5802085B003F025F8012867
:1043D00007D08020400103F01FF8012815D005B058
:1043E00000BD7F3003F014F869460020FCF75AFC4A
:1043F000009B002BEDD080228020144B52051A60C8
:10440000400103F009F80128E9D18020400102F0C1
:10441000B1FF802201235201013800920193431E13
:1044200098410290684602F0BDFF8020400102F0F2
:10443000EFFF69460120FCF735FC009B002BCED036
:104440008022024B52051A60C9E7C04604ED00E025
:1044500010B50E4803F0C8FB01F044FC952801D8C4
:10446000012010BD0A4C00212000FEF7FBFF0028B0
:10447000F6D08020400102F07DFF0128F0D0AB2370
:10448000DB00E35C002BEBD10320EAE7FD7F0700B4
:1044900018250020002382608A1801604260C160F4
:1044A000016143617047C046F0B5C64685684369FF
:1044B00004000E0000B5ED1A954200D91500E06821
:1044C00067683F1ABD420DD22A00310006F07FFB1B
:1044D000E2685219636928005B19E260636180BC7D
:1044E000B846F0BD3A00310006F071FBEB1B984670
:1044F0001A002068F11906F06AFB22684244E9E7D5
:10450000F0B5C646456904000E0000B5954200D9D5
:104510001500216967687F1ABD420DD22A0030005C
:1045200006F055FB22695219636928005B1B226162
:10453000636180BCB846F0BD3A00300006F047FB2E
:10454000EB1B98461A002168F01906F040FB226820
:104550004244E9E770B51600026C0400856B002A3E
:1045600006D1066801350020002E25D0A56370BD58
:10457000002E0ED1406806F02AFB6368226C0135DC
:104580009B18A2686360934201D323686360002094
:10459000ECE7C06806F01BFB226CE36851429B1AF3
:1045A0002268E360934202D2A3685B18E360022EA4
:1045B00007D000200135D9E7A06801F081FDA66091
:1045C000D4E7002DF5D00020D0E7C04670B582B00A
:1045D0001C006B461D7E002C0ED000280AD0002A3D
:1045E0000CD0002906D050230193019B502B3CD0C6
:1045F00072B6FEE772B6FEE772B6FEE70029F9D1A1
:1046000050230193019B502BF2D12200019B4623A2
:104610000126E6542260E0632164020C0B0C002AA0
:1046200035D1002B23D101F021FF216CE36B2268EF
:104630004B43D018A06000205B1A6260D218E26081
:10464000FF234422A0632000A3540132A35410305E
:1046500002F038F82000243002F034F801F012FFA4
:104660004C232000E55402B070BD019BCFE7844687
:104670001A1C89B20B00614680B2434389B292B2E0
:104680004A431B0CD3181B0CCDD072B6FEE7002B8F
:10469000FBD18C46EDE7C046F0B5CE46474680B527
:1046A00085B0041E88469946019200D102E1002996
:1046B00000D19DE04B46022B00D19FE001F0D6FED9
:1046C000A26BE36B9A427FD34A460023022A7BD037
:1046D00026002436019A002A00D1F5E0002B00D1F3
:1046E000E4E001F0CFFE01F0E7FA01F0BFFE442262
:1046F000A35C5BB2013301D10023A3544522A35C28
:104700005BB2013301D10023A35401F0BBFE01A928
:1047100002A801F027FC002800D0D9E001F0A6FE95
:10472000A26BE36B9A4200D16EE001F0ABFE01F0A8
:104730009DFE4523E55C6DB2002D05DC13E0013DD7
:10474000EBB26DB2002B0ED0636A002B0BD03000A1
:1047500001F074FB0028F2D0013D01F039FCEBB20E
:104760006DB2002BF0D14523FF22E25401F08AFE06
:1047700001F07CFE4423E55C6DB2002D16DD2700C0
:10478000103704E0013DEBB26DB2002B0ED023696F
:10479000002B0BD0380001F051FB0028F2D0013D76
:1047A00001F016FCEBB26DB2002BF0D14423FF22D6
:1047B000E25401F067FE01F087FA01F057FEA16BA9
:1047C000E26B0123914285D24A4641462000FFF721
:1047D000C1FE636A002B00D071E0002800D06BE0BE
:1047E00001F050FE012005B0C0BCB946B046F0BD96
:1047F000036C002B00D15DE772B6FEE7E36B012B83
:1048000000D15BE772B6FEE72700103701F03AFEF1
:104810003800019901F0C2FA01F028FE4523E55C59
:104820006DB2002D05DC13E0013DEAB26DB2002A45
:104830000ED0636A002B0BD0300001F0FFFA002885
:10484000F2D0013D01F0C4FBEAB26DB2002AF0D112
:104850004523FF22E25401F015FE01F007FE442338
:10486000E55C6DB2002D05DC13E0013DEAB26DB2EE
:10487000002A0ED02369002B0BD0380001F0DEFA9D
:104880000028F2D0013D01F0A3FBEAB26DB2002A8C
:10489000F0D14423FF22E25401F0F4FD01F014FAB8
:1048A000002800D089E701F0D5FD86E702A801F0D5
:1048B0004DFB16E772B6FEE701F0CCFD90E7200055
:1048C000243001F0BBFA88E701F0DCFD00208AE724
:1048D00001F0CCFD4523E55C6DB2002D12DD260014
:1048E000243604E0013DEAB26DB2002A0AD0636AC0
:1048F000002B07D0300001F0A1FA0028F2D001F01F
:1049000067FBEFE74523FF22E25401F0BBFD01F016
:10491000ADFD4423E55C6DB2002D12DD260010369E
:1049200004E0013DEAB26DB2002A0AD02369002BEF
:1049300007D0300001F082FA0028F2D001F048FBE5
:10494000EFE74423FF22E25401F09CFD01F0BCF9A3
:10495000002048E770B505000C0082B0002938D06F
:1049600050230193019B502B01D072B6FEE7002625
:104970004622019B01238B542160CB630E6401F01E
:1049800075FD216CE36B22684B43D0185B1A6260A3
:10499000D218E260FF234422A0602000A663A35443
:1049A0000132A354103001F08DFE2000243001F0BC
:1049B00089FE01F067FD4C230022E554002100230D
:1049C0002000A6602660E660FFF766FE200002B0C9
:1049D00070BD72B6FEE7C046F0B54F464646D646B5
:1049E0000400C0B51D000F001600002837D00029B4
:1049F00018D0022D04D1E36B012B18D072B6FEE75C
:104A000001F01EFE0021A26BE36B804689469A42AC
:104A100011D3404601F018FE4846E0BCBA46B14604
:104A2000A846F0BD036C002BE3D072B6FEE701F0A0
:104A300007FE8046A36B45239A46E35C2A005BB2DF
:104A4000994639002000A36BFFF784FD4B460133E4
:104A500007D1636A002B12D101239946D9E772B6B8
:104A6000FEE701F045F98145F6D24B467F2B04D095
:104A7000524601335BB2A354EEE772B6FEE7200064
:104A8000243001F0DBF90028E6D0002EE4D0012329
:104A90003360E1E7F0B5C64604000D0000B500281C
:104AA0001BD0036C002B01D072B6FEE70368002B0D
:104AB00015D001F0C5FDA36BE26B06009A4213D935
:104AC0004522A75C01337FB29046A3637B1C13D1C0
:104AD000636A002B1CD1012407E072B6FEE78368ED
:104AE000002BE6D072B6FEE70024300001F0ACFDEA
:104AF000200080BCB846F0BD01F0FAF88742EAD247
:104B00007F2F11D0434601377FB2E7540124ECE7F1
:104B10002000243001F092F90028DCD0002DDAD0FA
:104B2000012301242B60E0E772B6FEE7F0B54746AB
:104B3000CE4680B585B0041E8846019200D138E18A
:104B4000002900D12FE101F091FCA56B002D00D0D0
:104B500031E1019B002B00D1D0E0260002A801F03A
:104B6000F5F94427243601F08DFC01F0A5F801F099
:104B70007DFCE35D5BB2013301D10023E3554522A7
:104B8000A35C5BB2013301D10023A35401F07AFC92
:104B900001A902A801F0E6F900285AD101F066FC4B
:104BA000A36B002B00D0B1E001F06CFC24239946EC
:104BB000A1444846019901F0F1F801F057FC452362
:104BC000E55C6DB2002D05DC13E0013DEAB26DB28B
:104BD000002A0ED0636A002B0BD0484601F02EF954
:104BE0000028F2D0013D01F0F3F9EAB26DB2002ADB
:104BF000F0D14523FF22E25401F044FC01F036FCE1
:104C00004423E55C343B99466DB2A144002D05DC9C
:104C100013E0013DEAB26DB2002A0ED02369002BE9
:104C20000BD0484601F00AF90028F2D0013D01F00E
:104C3000CFF9EAB26DB2002AF0D14423FF22E25448
:104C400001F020FC01F040F800284ED101F002FCF8
:104C50004BE001F00BFC4523E55C6DB2002D05DC5B
:104C600013E0013DEAB26DB2002A0ED0636A002B58
:104C70000BD0300001F0E2F80028F2D0013D01F045
:104C8000A7F9EAB26DB2002AF0D14523FF22E2541F
:104C900001F0F8FB01F0EAFB10239946E55DA14421
:104CA0006DB2002D05DC13E0013DEAB26DB2002AC1
:104CB0000ED02369002B0BD0484601F0BFF8002826
:104CC000F2D0013D01F084F9EAB26DB2002AF0D1D0
:104CD000FF23E35501F0D6FB00F0F6FF01F0C6FB21
:104CE000A36B002B0AD001F0CDFB01F0BFFBA56B3D
:104CF000002D60D1019B002B00D034E701F0C2FBF6
:104D0000002005B0C0BCB946B046F0BD01F0BAFB0A
:104D100001F0ACFB4523E55C213B99466DB2A14413
:104D2000002D05DC13E0013DEAB26DB2002A0ED081
:104D3000636A002B0BD0484601F080F80028F2D0BF
:104D4000013D01F045F9EAB26DB2002AF0D14523E8
:104D5000FF22E25401F096FB01F088FB4423E55C5E
:104D6000343B99466DB2A144002D05DC13E0013DB2
:104D7000EAB26DB2002A0ED02369002B0BD0484650
:104D800001F05CF80028F2D0013D01F021F9EAB20F
:104D90006DB2002AF0D14423FF22E25401F072FBED
:104DA00000F092FFA1E7036C002B00D1CBE672B6B6
:104DB000FEE772B6FEE7226C002A0AD0E168A3681B
:104DC0008918E160994201D32168E160404605F00D
:104DD000FEFE2369013DA563002B03D101F052FBC8
:104DE00001208EE72000103001F028F80028F5D0CF
:104DF00001F030FBF2E7C046F0B5CE46474680B53D
:104E000085B0041E019100D1EFE0036C002B00D0AF
:104E100094E001F02BFBA36B002B00D053E1019B2E
:104E2000002B00D13EE102A801F090F800232600FB
:104E300098464427243601F025FB00F03DFF01F0A1
:104E400015FBE35D5BB2013301D10023E35545223D
:104E5000A35C5BB2013301D10023A35401F012FB28
:104E600001A902A801F07EF8002869D101F0FEFA3C
:104E7000A36B002B00D0BDE001F004FB2368002BE6
:104E800000D117E124239946A1444846019900F036
:104E900085FF01F0EBFA4523E55C6DB2002D05DCE2
:104EA00013E0013DEAB26DB2002A0ED0636A002B16
:104EB0000BD0484600F0C2FF0028F2D0013D01F0BF
:104EC00087F8EAB26DB2002AF0D14523FF22E254FE
:104ED00001F0D8FA01F0CAFA4423E55C6DB2002D66
:104EE00017DD343B9946A14404E0013DEAB26DB2BE
:104EF000002A0ED02369002B0BD0484600F09EFFFD
:104F00000028F2D0013D01F063F8EAB26DB2002A48
:104F1000F0D14423FF22E25401F0B4FA00F0D4FEB1
:104F2000002800D1B3E001F0A1FAA36B002B00D060
:104F3000C9E0019B002B00D07DE7B3E072B6FEE72D
:104F400001F094FA4523E55C6DB2002D05DC13E019
:104F5000013DEAB26DB2002A0ED0636A002B0BD07D
:104F6000300000F06BFF0028F2D0013D01F030F876
:104F7000EAB26DB2002AF0D14523FF22E25401F0DB
:104F800081FA01F073FAE55D6DB2002D17DD102393
:104F90009946A14404E0013DEAB26DB2002A0ED068
:104FA0002369002B0BD0484600F048FF0028F2D0C0
:104FB000013D01F00DF8EAB26DB2002AF0D1FF23F5
:104FC000E35501F05FFA00F07FFE01F04FFAA36BAA
:104FD000002B0CD101F056FA4346002B5AD1002089
:104FE00005B0C0BCB946B046F0BD72B6FEE701F0F0
:104FF00049FA98E701F046FA01F038FA4523E55CF2
:105000006DB2002D17DD213B9946A14404E0013D1E
:10501000EAB26DB2002A0ED0636A002B0BD048466C
:1050200000F00CFF0028F2D0013D00F0D1FFEAB201
:105030006DB2002AF0D14523FF22E25401F022FA9A
:1050400001F014FA4423E55C6DB2002D17DD343B0A
:105050009946A14404E0013DEAB26DB2002A0ED0A7
:105060002369002B0BD0484600F0E8FE0028F2D060
:10507000013D00F0ADFFEAB26DB2002AF0D1442349
:10508000FF22E25401F0FEF900F01EFE4BE701F0B2
:10509000E1F948E701F0EAF9616A002905D1A06861
:1050A00001F04CF801F0EEF999E70421236B1B683D
:1050B000C91AF4E701F0DAF9A06800F0B7FF8046FA
:1050C00001F0E0F9DEE6013BA3632368002B0FD07B
:1050D0002369002B03D101F0D5F9012080E72000DE
:1050E000103000F0ABFE0028F5D001F0B3F9F2E784
:1050F00001F06AF8A060EBE7F0B5C64600B5040021
:1051000001F0B4F9384A394E13680133136033683B
:10511000002B35D0364BE26A98461B68002B29D00D
:10512000344D35490B6801330B60A364334B196868
:10513000914200D21A6093009B189B00E9184A68BC
:105140009068A26084466746E060201D78609060A9
:10515000EA5861610132EA5001F094F943461B6854
:10516000002B04D03368DA6AE36A9A4211D380BC18
:10517000B846F0BD3368DB6A9342D1D83460CFE7DC
:1051800034601368012B07D0194BE26A9846194D19
:10519000C7E701F05FF9EAE7164D280001F092FA3F
:1051A0002800143001F08EFA2800283001F08AFA25
:1051B00028003C3001F086FA114B9846180001F0A7
:1051C00081FA104F380001F07DFA0F4801F07AFAA9
:1051D0000E4801F077FA42460D4B1A600D4BE26A19
:1051E0001F60034B98469CE710220020BC22002041
:1051F000042200206C220020F4210020082200203C
:1052000058220020442200202822002014220020BE
:10521000402200203C22002000222C4B70B51A6056
:105220000BF090FF2A4B2B4A1B68C01A2A4B1860C0
:1052300019681068814239D8284C1B68284D1360C2
:105240002A682849930098188000085800281ED121
:10525000002A33D0501E83001E18B6008E59002E2F
:1052600031D100282AD0901E83001E18B6008E5916
:10527000002E28D1002821D0D01E83001E18B60091
:105280008E59002E1FD1043A9300002816D09B1887
:105290009B00CE18706808334068C9187060884257
:1052A0000ED0C36823602A60236870BD0B4C1E6853
:1052B0002568A96D091A8919A965BEE772B6FEE7C6
:1052C000F0687060EDE70200E1E7C046FC210020D5
:1052D000E0210020E8210020E4210020BC22002061
:1052E000082200206C220020F8B55746DE464E46C4
:1052F0004546E0B50F68002F3FD008239946CE6899
:105300008944B1454DD0284B0400984602239B4662
:10531000264B00279A46F568002D35D02B00296BC7
:1053200034336360EB6AE16123612B68256023629B
:105330006B6C6362AB6CA3602B6D6361AB6DA3613F
:1053400043461B689D4222D05B46237301F08EF8D2
:10535000AB6A534522D001F095F8296B0B78A52B49
:105360001AD100230133CA5CA52AFBD09B087668BA
:10537000A36201372C34B145CDD13800F0BCBB4617
:10538000B246A946A046F8BD43461D68C6E70023BD
:1053900023730B78A52BE4D00023E8E701232373C4
:1053A000D9E70027E9E7C046BC22002028220020D8
:1053B000F0B5DE4657464E4645465B4BE0B51A68AB
:1053C00083B0013294461A60002A5FD057490B68B7
:1053D0009C4562D3564B99461B681B68002B00D135
:1053E0009CE000239846534B534E9B46534B0191F0
:1053F0009A4639E0002159611168013911609A6AB1
:10540000002A0ED0D969186A556888604160190071
:1054100018318D4200D171E0002199621168013983
:1054200011605246D96A1268914201D95246116000
:105430008A0052189200B518686887689860DF6023
:105440007C6084605D61B3580133B3505B461B6878
:105450004246DB6A8B429B415B421A434B461B68C8
:1054600090461B68002B54D04B461B68DB68DB68FA
:105470005A6894454AD35A699868D9681C1D816056
:1054800048605068A042B5D15160B3E7284B1A6814
:105490001268002A20D072B6FEE700239846254BFA
:1054A000254E9B465B4601201B68254AD96A126837
:1054B0008B005B189B00F3589842804113005A1EE2
:1054C0009341404218434346184303B0F0BCBB46E7
:1054D000B246A946A046F0BD1A4A1968106818607D
:1054E000116019490A6801320A601A681268002AB4
:1054F00006D101230D495B420B6068E750608BE7E2
:105500001B680A49DB681B680B6060E701990A6049
:10551000C8E7019901235B420B60C3E79846054B3E
:10552000054E9B46F6E7C0460C220020F0210020E5
:1055300040220020BC2200206C22002008220020F3
:10554000FC2100203C220020F8210020F0B5DE469E
:1055500057464E464546544CE0B5236883B0013B60
:1055600023602368002B00D081E0504B1B68002B88
:105570007DD04F4B9C461B68002B00D190E04D4BDB
:105580004D4D98464D4B019499464D4B9A460023FC
:105590009B466346DB68DB68D869196A9A6A816052
:1055A0004860180056681830864200D172E05946AB
:1055B00099621168013911605A699868D96856680A
:1055C00081604860181D864262D0116801391160FF
:1055D0004146DA6A09688A4201D941460A60910067
:1055E00089188C002E1971688F689960DF60786067
:1055F00088605E612B5901332B514B461B68DB6A77
:105600009A423FD9534601221A6063461B68002B19
:10561000BFD12C4B019C1A681268002A3CD01B6831
:10562000DB681A68284B1A60284E3568002D14D0A4
:10563000012708E0FFF7BCFE002801D053461F6099
:10564000013D002D08D02368002BF3D03368013DC5
:1056500001333360002DF6D1356053461B68002BB3
:1056600005D0164B01241B6800F0F4FE00E0002476
:1056700000F008FF200003B0F0BCBB46B246A946CC
:10568000A046F0BD63461B68002B00D081E7C0E751
:1056900051609AE751608AE70B4B013A1A60C3E701
:1056A000074B9A46C0E7C046EC210020102200209C
:1056B00028220020082200206C220020BC2200208A
:1056C000FC21002040220020F021002000220020A8
:1056D000404BF0B5D6469A463F4B4F464646994614
:1056E0003E4BC0B598463E4F3E4C3F4D3E68012E66
:1056F00018D82368002B4BD12B68DB6A002B1AD0FB
:105700003A682368002B41D12B68DB6A002BF8D163
:10571000012A1DD92368002B38D12B68DB6A002BA6
:10572000EFD1F7E700F096FE2368002B32D12B680B
:10573000DB6A002BDAD13B68012B41D9012EDFD97E
:10574000D4E72368002B21D12B68DB6A002BD8D14A
:10575000534649461B6809685B1A012BF1D9434639
:1057600042461B680133136053461A684B461B6858
:105770009A422DD32368002B11D02B6800F076FEBF
:1057800043461B68002B07D172B6FEE72B68B8E7CB
:105790002B68B5E72B68A9E7FFF7D8FEA6E72B68CB
:1057A000DB6A002BEAD13B68012BE7D85346186827
:1057B0004B461B68C01A0128E0D9FEF777FADDE7EF
:1057C00053464A461B6812689B1A012BC7D8B5E797
:1057D00072B6FEE7F02100200C220020EC21002010
:1057E0006C22002008220020BC220020F8B5CE4602
:1057F000474604000D0080B5414B002830D0210001
:10580000343120686960E16A2C602961216B28626B
:10581000606CE9616862A06CA860206D6861A06D31
:10582000A861052A31D01B689C421BD02A73032A29
:105830001BD000F01BFE334BA26A9A424DD000F001
:1058400021FE216B0B78A52B4DD100230133CA5CBF
:10585000A52AFBD09B08AB62C0BCB946B046F8BDD8
:105860001C68CCE700232B73ECE7274E3368013329
:105870003360A36A002B3BD002232B7300F0F6FDAC
:105880003368002B2CD172B6FEE71A6800239442CD
:1058900021D000F0EBFD1D4B66691B68A76A984696
:1058A0001B4B1B68994600F0EDFD164B216B9F4288
:1058B00023D0464519D04E4517D0164A01239642AB
:1058C00009D1A26A0133002A05D15E33E35C013BB2
:1058D0005A1E934102332B73B4E701232B73AEE7B7
:1058E000FFF734FEA5E70023B5E702232B73A9E7F2
:1058F0006023E35C012BBFD0C0E701232B73A1E73A
:10590000BC22002028220020EC2100204022002080
:105910003C22002014220020F0B54746CE4680B538
:1059200083B098460B9B07000D0014000C9E002BC3
:105930000AD0002E06D064230193019B642B05D06E
:1059400072B6FEE772B6FEE772B6FEE76422002189
:105950003000019B05F0AAF80B9B02223363612300
:10596000A400F254A52122000B9805F09FF8336B98
:10597000043C1C1907239C437464002D4BD0342233
:105980002B78B354002B43D06B780132B354002BE7
:105990003ED0AB780132B354002B39D0EB780132D2
:1059A000B354002B34D02B790132B354002B2FD0B9
:1059B0006B790132B354002B2AD0AB790132B35446
:1059C000002B25D0EB790132B354002B20D02B7A59
:1059D0000132B354002B1BD06B7A0132B354002B2D
:1059E00016D0AB7A0132B354002B11D0EB7A0132CE
:1059F000B354002B0CD02B7B0132B354002B07D0B7
:105A00006B7B0132B354002B02D04223AA7BF254A9
:105A100043230022F2540A9B032B01D972B6FEE7FE
:105A2000351DF3623365280000F058FE3000183051
:105A300000F054FE04230A9A39009B1AB3614246CF
:105A400020003661766200F04BFD306000F00EFD04
:105A5000394B3A4F1A6801321A603A68002A34D03A
:105A6000374BF26A98461B68002B04D13B68DB6A0F
:105A70009A4200D33E60334C33490B6801330B60CC
:105A8000B364324B1968914200D21A6093009B189C
:105A90009B00E1184A689068B260F06045609560CC
:105AA000E25871610132E25000F0ECFC43461B68A1
:105AB000002B04D03B68DA6AF36A9A420ED33000B6
:105AC00003B0C0BCB946B046F0BD3E601B68012BB8
:105AD00007D01B4BF26A98461A4CCDE700F0BAFC8F
:105AE000EDE7184C200000F0EDFD2000143000F030
:105AF000E9FD2000283000F0E5FD20003C3000F0FA
:105B0000E1FD134B9946180000F0DCFD114A10002E
:105B1000904600F0D7FD104800F0D4FD0F4800F08B
:105B2000D1FD4A460E4B1A6042460E4B1A60044B9A
:105B3000F26A9846A0E7C04610220020BC2200204E
:105B4000042200206C220020F421002008220020E2
:105B50005822002044220020282200201422002065
:105B6000402200203C220020F0B5C64600B50400CB
:105B700082B000280CD01D4D2B6801332B602B68A0
:105B8000012B0BD072B6FEE7FFF7E0FC002801D135
:105B900000F060FC02B080BCB846F0BD144B154E5E
:105BA0001F68154BE4191B689846144B1B68306836
:105BB0000193043000F0AEFD336831685C6004315D
:105BC000A74209D9019800F08DFD00F04FFC2B6829
:105BD000002BD9D172B6FEE7404600F083FD084B9A
:105BE0001A689442F1D21C60EFE7C046EC21002015
:105BF0000C220020BC220020402200203C22002059
:105C0000F0210020642330B583B00193019B642B05
:105C100001D072B6FEE7204C642200212000019BD7
:105C200004F044FF61230222E25480221B4DA5218F
:105C3000D2002800256304F039FFFF239B009C4617
:105C4000072365449D43164B201D6363656400F084
:105C500045FD2000183000F041FD042300221149C9
:105C60002800A3612461646200F03AFC20602000F7
:105C7000FFF742FA72B601220B4B52421A600B4BED
:105C800002321A6000220A4B1A6000F079FC094BBC
:105C90001B6803B030BDC0467C2100207C1D002065
:105CA00049444C45D1560410F02100200422002024
:105CB0000C220020483F0610024A1368013313608B
:105CC0007047C046EC21002010B500F0CFFB044B1C
:105CD0001B68002B01D172B6FEE7FFF737FC10BD41
:105CE000EC210020014B18687047C0460C220020B0
:105CF000014B18687047C0461022002070B5124D45
:105D0000124A2B6811681B180400994201D272B61E
:105D1000FEE712689A4203D02B681B192B6070BDF6
:105D20000B4B1B68002B01D172B6FEE7002801D196
:105D300072B6FEE700F09AFB064A013C1368013395
:105D4000136000F09FFBE7E70C220020F021002009
:105D5000EC21002000220020064B10B51B68002B10
:105D600002D1FFF725FB10BD034A00201368013361
:105D70001360F8E7EC21002000220020054B10B54D
:105D80001B68002B03D00122034B1A6010BDFFF7E4
:105D900043FAFBE7EC210020FC210020F0B5C646C9
:105DA0000C0000B5002821D01E4D2968183100F0E4
:105DB00099FC1D4B1E681D4B1F681D4B1B682868F6
:105DC0009846043000F0A6FC631C11D02B682968AB
:105DD000A4195C600431A6421FD8380000F082FC90
:105DE000144B1A68944215D21C6013E072B6FEE799
:105DF000114B29685A688A6090682968C8602968C8
:105E0000043141602968043191602A6853611A683D
:105E100001321A6080BCB846F0BD404600F062FC1A
:105E2000F8E7C046BC2200200C22002040220020BF
:105E30003C220020F021002014220020C368F0B58D
:105E4000DB68002B54D0D869196A9A6A816048606F
:105E5000180054681830844248D0002199621168B3
:105E600001391160274AD96A1268002A15D0264ADA
:105E70005468A568DC611D626860A0609A6213685E
:105E800001331360214B00201B68DB6A8B4203D275
:105E900001221F4B01301A60F0BD5A699C68D86816
:105EA0001D1DA06044605468AC4229D010680138C0
:105EB0001060184A1068884200D211608A001648A3
:105EC0005218920086187468A7689C60DF607D6035
:105ED000A5605E61835801338350104B1A681268C5
:105EE000002A07D10E4B013A1A60CBE75160B4E7A4
:105EF00072B6FEE71B68DB681A68094B1A60C1E7D7
:105F00005060D3E7EC21002028220020BC22002092
:105F1000FC210020082200206C22002040220020CA
:105F2000F021002010B5041E0AD000F09FFA054BA6
:105F30001B682360044B1B68636000F0A3FA10BD6C
:105F400072B6FEE7F82100200C220020034B1B68EC
:105F50000360034B1B6843607047C046F821002074
:105F60000C220020F0B5C64604000D0000B5002844
:105F70001CD0002918D000F079FA134A2B68116858
:105F8000581C1FD0114E60683768B84627684745CF
:105F90000ED088420CD8002301242B6000F072FA46
:105FA000200080BCB846F0BD72B6FEE772B6FEE7D0
:105FB0000F1ABB42EFD95B1A1B182B6033682360A2
:105FC000136863600024E9E70C220020F821002018
:105FD0000122014B1A607047FC2100200B4B00206E
:105FE0001B68002B03D10A4B1B68002B00D07047A5
:105FF000084B1B68002BFAD1074B084A1B68106836
:10600000013BC01A434258410130F0E728220020EA
:10601000FC21002000220020102200201422002059
:10602000014B18687047C046BC220020F8B5041E1A
:1060300021D0204DC26A2B68DB6A9A4214D2836950
:10604000002B04DB2B68D96A04235B1A836193005D
:106050009B18194E9B006269F3189A420DD02B6869
:106060000120DB6AE36205E02B68006DDB6A984281
:1060700080414042F8BD0020FCE7271D380000F0B9
:1060800049FB2B68DA6A0D4BE26219688A4200D933
:106090001A6093009B189B00F1184A689068A260F0
:1060A000E06047609760F258616101320120F25070
:1060B000E0E7C046BC2200206C220020082200201D
:1060C00070B5041E10D01A4B1B68834201D072B603
:1060D000FEE75B6D002B09D0C16A026D013B436591
:1060E000914201D0002B03D0002070BD72B6FEE7B4
:1060F000051D280000F00EFB0423226D9B1AA361EE
:106100000C4BE26219688A4200D91A6093000A496E
:106110009B189B00C81842689668A260E66075608C
:106120009560CA58606101320120CA50DDE7C0465F
:10613000BC220020082200206C22002070B5041E22
:106140000DD0436D002B01D172B6FEE7026D8A427D
:1061500000D20A00E16A914201D0012B00D070BD4B
:10616000164B1B68A34227D0A369E262002B02DB17
:1061700004239B1AA3618B00114D5B189B0062697D
:10618000EB189A42EBD1261D300000F0C3FA0D4BFC
:10619000E26A19688A4200D91A6093009B189B0032
:1061A000E9184A689068A260E06046609660EA5824
:1061B00061610132EA50D2E772B6FEE7BC220020EC
:1061C0006C22002008220020034B1868002802D00F
:1061D000436D013343657047BC220020F0B54E4645
:1061E0004546DE465746E0B5734D87B02B6891466D
:1061F000013301902B60714B1B688B4218D9002230
:106200006F4B00241A600AF09DFF6E4B186000F07F
:106210002DF92B68002B01D172B6FEE7FFF796F936
:10622000200007B0F0BCBB46B246A946A046F0BD70
:1062300044239A4600230293634B644A9846644B76
:1062400016009B464B46924404930595F36B002B36
:1062500045D0B76C574542D02C24029B00255C43A7
:10626000019B03969C46012399466444FE68002ED8
:1062700000D198E03300316B34336360F36AE1613D
:106280002361336826602362736C6362B36CA3601E
:10629000336D6361B36DA36143461B689E427BD03F
:1062A0004B46237300F0E2F8B36A5B457ED000F002
:1062B000E9F8316B0B78A52B73D100230133CA5C4D
:1062C000A52AFBD09B087F68A36201352C34574573
:1062D000CCD1029B039E9C46AC446346029314239C
:1062E0005B429C463B4B143EE2449E42AED1029C34
:1062F0002C262000019F049BBC4670439946364BD8
:1063000060441968059DFEF7EFFF04193000BC4694
:106310006043324B604419680197FEF7E5FF304B4C
:1063200004191A68002A19D01A00DF680832974247
:1063300014D00199230088466643B04444460026A1
:10634000924698462100F8680322FFF74FFA7F68CB
:1063500001362C345745F5D14446A4194B46002B41
:1063600027D00AF0EFFE174F3B68C01A4B46186063
:106370000022134B1A600AF0E5FE3860002C00D1B1
:1063800045E72C2100206143019B59181A682C33E2
:1063900090659942FAD13AE7002323730B78A52B35
:1063A0008BD000238FE743461E6863E74B46237379
:1063B0007DE7044FDCE7C046EC21002010220020DE
:1063C000E8210020E0210020BC2200206C220020D7
:1063D000282200201C220020402200203C220020F5
:1063E00014220020002382B00193064B1B68013366
:1063F00001D072B6FEE772B6019B002BFCD002B052
:106400007047C046842A00200A4B0B4A00211A60BC
:106410001A220A4B1A600A4B44321A60094B5A3A44
:106420001A60094A1160094A0949116007221A6075
:106430007047C046C822002000C40900C4220020C2
:10644000C022002010E000E018E000E014E000E0CE
:10645000FFC309008022044B52051A60BFF34F8F1F
:10646000BFF36F8F7047C04604ED00E072B6044A78
:10647000136801331360BFF34F8FBFF36F8F704703
:10648000842A0020064B1A68002A01D172B6FEE762
:106490001A68013A1A601B68002B00D162B6704777
:1064A000842A002010B500F0CBF80400FFF754FC5C
:1064B000002803D08022034B52051A60200000F010
:1064C000C3F810BD04ED00E010B58369023B1B78F2
:1064D000642B01D072B6FEE700F092F810BDC04602
:1064E00010B58024031F64041C60043B1960174925
:1064F000043B19601649043B19601649043B1960B6
:106500001549043B19601549043B1960043B1A60A6
:10651000134A043B1A60134A043B1A60124A043BB4
:106520001A60124A043B1A60114A043B1A60114A6D
:10653000043B1A60104A043B1A60104A043B1A607C
:10654000032344385B42036010BDC046E56304107A
:1065500012121212030303030202020201010101DB
:106560001111111110101010090909090808080863
:1065700007070707060606060505050504040404C3
:10658000194B30B51A68194BD16A83B0994201D0C2
:1065900072B6FEE7164B926B9A4201D072B6FEE7D6
:1065A000FF22144B1204196800240A431A60FF22C8
:1065B000196812060A431A600F4B1C60FFF724FF8C
:1065C0000E4D2C6000F034F8FFF7D8FB01942B68D7
:1065D000013301D072B6FEE772B6019B002BFCD0EE
:1065E000002003B030BDC04608ED00E0A1660410F5
:1065F0005166041020ED00E01CED00E0842A00202C
:10660000074A1168086804C8022181F31488203001
:1066100080F30988BFF36F8F1047C046C046C0465D
:10662000BC2200200000000000000000000000006C
:1066300062B6BFF34F8FBFF36F8F64DFC046C046B3
:10664000EFF3108072B6704780F310887047C04631
:10665000EFF309800E4A1168243808607346F8C0C9
:1066600044464D4656465F46F0C072B6FFF786FB7D
:1066700062B6074A116808681430F0C8A046A946F7
:10668000B246BB4680F309882438F8C81847C0468C
:10669000BC220020000000000000000000000000FC
:1066A00004207146084203D0EFF30980044B1847D9
:1066B000EFF30880024B1847C046C046C046C046AC
:1066C000C96404100300083301224360C3600361FE
:1066D00000235242826003607047C046002303617A
:1066E0007047C046030030B50D6808336A1C0DD0F2
:1066F0001C005B681A68AA42FAD94B60996003686B
:106700008C60013361600861036030BD04696368B7
:10671000F3E7C0460369416882688A60516059683E
:10672000814205D000220261186801381860704764
:106730005A60F7E703207047F0B54546DE465746F6
:106740004E46E0B5EA4C0500A54402911400EFF373
:10675000108A72B6E74B1A000393002313701AF0E5
:10676000F7FA06002800FFF7E5FF07002800FDF70D
:106770006FFE331CBE4200D93B1CDAB2AA4200D9DC
:106780002B1CDAB2824200D9031CD8B2DA4A81004B
:106790008B58019001338B50002800D151E2012821
:1067A00000D15AE2D54D6FA82C70029B8AAF2B7195
:1067B00001F05EFD2B7ADBB20593D14B9B889BB237
:1067C0000693D04B1A680792C02292009A585492AE
:1067D000C12292009A585592C22292009A5856921B
:1067E000C32292009A585792C42292009A587692E5
:1067F000C52292009A587792C62292009A587892AF
:10680000C72292009B587993BF4B1B680893BF4BDC
:106810001B6A09938023DB051A680A925A680B9257
:106820009A680C92DA680D921A690E925A690F9260
:106830009A691092DA691192DA6A12921A6B1392BB
:106840005A6B14921A8F5B6C92B21693B04B1592DE
:10685000DA6817921A7FD2B218929A8C92B2199271
:1068600028229A5CD2B21A922C229A5CD2B21B9243
:106870001A6B1C9234229A5CD2B21D921A8F92B279
:106880001E9248229A5CD2B21F9250229A5CD2B2D7
:10689000209254229A5CD2B2219258229A5CD2B2AF
:1068A00022925C229A5CD2B2239260229B5CDBB281
:1068B0002493984B1A6825925A6826921A7CD2B271
:1068C00027921A7DD2B2289224229A5CD2B22992BF
:1068D0001A8D92B22A92DA6A2B921B8E9BB22C935B
:1068E0008D4B1A685B925A685D929A8B5F921A8CF4
:1068F00061929A8C63921A8D6592DA6A67924C2241
:10690000995A6991196D6B919B6D6D93834B1968C1
:106910005C9159685E91998B6091198C6291998C08
:106920006491198D6691D96A68919A5A82A96A927E
:106930001A6D89466C929B6D7AA96E93B0231B06E3
:106940001B6888462D93764B49465A682E929A6862
:106950002F921A8A92B230929A8A92B231929A699E
:1069600032921A7FD2B233921A8E92B234925A6B0A
:1069700035929A6B3692DA6B37921A6C38925A6C5F
:106980009B6C39923A93674B9A8892B23B921A89E0
:1069900092B23C921A7CD2B23D921A7DD2B23E9211
:1069A0001A8B92B23F921B7FDBB240935E4B9A8868
:1069B00092B241921A8992B242921A7CD2B2439216
:1069C0001A7DD2B244921A8B92B245921B7FDBB2EF
:1069D0004693564B1A685B6847924893544B1A6823
:1069E00049921A7AD2B24A92C02212019B585A1E78
:1069F0009341504A5B4213404F4A94466344539339
:106A00004E4B5A6882921A687A929A688A92DB6828
:106A100092AA92934A4B93465A684A6041461A6832
:106A20004A609A6849467A605A46DB685360454B2B
:106A30005A688A6041461A688A609A684946BA600C
:106A40005A46DB689360404B5A68CA6041461A68F0
:106A5000CA609A684946FA605A46DB68D3603B4B85
:106A60005A680A6141461A680A619A6849463A6159
:106A70005A46DB681361364B5A684A6141461A68C8
:106A80004A619A6849467A615A46DB685361314BDC
:106A90005A688A6141461A688A619A684946BA61A9
:106AA0005A46DB6893612C4B5A68CA6141461A68A2
:106AB000CA619A68FA615A46DB68D3618123DB05B3
:106AC0005A684B921A7BD2B24C925A8B92B24D9228
:106AD0001A8B92B24E925A6A4F929A6A1B885092BF
:106AE0009BB25193C0231B069B685293019B35E0D8
:106AF00094FDFFFF0C000020CC220020000020406D
:106B00000000104000E100E020ED00E000009040B7
:106B100000003040000040400000A0400000B040B5
:106B20000000F0400000D0400000E04010E000E035
:106B300000007040AF1A33E551E5CC1A080000A000
:106B40001C0000A0300000A0440000A0580000A0DD
:106B50006C0000A0800000A0940000A0032B06D1D0
:106B60009022C023D20551689B050B4353603F4BD5
:106B70003F4D1B682C001E00643E049332002B0026
:106B8000643402CA02C3A342FBD13A4B049A58931D
:106B90001A60394B1A7919788023DB051B685B0A68
:106BA0004B409A434DD1552156205AAB5B185AA9F8
:106BB0001B78091809781B010B43112B00DD7AE2C1
:106BC0009023DB055B682D4A01201360599201F088
:106BD00059F8F9F775FA002001F054F8039B1B7877
:106BE000002B59D18021264A490053585B0617D4FF
:106BF000244B5458586A244B1B68984200D171E2C8
:106C00008023224A5B0311680909C81C984200D2FC
:106C100057E21F4B9C46614413681B098B42FBD112
:106C2000552256215AAB9B185AAA1B785218127833
:106C30001B011343112B00DD7FE2019B032B00D1CD
:106C400049E28AF3108800209B239B009D44F0BCFE
:106C5000BB46B246A946A046F0BD00210D4B1A7AAC
:106C60001972D2B230BF1A72EBE7C04600000410AE
:106C7000E0220020DC22002000002040180000203C
:106C800000E100E000ED00E0682300201000004873
:106C90000400F0FF000070400122EB4B1A83002239
:106CA0009A811A6108CD08C6A542FBD1589B049A67
:106CB00054991A60069AE54B40259A80079AE44B4E
:106CC0001A60C022920099505599043299505699F1
:106CD0000432995057990432995076990432995058
:106CE00077990432995078990432995079990432FD
:106CF0009950089AD74BD8491A60099B0A9A0B6297
:106D00008023DB051A600B9A5A600C9A9A600D9AE0
:106D10001798DA60109A1A9C9A610F9A5A610E9A23
:106D20001A61119A9A62DA61129ADA62139A1A63F4
:106D3000149A5A63159A1A87169A5A64C74AD060E9
:106D40001898107719989084282014541B9C0430AC
:106D500014541C98106334201D9C14541E981F9CBE
:106D6000108748201454209C08301454219C04306F
:106D70001454229C04301454239C04301454249C36
:106D8000043014542598B64A299C10602698506007
:106D90002798107428981075242014542A98108568
:106DA0002B98D0622C9810865B98AE4A10605D9844
:106DB00050605F9880B29083619880B2108463982D
:106DC00080B29084659880B210856798D0624C201C
:106DD000699CA4B214526B9C14656D9C94655C9C78
:106DE000A14A14605E9C54605AAC248B94835AACC4
:106DF000248C14845AAC248D94845AAC248E14852B
:106E0000689CD4625AAC6419248814526C9810653A
:106E10006E989065B0222D98120610604898934A9B
:106E200050600020906047981060914A2E98506002
:106E30002F989060309810823198908232989061AB
:106E40003398107735985063369890633798D063AD
:106E500038981064399850643A9890643498108641
:106E60003B98844A90803C9810813D9810743E98DD
:106E70003F9C1075402084431483409C1477419CB0
:106E80007D4A9480429C1481439C1474449C1475E4
:106E9000459C84434698148310774998774A539CBD
:106EA00010604A981072C020000114508298744AF1
:106EB00050607A9810608A9890609298D0604A46A4
:106EC0005068704A50604046406810607868906032
:106ED00058464068D0604A4690686B4A50604046C9
:106EE00080681060B868906058468068D0604A46F4
:106EF000D068664A50604046C0681060F86890608C
:106F00005846C068D0604A461069614A50604046A1
:106F1000006910603869906058460069D0604A4640
:106F200050695C4A506040464069106078699060E2
:106F300058464069D0604A469069574A506040467A
:106F400080691060B869906058468069D0604A4690
:106F5000D069524A50604046C0691060F86990603C
:106F60005846C069D06081224B98D20550604C9839
:106F700010734D9850834E9810834F9850625098DC
:106F8000906251981080C0225298120690600A7A3E
:106F9000002A2ED1029A002A2BD02B4A11890922CD
:106FA0000A40092A00D1CFE0274B1A891123134048
:106FB000112B00D1CDE0244B1A8921231340212B22
:106FC00000D1CDE0204B1A8941231340412B00D141
:106FD000CDE01D4B1A8981231340812B09D18023D9
:106FE000DB05DB699B0404D580230121184A5B0083
:106FF000D150019B032B00D191E0294B059A002130
:1070000000201A7200F080FF059BDB0700D418E611
:1070100000F016FA5AAB588002331B885B0546D441
:10702000204B1B881B0742D59021599BC9050A6933
:107030001B689B1A1B021B12DA179B185340202B4C
:1070400035DC0A692D322FE00000104800001040A6
:1070500000E100E020ED00E0000090400000304042
:10706000000040400000A0400000B04010E000E000
:107070000000F0400000D0400000E0400000704000
:10708000080000A01C0000A0300000A0440000A0E8
:10709000580000A06C0000A0800000A0940000A098
:1070A00000002040C00000200B699A42FCD215224B
:1070B000324B1A70C5E5324B00201A6000F004FF15
:1070C0007EE513681B09984200D8A9E513681B09DF
:1070D0009842F6D8A4E59022D205536829490B407E
:1070E0005360AEE5284B51581B688B4204D01268A0
:1070F0005C40224200D083E52449254B4A681B6846
:107100005A40D20000D57BE54A6853405B0100D469
:1071100086E5204B1B689B0700D481E570E5902233
:10712000D2055368174900200B4053601A4B059A4B
:1071300001211A7200F0E8FE66E7012000F0C4FEAB
:107140000F4B164A1A6078E5DB699B0500D54BE7C3
:107150002AE78023DB05DB695B0500D544E72AE7E6
:107160008023DB05DB691B0500D53DE72AE780238B
:10717000DB05DB69DB0400D536E72AE70000C04009
:1071800014000020FFFFFFCF6423002000ED00E08B
:107190006C23002010E000E000002040CCBCECFCA0
:1071A000F0B54F46D6464646C0B5077984460468D2
:1071B00082B0002F00D08DE08022D2055368A34317
:1071C00053600027E30706D580220F21D205D36A3A
:1071D0008B433B43D362A30707D58021F020C90529
:1071E000CA6A3B0182431343CB62630707D58022FF
:1071F000D205D36A57490B4039020B43D3622307A8
:1072000007D58022D205D36A53490B4039030B437B
:10721000D362E30607D58022D205D36A4F490B40DB
:1072200039040B43D362A30607D58022D205D36A63
:107230004B490B4039050B43D362630607D58022C7
:10724000D205D36A47490B4039060B43D362230664
:1072500007D58022D205D36A39071B011B090B43CE
:10726000D3620F2240218025002301269146494206
:10727000ED051A0020000832D04006420ED0DAB2E6
:10728000072B38D9083A072A4CD9484688402A8F14
:10729000824338008840024392B22A870133043186
:1072A000122BE6D1634680225B79D205012B1ED0DA
:1072B000D368A343D360634680229B79D205012B18
:1072C00011D09368A343936002B0E0BCBA46B146C4
:1072D000A846F0BD062F00D074E78022D20553687F
:1072E000234353606DE7936823439360ECE7D368CF
:1072F0002343D360DFE78020C005026B98009246ED
:107300000F22019082405046904382463A000198F5
:10731000013382405046104302008020C0050263C2
:107320000431A6E78020C005426B92462022904699
:1073300088444046113A824001905046904382462C
:107340003A00019882405046104302008020C00558
:107350004263A3E7FFF0FFFFFF0FFFFFFFFFF0FF18
:10736000FFFF0FFFFFFFFFF00023036083718380A7
:107370007047C0468023DB051B681840431E9841B8
:10738000C0B270478023DB05D86370478023DB05DC
:10739000186470478023DB05012901D01864704709
:1073A000D863FCE7802142680368C905012A1FD021
:1073B0000A699A430A618268012A10D0002A05D01E
:1073C0008021C9054A6913434B6170478022D20569
:1073D000916999439161516999435161F5E780221F
:1073E000D205916919439161516999435161ECE763
:1073F0000A691A430A61DEE78022D205D3690029AF
:1074000002D00343D36170478343D361FBE7C04697
:107410008023DB05986270478023DB055B6A184098
:10742000431E9841C0B27047044A136A012902D032
:1074300083431362704703431362FBE700009040ED
:10744000374B197A374BCAB21B899BB2002905D03A
:10745000022A33D00220042A2BD170470920184079
:10746000093842425041112240011A40112A27D0C6
:1074700021221A40212A29D041221A40412A2BD008
:1074800081221A40812A2DD002221900FF32114098
:10749000914230D01900244A1140914233D0052244
:1074A0001A40052A36D0DB439B07D6D10823184360
:1074B000D3E7083A53425A419000CEE70120CCE787
:1074C0002F32104321221A40212AD5D15F32104396
:1074D00041221A40412AD3D1BF32104381221A409F
:1074E000812AD1D18032FF32104302221900FF32AB
:1074F00011409142CED180221900D20010430A4A95
:1075000011409142CBD180221201104305221A4032
:10751000052AC8D1DB430B3210439B079DD1C5E739
:10752000000090400000104801040000054A0121BD
:10753000136B002802D00B43136370478B43136314
:10754000FBE7C0460000304070B54E4B04001B6B9B
:1075500001681B0700D56FE04B480901F8F700FEF2
:10756000484AC3099BB29384484B034001335B08EC
:107570009BB23F2B02D93F223F3B13402821414A77
:10758000DBB253540323602625790431505C1D403F
:107590006D01B043284350546579107F2B40B043B0
:1075A0005B01034313770123A579505C2B40082529
:1075B000DB00A84318435054107FA84303431377BC
:1075C000E379002B3DD10220535C83435354137F56
:1075D00083431377012215002A4B217A186B2C4E16
:1075E0000D406D02304028431863186B294D49083F
:1075F000284015001140090201431963617A186B94
:10760000254E0D403040AD0328431863186B234DC1
:10761000490811402840C90301431963A07A2C246A
:1076200002401020195D1201814311431955197F41
:1076300081430A431A7770BDC9001348F8F790FDDB
:107640008EE7022B0ED002250420535C2B435354AB
:10765000535C03435354137F2B431377137F03432C
:107660001377B7E702250420535C2B435354535C34
:1076700083435354137F2B431377137F8343137731
:10768000A8E7C046000030400000127A7F0080FF6B
:10769000FFFDFFFFFFFEFFFFFFBFFFFFFF7FFFFFBD
:1076A000044A138F002902D0034313877047834392
:1076B0001387FBE700003040024BC005C00D188067
:1076C0007047C04600003040FF20024B1B88184026
:1076D0007047C04600003040074B002805DB1B8B7D
:1076E0001840431E9841C0B270475B681840431E63
:1076F0009841C0B2F8E7C04600003040034B9B8F72
:107700001840431E9841C0B27047C0460000304048
:107710004423014AD052704700003040342210B553
:107720000724034920408B5CA34303438B5410BDC3
:10773000000030403421072210B5044C1040635C37
:107740003132C00093430343635410BD0000304006
:107750001022038B10B593430383038B10329343A2
:107760000383037D193A93430375037D31329343B9
:1077700003750B78802B27D00324028B2340A24370
:1077800013430383038B154A134003838022CB7872
:107790000374038B1343802203838B888380CB88FD
:1077A0000381038B9343038307234C78027D1C40A2
:1077B0009A43224302758978027D0B403821DB0011
:1077C0008A431343037510BD038B353A93430383F8
:1077D0008023028B5B0013430383D7E7FFFEFFFF89
:1077E0000023038043808380C3807047038B01297B
:1077F00003D0802293430383704780221343038383
:10780000FAE7C046002908D1038B01310A400F3145
:1078100012018B431343038370470129FCD1038B6F
:107820000A401F3152018B4313430383F4E7C046E0
:107830000321812310B50478DB052140C0245A6858
:107840008901A2430A435A6044780F2C29D05A6810
:107850001A490A40072121400E245A605A684900FB
:10786000A2430A435A60032281210479C9052240B8
:1078700030244B681201A34313434B608378082BD9
:1078800015D04B680E4A13404B6081210322C0780B
:10789000C9054B6802400B481202034013434B607A
:1078A00010BD80225968D2030A435A60DBE7802367
:1078B0004A681B0113434B60E7E7C046FFFFBFFF69
:1078C000FFF7FFFFFFFCFFFF012806D081221021F8
:1078D000D20513880B43138070478123DB055A6858
:1078E000520205D58022198852000A431A80F3E714
:1078F00004211A880A4301211A801A880A431A802F
:10790000EAE7C04601280AD081234021DB051A8816
:107910000A4302211A801A888A431A8070478122FA
:107920000221D20513880B431380F7E78122D20589
:107930001388012803D080218B4313807047802156
:107940000B431380FAE7C0468123DB051B7C1840FC
:10795000431E9841C0B27047F8B58123DB055A68D1
:107960000500520350D4D88A80B28123DB055B68BE
:1079700000B29B059E0F01F05FFB041C072D41D850
:10798000894BAD005B599F468123DB055B685B0338
:1079900000D5F3E0854D300001F092FB8122D20545
:1079A0005368061C1B069B0F012B03D053681B0654
:1079B0009B0F06D18123DB055B685B0300D5EDE0FF
:1079C0007B4D291C201C00F007FF7A4901F088F844
:1079D00002F02CFE02000B007748784902F022FBEF
:1079E0000D00FE2104008905301C00F079FD02F035
:1079F0001DFE02000B002000290002F0EDF802F04D
:107A000057FE041C201CF8BD988A80B2ADE7812384
:107A1000DB055B685B0300D5B9E0644F300001F023
:107A20004FFB8122D20553681B069B0F012B03D00D
:107A300053681B069B0F06D18123DB055B685B0344
:107A400000D5A7E05A4FFE21890500F049FD391CF9
:107A5000051C201C00F0C0FE011C281C01F040F891
:107A6000544901F03DF8041CCCE78123DB055B6839
:107A70005B0300D588E04D498122D20553681B067F
:107A80009B0F012B03D053681B069B0F06D181234C
:107A9000DB055B685B0300D584E04549201C00F0F2
:107AA0009BFE444901F01CF802F0C0FD02000B00EF
:107AB0004148424902F0B6FA02F0FAFD404901F0AD
:107AC0000FF8404901F004F9041C9BE78123DB0512
:107AD0005B685B0355D435498122D20553681B0688
:107AE0009B0F012B03D053681B069B0F05D18123ED
:107AF000DB055B685B0353D42D49201C00F06CFE52
:107B00002C4900F0EDFF02F091FD02000B002A4825
:107B10002A4902F087FA02F0CBFD2B4900F0E0FF82
:107B2000041C6FE78123DB055B685B0323D41F4DD7
:107B3000300001F0C5FA8122D2055368061C1B06ED
:107B40009B0F012B03D053681B069B0F05D181238C
:107B5000DB055B685B031FD4154D291C201C00F05E
:107B60003BFE144900F0BCFF02F060FD124A134BCB
:107B700001F0E4FA34E78E25ED05D9E78E25ED0511
:107B800009E78E21C905A7E78E21C90574E78E276D
:107B9000FF0543E70D4F56E70C4DDEE70B4D10E7B1
:107BA0000A49AAE7094979E74C3F061000720A47DB
:107BB000002C21479A991940333333333333E33F51
:107BC0000080C843008085431F858B400003154714
:107BD0008123DB055A68520302D4D88A80B27047E9
:107BE000988A80B2FBE7C046014B18607047C046D8
:107BF000000070400121044B1A7A0A4302211A72D4
:107C00001A7A0A431A727047000070401F2170B53B
:107C10000124037819408C4081785A09002904D145
:107C20002032164B9200D45070BDFF260321350040
:107C3000407819408001C90006408D408E4058B2FE
:107C4000ED43310000280BDB0C489B088446C02024
:107C50009B00634480001E5835400D431D50E0E7F3
:107C60000F2003400648083B84469B089B00634462
:107C7000D86928400143D961D3E7C04600E100E05C
:107C800000ED00E0054A04211369002802D00B43EF
:107C9000136170478B431361FBE7C04600ED00E0C2
:107CA0007047C0467047C0467047C0467047C046E0
:107CB0007047C0467047C0467047C0467047C046D0
:107CC0007047C0467047C0467047C0467047C046C0
:107CD0007047C0467047C046012130B52E4A85B076
:107CE000137A03240B43137200222C4B1A606B4649
:107CF0009D1CFFF7A5FB28802B88002B03D1013C9E
:107D0000E4B2002CF5D12B881F2B02D8012005B03E
:107D100030BD2B885B0524D401AC200000F0A8FA0C
:107D20006278A37812011A431D4B1B681B0725D5E7
:107D300090211C48C9050C690368283B1B1B1B02CA
:107D4000002B0EDD112A08DD8022174B52029BB258
:107D50001343CB60CB681342FCD190230268DB0550
:107D60005A600122114B1A70F8F7D3F9BFF34F8F05
:107D70000F4B104ADA60BFF34F8FFEE7112AF0DD98
:107D800080219022084B49029BB20B43D205D3605D
:107D9000D3680B42FCD1E4E700002040140000202F
:107DA000C0000020180000201C0000200C00002053
:107DB00000ED00E00400FA0510B5FFF78DFF1B4849
:107DC0001B4B984207D2013B1A1A920801321949FB
:107DD000920002F0FCFE1848184B984207D2013B73
:107DE0001A1A920801321649920002F0F0FE154864
:107DF000154B984207D2013B1A1A92080132002112
:107E0000920002F053FE1148114B984207D2013BF9
:107E10001A1A920801320021920002F047FE0D4B1F
:107E200083F30888F8F7E4FA10BDC046B8240020B0
:107E3000D82A002034480610080000203400002012
:107E400008480610C0000020CC020020D00200200C
:107E5000B8240020006000201723F621962070B57A
:107E600001250024174A82B0FF3193810002158357
:107E70001461138B002BFCD013690139019389B273
:107E8000019B002914D08342F1D8012600250D4A18
:107E900016831561138B002BFCD01369019898424F
:107EA0000DD20198181A019C0193A40A844201D3AF
:107EB00002B070BD013989B20029E9D1F8E7019813
:107EC000C01AF0E700001048802330B50D4C5B026B
:107ED0002204120C1A43002806D09021C905CA605A
:107EE000CA681A42FCD130BD0425A078A178C0B27E
:107EF000A943A1709021C905CA60CA681A42FCD181
:107F0000A070F0E71C000020F0B54F464646D6466C
:107F1000C0B58AB003AC22007B4B05000E0083CBBA
:107F200083C283CB83C21B78684613706F4600F010
:107F30009FF9002D33D044230121744AA373137A8F
:107F40000B4313726C23E372513B2375704B714AE0
:107F50001B68190C91424FD06F4B6E4A1B68190C6D
:107F6000914258D06D4B6B4A1B68190C91423AD024
:107F70000422E37A9343E3727878BB7800011843D4
:107F8000112858DC802190222404240C49020C433F
:107F9000D205D460D3680B42FCD111286BDC604A57
:107FA000138B002BFCD00123138316339381002302
:107FB0001361002E09D090221021D2051069136997
:107FC00043401942FBD0FFF747FF002D02D0152296
:107FD000544B1A70544B554A1A600AB0E0BCBA466A
:107FE000B146A846F0BD0322E17D9143E175E17DF4
:107FF0001A400A43E275BBE77022E17D1B01914301
:10800000E175E17D1A400A43434BE2751B68414A22
:10801000190C9142A6D1302261791B019143617103
:1080200061791A400A433D4B62711B68394A190C49
:1080300091429DD1D7E7E37D1343E375E37DDBB246
:108040009C463B4B1A78002A50D0002100229A5CB3
:1080500001328A18D2B29F5C1100002FF7D11C2A7E
:1080600034D90222334B1A7033325A7062469A70F6
:108070000022DA7086E72E4B1A78002A3DD00021C4
:1080800000229A5C01328A18D2B2985C1100002852
:10809000F7D11C2A00D982E799188846571C941CEE
:1080A000D01C022199542122DA55193A1A5500227E
:1080B0001A544346802190221B041B0C49020B4397
:1080C000D205D360D3680B42FCD168E7511C8846C7
:1080D000D11C8A46971C02219954352241465A5494
:1080E00062465146DA5500225A54BAE703229246B4
:1080F000023A904602270022EDE798460320022428
:1081000001270022CDE7C046101D061000002040C8
:10811000E807001055AA0000E4070010B00700109F
:10812000000010480000C04014000020CCBCECFC53
:10813000442300201C000020F0B50822D6464F46FC
:108140004646C021434BC0B59A80434A434D136A0B
:1081500009042B4089460B43C0211362136A0906A8
:108160001B021B0A0B431362C022FF2092009046A1
:108170003B4B84469A58474682433F3882460243E7
:1081800040461A501A58C020364E00023240024370
:10819000DA51C122644692009F58A74354462743B0
:1081A0009F509C582700374007439F509C582700FA
:1081B0002F409F509C582402240A27000F439F50B1
:1081C0000832904644469A58324002431A511A598E
:1081D0004C462A40224344461A511A591202120AA6
:1081E0000A431A51C4229200904644469A5832409B
:1081F00002431A511A594C462A40224344461A5106
:108200001A591202120A0A431A51C52292009C58A6
:1082100027006446A7433C00574627434C469F50DF
:108220009F583E40304398509858284004439C50F3
:1082300098580002000A0143995001200121FFF7DC
:1082400063FE094B094A1A6262B6E0BCBA46B146FF
:10825000A846F0BD0000104000ED00E0FFFF00FF69
:1082600000E100E0FF00FFFF0000904066000E000C
:1082700010B51249124CCB691B061A0FCB691B07AC
:108280001B0F83700F4B196801234160A14208D175
:108290000D490E4B8C461B68634459424B415B00B1
:1082A00002330370131CD2B2002A00D101234370A1
:1082B000074B9B8A01339B00836010BD00009040F8
:1082C00041A0000228009040BC5FFF0D1C00001080
:1082D00000001040F0B5114B114D0400D869DB6966
:1082E000104E2F6800061B070125000F1B0FB74219
:1082F0000AD10D4F0D4EBC4636686644771EBE410E
:108300007642AE4335000435094EB68A2570C4B2B4
:10831000002C00D1012008701370F0BD00009040C7
:108320002800904041A00002BC5FFF0D1C0000101F
:1083300000001040F7B5040C0D0091B20F0061432E
:108340008C460600019383B2100C5F4344435843AC
:108350003B0C60441B18994202D9802149026418E1
:10836000019955437143180C04191B04BFB24919F4
:10837000D819091903B0F0BD9E2110B5C905041C18
:10838000F7F766FF00280AD09E21201CC90500F0DF
:108390009FFC00F033FE80231B06C01810BD201C7C
:1083A00000F02CFEFAE7000070B500220B4B040031
:1083B0000D00F7F7D7FF00280BD0084B0022200054
:1083C000290001F02FFE02F0FFF880231B06C018E1
:1083D00070BD2000290002F0F7F8F9E70000E04145
:1083E000F0B587B006000F00059204938B4200D9C8
:1083F00066E001D1824263D804990598F7F7DAFF65
:10840000390001903000F7F7D5FF019B04991B1A42
:108410001A0005980193F7F765FF04000D00B942B3
:1084200046D801D1B04243D801200021019AF7F784
:1084300059FF361BAF4102900391019B002B2ED0B8
:10844000E90762080A4301996B088C46012400255C
:10845000BB4232D801D1B2422FD830003900801A45
:108460009941001849410019694106000F00012196
:1084700049428C4461460029EAD1029C039D3000A8
:108480003900019AF7F722FF019AA4197D410600ED
:108490000F00F7F727FF241A8D41029403950C9BD8
:1084A000002B01D01E605F600298039907B0F0BDF9
:1084B0000022002302920393BFE7B6197F41D6E75B
:1084C0000023002402930394E9E742780378120220
:1084D0001A438378C0781B0413430006184370477F
:1084E000F0B543025A0A85B044004F0003924A0295
:1084F000240EC50F3F0E500A01909B09C90F920927
:10850000E01B8D4200D096E0002836DD002F13D10D
:10851000002A07D0461E012802D101249B181EE024
:10852000FF2810D1DB08FF2861D1002B5FD080220B
:10853000D203FF2013435AE0FF2C00D13FE18021FA
:108540000600C9040A4301211B2E07DC2020801BE2
:1085500011008240F140501E824111435B185A01C4
:1085600000D413E1601CFE2C00D1D8E00122974911
:108570001A405B080B4013435BE0002820D0381BF7
:10858000002C08D1002B04D0441E0128C5D0FF28A0
:1085900008D11300C6E7FF2F00D109E180210400B4
:1085A000C9040B4301211B2C07DC2020001B1900F0
:1085B0008340E140581E834119433C008B18CEE7AD
:1085C000FE21601C084230D1002C1BD1002B00D1B1
:1085D000ECE0002A00D1E0E09A1880211000C904E4
:1085E0000840D3080A4202D00120794A1340FF22F2
:1085F000C005D2055B0210405B0A1843ED07284313
:1086000005B0F0BD002B00D1D4E0002A00D1D2E0AB
:1086100080210398C903884203D30198884200D27D
:108620001300DB080193029580E0FF2877D09B18A8
:108630005B080400AAE0002827DD002F1DD1002AD6
:1086400000D16FE7461E012802D19B1A01240EE0DB
:10865000FF2800D166E701211B2E07DC2020801BAC
:1086600011008240F140501E824111435B1A5A01B1
:1086700000D48BE09B019E096FE0FF2C00D19EE0AF
:108680008021C90406000A43E5E7002824D0381BEE
:10869000002C0BD1002B07D0441E012802D10D0065
:1086A000D31AD3E7FF2808D10D0072E7FF2F00D1BE
:1086B00083E08024E4042343040001201B2C07DC16
:1086C00018002025E0402C1BA3405C1EA34118434A
:1086D0003C000D00131ACAE7671CFE26BC46374053
:1086E00002976746374233D1002C1AD1002B06D1AE
:1086F0001D00002A00D17AE70D00019B77E7002AD0
:108700004BD09C1A660106D50D00D31A0020834277
:1087100000D16CE78DE7231E00D003E7050000239E
:1087200065E7002B05D1002A4BD00291019B029DE9
:10873000FDE6002A3FD08020039CC003844200D283
:108740006FE7019C844200D36BE713000D0068E7DC
:108750009E1A770114D50D00D61A3000F7F70CFEDB
:1087600033000538834084420DDC2022001B013099
:10877000121A19009340C1405A1E93410B43C5E79A
:10878000002ECBD0E9E7134A241A13405A0704D02D
:108790000F221A40042A00D004335A010FD5601C5E
:1087A000FE2CBCD00A4ADB08134020E71300ADE7DB
:1087B0003800EEE61300FF20B4E6380074E720002E
:1087C000B0E68023DB030193B0E7C046FFFFFF7DE7
:1087D000FFFF7F1FFFFFFFFBF0B5C30F85B0440213
:1087E00045000391640A2D0E01932ED0FF2D39D040
:1087F0008023E400DB047F3D1C4302950027039B9C
:108800005D025E00DB0F6D0A360E039330D0FF2E43
:108810003BD08023ED00DB041D4333007F3B002170
:108820000398019A42400298D2B2C31AB800084392
:1088300001380E2842D8F7F735FD6CA87EA89DA810
:108840007E6C6C9D7E2E2E2E720001270294002CD1
:10885000D5D02000F7F790FD773F431F9C403B1A8F
:108860000293CBE703270295002CC8D1013FC6E74E
:108870002B000121002DD3D02800F7F77DFD431FE9
:108880009D4076235B421B1AC9E733000321002D6C
:10889000C6D10139C4E73900019A022939D0032928
:1088A00000D170E00025280001291ED16D026D0A5B
:1088B000C0052843D207104305B0F0BD64016D0127
:1088C000AC4228D31A200121641B0126270049004D
:1088D0006400002F01DBA54201D8641B314301383D
:1088E0000028F3D1601E84410C4318007F3000281B
:1088F00024DD610704D00F212140042900D0043475
:10890000210103D58033180023490C40E508FE28D7
:10891000CCDD00250DE01B200021013BD5E78023A5
:10892000DB031C4201D01D4229D08025019AED03B2
:108930002543FF20BAE72C00039AAEE7012100256A
:10894000091A28001B29B1DC9E3325009C40CD402C
:10895000631E9C4125436B0704D00F232B40042B3F
:1089600000D0043580232800DB0418401D420FD1BD
:10897000ED089BE7002380240193E403D5E7039BE4
:108980002C000193D1E70192CFE7002528008DE765
:10899000002501208AE7C046FFFFFFF770B54B00B6
:1089A000440245004E02C20F640A01202D0E760AD1
:1089B0001B0EC90FFF2D06D1002C13D1FF2B11D197
:1089C000002E06D00EE0FF2B0CD09D420AD1B442FF
:1089D00008D100208A4205D00130002D02D12000AC
:1089E000431E984170BD30B5420245004C02C30F92
:1089F0004800520A2D0E640A000EC90FFF2D01D146
:108A0000002A19D1FF2801D1002C15D1002D20D129
:108A1000002813D1002A1ED1002C21D001200029CA
:108A20001ED102381CE08542F8DBA2420CD800209F
:108A3000A24215D20130F2E7022008E0002AEDD070
:108A400099420AD18542EEDD0120002908D040423A
:108A500006E00028F4D1002CF2D10120002BF6D141
:108A600030BD30B5420245004C02C30F4800520AE7
:108A70002D0E640A000EC90FFF2D01D1002A19D155
:108A8000FF2801D1002C15D1002D20D1002813D1B1
:108A9000002A1ED1002C21D0012000291ED102382D
:108AA0001CE08542F8DBA2420CD80020A24215D27D
:108AB0000130F2E7022011E0002AEDD099420AD1FC
:108AC0008542EEDD0120002908D0404206E0002862
:108AD000F4D1002CF2D10120002BF6D130BD0000E2
:108AE000F0B5C30F85B04702440003917F0A240EFE
:108AF00002930AD0FF2C71D080227F3C26000023F5
:108B0000FF00D204174301930CE001233E1E0193A2
:108B100008D03800F7F730FC7626431F9F40764296
:108B2000361A0194039B5C025D00DB0F640A2D0E74
:108B300003935AD0FF2D64D080232800E400DB0487
:108B40001C437F380023019986198800721C184342
:108B50000A2800DD7EE00299039D69400291022807
:108B600055DC0138012864D9B9B20D003B0C200C4A
:108B7000A4B2654341435C43434309191F002B0CD6
:108B80005B189C4202D9802149027F181904ADB2BA
:108B90004D19AC01611E8C411B0CAD0EDB192C4331
:108BA0009B011C431B0167D5012361081C400C433A
:108BB00010007F30002861DD630704D00F232340BD
:108BC000042B00D00434230103D5803210003F4B26
:108BD0001C40E108FE2834DD00214BE00323260081
:108BE0000193002F9ED1013B8DE720000123002C33
:108BF000A9D0F7F7C1FB431F9C4076235B42181AAC
:108C0000A0E728000323002C9DD1013B9BE7012115
:108C10008140A6200D00C000054001421ED19020D9
:108C20008000014246D1B938FF3801429CD00399F7
:108C30000291022BD0D0032B42D000210800012B3F
:108C4000B6D1029B4902490AC0050843DB07184315
:108C500005B0F0BD0F2804D00B28E8D03C00019BE4
:108C6000E7E78023DB031F4201D01C4226D080218E
:108C7000C9033943FF20E4E7320099E701230021CB
:108C80001B1A08001B2BDCDC9E3221009440D940CB
:108C9000631E9C4121434B0704D00F230B40042B40
:108CA00000D0043180230800DB041840194209D1A8
:108CB000C908C6E780270295FF03D8E7039B029304
:108CC0002700D4E700210120BBE7C046FFFFFFF7E4
:108CD000F0B543025A0A85B04F02440002924E009A
:108CE0007A0A9446C50F0092240E9B09360EC80FCF
:108CF000D200FF2E02D10100002A01D10121414002
:108D0000A01BA94200D093E0002836DD002E13D12D
:108D1000002A07D0461E012802D101249B181EE01C
:108D2000FF2810D1DB08FF285ED1002B5CD0802209
:108D3000D203FF20134357E0FF2C00D13DE18021F7
:108D40000600C9040A4301211B2E07DC2020801BDA
:108D500011008240F140501E824111435B185A01BC
:108D600000D411E1601CFE2C00D1D5E0012296490F
:108D70001A405B080B40134358E0002820D0301BFA
:108D8000002C08D1002B04D0441E0128C5D0FF2898
:108D900008D11300C6E7FF2E00D107E180210400AF
:108DA000C9040B4301211B2C07DC2020001B1900E8
:108DB0008340E140581E8341194334008B18CEE7AD
:108DC000FE21601C08422DD1002C18D1002B00D1AF
:108DD000EAE0002A00D1DEE09A182000D308520110
:108DE00002D50120794A1340FF22C005D2055B025B
:108DF00010405B0A1843ED07284305B0F0BD002B77
:108E000000D1D5E0002A00D1D3E080210298C90327
:108E1000884203D30098884200D21300DB089C46A6
:108E2000019580E0FF2877D09B185B080400ABE039
:108E3000002827DD002E1DD1002A00D172E7461E32
:108E4000012802D19B1A01240EE0FF2800D169E716
:108E500001211B2E07DC2020801B11008240F140E5
:108E6000501E824111435B1A5A0100D48CE09B01D1
:108E70009E096FE0FF2C00D19FE08021C90406000D
:108E80000A43E5E7002824D0301B002C0BD1002B2F
:108E900007D0441E012802D10D00D31AD3E7FF28C2
:108EA00008D10D0075E7FF2E00D184E08024E40492
:108EB0002343040001201B2C07DC18002025E04080
:108EC0002C1BA3405C1EA341184334000D00131A51
:108ED000CAE7FE27661C03963E400196039E3E426B
:108EE00033D1002C1AD1002B06D11D00002A00D14D
:108EF0007AE70D00009B77E7002A4CD09E1A770195
:108F000006D50D00D31A0020834200D16CE78DE70F
:108F1000331E00D006E72500002365E7002B05D1AE
:108F2000002A4CD001916346019D00E7002A40D001
:108F30008020029CC003844200D26FE7009C8442E0
:108F400000D36BE713000D0068E79E1A770114D574
:108F50000D00D61A3000F7F70FFA330005388340BA
:108F600084420EDC2022001B0130121A19009340AB
:108F7000C1405A1E93410B43C5E7002EEAD10500BC
:108F8000CAE7134A241A13405A0704D00F221A4082
:108F9000042A00D004335A010FD5601CFE2CBBD02C
:108FA0000A4ADB0813401FE71300ACE73000F0E685
:108FB0001300FF20B6E6300073E72000B2E68023FE
:108FC000DB039C46AFE7C046FFFFFF7DFFFF7F1F2F
:108FD000FFFFFFFB42024B0240004900520A5B0ABE
:108FE000090E000EFF2802D1FE38002A05D100200C
:108FF000FF2902D11800431E9841704741024300E7
:10900000C20F490A00201B0E7E2B03DD9D2B02DDC3
:10901000084BD0187047802000040843952B05DDCD
:10902000963B9840002AF5D04042F3E79621CB1AB0
:10903000D840F7E7FFFFFF7F70B503000400051E6F
:109040000ED0C21785185540C40F2800F7F794F9C1
:109050009E231B1A962B0ADC08282BD00838854043
:109060006D026D0AD8052843E407204370BD992B93
:109070001BDD020029001B3291400A00511E8A416B
:109080000521091ACD4015430B4A2A4069070FD024
:109090000F210D40042D0BD00432D508510107D506
:1090A0009F23064A1B1A1540DAE7421F9540EBE75B
:1090B000D508D5E79623D3E7FFFFFFFBFFFF7F1F10
:1090C000002310B50400984209D0F7F755F99E2304
:1090D0001B1A962B08DC082829D008388440640223
:1090E000D805640A204310BD992B1BDD0200210026
:1090F0001B3291400A00511E8A410521091ACC40B9
:1091000014430C4A224061070FD00F210C40042C5D
:109110000BD00432D408510107D59F23064A1B1AED
:109120001440DCE7421F9440EBE7D408D7E79623CE
:10913000D5E7C046FFFFFFFBFFFF7F1FF7B5DF0F3F
:10914000BC460D034C001E03C90F00916D0A410F70
:10915000760A570F294337435D00009E640D6D0D5D
:10916000C000D200631B664500D02EE1002B00DC5E
:109170007AE0002D3CD13D0015431ED05D1E012B31
:1091800018D1821882428041C91940420918100042
:109190000A0200D402E1BA4A0133934200D18AE2C2
:1091A000B84C42080C40012101400A43E00710433B
:1091B0006108F3E0B24EB34222D14C07CA08B0496D
:1091C000C00804438B4206D12100114300D175E24F
:1091D000802109030A432000AB4C1B0512032340E6
:1091E000120B1343009AD2071343190003B0F0BDCA
:1091F000A34DAC4200D1DDE180252D042F431D009D
:10920000382D2CDC1F2D19DC20233E005B1B9E40DB
:10921000B44616000193EE4063461E43019BEF40A7
:109220009A4013005A1E934133431B1883428041D6
:1092300079184042091818002300A9E72B003E00C6
:10924000203BDE400023202D03D040335B1B9F409A
:109250003B0013435A1E934133430027E5E73B008D
:1092600013435A1E9341F8E7002B50D02B1B002CC0
:1092700012D10C0004430CD05C1E012B06D18018C7
:1092800090429241C9195242891881E77C4EB342FB
:109290000AD13900100090E7794CA54200D104E2D0
:1092A0008024240421431C00382C2BDC1F2C18DCC8
:1092B00020230E001B1B9E40B44606000193E6408F
:1092C00063461E43019BE14098400300581E8341C2
:1092D0003343981890429241C91952422B00891881
:1092E00056E723000E00203BDE400023202C03D055
:1092F00040331B1B99400B000343591E8B413343E2
:109300000021E6E70B000343591E8B41F8E75F4D50
:10931000631C2B4234D10B000343002C14D1002BCF
:1093200000D1BDE13B00134300D11EE1821882420F
:109330008041C919404209180B0200D4B1E1514BD8
:1093400010001940012338E7002B00D1ADE13C00AB
:109350004B4B144300D130E74B07C0081843CB08F0
:10936000802109030B4206D0FC080C4203D12300E4
:10937000D0087F073843410FDB001943C00019E1D3
:109380003F4CA34200D196E1821882428041CF191E
:1093900040423F18F807520810437908420709D0A5
:1093A0000F220240042A05D0021D82428041404221
:1093B000091810000A0200D4FFE6314A0133934233
:1093C00000D178E12F4A1140F7E6002B60DD002D37
:1093D00036D13D00154300D1EFE65D1E012B0DD1C6
:1093E000821A90428041C91B4042091A10000A02A9
:1093F000D4D549021C004D0A019008E1204EB34229
:1094000000D1DAE6382D35DC1F2D22DC20233E008A
:109410005B1B9E40B44616000193EE4063461E431C
:10942000019BEF409A4013005A1E93413343C31AE5
:1094300098428041C91B4042091A18002300D6E710
:109440000F4DAC4200D1B5E080252D042F431D0007
:10945000D8E72B003E00203BDE400023202D03D028
:1094600040335B1B9F403B0013435A1E93413343E1
:109470000027DCE73B0013435A1E9341F8E7C04640
:10948000FF070000FFFF7FFF0000F07FFE070000E6
:10949000002B54D02B1B002C15D10C0004430FD0F3
:1094A0005C1E012B09D1101A824292416346791A3F
:1094B00052420093891A012399E7814EB3420AD19F
:1094C00061460091E5E67E4CA54200D1EBE08024A8
:1094D000240421431C00382C2CDC1F2C19DC2023F5
:1094E0000E001B1B9E40009333000600E6401E4307
:1094F000009BE14098400300581E83413343D01A3B
:1095000082429241791A5242891A62462B00009295
:109510006DE723000E00203BDE400023202C03D00B
:1095200040331B1B99400B000343591E8B413343AF
:109530000021E4E70B000343591E8B41F8E7614E1D
:10954000651C354250D10E003D0006431543002CEA
:1095500028D1002E0FD1190018000093002D00D142
:109560002BE6390010006346009303000B4300D143
:109570009EE0002312E7002DF7D0851AA842B641DD
:10958000CC1B7642A41B260206D5101A82429241B9
:10959000791A5242891AE6E7280020435CD021005C
:1095A0002800E2E7002E07D1002D7CD18021180091
:1095B0000093C903424B00E6414B002D00D1FCE56E
:1095C0004B07C0081843CB08802109030B4200D188
:1095D000D1E6FC080C4200D0CDE6D00862467F07F9
:1095E000230038430092C6E6851A0195A842AD4192
:1095F0006D422E00CD1BAD1B2E022AD5131A9A42A6
:109600009241019363467F1A5242BD1A0093002D86
:1096100025D02800F6F7B0FE0300083B2022019970
:109620000198D21A9D40D140984029439C4233DC96
:109630001B1B5A1C1F2A1EDC20230D009B1A040032
:1096400098409D40D440431E98412543D140284333
:109650008BE701982843DAD101000090ADE501982D
:10966000F6F78AFE030018331F2BD7DD019908385F
:1096700081402800DAE70C001F3BDC400023202A51
:1096800003D040339B1A99400B0003435A1E934169
:1096900020000021184368E70B4AE31A11407DE6D9
:1096A0003900100061E7634600933900100081E73C
:1096B0001900180081E5002108007EE50A008AE50E
:1096C000FF070000FE070000FFFF7FFFF0B589B035
:1096D000009201930D034B00CA0F060004002D0BEE
:1096E0005B0D039245D0644A93426BD0420FED006C
:1096F0001543802212042A430292604AC4009F1834
:109700000026019B019A1D03D20F5B0000982D0BD0
:109710005B0D069266D0584A934200D189E0ED0075
:109720005649420F2A4380255B189C462D04154359
:10973000C2000021069B03985840C3B205936346BC
:10974000B0000843FB1A013804930E2800D999E0B1
:10975000F6F7B2FD8E002D02D3012D021E022D025E
:10976000D3018E008E001E02D3017E007E007E009B
:10977000C5012B00034302932CD0002D15D02800E7
:10978000F6F7FAFD010003000B391D22521A3100D1
:109790001800D140083885400A002A43350085402A
:1097A0000292374F2C00FF1AAAE7F6F7E5FD0100F9
:1097B0000300153120331C29E7DD320008388240D0
:1097C0000292EEE702002A43029207D114001F0022
:1097D000022696E7029C0126270092E71F00032637
:1097E00002958EE7009A2A432AD0002D15D0280032
:1097F000F6F7C2FD010002000B391D2310005B1AB1
:10980000009908388540D9402943009D85401C4B6C
:109810009B1A9C462A000D008BE7F6F7ADFD010070
:109820000200153120321C29E7DD009908388140FB
:10983000EDE7009A2A4307D115009C46022179E7FB
:1098400015009446012175E702009C46032171E74B
:109850003100039B0593022900D1ACE1032900D11B
:10986000A2E1012900D001E100242300220026E129
:1098700000231C00004A22E1FF07000001FCFFFF5B
:109880000DFCFFFF029B9D4204D300D022E1A242C7
:1098900000D91FE1029BE607D907630819430C00B2
:1098A000029B5B08029313022D02170E00932B0CF0
:1098B0002F4306930699BBB202980393F6F78CFCEC
:1098C000BBB243430A04210C050011438B4207D964
:1098D000C919013D8F4203D88B4201D9851EC91990
:1098E000C81A0699F6F778FCBAB242430904A4B242
:1098F00003000C43A24207D9E419013BA74203D855
:10990000A24201D9831EE4192D041D43A41A009B11
:10991000009A1B0C12040393120CABB207925A4329
:1099200007980292039A290C484353435143029AE1
:109930001B18120C94466344984202D980225202AA
:109940008918029A180C12041B04120C40189A1859
:10995000844203D302951ED196421CD26B1E029301
:10996000009BF6189E429B415B42DB19E418A7421C
:1099700003D310D1009BB3420DD8A04202D80AD124
:10998000B24208D9AB1E0293009BF6189E429B413F
:109990005B42DB19E418B51AAE42B641201A764292
:1099A000801B874200D1ADE00699F6F715FCBBB2EB
:1099B00043430A04290C040011438B4207D9C919F7
:1099C000013C8F4203D88B4201D9841EC919C81AA1
:1099D0000699F6F701FCBBB243430904ADB202009D
:1099E0000D43AB4207D9ED19013AAF4203D8AB4260
:1099F00001D9821EED19ED1A2304039E1343079922
:109A000007981C0C9AB25143604372437443121876
:109A10000E0CB218904202D9802040022418100C7B
:109A200009041204090C00195118854204D31C00C2
:109A3000854219D1002919D07D195C1EBD420ED373
:109A4000854203D310D1009A8A420AD29C1E009B01
:109A50005A009A429B415B42DB19ED180092854205
:109A600002D1009B994201D001231C43049B554A1B
:109A70009A18002A49DD63070BD00F232340042BDB
:109A800007D0231DA342A4410299644209191C0076
:109A90000291029BDB0108D54B4B029A1A408023AE
:109AA000DB009C460292049A6244484B9A4200DDD5
:109AB00081E0029BE4085B071C43029BDB081B035D
:109AC00012051B0B1343059A2000D20713431900FC
:109AD00009B0F0BD049B0026013B0493E3E680231C
:109AE00002991B03194201D01D4258D08023029ACB
:109AF0001B031343039A0592BCE6069B14000593CF
:109B00000295A8E601246442B0E70121891A3829A8
:109B100000DDA9E61F2926DC2D4A049B94466344F8
:109B200020009C40029AC8409A4023000243581EDD
:109B300083411A43029B1400CB40620709D00F22D5
:109B40002240042A05D0221DA242A44164421B19CE
:109B5000140080211A0009040A400B422ED1E108AA
:109B60005C070C43AAE71F235B429B1A029ADA4068
:109B70000023202906D01749049B8C460299634490
:109B800099400B001C43631E9C4100231443D4E7FF
:109B900000231C00039380231B030293A6E7069B6C
:109BA000140003930295A1E7059B03939EE700230E
:109BB0001C001A0083E7002423005BE60023012237
:109BC0001C007CE7FF030000FFFFFFFEFE07000014
:109BD0001E0400003E040000F0B58BB0009201931B
:109BE0000D034B00CA0F06002D0B5B0D039200D135
:109BF00011E1CE4A934200D135E1ED00420F2A43F4
:109C000080252D041543CA4AC4009B181F00002359
:109C10000293019B00981E035A00DB0F360B520D76
:109C2000049300D12EE1C14B9A4200D150E1430F81
:109C3000F60033438026BE4936041E43C300501845
:109C40000022C11906910131009102998800104348
:109C50000A2800DD76E10399049F794003910228E8
:109C600000DD44E10138012800D853E1190C9BB212
:109C700002911900220CA4B2514320008C46029F8D
:109C8000029958435143674305916744010CC91930
:109C900004908C4505D9802040028446059F674486
:109CA0000597080C84466846008A0904091809913A
:109CB000310CB6B2049130003100049F614350432F
:109CC0007C437A4324180F0C3C19A04202D980200F
:109CD00040021218200C8218240489B207926218DC
:109CE0000892089962468C46290CADB22800029F62
:109CF00058436F434B4362449446029CFF18020C46
:109D0000D2194C43934202D980235B02E418130C0E
:109D10001B1902932B0080B212041218049873438B
:109D200045434E434143A8191D0C2D18AE4202D99C
:109D3000802040020918059F089867448742B64171
:109D4000BF189742924128049BB2C018079B7642E5
:109D5000C01853420493029B84199C46A444634652
:109D6000049AB442A4419B18079A644290428041ED
:109D7000029A4042044394458041049A2D0C934238
:109D800092414042524210436419099A24186418BF
:109D9000790211434A1E9141FF0DDE0D64023943E1
:109DA0005B0226430B43E40100D4DEE001215A08A4
:109DB0000B401A43F307CE401343009A5D495218F3
:109DC000002A00DCD4E0590709D00F2119400429EA
:109DD00005D0191D99429B415B42F6180B00F10119
:109DE00006D58021C9008C46534A1640009A624429
:109DF00052498A4200DD07E17407DB081C43F6087C
:109E000013053603039A360B3343D207134320005E
:109E100019000BB0F0BD2C0004432BD0002D16D040
:109E20002800F6F7A9FA040002000B3C1D233000BD
:109E30001B1B1100D84008398D4003002B4335000F
:109E40008D403F492C008A1A17001D00DFE6F6F707
:109E500093FA04000200153420321C2CE6DD330096
:109E600008388340EDE704002C4307D11F0025008C
:109E70000223CDE6250027000123C9E61F000400C8
:109E80000323C5E6009B334329D0002E14D03000B5
:109E9000F6F772FA010003000B391D221800521A5E
:109EA000009908388640D1403143009E86402448BE
:109EB000C01A33000E00C3E6F6F75EFA0100030095
:109EC000153120331C29E8DD009908388140EEE780
:109ED000009B334307D110001E000222B1E61E0092
:109EE00018000122ADE6030010000322A9E60121BB
:109EF0008140A6200F00C0000740014226D19020DB
:109F00008000014276D1B938FF38014200D1ADE678
:109F100004990391022A77D0032A72D0012A00D033
:109F20004BE70026340032006AE7C046FF07000016
:109F300001FCFFFFFF030000FFFFFFFEFE07000024
:109F40000DFCFFFF0F2805D00B28E1D02E002300C9
:109F5000029ADFE780221203154201D016424ED04A
:109F6000802636032E432C4A4AE7069A009224E7BD
:109F70000120801A3828D4DC1F2827DC2749009AC2
:109F80008C461C006244310093409140C4401A004A
:109F90002143531E9A410B00C64013435A0709D070
:109FA0000F221A40042A05D01A1D9A429B415B4297
:109FB000F618130080213000090408400E4226D113
:109FC0007407DB0802001C43F60819E71F21494209
:109FD0008A1A3100D1400022202805D01048009A6A
:109FE000844662449640320013435A1E9341002631
:109FF0000B43D3E780253C0003972D03B0E7049A79
:10A00000039235001C00ABE700263400ABE70026C6
:10A0100001223400F4E6C046FF0700001E040000E1
:10A020003E040000F0B585B002920393CB0F0D0300
:10A030000193039B4C006D0A410F1F032943DE0F60
:10A040005D00029B7F0A5B0F029A3B43BD4F640D8C
:10A05000C0006D0DD200BD4203D11F00B4461743AE
:10A0600002D101277740BC46019E671BB44500D052
:10A070002DE1002F00DC7AE0002D3CD11D001543BE
:10A080001ED07D1E012F18D1821882428041C9182E
:10A090004042091810000B0200D401E1A94B01371E
:10A0A0009F4200D185E20122A74B0240194043089C
:10A0B0001343C80718434908F2E0A24EB74222D121
:10A0C0004A07CB089F49C00802438F4206D11100BE
:10A0D000194300D170E2802109030B4310009B4A11
:10A0E0003F051B0317401B0B1F43019BDB071F434F
:10A0F000390005B0F0BD934DAC4200D1D8E18025C8
:10A100002D042B433D00382D2CDC1F2D19DC20267F
:10A110001F00761BB740BC4617000296EF4066460C
:10A120003743029EEB40B2401600721E96413E43FA
:10A1300036188642804159184042091827003000DD
:10A14000A9E72E001F00203EF7400026202D03D057
:10A150004036761BB3401E001643731E9E413E439D
:10A160000023E5E713431E00731E9E41F8E7002F0E
:10A1700050D02F1B002C12D10C0004430CD07C1E9D
:10A18000012F06D1801890429241C9185242891875
:10A1900081E76C4EB7420AD11900100090E7694C74
:10A1A000A54200D1FEE18024240421433C00382C48
:10A1B0002BDC1F2C18DC20260F00361BB740BC46BA
:10A1C00007000296E74066463743029EE140B040F2
:10A1D0000600701E86413E43B01890429241C91855
:10A1E00052422F00891856E726000F00203EF74004
:10A1F0000026202C03D04036361BB1400E0006430B
:10A20000711E8E413E430021E6E701430E00711EA0
:10A210008E41F8E74E4D671C2F4233D10D000543A8
:10A22000002C14D1002D00D1B7E11C00144300D143
:10A2300019E1821882428041C918404209180B0274
:10A2400000D4ABE1404B10000127194038E7002D46
:10A2500000D1A7E11C00144300D129E14C07C0083C
:10A2600020438024C9082403214206D0DD0825426A
:10A2700003D12900D0085B071843CA00410F1143DE
:10A28000C00015E12F4CA74200D192E18218824212
:10A290008041CB1840421B18D80752081043590878
:10A2A000430709D00F230340042B05D0031D83422D
:10A2B00080414042091818000B0200D400E7214BEE
:10A2C00001379F4200D174E11F4B1940F8E6002F7F
:10A2D0005FDD002D3ED11D00154300D1F0E67D1E4F
:10A2E000012F0DD1821A90428041C91A4042091AA9
:10A2F00010000B02D4D549023C004D0A029003E144
:10A30000104EB74200D1DBE6382D3DDC1F2D2ADC94
:10A3100020261F00761BB740BC4617000296EF4070
:10A3200066463743029EEB40B2401600721E9641CD
:10A330003E43861BB0428041C91A4042091A270099
:10A340003000D6E7FF070000FFFF7FFF0000F07F2F
:10A35000FE070000994DAC4200D1A9E080252D04F4
:10A360002B433D00D0E72E001F00203EF740002683
:10A37000202D03D04036761BB3401E001643731EBB
:10A380009E413E430023D4E713431E00731E9E41AB
:10A39000F8E7002F51D02F1B002C14D10C000443E0
:10A3A0000ED07C1E012F08D1101A82429241591AF8
:10A3B0005242891A634601939BE7804EB7420AD105
:10A3C00061460191E8E67D4CA54200D1E8E0802499
:10A3D000240421433C00382C2ADC1F2C17DC2026C7
:10A3E0000F00361BB74001963E000700E740374399
:10A3F000019EE140B0400600701E86413E43901B26
:10A4000082429241591A52422F00891AD2E72600FD
:10A410000F00203EF7400026202C03D04036361B8C
:10A42000B1400E000643711E8E413E430021E6E717
:10A4300001430E00711E8E41F8E7614E651C3542E6
:10A440004FD11D000E0015430643002C28D1002ECD
:10A450000FD1210020000194002D00D130E6190019
:10A4600010006346019303000B4300D19DE00027D9
:10A4700016E7002DF7D0851AA842B641CC1A7642CD
:10A48000A41B260206D5101A82429241591A524242
:10A49000891AE6E7280020435BD021002800E2E784
:10A4A000002E07D1002D7BD1802138000197C903F0
:10A4B000424F05E6002DFBD04C07C0082043802406
:10A4C000C9082403214208D0DD08254205D15B07D5
:10A4D000D0081843634629000193CB00410F19436C
:10A4E000CEE6851A0295A842AD416D422E00CD1AE6
:10A4F000AD1B2E022AD5101A824292415B1A52429B
:10A500009D1A634602900193002D25D02800F5F78F
:10A5100033FF08380700202302990298DB1BBD4057
:10A52000D940B8402943BC4233DC3F1B7A1C1F2A68
:10A530001EDC20230D009B1A040098409D40D4404F
:10A54000431E98412543D14028438CE70298284375
:10A55000DAD101000190B3E50298F5F70DFF07008D
:10A5600018371F2FD7DD0299083881402800DAE715
:10A570000C001F3FFC400023202A03D040339B1ACD
:10A5800099400B0003435A1E9341200000211843B9
:10A5900069E70C4BE71B194082E61900100062E7DF
:10A5A000614601911900100082E7190018001F0090
:10A5B00086E50021080083E50B008FE5FF0700001A
:10A5C000FE070000FFFF7FFF0B0070B5114E0C036C
:10A5D00049000200240B0020490DDD0FB14204DDCB
:10A5E0000D48814202DD0D4BE81870BD802040030C
:10A5F00020430B4C641A1F2C08DC0A4EE2408919D8
:10A6000088401043002DF0D04042EEE7064B5B1A25
:10A61000D840F7E7FE0300001D040000FFFFFF7FA6
:10A6200033040000EDFBFFFF13040000FE2270B5B1
:10A630004400240E4302611C5D0AC60F11420DD076
:10A64000E0229200A4181B0B6D071B031B0B2405B3
:10A65000F6071C4334432800210070BD002C18D19C
:10A660002300002DF1D02800F5F786FE0A280ADC29
:10A670000B232A001B1ADA40130002001532954002
:10A68000094C241AE1E703000B3B9D402B002500F9
:10A69000F6E7002D06D01A0B80231B036D0713432A
:10A6A000024CD2E72B00FBE789030000FF07000004
:10A6B0000A03F0B5520A4B00460F5B0D1643304AB1
:10A6C0005D1CCC0FC700154241D02E4A9D18FE2DAF
:10A6D00054DC002D32DC2A0017324BDB80210904C8
:10A6E00031431E26761B1F2E16DC274A9B183A0084
:10A6F0009F409940781E8741F2400F433A43002320
:10A70000510739D00F211140042935D004325101AD
:10A7100032D50133002228E0022208005242521BA7
:10A72000D04002000020202E03D018481B1899406A
:10A7300008003843431E98410243E0E78201531E5C
:10A740009A41F6007F0F32432B003A43D8E73A0094
:10A750003243002B03D1002A07D00122D6E7FF2382
:10A76000002A02D08022D2033243D8051043E407E6
:10A770002043F0BD0023F0E7D208F6E7FF23C9E746
:10A78000FE07000080FCFFFF82FCFFFFA2FCFFFF32
:10A79000F0B50F0087B006000490F80F039018037F
:10A7A000000B5C000290600D0190D80F84461848A1
:10A7B0000D0349002D0B490D0592814207D12C0054
:10A7C000012034431FD1019C8C421CD102E0019C2A
:10A7D000844204D1029802430120002A13D1019B34
:10A7E000012099420FD1029B9D420CD1049B059AF6
:10A7F000934208D1039B634507D0002903D1280069
:10A800003043431E984107B0F0BD0020FBE7C0462F
:10A81000FF070000F0B587B0009001910099019802
:10A82000049101992C4F0903090B8C460199C50F1E
:10A830004900490D1C03580003910592240B400D5B
:10A84000DE0FB94203D1674600990F4335D1224943
:10A85000884202D1270017432FD100270399B9421C
:10A8600005D16146009F0F4339004F424F410028F8
:10A8700025D12243002F06D0002A2AD00120002E05
:10A8800027D1023825E0002A1BD10120002D20D03D
:10A8900040421EE0039B8342F0DBA445F5D808D17B
:10A8A000049B059A9342F0D8049B059A002093429A
:10A8B0000FD20120002D0CD1E3E70220E8E7002FA2
:10A8C000DCD1AE42E1D1039B8342E3DD0120002EC7
:10A8D000DED107B0F0BDC046FF070000F0B587B07D
:10A8E0000090019100990198049101992C4F09035E
:10A8F000090B8C460199C50F4900490D1C035800EE
:10A9000003910592240B400DDE0FB94203D1674637
:10A9100000990F4335D12249884202D127001743BD
:10A920002FD100270399B94205D16146009F0F43FB
:10A9300039004F424F41002825D12243002F06D035
:10A94000002A2AD00120002E27D1023825E0002A33
:10A950001BD10120002D20D040421EE0039B8342EA
:10A96000F0DBA445F5D808D1049B059A9342F0D8B2
:10A97000049B059A002093420FD20120002D0CD198
:10A98000E3E7022009E0002FDCD1AE42E1D1039BD6
:10A990008342E3DD0120002EDED107B0F0BDC046CA
:10A9A000FF0700000EB48123F0B500269CB021AD56
:10A9B00002AC9B0080CDA3811B9602900690F5F718
:10A9C00005FD0B4B03900B930123079009485B4255
:10A9D000E3813A002B00210000680F961496019540
:10A9E00000F0BEFB1CB0F0BC08BC03B01847C0466A
:10A9F000F9A90410882A00200020704770B50600CD
:10AA0000140008001A009AB0002C05DA8B230120EC
:10AA1000336040421AB070BD8223694600259B0016
:10AA20008B81199500900490AC4200D0651E0123E3
:10AA30005B42CB8130001E9B8D604D6100F030FA8F
:10AA4000431C01DA8B233360002CE3D00022009BEF
:10AA50001A70DFE713B5044C009313000A000100DD
:10AA60002068FFF7CBFF16BD882A002030B50024F0
:10AA70000139A24201D1002005E0035D01340D5DE2
:10AA8000AB42F6D0581B30BD10B5884202D98B18A6
:10AA9000984208D300239A4207D0CC5CC4540133B7
:10AAA000F9E78B5C8354013AFBD210BD0300821896
:10AAB000934200D1704719700133F9E7F0B50022D5
:10AAC000040003270A4EA35CF05C3840012800D143
:10AAD0002033885C355C3D40012D00D120301D1AAB
:10AAE000834203D101320028EDD1F0BD2800FCE7FC
:10AAF0006D3F0610C9B20378002B04D08B4200D101
:10AB000070470130F7E74B42594149420840F7E7A7
:10AB1000030030B51D00002A06D00C78013A01333D
:10AB20002C700131002CF5D100219A18934200D1EC
:10AB300030BD19700133F9E7030041188B4202D090
:10AB40001A78002A01D1181A70470133F6E770B558
:10AB50000024CDB2C9B2A14206D12900FFF7CAFF35
:10AB6000040006E01C00581C2900FFF7C3FF031E69
:10AB7000F8D1200070BD0A7830B5002A0CD130BD64
:10AB80009A4208D10123CC5C002CF8D0C55CA542C8
:10AB900001D10133F7E701300378002BF0D1180021
:10ABA000EDE70000014B18687047C046882A002076
:10ABB0007047704710B500F00AF810BD10B5FFF7E8
:10ABC00063FF10BD10B5002200F08EFF10BD002302
:10ABD00010B59A4200D110BDCC5CC4540133F8E7E3
:10ABE00070B505000C1E10D0043C2368002B00DA61
:10ABF000E418280000F0E0F81D4A1368002B05D186
:10AC000063601460280000F0DFF870BDA34208D92B
:10AC1000206821188B42F3D119685B6809182160FC
:10AC2000EEE71A005B68002B01D0A342F9D9116846
:10AC30005018A0420BD120680918501811608342A7
:10AC4000E0D118685B68411811605360DAE7A042F0
:10AC500002D90C232B60D5E7206821188B4203D141
:10AC600019685B680918216063605460CAE7C046D0
:10AC7000B424002070B50F4E0D0031680400002987
:10AC800002D100F01FFF30602900200000F01AFF01
:10AC9000431C03D101256D42280070BD0323C51C50
:10ACA0009D43A842F8D0291A200000F00BFF013084
:10ACB000F2D1EFE7B0240020F7B50322CB1C934379
:10ACC000083305001F000C2B34D20C27B94233D8AF
:10ACD000280000F071F8374E33681C00002C2FD18B
:10ACE00039002800FFF7C6FF0400431C5FD1346819
:10ACF0000094009B002B4AD1002C52D023682800DE
:10AD0000E3180099019300F0DDFE019B834248D1D6
:10AD100023682800FF1A3900FFF7ACFF013040D04C
:10AD20002368DB19236033685A68002A33D1009BFB
:10AD3000336019E0002BC9DA0C232B600020FEBD24
:10AD40002168C91B20D40B290AD9E2192760A34224
:10AD500004D1326063681160536005E05A60F9E71E
:10AD60006268A3420ED13260280000F02DF8200066
:10AD700007220B30231D9043C21A9842DFD01B1AC2
:10AD8000A350DCE75A60EFE723006468A6E7009C65
:10AD900063680093ADE71A005B68A342FBD1002310
:10ADA000DAE70C2328002B6000F00EF8C6E70760F6
:10ADB000DAE7C046B424002010B50248FFF7F8FED9
:10ADC00010BDC046AC24002010B50248FFF7F1FECC
:10ADD00010BDC046AC240020F0B58E6885B01F00C1
:10ADE0000C00330002900392BE4254D80C22885EBD
:10ADF0009022D20010422CD00322096923685B1AEA
:10AE0000019363695343019ADD0FED187B1C6D10AC
:10AE10009B182A00AB4201D91D001A00400527D516
:10AE200011000298FFF748FF061E2AD0019A2169F7
:10AE3000FFF7CDFEA289194B1A4080231343A3814B
:10AE4000019B2661F618266065613E00ED1A3B0005
:10AE5000A5601F003A0003992068FFF715FE002047
:10AE6000A3689B1BA3602368DB19236005B0F0BDBA
:10AE7000029800F04BFE061EE2D121690298FFF70E
:10AE8000AFFE0C230120029A40421360A2893433A2
:10AE90001343A381EAE73E00DCE7C0467FFBFFFFE8
:10AEA000F0B59FB002901C008B890E0015001B06A8
:10AEB00011D50B69002B0ED14021FFF7FDFE30604C
:10AEC0003061002805D10C23029A13600120404212
:10AED000D4E0402373610023292102AA52180B9366
:10AEE00020331370013102AA1033521813700594E5
:10AEF0002C002378002B01D0252B48D1671BAC42B6
:10AF00000BD03B002A0031000298FFF765FF0130AB
:10AF100000D1AEE00B9BDB190B932378002B00D103
:10AF2000A7E00122532100235242079202AA52189D
:10AF3000651C06930993089313701C93554F297849
:10AF40000522380000F0D7FD6C1C069906AB0028DE
:10AF50001FD1CA0604D55327202202A8C0190270A7
:10AF60000A0704D553272B2202A8C01902702A7899
:10AF70002A2A15D02C0000200A27DA682178651CBF
:10AF80003039092950D9002811D009920FE0013435
:10AF9000AFE70123C01B83400B4325000693CDE799
:10AFA000059A101D12680590002A37DBDA602278B6
:10AFB0002E2A0CD162782A2A3BD1059A0234111D1F
:10AFC00012680591002A01DA012252425A60324D7C
:10AFD00003222800217800F08EFD06AF002806D05D
:10AFE0004023401B8340069A013413430693217883
:10AFF00006222A48651C397600F07DFD00283FD0E6
:10B00000274B002B29D10722059B07339343083395
:10B0100005930B9B03995B180B9369E75242DA6027
:10B0200002220A430692C2E77A432C0001205218FA
:10B03000A4E700220A205A6011001300013422788C
:10B04000651C303A092A03D9002BC0D00791BEE70E
:10B0500041432C0001238918F1E705AA0092390029
:10B060003200104B029800E000BF0390039B0133B5
:10B07000CFD1B3890B985B0600D527E71FB0F0BD91
:10B0800005AA009239003200064B029800F03AFA05
:10B09000EBE7C0466D40061073400610774006107F
:10B0A00000000000D9AD041070B514004B1C03D192
:10B0B00001256D42280070BD938920229343626B65
:10B0C000A381CEB26368CDB2002A10D0A26B9A429F
:10B0D00007DD2368013B23601E70636801336360F2
:10B0E000E8E7210000F0B0FC0028F2D0E0E7216999
:10B0F0002268002907D0914205D2511E0878A84243
:10B1000001D12160EAE7236423004433636303230E
:10B11000A36323004633E2631E7023600123DEE74E
:10B1200010B50C00496B00290ED02300443399421E
:10B1300001D0FFF755FD0020236C606363608342FC
:10B1400002D0E36B236010BD23690120236000233C
:10B15000A289636020331343A3814042F3E70000D8
:10B16000F0B5AA4C0D000021A5440190BE204891E5
:10B17000499105A94A91A64945AC40002150A549ED
:10B1800004302150049313780293002B00D13BE14B
:10B19000A14E0820F15C0823571C0B4001421CD033
:10B1A0006B68002B10DD08212B681A78B25C0A420C
:10B1B00001D13A00E7E722690133013222616A686E
:10B1C0002B60013A6A60EBE7C0235B002900E3587B
:10B1D000019898470028E6D0EBE70299252962D12B
:10B1E000A360236053782A2B02D11A3B2360971C5B
:10B1F0003E000A223178771C0B00303B092B1FD907
:10B20000864B03221800039300F075FC002807D03A
:10B21000039B3E00C01A012383402268134323602E
:10B220003378771C782B06D8572B10D8252B3AD09B
:10B2300034D8002B55D00323A3610733636077E034
:10B24000A3683E005343303B5B18A360D2E718006D
:10B2500058382028EFD8F5F7C1F84B00EEFFEEFF85
:10B260006000EEFFEEFFEEFFEEFFEEFFEEFFEEFF03
:10B2700089005E00240024002400EEFF5500EEFF4C
:10B28000EEFFEEFFEEFF910059004700EEFFEEFFEC
:10B290008F00EEFF5E00EEFFEEFF4B00453B022B02
:10B2A000C9D8052335E06B68002B0EDD2B680299A9
:10B2B0001A788A4200D0A7E001336A682B602369BC
:10B2C000013A01336A60236173E7C0235B00290000
:10B2D000E358019898470028E8D04898002800D003
:10B2E0008AE0012040428BE0202221680A4322604C
:10B2F0008022216892000A432260102246926E2B1F
:10B3000006D801E000234693032302E00823469376
:10B3100004234B930CE00A22F0E7390005A800F063
:10B3200059FB402322680700134323600123A361D4
:10B330006B68002B31DD23685B0608D4C0267600DD
:10B340002B6835491A788A5C08210A422ED14B9B1A
:10B35000022B3DDC2A002100019804AB00F0DEF94D
:10B36000012851D0022800D023E7B6E74023226805
:10B37000134323600023DAE70223CAE72268D306D7
:10B3800000D516E7049B2169181D04901B68D60799
:10B3900001D519800DE719600BE7C0235B00290078
:10B3A000E358019898470028C5D096E722690132F2
:10B3B00022616A68013A6A60002A02DD01332B606B
:10B3C000BEE72900A359019898470028B8D084E720
:10B3D000042B06DC2A002100019804AB00F0FEF9E2
:10B3E000BEE70F4B002B00D1E3E62A0021000198B5
:10B3F00004AB00E000BFB3E7AB895B0600D570E7A4
:10B40000A7239B009D44F0BD4898F9E764FDFFFF2A
:10B41000A9B0041021B104106D3F0610734006104E
:10B4200000000000F7B5160001938A680B690C0054
:10B430000090934200DA1300220033604332127806
:10B44000002A01D00133336023689B0602D533689C
:10B45000023333602268062315001D401A4227D0AC
:10B46000230043331B785A1E93412268920630D43E
:10B47000220001990098089D4332A847013025D049
:10B480000622236800251340042B05D13368E568A4
:10B49000ED1AEB43DB171D40A3682269934201DDDF
:10B4A0009B1AED180026B54220D1002010E001358E
:10B4B000E36832689B1AAB42D2DD22000123019976
:10B4C0000098089F1932B8470130F0D1012040425E
:10B4D000FEBD3020E1184331087021005A1C45316F
:10B4E0000978A218433202331170C1E72200012308
:10B4F00001990098089F1A32B8470130E6D001360A
:10B50000D1E70000F0B58BB006920A0043320793F2
:10B51000059003920A7E0C00109B782A09D8622AB3
:10B520000BD8002A00D1BAE07A490491582A00D1F8
:10B530008EE0250042352A7022E01000633815287D
:10B54000F7D8F4F74BFF16001F00F6FFF6FFF6FFE3
:10B55000F6FF1F00F6FFF6FFF6FFF6FF9F0036002E
:10B560007E00F6FFF6FFB000F6FF3600F6FFF6FFAE
:10B57000820025001A684235111D196013682B706E
:10B5800001239EE018680968021D0D060BD50668A8
:10B590001A60002E03DA2D23039A764213705D4B56
:10B5A0000A27049318E006681A604906F1D536B2F6
:10B5B000EFE70868196840C9050602D4400600D5BF
:10B5C000B6B21960534B0A2704936F2A00D1023F89
:10B5D0002300002243331A706368A360002B06DB4C
:10B5E00004212268039D8A43226033430CD0039DCB
:10B5F00030003900F4F7F0FD049B013D5B5C2B70DB
:10B60000330006009F42F3D9082F09D12368DB07D6
:10B6100006D5626823699A4202DC3023013D2B7013
:10B62000039B5B1B2361079B210000930598069BEE
:10B6300009AAFFF7F7FE013048D1012040420BB0C4
:10B64000F0BD202209680A43226078223249049121
:10B65000210045310A701968226840C9100602D4D9
:10B66000500600D5B6B21960D30702D52023134384
:10B670002360002E01D01027AAE7202223689343DD
:10B680002360F8E71A680D68101D4969186013688F
:10B690002E0601D5196002E06D06FBD51980002346
:10B6A000039D2361BFE71A68111D19601568002109
:10B6B0002800626800F01FFA002801D0401B60607B
:10B6C000636823610023039A1370ACE72A0023699F
:10B6D00006990598079DA8470130AED023689B07BF
:10B6E00015D4099BE0689842A9DA1800A7E7220060
:10B6F000012306990598079E1932B04701309CD066
:10B700000135E368099A9B1AAB42F0DCE9E70025B2
:10B71000F7E7C0467E4006108F400610F7B51500CB
:10B720008A680C000190002A04D18A69002A17D186
:10B730000132A2602268D20603D41A68111D196072
:10B7400017680026A069002816D001280BD12B68A5
:10B7500062691B78D35C002B0ED1002E3BD029E010
:10B7600001225242E5E7022824D12B681A4A1B78AD
:10B77000D35C082213421DD11022236801361342E4
:10B7800003D12B681B783B7001372A686B68013244
:10B790002A60A268013B013A6B60A260002A09D0CE
:10B7A000002BCFDCC0235B002900E35801989847A9
:10B7B0000028C7D022681023110019401A4206D170
:10B7C000E3680133E360A369002B00D039700020E7
:10B7D00023699B192361FEBD6D3F0610F0B58BB048
:10B7E0000193764B1600049007AAA1CBA1C2744A1C
:10B7F0008B690C000592032B01D1724B0593AE228D
:10B800000020A3685200591E0390914205D95E3B67
:10B81000FF3B03935E23FF33A36023001C3300939D
:10B82000D023002722681B0113432360009B02934F
:10B83000336807A81978BB000222185800F05BF99A
:10B84000002829D0012F5DD16368002B06D1083371
:10B8500022686360F933FF331343236023685A4A35
:10B8600013402360A3685A1EA260002B14D03368D3
:10B870005A1C32601B78029A13707368551C013B86
:10B880007360002B07DCC0235B003100E358049891
:10B89000984700287DD102950137032FC8D16368EE
:10B8A000002B01D10A336360002748496069C91A37
:10B8B00000F090F8029DA36820680293002B3FD00F
:10B8C000316863690A789B5C002B39D0302A28D113
:10B8D00080231B01184224D0039B0137002B05D085
:10B8E0001A00029B013A01330392A3607368013B83
:10B8F0007360002B1CDD336801333360A368013BA8
:10B90000A360D8E7022FADD1C02380212268DB00DD
:10B91000134089008B42C2D110236360F03313437C
:10B920009FE72B4B034023600B782B700135DDE73D
:10B93000C0235B003100E358049898470028DDD00D
:10B940002368DB050ED5009B9D4207D9BE23013D30
:10B950005B0032002978E35804989847009B012047
:10B960009D4228D0216810230A001A4019421BD199
:10B970002A70636800990498059EB047019B21686E
:10B980001B681A1D8E0606D501990A601B6818608F
:10B9900007E00027D4E7CE07F6D501990A601B68B7
:10B9A0001880E3680133E3600020009BED1A2369EF
:10B9B000ED195B1923610BB0F0BDC0462C1D0610BC
:10B9C00089BD041081BC0410FFFAFFFFB0400610CF
:10B9D000FFF6FFFF70B50B7804005E2B19D04D1CED
:10B9E00000212200601CFF30117001328242FBD125
:10B9F000681E002B26D001264E402800E654017810
:10BA0000451C2D2909D05D291BD000291AD00B0017
:10BA1000F3E74B788D1C0121E3E742785D2AF6D0ED
:10BA20009342F4DC19000230013166548A42FBDC97
:10BA3000934203DB00220133D318E0E7D21A013A24
:10BA4000F9E7280070BD00000B00F7B54D6B4433DB
:10BA50000C009D421CD18026F6003100FFF72CF926
:10BA6000002802D101204042FEBD23006063A6638E
:10BA700046331A78104BC254230045331A780F4BC3
:10BA8000C2542A780E4BC254C01820600020EBE745
:10BA90008E6B290073001A00019300F037F8051E21
:10BAA000E0D08719010032003800FFF790F8019BC1
:10BAB00027606563A363E9E7FF030000FE0300005E
:10BAC000FD030000002370B5064D040008002B6044
:10BAD000F7F7D0FB431C03D12B68002B00D0236069
:10BAE00070BDC046A82400200B0010B511001A003C
:10BAF000FEF7DCFF10BDC9B28218904201D10020D0
:10BB0000704703788B42FBD00130F6E7F7B50600AB
:10BB10000C001500002905D11100FFF7CDF8040035
:10BB20002000FEBD002A03D1FFF75AF82C00F7E7EA
:10BB300000F02EF90700854202D84308AB42EFD34C
:10BB400029003000FFF7B8F80190002801D1019CCE
:10BB5000E6E72A00BD4200D93A0021000198FFF72C
:10BB600036F821003000FFF73BF8F0E7F0B585B07C
:10BB700017001E0003900191242B23D80C00012BE9
:10BB800020D03D4B08229C46230061461D7801349D
:10BB9000485D010011401042F6D12D2D19D12578B4
:10BBA0009C1C012300931022330093431DD1302DA0
:10BBB00015D1202123788B43582B10D1657802347E
:10BBC000102612E0FEF7EEFF16230360002005B0FA
:10BBD000F0BD00912B2DE6D125789C1CE3E7002ECB
:10BBE000EED10A36302D00D1023E244A009B944605
:10BBF0006344310018000293F4F7EEFA0022844601
:10BC000010002B00303B092B11D81D00AE421DDD6A
:10BC1000531C09D001225242844505D301D1A942C7
:10BC200011DB01227043281825780134E9E72B0045
:10BC3000413B192B01D8373DE8E72B00613B192B1D
:10BC400004D8573DE2E701225242EDE7531C08D1E8
:10BC50002223039A02981360002FB8D0631E019329
:10BC600007E0009B002B00D04042002FAFD0002AFD
:10BC7000F4D1019B3B60AAE76D3F0610FFFFFF7FF9
:10BC800010B5FFF773FF10BDF0B51E003D4B170058
:10BC90000C009C46082285B0039000912300614669
:10BCA0001D780134485D010011401042F6D12D2D60
:10BCB00012D125789C1C0123029310223300934358
:10BCC00016D1302D0ED1202123788B43582B09D14A
:10BCD0006578023410260BE002912B2DEDD12578EA
:10BCE0009C1CEAE7002EF5D10A36302D00D1023E29
:10BCF000012031004042F4F733FA01900120310075
:10BD00004042F4F769FA002318002A00303A092A61
:10BD100012D81500AE421EDD5A1C0AD00123019A2A
:10BD20005B42824205D301D1A94211DB012370435A
:10BD3000281825780134E8E72A00413A192A01D861
:10BD4000373DE7E72A00613A192A04D8573DE1E771
:10BD500001235B42EDE75A1C07D122220399180008
:10BD60000A60002F09D105B0F0BD029A002A00D068
:10BD70004042002FF7D0002B01D0631E0093009BA0
:10BD80003B60F0E76D3F061010B5FFF77DFF10BD7B
:10BD90000B1F1B68181F002B01DA0B58C0187047C7
:10BDA00070B5041C00F048FA211C051C201CFDF78E
:10BDB00011F9002810D1201C00F076F8FE21890529
:10BDC000F4F73CFA002807D0FEF7ECFE21230360CD
:10BDD000024800F0EDF8051C281C70BD641D06101B
:10BDE00070B5041C00F08AFB051C201C00F0D8F87C
:10BDF00000280BD00D49201CF4F720FA002807D1A9
:10BE00000B49201CF4F706FA002808D1281C70BD45
:10BE1000FEF7C8FEFF252223ED050360F6E7FEF7D7
:10BE2000C1FE222300250360F0E7C0461772B1422D
:10BE3000B5F1CFC210B51B4A430082B05B089342F4
:10BE400018D9FF22D205934204D3011CFCF740FF0E
:10BE500002B010BD694600F075FC03230199034050
:10BE60000098012B11D0022B08D0002B15D100F027
:10BE7000A3F8EDE7002100F09FF8E9E700F09CF857
:10BE800080231B069C466044E2E7012200F05CF937
:10BE900080231B069C466044DAE7012200F054F937
:10BEA000D6E7C046D80F493F400040087047C0461B
:10BEB000F8B506000F0014001D0000F03DF8002842
:10BEC00002D129002000F8BD2000290000F034F83C
:10BED000002807D022002B0030003900F4F738FA90
:10BEE000002802D034003D00EBE726002F0034008C
:10BEF0003D00E6E7F8B506000F0014001D0000F055
:10BF00001BF8002802D129002000F8BD20002900DC
:10BF100000F012F8002807D022002B003000390072
:10BF2000F4F702FA002802D034003D00EBE72600C7
:10BF30002F0034003D00E6E70B00010030B50200A1
:10BF400083B019431ED0802109068B4216D01148B8
:10BF5000590049080D181048854215D9802503203D
:10BF60006D03AB4208D3802424061C19AC4203D3D2
:10BF70000A4C0020A14209D003B030BD431E9841B5
:10BF80000230F9E70220F7E70420F5E7504250417C
:10BF9000F2E7C0460000F0FFFFFFDF7F0000F07F08
:10BFA000FF234000DB054008984280414042704733
:10BFB000004870470000C07FF8B54746CE46C8230A
:10BFC000460080B5051C0F1C76089B059E4248D292
:10BFD000FDF714F8002800D19FE0291C281CFCF76D
:10BFE0007FFD4F49041CFCF77BFD4E49FCF778FAB6
:10BFF000211CFCF775FD4C49FCF76AFE211CFCF77F
:10C000006FFD4A49FCF76CFA211CFCF769FD4849B1
:10C01000FCF75EFE211CFCF763FD4649FCF760FA65
:10C02000211CFCF75DFD8046FC21201C8905FCF7E6
:10C0300057FD4146061C201CFCF752FD391C041C10
:10C04000281CFCF74DFD011C201CFCF741FE011CC7
:10C05000301CFCF73DFE011CFE208005FCF738FE7D
:10C0600053E0011CFCF73CFD2D49041CFCF738FD96
:10C070002C49FCF735FA211CFCF732FD2A49FCF764
:10C0800027FE211CFCF72CFD2849FCF729FA211C6E
:10C09000FCF726FD2649FCF71BFE211CFCF720FDC2
:10C0A0002449FCF71DFA211CFCF71AFD224B80469F
:10C0B0009E42B9D9214B9E422BD8FF231B069C469A
:10C0C000FE206644311C8005FCF702FE8146FC21FF
:10C0D000201C8905FCF704FD311CFCF7F9FD4146E5
:10C0E000061C201CFCF7FCFC391C041C281CFCF75B
:10C0F000F7FC011C201CFCF7EBFD011C301CFCF7BD
:10C10000E7FD011C4846FCF7E3FDC0BCB946B0465C
:10C11000F8BD0B4B0B4E9946D9E7FE208005F4E79E
:10C120004ED747ADF6740F317CF29334010DD03702
:10C13000610BB63AABAA2A3D9999993E0000483F57
:10C140000000383F0000903EF8B54746CE4680B527
:10C150001700C8224300041C0E1C5B089205934282
:10C1600005D2FCF74BFF0300201C002B32D0211C12
:10C17000201CFCF7B5FC051C011C201CFCF7B0FCC6
:10C1800027498046281CFCF7ABFC2649FCF7A0FD9C
:10C19000291CFCF7A5FC2449FCF7A2F9291CFCF793
:10C1A0009FFC2249FCF794FD291CFCF799FC2049CF
:10C1B000FCF796F98146002F10D1011C281CFCF7D2
:10C1C0008FFC1C49FCF784FD4146FCF789FC211CCF
:10C1D000FCF786F9C0BCB946B046F8BDFC21301C5E
:10C1E0008905FCF77DFC4946071C4046FCF778FCB6
:10C1F000011C381CFCF76CFD291CFCF771FC311C80
:10C20000FCF766FD0B49051C4046FCF769FC011C68
:10C21000281CFCF765F9011C201CFCF759FDD9E727
:10C22000D3C92E2F342FD7321BEF3836010D50399A
:10C230008988083CABAA2A3EFE22F8B543000100DB
:10C24000041C5B089205934211D00AD8FC22920587
:10C25000934211D28C229205934200D97EE09848F5
:10C2600004E0FCF735FD011CFCF7B6FAF8BD002030
:10C27000002CFBDC9348F9E7002800DAC1E0FE203F
:10C280008005FCF725FDFC218905FCF729FC041C31
:10C2900000F0F6FB8C49061C050B201CFCF720FC6B
:10C2A0008A49FCF71DF9211CFCF71AFC8849FCF7A8
:10C2B0000FFD211CFCF714FC8649FCF711F9211C29
:10C2C000FCF70EFC8449FCF703FD211CFCF708FC7D
:10C2D0008249FCF705F9211CFCF702FC8049071C88
:10C2E000201CFCF7FDFB7F49FCF7F2FC211CFCF74E
:10C2F000F7FB7D49FCF7F4F8211CFCF7F1FB7B49C7
:10C30000FCF7E6FC211CFCF7EBFBFE218905FCF7A2
:10C31000E7F8011C381CFCF75FFA311CFCF7E0FB66
:10C320002D03071C291C281CFCF7DAFB011C201C10
:10C33000FCF7CEFC291C041C301CFCF7D1F8011CB6
:10C34000201CFCF749FA011C381CFCF7C9F8291C11
:10C35000FCF7C6F8011CFCF7C3F887E7FCF7C0FB45
:10C360005949051CFCF7BCFB5849FCF7B9F8291CD6
:10C37000FCF7B6FB5649FCF7ABFC291CFCF7B0FBFD
:10C380005449FCF7ADF8291CFCF7AAFB5249FCF70D
:10C390009FFC291CFCF7A4FB5049FCF7A1F8291CC1
:10C3A000FCF79EFB4E49061C281CFCF799FB4D49E7
:10C3B000FCF78EFC291CFCF793FB4B49FCF790F82B
:10C3C000291CFCF78DFB4949FCF782FC291CFCF772
:10C3D00087FBFE218905FCF783F8011C301CFCF764
:10C3E000FBF9211CFCF77CFB011C4148FCF770FCAD
:10C3F000011C201CFCF76CFC011C3E48FCF768FC8F
:10C4000034E7FE218905FCF76BF8FC218905FCF770
:10C4100067FB2D49041CFCF763FB2C49FCF760F813
:10C42000211CFCF75DFB2A49FCF752FC211CFCF7A0
:10C4300057FB2849FCF754F8211CFCF751FB26490F
:10C44000FCF746FC211CFCF74BFB2449FCF748F8A1
:10C45000211CFCF745FB2249051C201CFCF740FB76
:10C460002049FCF735FC211CFCF73AFB1E49FCF780
:10C4700037F8211CFCF734FB1C49FCF729FC211C74
:10C48000FCF72EFBFE218905FCF72AF8061C201C70
:10C4900000F0F6FA311C041C281CFCF79DF9211C45
:10C4A000FCF71EFB1249FCF713FC211CFCF718F8E3
:10C4B000011CFCF715F8011C0F48FCF709FCD5E638
:10C4C000DB0FC93FDB0F494008EF1138047F4F3ABB
:10C4D0004611243DA80A4E3E90B0A63EABAA2A3E85
:10C4E0002EC69D3D6133303F2D57014039D1194053
:10C4F0006821A233DA0FC93FDA0F4940F0B5FF22B5
:10C50000D6464F46464643000100C0B5041C5B08B2
:10C51000D20593426AD8C60F934200D1C3E0794A4C
:10C52000904200DDB3E0002800DAB4E0764A93429E
:10C5300063D9764A934200D9C1E0754BB500E958FA
:10C54000201CFCF7C5FB734B071CEB5801259846D4
:10C550007540AD1B4146381CFCF7BAFB011C041C9E
:10C56000FCF7BEFA6C49061CFCF7BAFA6B49FCF7FB
:10C57000AFFB311CFCF7B4FA6949FBF7B1FF311C82
:10C58000FCF7AEFA6749FCF7A3FB311CFCF7A8FAED
:10C590006549FBF7A5FF311CFCF7A2FA011C201C22
:10C5A000FCF796FB011C8246061C201CFCF798FA3F
:10C5B0008146002D54D08020311CC005FCF788FB3B
:10C5C000011C4846FCF708F9011C4046FCF780FBBB
:10C5D000391CFCF77DFB011CFE208005FCF778FB75
:10C5E0002B007D3363DBED05281801E0FBF778FFB6
:10C5F000E0BCBA46B146A846F0BDD02292059342AF
:10C6000009D24A49201CFBF76BFFFE218905F3F78D
:10C6100015FE002870D1211C201CFCF761FA3E4950
:10C62000051CFCF75DFA3D49FCF752FB291CFCF7A1
:10C6300057FA3B49FBF754FF291CFCF751FA3949DB
:10C64000FCF746FB291CFCF74BFA3749FBF748FF80
:10C65000291CFCF745FA011C201CFCF739FB82461B
:10C660005146201CFCF73CFA8021051CC9055046A8
:10C67000FCF72EFB011C281CFCF7AEF8211CFCF774
:10C6800027FB011CFE208005FCF722FBB0E7002001
:10C6900000F0F0F9ACE7264A934200D846E70020C4
:10C6A00000F0E2F9A4E7002EA2D00020A0E7D821F4
:10C6B0006435ED0528180905FCF712FA98E71D49BD
:10C6C000201CFCF70DFA1C4BB600F158FBF708FFD5
:10C6D000FCF794FC0500FCF7AFFC1849061CFCF7BE
:10C6E000FFF9011C201CFCF7F3FA1549071C301C4C
:10C6F000FCF7F6F980462DE7FE21201C8905FBF7A3
:10C70000EFFE75E71772B1421872B13E9115853F81
:10C71000C4400610BC4006104CBB31330EEADD3578
:10C7200055B38A38610B363BABAA2A3ECAF249712F
:10C73000B5F1CF423BAAB83FCC4006108071313FE3
:10C74000D1F71737F0B545464E46DE465746E0B5B9
:10C75000AB4B45000E00804689B0041C6D089D421D
:10C7600000D874E0A74B9D4222D8A74DA7490540A9
:10C77000002800DC1DE1FCF7ABFAA54B041C9D4230
:10C7800000D170E0A349FCF7A3FA011C051C201C92
:10C79000FCF79EFA9F49FCF79BFA01273560706011
:10C7A000380009B0F0BCBB46B246A946A046F0BD71
:10C7B000994B9D4267D9FF23DB059D424CD2EC1576
:10C7C000863CE705EF1B381CFCF718FCFCF734FC33
:10C7D000011C0590381CFCF77BFA8721C905FCF782
:10C7E0007FF98146FCF70AFCFCF726FC011C069049
:10C7F000071C4846FCF76CFA8721C905FCF770F95D
:10C800000021079005ADF3F7FFFC002800D1CEE032
:10C810000021381CF3F7F8FC4342434101337F4ABF
:10C8200031000192022228000092220000F09EF9BD
:10C8300043460700002BB3DA802212069446336881
:10C84000474263443360736863447360A8E700231E
:10C85000002708604B60A3E7011CFCF739FA0027AA
:10C86000706030609CE76E49FCF732FA6D49041C39
:10C87000FCF72EFA011C051C201CFCF729FA69495B
:10C88000FCF726FA89E7FFF70FFB67498146FCF7BB
:10C8900027F9FC218905FBF723FEFCF7AFFB070016
:10C8A000FCF7CAFB59498346FCF71AF9011C4846B4
:10C8B000FCF70EFA574982465846FCF711F9011C5D
:10C8C00002905046FCF704FA81461F2F20DC574A9D
:10C8D000791E8900564B8A582340934218D04B4604
:10C8E000494633605046FCF7F3F90299FCF7F0F93A
:10C8F00043467060002B00DB52E780231B064B444D
:10C90000336080231B069C46604470607F4247E78B
:10C910004B46FF24DB0DED152340EB1A082BDEDD23
:10C920003F495846FCF7DCF88146011C5046FCF7AD
:10C93000CFF9011C03905046FCF7CAF94946FCF7B1
:10C94000C7F9814637495846FCF7CAF84946FCF70B
:10C95000BFF9039B0290011C181C9A46FCF7B8F91A
:10C96000C30D1C4081462D1B192DB8DD3149584699
:10C97000FCF7B6F8039D041C011C281CFCF7A8F961
:10C98000011C8246281CFCF7A3F9211CFCF7A0F926
:10C990002949041C5846FCF7A3F8211CFCF798F918
:10C9A000011C02905046FCF793F9814697E7032358
:10C9B00035E7FBF795FD164B071C9D420FD0154937
:10C9C000FBF78EFD011C041C381CFCF781F9114992
:10C9D000FBF786FD0127346070607F42E0E6104976
:10C9E000FBF77EFD0F49051CFBF77AFD011C041CBB
:10C9F000281CFCF76DF90B49FBF772FDEAE7C0460E
:10CA0000D80F493FE3CB1640F0FFFF7F800FC93FAF
:10CA1000D00FC93F43443537800F49435441061076
:10CA20000044353708A3852E84F9223FD4400610F0
:10CA300000FFFF7F00A3852E32318D2470B50D00DD
:10CA4000041CFEF7AFF80560201C70BD10B50B1C70
:10CA5000002802D080231B06CB18181CFCF740F8D6
:10CA60002221FFF7EBFF10BD802110B54905FFF72C
:10CA7000EDFF10BDE02110B5C905FFF7E7FF10BDC0
:10CA8000F0B5FF21C6464300020000B5041C5B0858
:10CA9000C9058B4251D2002B4CD0002856DBC31560
:10CAA000014208D180210023090452001C000133F7
:10CAB0000A42FAD0634280241E005202520A240421
:10CAC0007F3E1443DB073FD5802219210027002534
:10CAD000761064005204A8182300A04202DC8518D6
:10CAE000231ABF1801395C0052080029F3D1002B2A
:10CAF00019D01C4C1C4D2068296823689846FCF707
:10CB0000E7F8011C4046F3F78FFB00280BD02068A4
:10CB10002968FBF7E5FC2468011C201CF3F77AFB6D
:10CB200000281AD00237FC239B059C467F106744DF
:10CB3000F005C01980BCB846F0BD011CFBF7D0FF62
:10CB4000211CFBF7CDFCF5E76400BDE7011CFCF7F9
:10CB5000BFF8011CFBF740FEECE7012301379F43C0
:10CB6000E1E7C046704406106C440610F0B5DE469E
:10CB700057464E464546E0B5DFB0039018000B918E
:10CB800068990893D94B14000D928A00D15803007C
:10CB9000013B8B4622000293231D00DAC8E20723E3
:10CBA000033AD1170B409B18DB1006930133DB00CF
:10CBB0000C930C9A0D9B9B1A0493069A029BD41A11
:10CBC0005A46D6180ED40136699F22AD3619002078
:10CBD000002C03DBA300F858FCF72EFA013401C542
:10CBE000B442F4D15B464AAD002B1ADB029B22A96A
:10CBF000884699469F00089BB8445B440593039B75
:10CC000000219C462A0040464B4604376744029C5C
:10CC1000002C00DBC4E1059C013302C20430A342B6
:10CC2000F5D15B460DAA9B00D2180A920EAA944633
:10CC3000699A083B63449446089A0993069B9600B8
:10CC4000039A9B00634494465A46DA469B466644E0
:10CC5000059206955346069A9B00D4580193534675
:10CC6000002B26DDA24BB14653449B00D7180EABD8
:10CC700090461E00EE21201C8905FBF731FFFCF7D2
:10CC8000BDF9FCF7D9F98721C905051CFBF728FF79
:10CC9000011C201CFCF71CF8FCF7B0F9396801C630
:10CCA000281CFBF71DFC3B00041C043F9845E1D108
:10CCB0004E46049F201C390000F028FBF82189050E
:10CCC000051CFBF70DFF00F083FB8221C905FBF774
:10CCD00007FF011C281CFBF7FBFF051CFCF78EF966
:10CCE0008146FCF7A9F9011C281CFBF7F1FF8046DF
:10CCF000002F78DD53465A1E92000EAB985808213B
:10CD00000300C91B0B4199448B400EA9C31A8B50D9
:10CD100007211800C91B08410790002800DDCEE05C
:10CD200000214046F3F770FA00286FD0059B9A4522
:10CD30000FDD0EAA944600226D4B0A9853449B00C7
:10CD400063441968043B0A438342FAD1002A00D0A5
:10CD500049E1012353449846059B0EAA013B9B00E1
:10CD6000D358002B00D019E10122099B1968043B1C
:10CD700001320029FAD0524491460699089B8C460C
:10CD800053449B0022ADEA18019B63449A464346F4
:10CD9000904601935A46019B9B00D058FCF74CF9F2
:10CDA00043461860029B002B1BDB45460027039C73
:10CDB000296801CCFBF794FE011C381CFBF790FBA3
:10CDC000043D071CB442F3D10422534694465F60ED
:10CDD000019BE04401330193E2444B45DADDCA464E
:10CDE00038E70027F0E7049B002B00D1BBE0FC21D3
:10CDF0008905F3F72DFA002800D09EE100230021D9
:10CE000040460793F3F700FA00288FD14B4608936A
:10CE1000059B0D9A9B460C9B4046991A069D00F077
:10CE200075FA8721C9055746041CF3F711FA002843
:10CE300000D11BE2EE21201C8905FBF751FEFCF717
:10CE4000DDF8FCF7F9F88721C905061CFBF748FE59
:10CE5000011C201CFBF73CFFFCF7D0F8019A0EAB3D
:10CE60009850049B3C000833301C0493FCF7C6F830
:10CE70000134A7000EABD851FE200499800500F0C4
:10CE800045FA002C00DBD4E0689B022B00DD23E296
:10CE9000002B00DD28E2689B0020002B05D1079BBA
:10CEA000002B00D0F7E10B9B18600720089B18406F
:10CEB0005FB0F0BCBB46B246A946A046F0BD01211A
:10CEC0008C465146E144002900DCF4E10EAB180029
:10CED000002152460E9D002D3ED0924680225200E7
:10CEE000521B02605446FF2007E0C046A0440610D3
:10CEF000FFFFFF3F1A68821A1A60013104338C4227
:10CF0000F8DCA2460125049B002B0DDD012B00D18E
:10CF100004E1022B08D15346013B9B000EAAD158D5
:10CF20003F220A400EA9CA50079B022B00D0F7E609
:10CF3000FE2041468005FBF7CBFE8046002D00D148
:10CF4000EEE6FE200499800500F0E0F9011C404661
:10CF5000FBF7BEFE8046E3E6013104338A4240DD42
:10CF600018001D68B7E75346013B0EAA9B00D35833
:10CF7000DA1107927F2B00DCD2E601239C46534650
:10CF8000E144002BA2DC079B022B00D0C8E6FE2068
:10CF900041468005FBF79CFE8046C1E6C146ECE6B3
:10CFA00099469046AA4601900025019E039C31684F
:10CFB00001CCFBF795FD011C281CFBF791FA043E00
:10CFC000051CBC42F3D1434601C39846019B043380
:10CFD000019301239C46059BE1449945E4D15546C4
:10CFE0001FE692468FE74A4653460892059A5C1E12
:10CFF00019009346A300049A0EA8C358083A069D48
:10D000000492002B0DD10B00BE498C46634484462C
:10D010009B0063441968043B013C083A0029F9D09D
:10D020000492FE200499800500F070F9002C00DACB
:10D030002AE7A3000EAA1E009446EF183D00A04662
:10D0400003936644041C3068FBF7F6FF211CFBF7D2
:10D0500047FDEE2128608905201CFBF741FD0EAA43
:10D060003300041C043E043D9A42ECD136AB994691
:10D0700002930023444698465A464B464146019443
:10D08000002A00DA91E099469F4BCB468846B94684
:10D090009A461700049443460024B846002500260B
:10D0A0001F000EE04B46195953461859FBF718FD5F
:10D0B000011C281CFBF714FA0136051C0434B0458A
:10D0C00001DBB742EEDA3B00474698465B4620C399
:10D0D0009B4601239C46053BE0449C46019BE14462
:10D0E000013B01D30193D6E7049C689B022B65DCCE
:10D0F000002B2CDC00D0D8E6029B00209C46039E2F
:10D1000066443168FBF7ECF9029A3300043E9A4218
:10D11000F7D1079B002B00D1C5E6BCE05346013B8D
:10D120009B000EAAD1587F220A400EA9CA50FBE6E6
:10D1300008230C93002306933BE501239C4601330F
:10D1400007935346E144002B00DDBFE61FE7029B37
:10D1500000259C46039E369F6644281C3168FBF7D9
:10D16000BFF9029A3300043E9A42F7D1079B051C8F
:10D17000002B00D082E0011C381CFBF7A9FD0B9BA3
:10D180001D60002C0ED0012537AE02CE0135FBF715
:10D19000A7F9AC42F9DA079B002B03D080231B06CA
:10D1A0009C4660440B9B58607FE6002001C30198B9
:10D1B0000131043F013898D3019061E7689B032B4C
:10D1C00000D072E6002C00D18CE0029B03991A007B
:10D1D0008C4662449C460D1F654490462E00A9462D
:10D1E000A24617683368381C191C9B46FBF778F970
:10D1F0003C1C011C071C5846FBF76AFD211CFBF771
:10D200006FF9029B350070603760043EAB42E9D194
:10D2100054464D46012C65D043461C682F68201C9F
:10D22000391CFBF75DF9261C011C041C381CFBF79C
:10D230004FFD311CFBF754F9029B2E0068602C60F7
:10D24000043DAB42EAD1444600202168043CFBF790
:10D2500047F9A642F9D1029B0799369A5B680029E3
:10D260001ED10B990A604B6088601EE6201CFBF7FC
:10D27000C5FE019A0EAB3C009850D2E680230B9A73
:10D280001B06C318011C1360381CFBF721FD002C82
:10D2900000D078E782E780231B069C46604402E6C4
:10D2A000802109068C460B996244634460440A60FD
:10D2B0004B608860F9E5049901290BD0022900D060
:10D2C00061E63F210B400EA98B50079B022B00D03B
:10D2D00026E55CE67F21F5E736AB0293689B032BDE
:10D2E00000D0E2E50020B6E7079B3698002B04D07B
:10D2F00080230B9A1B06136050E700230B9A1360E0
:10D3000050E7C046FEFFFF3F74440610420070B570
:10D31000031C0C0006005508002A1AD0FF21C9057D
:10D320008D4217D2014219D19821C905FBF7D8FBCC
:10D33000204A031C94422CDB42001F49120E0600B7
:10D34000193A8C420EDD1D48002B1DDB1B49FBF7F3
:10D35000C7FB70BD011CFBF7C3F8FAE71649120EB4
:10D360008C42F0DC1119FE29EDDC002915DC0A00E5
:10D37000163217DB1931C805CC21114B89051E4027
:10D380003043FBF7ADFBE4E70C490E48FBF7A8FB85
:10D39000DFE70D49FBF7A4FBDBE70948C90530408F
:10D3A0000843D6E70848002B00DA08480649FBF78F
:10D3B00097FBCEE7B03CFFFF50C30000CAF24971B3
:10D3C000FFFF7F80CAF249F16042A20D6042A28D48
:10D3D000F0B5C64644006708240E7F3C060000B541
:10D3E000051C162C1CDC8046002C22DB1A4F274122
:10D3F000074211D01949FBF773F80021F2F71EFF1D
:10D40000002809D0002D04DA80231B04234198460C
:10D41000A8444346BB431E00301C80BCB846F0BD48
:10D42000FF23DB059F42F7D3011CFBF759F8061CCD
:10D43000F2E70A49FBF754F80021F2F7FFFE002853
:10D44000EAD0002D01DB0026E6E7002F02D180267E
:10D450003606E1E7024EDFE7FFFF7F00CAF24971BF
:10D46000000080BF10B50CF0C9FF10BD10B50CF066
:10D47000CFFE10BD08B500226B461A700346FA2293
:10D4800068460DF05DFA08BD7CB5069D079C002836
:10D4900005D0860705D1460703D4060701D44220EC
:10D4A0007CBD002903D0012901D00229F7D10095C4
:10D4B000019400F041FB7CBDFFB583B003980C9D47
:10D4C0001E4614460F46002804D0012802D04220F0
:10D4D00007B0F0BD002F01D0012FF8D1E81F0A28B6
:10D4E000F5D20D981028F2D8A842F0D30E98002853
:10D4F00001D00128EBD114490F988842E7D8109841
:10D50000002801D00128E2D1F6F796FB012804D0CB
:10D510002046304305D01120DAE7022CD7D8012E5F
:10D52000D5D868460399017047708472C6728570B9
:10D530000D99C1700E9901720F980190684610996B
:10D5400041720FF0B1FDC3E73F420F0010B5042850
:10D5500001D9422010BD0FF0BBFD10BD10B500F089
:10D560007BFC040002D101200AF0CCFE204610BD55
:10D5700010B5002B03D0032B01D0422010BD00F0CA
:10D5800081FC10BD10B50DF033FD10BD10B50AF0D3
:10D5900049FF10BD70B51C4613460D46012C03D043
:10D5A000022C03D0422070BD022200E01022194656
:10D5B000F6F740F92C70002070BDF0B587B01C461E
:10D5C0000B46054600A9023101A80C9F0D9EFFF7EE
:10D5D000E1FF00280ED16846058084828775C675F4
:10D5E0000E9901760F9941761099817669461198C6
:10D5F00001F0A4FC07B0F0BD70B586B014461D461E
:10D600000A4603466946881C0A9EFFF7C3FF0028A6
:10D6100004D1012C04D0022C02D0422006B070BDEF
:10D6200023462A466946304601F0D2FEF6E710B599
:10D630000022114601F07CFF10BD10B502F0C4F9C4
:10D6400010BD38B56D46049C2A806B8023466A461F
:10D6500002F070FC38BDF0B585B084460AA8F0C869
:10D6600068468581C68103A80190029700946046B0
:10D6700002F094FC05B0F0BD10B503F0DDF910BD6B
:10D6800010B503F0FBF910BD10B503F011FE1D4CF1
:10D690004121206849014118097F00290DD1A0309E
:10D6A0000079C00705D100F0B7FB02F025F80DF0B6
:10D6B000D5FB03F01DFB10F003FD00F001F920681D
:10D6C000014640310A78C9798A4319D13E21095C63
:10D6D000002915D10C490A88120711D50922D20652
:10D6E0001269497A836AC90059181123DB01C018ED
:10D6F000806A801A00020012814201DA0CF020FBDD
:10D7000010BD000004250020C000002010B5837F5C
:10D710000122002492024168082B03D9422491423D
:10D7200002D310E0914201D242240CE0014634229F
:10D730000648F6F77FF800F083F8002801DA48245D
:10D7400001E000F02DF9204610BD0000E0020020AD
:10D750003EB5174D15482968827F0846A0310A73E7
:10D7600000246030047644768476E122C2768022FA
:10D77000027702224277302008704C7002AA01A979
:10D780006846FAF7A7FD68460078A22201016846BC
:10D79000007A891C000201436846007900030143B6
:10D7A00028681152A03004713EBD0000E002002044
:10D7B0000425002070B503F061FD0BF0EDFC0AF0CC
:10D7C00057FA11F065FA03F03DFF1A4C1A49206828
:10D7D0001A4D4018811013202A68C0011018C16228
:10D7E000616889080163A168890841630FF062F9E3
:10D7F00029681F208001228B08188280628B0F23EA
:10D80000C280DB01A28BCB18DA87628C02802246B1
:10D810002032127882703D2252010020891808734C
:10D8200000F088FA03F074FA03F0FAF910F0CEFC75
:10D8300070BD0000E00200200000FCEF0425002085
:10D8400070B50025ED43F6F7E1F901282ED000234D
:10D8500018490322888BFF24401E10438A7F5934C5
:10D8600062438218088B282460431218488B3024A6
:10D87000604312180846203040782C24604310186A
:10D880000D4A181884184869A0420DD10B488442EB
:10D890000AD90D69F6F7BAF9C1B2284608F07EFE3A
:10D8A00008F0B8FF401B251A284670BDFF23B5338A
:10D8B000CEE70000E002002089190000B80900004E
:10D8C000F8B52C4F3C68206E5C34401C002814D006
:10D8D000002529480023C07B00283ED00926F606F3
:10D8E0002648002D1CD000210A460B464169521CD7
:10D8F000994204D1002902D004E00125E9E7204B38
:10D900009A42F2D32160006960603069A168000228
:10D91000090E000A09060143A16000F033F81DE07A
:10D920003169A2680902090A150E08D0018BC907DE
:10D9300012D04169216000696060E37210E0881ACA
:10D9400000027D2300121B03984205DD100E000625
:10D950000843A06000F016F8F8BD6360002DFBD00E
:10D9600003CC0CF013F9FA200CF000F93968886246
:10D97000F8BD00000425002000030020000010482E
:10D980008813000004490020086104480121006850
:10D990006030C1717047000000001048042500206D
:10D9A000F8B5062632484025056032480027078032
:10D9B000A9050920C00641602F4A916001680160F5
:10D9C0002E48032104694269601E08433946401C01
:10D9D000F5F734FFF6F71AF9C1B2204608F0DEFD7C
:10D9E00008F018FF08F022FFF6F7DCF824491720AA
:10D9F0008881244C2068421901465770FA208862B9
:10DA000028201070F6F7B4F8012805D120681022FC
:10DA10004030017811430170F6F70EF9012805D165
:10DA2000206880224030017811430170206801464F
:10DA300040300278324302700020C0430866F5F798
:10DA40003FFFFFF785FEFFF7B5FE2068012120307C
:10DA5000017707214177012002F0EEFF06F032FC4A
:10DA6000FFF72EFF02488038056002210160F8BDF3
:10DA700080E100E0C000002040000048E0020020FB
:10DA8000000010480425002038B5184A14682246C2
:10DA9000BA32AE34A378DD0701D001290AD05B0782
:10DAA0000CD501290AD0217949070BD5E17A002943
:10DAB00005D007E0E07880210843E07038BD0121FF
:10DAC000E172508020794106090FF7D07821084093
:10DAD00069460870002048706A460221422000F022
:10DAE00063FB207987210840207138BD0425002080
:10DAF00038B51048002104680846AE3407F0F4FD3C
:10DB0000694648702079C10704D001216A46117026
:10DB100088432071C0B2810705D502216A46117081
:10DB2000FD210840207102216A46084600F03CFBB6
:10DB300038BD000004250020FFB50C4678A103C9BC
:10DB400095B001910090002108A801730321C9023A
:10DB500068464186012108A8734E0174356817464E
:10DB6000AE3513F07BF9002808D1704930684018B1
:10DB70000AF064FCA878002802D0462019B0F0BD55
:10DB80000BA81599F6F706F80028F7D1072010A979
:10DB90000871012C05D0022C0AD0002C0ED0422096
:10DBA000ECE708A8017B1020014308A8017305E0F9
:10DBB00011A90BA8F5F7D4FF0028DFD110A802792E
:10DBC00001230CA9284601F003FC00287ED1022283
:10DBD00029461898F5F72EFE298868468181152177
:10DBE000490201820784012686734E2108A88170AC
:10DBF0000024C470067107214171867103A902A82F
:10DC000001F09CF9002861D1022202A91E98F5F7C3
:10DC100011FE082F02D26846478502E008206946B7
:10DC2000488569460C850B4628880AAA098902F0AE
:10DC300081F900286DD13E49684601820227078498
:10DC400008A8847103A902A801F078F9002860D11E
:10DC5000022202A91F98F5F7EDFD68460470694697
:10DC600044704F850B4628880AAA098902F062F998
:10DC700000284ED108A8007BC00723D02C49684655
:10DC8000C91C01820821018408A88770047103A9B6
:10DC900002A801F053F900283BD1FF216846C17169
:10DCA0008171C17081704170017044710471694665
:10DCB000082048850B4628880AAA098902F03AF903
:10DCC000002826D108A8007B800600E021E022D5AC
:10DCD0002988684681811649A531018206848673A8
:10DCE00008A88770C470047107214171847103A969
:10DCF00002A801F023F900280BD169460E700C85AB
:10DD00004E850B4628880AAA098902F013F90028D3
:10DD100001D0472032E708A8007BA87000202DE73B
:10DD2000626C75656E726721042500203307000060
:10DD3000012A0000034800210068AE30C1708170E4
:10DD4000704700000425002070B50D4B1C68AE34F0
:10DD50002379DD0612D45B0710D533280ED1E07A83
:10DD600002280BD10420107000205070C9B202208C
:10DD700000F01AFA2079FB210840207170BD0000E4
:10DD80000425002038B50246174801240068AE304B
:10DD9000022A1FD0052A03D0072A07D00B2A20D138
:10DDA000084609794088FFF76FFE1AE000790024E1
:10DDB000020600D50124820703D1C20601D48006E1
:10DDC0000FD5084600216A461170694600F0D4F864
:10DDD000044606E08178490703D50179FB2211400A
:10DDE0000171204638BD00000425002010B5094807
:10DDF0000468AE34E07880070BD500200BF044F8BF
:10DE0000022000F0A9F9E07801210843FD21084033
:10DE1000E07010BD042500201FB50E480468AE3424
:10DE2000E078010612D5A178C9070CD0800708D583
:10DE3000042069460873684603F014FB022000F0D2
:10DE40008BF90020E0704006400EE070F5F7A6FE6A
:10DE50001FBD000004250020002000B58DB00A90F1
:10DE60000B90089009900590069007900490009000
:10DE700001900290034602460146039000F0B2F87A
:10DE80000DB000BD10B514468CB000220B92069266
:10DE90000A920892099205920792049202920193C3
:10DEA00003920B46024600940021052000F09AF8E8
:10DEB0000CB010BD0949B22209681423525CBA3172
:10DEC0001A4208D0498800050905090D000D814254
:10DED00001D1012070470020704700000425002078
:10DEE00002780907090F0A430270002070470000FA
:10DEF00030B50E4885B005682C46AE352879BA3461
:10DF0000400711D5E87A01280ED11521490268464B
:10DF100041800121017060886B46054A00F0A4FA37
:10DF2000002801D10220E87205B030BD0425002090
:10DF3000FFFF00007CB50446E1200D46800005F09F
:10DF400067FF0BA103C900900191684603F038F800
:10DF500001200BF0F1FE002801D047207CBD207885
:10DF60002021084320700920287000207CBD00007B
:10DF70001F0200000000000030B5194B047A1B6836
:10DF8000C268AE331B799D06AD0F04D1007804281A
:10DF900001D000200EE0012030BD155C002D0BD01B
:10DFA000401C80B2155C012D08D01518203DED7F76
:10DFB000281880B2A042F0D3087830BD401CDD079D
:10DFC000012480B2002D02D0105CC00703E09B0743
:10DFD000F2D5105C80070028EED00C70ECE7000052
:10DFE00004250020FFB595B00E46054620210CA85B
:10DFF000FCF7E8FD00200490564800270468681EDE
:10E00000AE34042802D8A078C0070BD0062D02D069
:10E01000002D0AD002E0A078800703D5E078400602
:10E02000800E0AD0462019B0F0BDA0788007F9D044
:10E03000E0784006800EF5D00FE0002D0DD0012DC8
:10E0400020D0022D28D0062D33D0032D33D0042D1F
:10E0500037D0002E3BD04220E5E700200AF014FF25
:10E060000028E0D1E078800708D5042069460873CD
:10E07000684603F0F7F9022000F06EF80120E07026
:10E080000020D0E7012EE6D0042EE4D01F9800280F
:10E09000E1D10627042008E0012EDCD0042EDAD0DE
:10E0A0001F980028D7D105270220E0700120049096
:10E0B00010E040200DE0022E01D0032ECBD108202D
:10E0C00007E0012E01D0042EC5D1102001E0042765
:10E0D0002020E07000230BAA19461E9809F06AFF61
:10E0E000030002D000F0E0F832E01022002107A87F
:10E0F000F5F7A4FB07A86C46279B269A1F990FC427
:10E100002B463046189A179900F088F80300E9D199
:10E1100008A8017BC170259803AC049B289A299913
:10E120000FC422AB07CB02920091019039460CA894
:10E13000209B219A00F0C2F80300D3D107A80BF06E
:10E14000BFF90300CED101200AF09EFE0300C9D121
:10E15000184668E70425002010B50446C10611489A
:10E16000006803D51522BF210C4006E03921490182
:10E170004118897BC90710D012222107890E08187F
:10E180000121C9024018C06C0023214610F05EF83E
:10E19000010004D0204610F045F8002010BD0720F3
:10E1A00010BD000004250020F8B5891ECDB206463A
:10E1B000A81C03210843401C830817481746006821
:10E1C000F10603D51C22BF210E4008E03921490188
:10E1D0004118897B090601D40020F8BD19223107B6
:10E1E000890E08180121C9024018C06C314610F090
:10E1F0002DF804000ED03978217179786171A571FC
:10E200002A46B91CE01DF5F715FB2146304610F0F3
:10E2100009F8E1E70720F8BD04250020F8B5204BF8
:10E22000204D1B6801265B19069CB603009300284D
:10E2300014D0042812D0022813D0032811D00625A8
:10E240002B46012810D00F4617430DD0914203D81A
:10E25000202901D3B2420AD94220F8BD30256023DB
:10E26000EFE7A025F023ECE72580638001E0218023
:10E27000628020710798A071089820720998002880
:10E2800005D00146204606220930F5F7D3FA0720CB
:10E29000607100982030807B60710020F8BD000024
:10E2A0000425002058080000034881220068A0309F
:10E2B000417C11404174704704250020F8B50546A3
:10E2C0003E481E460068079F0024AE3013460029D2
:10E2D00005D002222A7001226A70A9700324002E40
:10E2E00010D080788006800F0CD13019401C1F2878
:10E2F00054D82E55641C281932461946F5F79AFA57
:10E30000A019C4B2002F0DD03819401C1F2845D8C1
:10E310002F55641CE4B228193A460699F5F78AFA93
:10E32000E019C4B26846008C00281BD06846808C77
:10E33000002817D0601D1F2830D805202855641CE0
:10E34000E0B212212954401CC4B228190646022208
:10E3500008A9F5F76FFAB01C022209A9F5F76AFAC5
:10E36000241DE4B20C98002812D0E01C1F2815D8F8
:10E3700002202855641CE0B20A212954401CC4B272
:10E3800068460BF0B9FB684600782855641CE4B277
:10E390000B9800280CD000191F2801D94220F8BD85
:10E3A00028190B9A0A99F5F745FA0B982018C4B268
:10E3B000214628460AF0E0FFF8BD000004250020B1
:10E3C00000B500F009F8002805D085220169920106
:10E3D000114200D0002000BD10B50D4900050B68AA
:10E3E000092109025918CA6E0021000DA0331B7BB8
:10E3F0000AE04C01145B2405240D844202D148013B
:10E40000801810BD491CC9B28B42F2D8002010BD43
:10E4100004250020FEB58C68CD88267B012E01D016
:10E420000020FEBD4126052D01D01E7019E0247C80
:10E430000A2C00D01E70002A0DD08968052268467B
:10E440000C31F5F7F7F96D1E00AAA9B2322001329E
:10E45000FFF77AFC05E000880A460146022000F03A
:10E46000FDF94120FEBD0000FFB589B007464625F5
:10E470001E781022991C05A8FCF79CFB012E04D0E5
:10E48000022E02D042200DB0F0BD3846FFF798FFB3
:10E49000040024D020223946002009F0C7FB0700E1
:10E4A0001CD005AD04960FCD6D460FC539462046EC
:10E4B0000B9B0A9A09F043FD050004D00021384661
:10E4C00009F010FC0BE00121206949030843206199
:10E4D0000448A061384600F051FC00E0642528465D
:10E4E000D1E70000E9E4041010B5502100F001F874
:10E4F00010BDF0B58BB00D4604460020694608718A
:10E500000490E669002E16D0A806800F03D020885C
:10E51000FFF7D0FC049001AB31462046049AFFF788
:10E5200079FF412865D0E80708D0218832460220CB
:10E5300000F018F95DE041200BB0F0BD680705D58B
:10E5400021883246022000F0D3F852E0A80739D5DE
:10E55000F0886188814205D921883246022000F086
:10E560008DF846E02069410604D50121890208435F
:10E57000206180E021882022002009F057FB05005F
:10E580001ED021883246022000F078F8A068801C56
:10E5900000F0D0F96188401E401886B2A06800F0F3
:10E5A000C9F9024633462946204609F0A4FC28460C
:10E5B00000F0E4FBA0683146801C00F0B7F954E09D
:10E5C0004520B9E7E80614D5F088412702280ED97E
:10E5D000B168801E4D7B80B2854201D9012016E0D2
:10E5E000002D04D02946F1F7F7FD00290FD0684629
:10E5F00007710120216940038143216104980028AB
:10E600002DD001AA01213120FFF79EFB2DE00290C1
:10E610000220002703901EE0049800280DD00398E4
:10E6200005AB001D81B22A46304609F0BFFA05AAA3
:10E6300029463320FFF788FB07E003980096C2B213
:10E640002B462188022000F0C7F80398401980B2B9
:10E650007F1CBFB2039002988742DDD3C9E76846AA
:10E6600002792188022000F035F90121E06909F0E2
:10E6700039FB0020E06100205EE70000F7B50646A8
:10E6800090790321401EC5B2E81C0843401C830852
:10E69000164817460068F10603D52C22BF210E400C
:10E6A00008E0392149014118097C090601D40020FC
:10E6B000FEBD29223107890E08180121C902401820
:10E6C000C06C31460FF0C2FD04000DD00198A0804F
:10E6D000A5712A4605213846E31D09F067FA21464F
:10E6E00030460FF09FFDE2E70720FEBD0425002025
:10E6F000F7B5064690790321401EC5B2E81C0843D1
:10E70000401C8308164817460068F10603D52D22E1
:10E71000BF210E4006E0392149014118497CC90753
:10E7200019D02A223107890E08180121C902401880
:10E73000C06C31460FF08AFD04000ED00198A08015
:10E74000A5712A4605213846E31D09F02FFA214616
:10E7500030460FF067FD0020FEBD0720FEBD000023
:10E7600004250020F7B5064690790321401EC5B266
:10E77000E81C0843401C8308164817460068F10649
:10E7800003D52B22BF210E4008E039214901411851
:10E79000097C490601D40020FEBD28223107890EDC
:10E7A00008180121C9024018C06C31460FF04EFD17
:10E7B00004000DD00198A080A5712A460521384695
:10E7C000E31D09F0F3F9214630460FF02BFDE2E797
:10E7D0000720FEBD04250020FFB59B1E0646DDB2C6
:10E7E000681D03210843401C83081B4881B0006852
:10E7F0001746F10603D53622BF210E4009E0392124
:10E8000049014118897C890702D4002005B0F0BD78
:10E8100033223107890E08180121C9024018C06C43
:10E8200031460FF013FD040014D00298A0800A981E
:10E83000234680682A460830C0190079E080257296
:10E84000B91D09330A9809F0B1F9214630460FF095
:10E85000E9FCDAE70720D9E704250020F8B50446EB
:10E8600090680F4601461546467B0E3102226846E7
:10E87000F4F7E0FFA8680223057C1548E10603D5FC
:10E880003522BF210C4009E0392201685201891864
:10E89000497C090601D40020F8BD32222107006816
:10E8A000890E08180121C9024018C06C21460FF0DA
:10E8B000CDFC010009D08F808E716A4612880A81D2
:10E8C0008D7220460FF0AEFCE5E70720F8BD000092
:10E8D0000425002070B50E4601230446C1061248E7
:10E8E0001546006803D53422BF210C4006E03921CB
:10E8F00049014118897CC90711D031222107890EAD
:10E9000008180121C9024018C06C21460FF09EFC76
:10E91000010006D08E808D7120460FF083FC002010
:10E9200070BD072070BD0000042500200170090A99
:10E930004170704701784078000208437047F8B58D
:10E94000069C1F4615460646002C13D0A0680222DE
:10E950000D30F4F76FFFE81E82B23B4607212046D8
:10E9600009F014FAE580A068012E05D01D2101737D
:10E970000020F8BD4720F8BD1B21F8E7F1B5FFB036
:10E9800001248BB0600205900027CC4807970168EE
:10E99000CB48C94D081803908A980AAA0005000DB3
:10E9A00005A90BF0CDFE0690002872D104260AA816
:10E9B00005994218203AD27F0B2A23D00026002046
:10E9C00004900AA88119022201A80291F4F732FFEB
:10E9D0006846818809AB08AA039801F0A7FC0128C2
:10E9E00017D002287ED068468088854200D305462D
:10E9F000844200D92046044602988078012872D0CB
:10EA000013363CE1491E761E36040591360CCFD1F3
:10EA1000D5E708980090002F66D10099022228318E
:10EA20000298F4F70FFF00281ED100982030017BD8
:10EA300002988078814217D1012808D10098029964
:10EA400002220830C91CF4F7FDFE002815D00298F8
:10EA50008078022808D10098029910220830C91C39
:10EA6000F4F7F0FE002808D00098008DA84200D8E6
:10EA70000546A04200D22046044602990AA8897899
:10EA8000012907D013360599B6B28E4204D3012767
:10EA900007E006E1761DF6E78119022201A8F4F7E6
:10EAA000C9FE0399009808318E462FE084466946D6
:10EAB000026A8B8820300DE0918B994203D3012F9D
:10EAC0007ED199427CD9A94200D80D46A14200D3FB
:10EAD0000C4612688242EFD10498002804D16046A7
:10EAE000006802E015E0BFE08AE070450ED0018DBD
:10EAF000994203D3012F09D1994207D98D4200D3FE
:10EB00000D468C4200D80C46012F59D17045CDD10D
:10EB1000BAE008980090002F72D1009902221C31AF
:10EB20000298F4F78FFE00281ED100982030C1789B
:10EB300002988078814217D1012808D10098029963
:10EB400002220830C91CF4F77DFE00281AD0029872
:10EB50008078022808D10098029910220830C91C38
:10EB6000F4F770FE00280DD00098808BA84200D8E2
:10EB70000546A04200D2204604460298807801282B
:10EB800026D003E002988078012805D01336079834
:10EB9000B6B201281ED021E000984A490089884277
:10EBA00016D18A98FFF718FC0146009800F08CF8FF
:10EBB0000099098C4843009989694018022200E0B5
:10EBC00038E00299491DF4F735FE01200790D4E79B
:10EBD000761DDCE7B61C0020B6B207900598864289
:10EBE00001D3012705E00AA88119022201A8F4F740
:10EBF00021FE039A0099083209980968944630E08A
:10EC00001AE086466A46938820300DE08A8B9A4245
:10EC100003D3012F0ED19A420CD9AA4200D815462F
:10EC2000A24200D3144609688142EFD1049800281B
:10EC30002AD102E00120049026E070460068604579
:10EC40000FD0028D016A9A4203D3012F09D19A4253
:10EC500007D9954200D31546944200D81446012F97
:10EC6000E8D16045CDD10FE00298C078022805D1E7
:10EC700002980079292801D1B61CB6B2761D0598F4
:10EC8000B6B2864200D301270598811B042902D31E
:10EC9000864200D293E604980028FBD1A54203D90E
:10ECA00006987FB00CB0F0BD224629468A9801F044
:10ECB00083FB0690F5E70000FFFF0000042500201D
:10ECC000640700000229000030B5024623239B5C44
:10ECD0000020012B1AD112890D4B9A4216D10D4AF0
:10ECE000092312681B02D318A032DB6E127B0AE0E4
:10ECF00045010C885D5B24052D05240D2D0DAC42CE
:10ED000004D0401CC0B28242F2D8002030BD0000C6
:10ED10000229000004250020064909220968120280
:10ED200089188008C96E400108180188002900D19F
:10ED3000002070470425002010B50446022000F092
:10ED400033F80D4800210268092000021018A03293
:10ED5000C36E107B05E04A019A5A002A04D0491C70
:10ED6000C9B28842F7D810BD48011C52C0180269C8
:10ED700004210A43026110BD0425002010B5044699
:10ED80000146042002F094FD002808D004480549FB
:10ED90000068401821463C3010F096F8432010BD22
:10EDA000042500206407000004490A683D21490148
:10EDB00051180A7B02430A737047000004250020A3
:10EDC00000B51138C0B2FFF7A7FF002804D0012218
:10EDD000016952051143016100BD0000F3B597B010
:10EDE0000D8848880590081D1DC80DAE1DC68C8A6B
:10EDF000CE8A087E1390C86920310190087800906F
:10EE00004878049088780390C87802900F7900F0D1
:10EE1000BFFD002817D10120400284425FD8B442D0
:10EE20005DD8002F01D1B44259D114A9284601F070
:10EE3000ABFA002806D115AA1499059801F094FAA6
:10EE4000002802D0602019B0F0BD149D11A92846F9
:10EE5000183009F047FB10A88088002810D02846F9
:10EE600012A9203009F03EFB10A8838800892A8D62
:10EE70001818696A10188A8B904203D16120E2E762
:10EE80004820E0E715982C4B02899A4227D123228B
:10EE9000125C012A23D1006800681690139801289B
:10EEA0001FD16846808E29221202801A030001F0C9
:10EEB0007CFD0604180404070A18022C0FD110E088
:10EEC000072C0CD10DE0042C09D3E00707D1012F4A
:10EED00007D1A64203D3042E01D3F00701D042206C
:10EEE000B1E702980B90039B049A0A930992009849
:10EEF000019A0C9708900696059407920DA81DC8D4
:10EF0000019002A81CC013980B4600902A4616993F
:10EF1000179800F0B1F9002895D168460649808E0F
:10EF2000FF31884205D01798018800200A4601F079
:10EF300043FA002087E7000003280000F3B5A5B0DE
:10EF400008881A9088780C4611901022091D13A881
:10EF5000FBF730FEA08A1090A17D68460172E07D2B
:10EF60000F90207E2090677EA07E1F900020064696
:10EF70000146129020A801810F20BB4C2390BB4971
:10EF800020684018199000F003FD00280BD10121E2
:10EF90001098490288425FD821A91A9801F0F4F923
:10EFA000002802D0602027B0F0BD2198179009F00A
:10EFB0003DFA1A9988420CD102A801901698009047
:10EFC00013AD0ECD119809F0F5F9002801D063209A
:10EFD000E9E76846017A8806800F05D00120129083
:10EFE0002068A030007B4600C80703D01298401C60
:10EFF000B61C1290080603D51298401CB61C12903D
:10F0000017980DA918301D9009F06CFA6846129CEB
:10F01000808EA41CA04237D317980EA920300190EF
:10F0200009F060FA6846018F00290DD01798179AE9
:10F030006B46406A9B8E128D5918808B5118081AA6
:10F04000A04201D26120AEE7179884691198256823
:10F05000012803D0022803D04220A4E7052000E0C5
:10F060001320E0832A4639460F9809F0F1F9422827
:10F0700099D0199FE28B4037788B398B411A1098C1
:10F0800010188019814201DA48208CE70EA90198F6
:10F0900009F028FA6846008F0028179802D0406AC5
:10F0A000808B00E0008D2599401C08802598012167
:10F0B0000088A083259802220088401CA8836C4801
:10F0C0002081204620301790C1700021817081710D
:10F0D0001998398B406D40186946A061097A017012
:10F0E000A06929461C31401CF4F7A4FB11980128A3
:10F0F000A0697DD0102213A9C01CF4F79BFB284601
:10F10000102213A90830F4F795FB388B133038839D
:10F110002E4620361198F0701098E8831F98B07032
:10F1200010982084109828841998398B406D4018C5
:10F13000A8610021109AF4F781FB398B1098081808
:10F140003883179901200871179900204871307190
:10F150006846007A810701D5012131710107022734
:10F16000002902DA317939433171410703D5317908
:10F17000042211433171400603D530790821084338
:10F1800030710F9870712098B07121461D9809F068
:10F19000D2F92146019809F0AFF929461D9809F0E6
:10F1A000CAF92946019809F0A7F91298002841D018
:10F1B00068461A998181A18BC18107844784012403
:10F1C00008A8047122A80A9008A88473239941739F
:10F1D0000F993820014008A801730721C173002549
:10F1E00005746846007AC00708D02248694600E0E6
:10F1F0002BE0088203A924A8FFF7F0FD6846007AF7
:10F200008006800F07D01B486946401E088203A96C
:10F2100024A8FFF7E3FD6846007A00060AD52921F5
:10F2200009026846018208A84473057303A924A84B
:10F23000FFF7D4FD259801881298401C081882B267
:10F24000002001F0B9F80020ADE6022213A9C01C8D
:10F25000F4F7F0FA2846022213A90830F4F7EAFA84
:10F26000388B401D53E70000042500206407000090
:10F270000328000003290000FFB55248524A0068E5
:10F2800087B08218069210AA109B0126169F9288BA
:10F29000012B04D14D4B9A4201D1A030067B069D33
:10F2A00034464035688B2B8B7C43C31A0998203039
:10F2B0000390A34222DA48200BB0F0BD2320405C2B
:10F2C000012819D108896C46208098420CD03F4C07
:10F2D000641EA04208D0641CA04205D0641CA04259
:10F2E00002D0A41CA04207D1384CFF3CA04201D060
:10F2F000904201D16220DFE7096801E029231B0267
:10F3000003988142DAD109981B998469189822469A
:10F3100009F09EF84228CFD01C98012804D11598F6
:10F32000874201D24220C7E71598E083204620306B
:10F330001C990590817027840A98808B401CA083BB
:10F340001098012814D02046102211A90830F4F793
:10F3500071FA05991098C8700698298B406D40186D
:10F36000A061298B384670430818288300250FE0D8
:10F3700011A80FC808340FC4183CEAE72846A16951
:10F3800078430818159A1799F4F754FA6D1CEDB2E2
:10F39000B542F3D3059918984871059919980871E1
:10F3A00005991A98887109982146183009F0C3F810
:10F3B0002146039809F0A0F80798A18B018000204E
:10F3C0007AE70000042500206407000002290000FD
:10F3D000FFB58FB014460E78102205A8891CFBF7E4
:10F3E000E9FB4F484F490068451800F0D1FA002862
:10F3F0001ED1002C57D0012E09D16846808A4A4977
:10F40000884204D12846A968083081424BD1284659
:10F41000103029690390814209D00AA9284609F0D1
:10F4200061F86846018D601E0D90814202D248202D
:10F4300013B0F0BD284608300CA9049009F052F82A
:10F440006846008E002814D0EF680AA938461830A4
:10F4500009F048F8384620300CA909F043F868460E
:10F46000398D008D09186846008E401C081887B237
:10F4700000E0012701200004C01BA04201D261204E
:10F48000D6E72C69286801901298012802D002283A
:10F4900003D008E00520C00200E024486085012E6A
:10F4A00003D0022E05D04220C2E7204608300222B7
:10F4B00002E020460830102205A9F4F7BBF92046E7
:10F4C00031462030064601730F9821460780278574
:10F4D000039809F030F82146049809F00DF8274602
:10F4E0001837E7616662A76126620D9884B20BE067
:10F4F0002846019909F01FF83846019908F0FCFFE9
:10F500002868641EA4B20190002CF1D10F980188E4
:10F510000D98081882B2002000F04EFF002087E707
:10F5200004250020640700000118000001280000E5
:10F53000F7B5064636480F460068364982B044188B
:10F540003046FEF749FF050060D020462430009089
:10F550000FF0D0FC002859D12869000356D5009837
:10F560000FF082FC04464FE0A088B0424BD120222D
:10F570003146002008F05AFB060018D0A068002F82
:10F58000017B427B15D03346049810F08DF80020A3
:10F5900001222969D2049143296100282AD06928CF
:10F5A00002D03046FFF7EAFB002005B0F0BD642032
:10F5B000FBE70A2906D00C290AD00E290ED008290B
:10F5C00012D023E032462146284611F029F9DFE720
:10F5D00032462146284610F05DFDD9E732462146E5
:10F5E000284611F053F8D3E732462146284610F05A
:10F5F000E3FECDE7214600980FF083FC0121204671
:10F6000008F070FBCDE72468002CADD14120CCE799
:10F6100004250020640700000246084808490068E5
:10F6200041188868083103E0038D934202D20068D4
:10F630008842F9D1884200D100207047042500207B
:10F6400064070000034610B50E480F4900684118D2
:10F650008868083103E0148D9C4203D81046026884
:10F660008A42F8D18A420CD1018D994209D20146D1
:10F67000026A20318A4203D0416A898B994200D2C2
:10F68000002010BD0425002064070000024610B5CC
:10F690000B4812050168092000020818C36E0020FB
:10F6A000120DA031097B07E044011C5B2405240DE9
:10F6B000944203D0401CC0B28142F5D810BD000076
:10F6C00004250020F7B50546174601980FF0CCFB3E
:10F6D0002E050446360D0CE0A0882568B04207D1FF
:10F6E000214601980FF00DFC3946204608F0FAFA41
:10F6F0002C46002CF0D1FEBDF0B58BB00020634944
:10F70000029063480A68141872B610464030C579F2
:10F7100002231D43C57162B625464035287AC007CD
:10F720007DD00920000210180026C76E49E0710143
:10F730007A5A002A43D0C919069109694A021ED48F
:10F740008A0226D502210491069901230988090518
:10F75000090D0391392149014118097C89070ED50A
:10F76000D902083040182322C06C02210EF06EFD31
:10F77000010004D0039A8A8004980EF053FD069885
:10F7800000880090069800F085F800980DF0D0FAF7
:10F7900015E0480713D5069800880005000D0DF008
:10F7A00059FA002805D1069800880005000DFFF7DA
:10F7B000E5F8069904200969814306980161761CE1
:10F7C000F6B23248AC210068095CB142AFD800F013
:10F7D0001BFF2046243006460FF08CFB012802D088
:10F7E000012000F015FE204618300FF083FB0128A1
:10F7F00002D0002000F00CFE3C3420460FF07AFBD3
:10F8000001280FD002A920460FF09DFB0420029989
:10F8100002F04EF80028F0D02046029900E032E0D5
:10F820000FF03FFB287A00062DD530460FF062FB23
:10F83000012828D1002008F0D5F9A98B23314909E6
:10F84000491CC9B2F0F7C8FC00281CD00F4D044673
:10F8500028680123D9020830401842263822C06C9B
:10F8600031460EF0F3FC01000DD000228A80CC80DE
:10F8700030460EF0D7FC3D212A68490151180A7B19
:10F88000802082430A730BB0F0BD000004250020E5
:10F8900064070000F0B504463B483C49006885B069
:10F8A0004518218A890419D5022104913921490179
:10F8B0004118897C412627880123C9070ED0D90227
:10F8C000083040183122C06C02210EF0BFFC01004C
:10F8D00004D08F808E7104980EF0A4FC29462088F5
:10F8E00001221831FFF7EEFE29462088012230312F
:10F8F000FFF7E8FE2946208801222431FFF7E2FEC7
:10F900002946208800223C31FFF7DCFE20880005D4
:10F91000000DFFF7BBFE85002946113168460173D3
:10F9200001F0A0FD294612316846017301F09AFDED
:10F93000294613316846017301F094FD6846143579
:10F94000057301F08FFD208800F03CFA2088010546
:10F950000D48090D02681320C0011018028A914257
:10F9600001D100210182E069002802D0012108F0C4
:10F97000B9F9202200212046A568F3F75FFF172080
:10F98000A560608005B0F0BD04250020640700007C
:10F9900010B50B480B49006844184034207AC00762
:10F9A00009D0002008F01EF9217A890701D5002826
:10F9B00003D0002010BD472010BD642010BD000002
:10F9C0000425002064070000F0B55FA099B000682E
:10F9D0005E4915905E4A086884180922120282184E
:10F9E000D26E2546403514922A7AD20702D0622080
:10F9F00019B0F0BDAA8B01235B029A4201D9AB83F7
:10FA000003E0172A01D21722AA83149AA030139276
:10FA1000067B0DE0761EF6B2139871010F18B868D8
:10FA20000F90384620220021F3F708FF0F98B860A6
:10FA3000002EEFD120460830E0606460A0602460B2
:10FA40000830139060612061FF22002108300FF020
:10FA500020FA2046FF22002124300FF01AFA204617
:10FA6000AA7F002130300FF014FA2046FF22002137
:10FA70003C300FF00EFA00222A7210461721334B49
:10FA800005E0149E4701BE19401C7180C0B21E687B
:10FA9000A036367B8642F4D8002028832F8C688CD1
:10FAA0000026149008E02820E16C704309182046D5
:10FAB00008F022FD761CB6B2BE42F4D3002608E060
:10FAC0003020216D70430918139808F015FD761C3D
:10FAD000B6B214988642F3D30120FFF765F90124EA
:10FAE000684604701B4941802346042269460CA8DD
:10FAF000FFF76EFC002822D16846018E81821649EC
:10FB00000183042606858475202108A881720024BB
:10FB1000C472047307214173847305A90DA8FFF70C
:10FB20000DFA00280BD1684604874687818E15ABF5
:10FB30000EAA008E00F0FEF9002800D158E7002040
:10FB40002872472054E700000000FFFF0425002032
:10FB50006407000001180000052A0000F8B50446FB
:10FB600083480E460068834947184820C05DC00797
:10FB70006FD0B088FEF730FC0546012C02D0002C77
:10FB800068D0F3E0002D04D02869410703D5452053
:10FB9000F8BD0121C7E0B268F188147B0029F0D0DC
:10FBA00062060AD568888842F3D3D22C01D0522C41
:10FBB000EFD138463146183048E0A106890E1E299B
:10FBC00049D81E2C20D101071ED508218843286161
:10FBD0002988012008F078FC0121304608F082F8DD
:10FBE000634801230068D9020830401842242D8858
:10FBF0003922C06C21460EF029FB010003D08D8014
:10FC000020460EF00FFBB1E0E1070BD01D2C1AD0FF
:10FC10001B2C18D0410533D4012189020843EE6121
:10FC20002861A3E0C00606D52B460222032142200C
:10FC300000F07EFEADE72988002008F033FC29693A
:10FC40001020014329613846314624300FF03CF939
:10FC50008CE015E016E029882022002007F0E6FF5E
:10FC600005000DD00121304608F03CF82B4600225B
:10FC7000214606200FF018FD2846FFF77FF875E0B3
:10FC80004120F8BDB068047B1D2C3CD01B2C43D018
:10FC90000021304608F026F8002D67D0032C46D00E
:10FCA000052C44D0072C42D0092C40D00B2C3ED040
:10FCB0000D2C3CD00F2C3AD0112C38D0132C36D030
:10FCC000172C34D0192C32D0012C30D0022C35D046
:10FCD000042C33D0062C31D0082C2FD00A2C2DD058
:10FCE0000C2C2BD00E2C29D0102C27D0122C25D048
:10FCF000162C23D0182C21D0522C1FD0D22C1DD042
:10FD00001E2C2FD032E0002D03D02988012008F0CE
:10FD1000C9FB3146022001E03146012000F052FDCE
:10FD2000002823D00021304607F0DCFF1EE02969BF
:10FD30001020814329612988002015E0286940218D
:10FD400088432861010511D5FF210131084328614D
:10FD50002988022008F0A6FB01202969C0028143FE
:10FD6000296103E02988032008F0AEFB0020F8BDDC
:10FD7000042500206407000010B5104A104B1268DB
:10FD8000D2184032127AD20706D002280AD00528AB
:10FD900004D00B2810D101E0412010BD4888FEF7A7
:10FDA000CBFF09E04888FEF717FB002804D00122AA
:10FDB0000169920511430161002010BD0425002056
:10FDC00064070000F1B5FFB085B047200190002026
:10FDD0006946088053485449006847188498FEF7DC
:10FDE000FBFA0290002874D0B96808374FE06846E3
:10FDF00000880D4604AC20186B460222283100F022
:10FE0000C5FD68460088294620186B4601222C3122
:10FE100000F0BCFD2E462036307B6946012809885B
:10FE200004A809D040186B4610222946083100F07A
:10FE3000ADFD01902C6A27E040186B460222F4E7E2
:10FE40006946098804A8401821466B4602221C31E5
:10FE500000F09CFD6946098804A8401821466B46BD
:10FE60000122233100F092FD2320005D6946012824
:10FE7000098804A830D0401821466B46102208316A
:10FE800000F084FD01902468B442D9D12968B942B8
:10FE9000ADD1019800281CD16846008881070AD09E
:10FEA000224A011D11406A4611800A1A04A9081845
:10FEB0000B21F3F7C3FC029800880CF0CBFE00285E
:10FEC00007D1849869460005000D04AA09880AF044
:10FED0006FFB7FB006B0F0BD401821466B46022292
:10FEE000083100F053FD0190208911498842CAD1A0
:10FEF00020460299FEF7E8FE4000A16903906A4699
:10FF00000918128804A880186B46022200F03EFDF2
:10FF10000190A1690398022208180021F3F78EFCD2
:10FF2000B1E700000425002064070000FCFF00008A
:10FF300002290000F0B5074617480E4600683D212B
:10FF400049014018007B85B01D461446C00706D005
:10FF500003A9384600F018FA00280AD102E0472029
:10FF600005B0F0BD04AA3046039900F0FDF9002861
:10FF700001D06020F4E70499228860880968002A8B
:10FF800000D0088C32466E4631C603233946002025
:10FF900000F004F8E4E7000004250020FFB500208D
:10FFA00099B0239A0B90129005461490064615902E
:10FFB0001C46DB480B460068DA49229F4118039132
:10FFC0000021089109915188069111880A913D21DB
:10FFD00049014018007BC00706D00FA9184600F061
:10FFE000D3F900280AD102E047201DB0F0BD10AAC5
:10FFF0000F991B9800F0B8F9002801D06020F4E7B1
:020000041005E5
:100000001998002803D0600701D5012000E00020E6
:100010001390A007800F1C90109817902030C07884
:10002000012840D11798C04B01899942F9D11798FE
:10003000069904680A98228C4118914233D82046C8
:10004000203016908078012816D0E08B0490179805
:10005000806900788006800F7ED003984030189029
:10006000007A800778D51C980028F5D0AE4F0F99FC
:10007000FF372031206814E0BA4214D3B942DDD8EA
:100080000497E4E70389A84A934203D12322125C30
:10009000012A08D0BB4203D12322125C012A03D0DB
:1000A00000688842EED134E105900028FBD09C48DE
:1000B0000921026809025118C96E0027009162E007
:1000C000780100990390085A01055AD0199900291E
:1000D00001D0884255D105997A008B69511C595C31
:1000E0009A5C0902891889B20D91890749D00222C8
:1000F00005990FF057FB002804D01998002840D02C
:10010000652072E7002008A9C8551C98C00718D0C0
:10011000179880690078C00613D50D98C00710D0D5
:100120000120C8550543009A039880184088159A05
:10013000904206D91590009A0398105A0005000DB8
:1001400014901C9880071CD5179880690078800649
:1001500017D50D98800700E083E012D50220CA5D14
:1001600005430243CA5500990398401840881599E1
:10017000884206D9159000990398085A0005000D89
:1001800014907F1CFFB266480068A030037BBB421E
:1001900096D8002D65D01898007A00065FD4604884
:1001A0000168092000020818C16E00201BE042010E
:1001B0008E5A360515D0AE070BD556183669B707D7
:1001C0000DD408AF3F5CBF0703D5360701D54620E5
:1001D0000BE7EE0705D05218127CD20701D043205E
:1001E00003E7401CC0B28342E1D81598C01E86B216
:1001F0000498864200D90646A8070FD52022002081
:10020000149907F013FD129000287DD0F01C82B2E3
:100210000021129800F0F4F8002811D1E80720D04E
:1002200020220020149907F001FD0B90002807D030
:10023000F01C82B200210B9800F0E2F8002810D0E8
:100240008020FEF7B1FD1298002802D0002107F0AF
:1002500049FD0B98002802D0002107F043FD6420DF
:10026000C3E6A1690A98069A08182499F3F7E2FAF6
:1002700016988078012801D10498E083002D46D09B
:10028000274B0920196800020818C16E002008AA2F
:100290000CE04301CF5A3F0506D05F18BC463B69CE
:1002A000175C3B4367463B61401CC0B21C4B1B685C
:1002B000A0331B7B8342ECD8A8070DD51298009081
:1002C000F01C82B221461C310220A369FEF737FBE5
:1002D0000220129900F076FAE80718D00B980090E7
:1002E000F61C2146B2B21C310120A369FEF727FBA0
:1002F0001398002805D00B988021C07C08430B99E7
:10030000C87401200B9900E005E000F05BFA0020C2
:100310006BE6422069E68020FEF746FD9FE700007D
:10032000042500206407000003280000F0B584685D
:10033000083015E0258D8D4203D11460186001202E
:10034000F0BD26461C602036256A06E0AF8B8F4242
:1003500002D102201560F0BD2D68B542F6D12468A7
:100360008442E7D10020F0BD10B50B6A203106E0D1
:100370009C8B844202D10020136010BD1B688B420D
:10038000F6D1412010BD000010B5094A094B126892
:10039000D2189368083206E01C8D844202D10020F6
:1003A0000B6010BD1B689342F6D1412010BD0000C8
:1003B000042500206407000030B50F4B0F4D1B686B
:1003C00004465B1940331B7A412085B09B0710D54A
:1003D0006B469981DA81002018820420588203AA92
:1003E00004A96D4607C502231A4601212046FFF7DE
:1003F000D5FD05B030BD00000425002064070000D5
:1004000010B5121D806892B207F08AFC10BD000082
:10041000F0B57B497B4A096885B08E18012806D063
:100420003046183000900EF01FFD0446E5E03046DF
:10043000243003900EF018FD0546BAE0A8682F6836
:10044000007B0290A888FDF7C7FF040073D02188C5
:100450002022002007F0EAFB019000286CD0E888F9
:100460006188884204D900220420019B029920E07F
:100470004620009002980E284ED00ADC801E030011
:1004800000F093FA0B1C13221329132F1338134176
:10049000130016285AD004DC102846D0122804D1A4
:1004A0004BE018285BD01D2872D000220620019B4B
:1004B00002990FF0F9F8002000905CE029462046F0
:1004C000019A0FF0FDF94FE02A4621463046019B84
:1004D0000FF028FC48E029462046019A0FF02AFB3D
:1004E00042E02069000353D429462046019A0FF0C8
:1004F00063FF39E0206900034AD429462046019A67
:1005000010F08EF930E02069000341D429462046DE
:10051000019A0FF0BFFD27E02069000338D4294677
:100520002046019A10F0B2F81EE029462046019AB2
:100530000FF050FE18E033E03EE02069800327D43E
:1005400029462046019A10F096FA0DE020698003B2
:100550001ED429462046019A0FF0E0FC04E029460B
:100560002046019A0FF006FA0090452810D069281D
:100570000ED046280CD0012120690906884320614D
:100580000198FEF7FBFB0098002809D010E0FFE778
:100590000021019807F0A6FB009845280CD0F2E74F
:1005A000294603980EF0ADFC0121284607F09AFB7E
:1005B0003D46002D00D041E705B0F0BDA06826689B
:1005C000077BA088FDF708FF05000DD0522F01D052
:1005D000D22F06D1286940030ED42146284610F0B8
:1005E000B4F92869400307D4214600980EF089FC2D
:1005F0000121204607F076FB3446002CDED1DBE7F4
:100600000425002064070000F0B55848584A0168E6
:1006100085B08A1804920922120289180027CD6E2B
:1006200095E07E01A85B00287BD070190090C0691E
:1006300000284BD000990969CA0532D54A0530D542
:1006400080680124A402007BA143009A1D28116147
:1006500039D01B2837D0009A927B824202D00128E1
:1006600002D030E0012806D10098C0698068407B44
:10067000401C824269D1C80509D5A95B022007F058
:1006800023FF0098FF220169013291430161009824
:1006900081698847452816D1009801692143016185
:1006A00011E0012107F01EFB00980021C1610098B4
:1006B0000122016992029143016102221146422006
:1006C000009B00F035F9A85B00283ED00498243048
:1006D00001900EF0C9FB044635E020680390A06845
:1006E000AB5B017BA0881A05120D904201D11D2938
:1006F00004D0904226D11B2932D023E00099096909
:10070000CA040FD401221203009811430161A95BAE
:10071000032007F0C7FEA95B2246022000F078F80C
:1007200008E012E06946088102AB02220321422060
:1007300000F0FEF8214601980EF0E3FB012120466F
:1007400007F0D0FA039C002CC7D17F1CFFB20748EA
:100750000068A030007BB84200D962E705B0F0BD68
:1007600022461946022000F09BF8E3E7042500200A
:1007700064070000F0B5944600220A806346104CDE
:100780001A60092322681B028646D2184120D26EC5
:1007900000230FE05D01AD182F697646374207D080
:1007A0006F880E88B74203D90F806046056000202D
:1007B0005B1CDBB22568A0352D7B9D42EAD8F0BDDD
:1007C000042500207CB50C4605466A4601A9FFF7C2
:1007D000D1FF002801D041207CBD6846E188808897
:1007E000814200D9E08000980088A0802046FEF772
:1007F000C5FA0098012D07D0016908221143022291
:100800009143016100207CBD016949084900F8E776
:10081000F7B5064690799168C01E82B01746C5B2FA
:10082000022268460D31F3F705F8681D03210843DD
:10083000401C83081948F10603D53222BF210E401F
:100840000AE03922016852018918497C890602D4DC
:10085000002005B0F0BD2F2231070068890E08186E
:100860000121C9024018C06C31460DF0EFFC0400B4
:1008700011D00398A08068460088E0802346257246
:100880002A4607213846093307F090F921463046B9
:100890000DF0C8FCDCE70720DBE7000004250020A2
:1008A000F7B5064690799168C01E82B01746C5B26A
:1008B000022268460D31F2F7BDFF681D032108438F
:1008C000401C83081948F10603D53322BF210E408E
:1008D0000AE03922016852018918497C490602D48C
:1008E000002005B0F0BD302231070068890E0818DD
:1008F0000121C9024018C06C31460DF0A7FC04006C
:1009000011D00398A08068460088E08023462572B5
:100910002A4607213846093307F048F92146304670
:100920000DF080FCDCE70720DBE700000425002059
:10093000FFB50546012381B016460F46C00603D514
:100940002422BF20054000E021220F492807096822
:10095000800E40180121C9024018C06C29460DF0D4
:1009600075FC04000DD0277166713246A01D0499F4
:10097000F2F760FF214628460DF054FC002005B038
:10098000F0BD0720FBE700000425002010B51C88FF
:10099000A418A4B21C8001235B029C4203D8F2F786
:1009A00049FF002010BD412010BD30B47446641EC4
:1009B0002578641CAB4200D21D46635D5B00E318E2
:1009C00030BC1847F7B5164600241CE000981149C2
:1009D00000194018810801988900001942780578AB
:1009E000120215438278C0781204000602430948B7
:1009F000154340420F1829463846F2F73FFF386842
:100A0000854204D1241DB442E0D30020FEBDFB206A
:100A1000FEBD00000000FCEFF0B50E4607460024C6
:100A200007E03D1900F0CEF82870000A6870A41C99
:100A3000E4B2B442F5D3F0BD10B5012818D80729A7
:100A400016D80C4A12681346203318775977800756
:100A5000C906000E090E01430020074BA03204E036
:100A60008401E418A172401CC0B2147B8442F7D800
:100A7000002010BD0425002000010020F0B54F4FDC
:100A80000446386885B078300D461646002C10D0E4
:100A9000062C14D0082C0FD0182C0DD0282C0ED0DA
:100AA0002A2C0CD02C2C0DD02E2C0ED0D02C47D094
:100AB00048E0062D0FD045E0102D0CD042E0022D6D
:100AC00009D03FE0012D06D03CE0062D3AD17179E6
:100AD000890903296FD100192A463146F2F7AAFE87
:100AE0002C2C26D13078002823D0F3F78FF801285A
:100AF00022D01B201F304009401C4100411801201A
:100B000007F05EF8F3F782F8012817D01B201F309A
:100B10004009410041182A484078401AC01EC1B21D
:100B2000002007F04DF83868F92240300178114074
:100B30000170002005B0F0BDFB20DBE7FB20E6E7FD
:100B4000012D04D0F3F762F8012804D005E01078F5
:100B50000DF026FAEEE7D12C02D02F2C1ED02AE081
:100B6000082D28D1022231466846F2F763FE0222A0
:100B7000B11C01A8F2F75EFE0222311D02A8F2F7B5
:100B800059FE0222B11D03A8F2F754FE684683897C
:100B9000028981880088F3F72DF8CBE7012D0AD16F
:100BA0003078002807D0082805D249223968520138
:100BB00089188876BDE71220BCE7000004250020D4
:100BC0000003002000210B200007026852070DD50A
:100BD000026804239A430260026808231A430260F1
:100BE00004E0491C052901DD002070474268920796
:100BF000F7D54168C907FCD0806880B2704710B54E
:100C0000FFF7E0FF0446FFF7DDFF0004201810BDEA
:100C1000024909686831C880002070470425002017
:100C200010B50448044B006804220021C018F2F7F4
:100C300005FE10BD042500203907000004E00378FC
:100C40000B70401C491C521E002AF8D1704700004E
:100C50003EB50B4801AA0468694602A8683400F052
:100C60001FF800280BD06846007AE18801228240F4
:100C7000114204D069460978019AF0F7DDFF3EBDC4
:100C80000425002005480021006868300171417189
:100C90000268D208D2000260C1807047042500209B
:100CA00070B514460D4A136872B668331A79002A73
:100CB00001D0012500E0002500221A715A79027046
:100CC00018784007400F087018684001000A00F0CB
:100CD000F5FB206062B6284670BD000004250020A8
:100CE00003E00870000A491C521E002AF9D170471F
:100CF00010B5F2F711FFF2F78BFFF2F787FF01282B
:100D000001D1F2F76FFFF2F741FF04F05FFA10BD77
:100D100070B5184C072120680902411800260E778B
:100D2000154B4E770622FF21C018F2F787FD3925B3
:100D300020686D014019067120214171F2F766FFAC
:100D4000012814D01F2021680B4B49198871206895
:100D5000093307220021C018F2F770FD064B206806
:100D600010330522FF21C018F2F768FD70BD5F2027
:100D7000E9E70000042500201E070000F0B5574DEC
:100D80000720296800020818007F91B080076FD5FE
:100D9000F2F7AAFD01286CD1002406F03BFE0646BE
:100DA000F2F7A8FD012800D1032430007ED03927B6
:100DB00002267F01012802D002287CD13BE069464F
:100DC0000220F2F767FE032008A9F2F763FE002C69
:100DD00006D1F9212868C90041180120F2F75AFE0E
:100DE0002868A421095CC90701D0002100E0102176
:100DF0000E43694611231091F10603D50922BF2144
:100E00000E4007E0C1194A79920654D5897909063E
:100E100051D507223107890E09180120C002081890
:100E2000C06C31460DF012FA070044D0381D3C71F9
:100E30004022109936E069460220F2F72BFE002C82
:100E400004D02022FF216846F2F7F8FC2868A4218C
:100E5000095CC90701D0002100E010210E4369465A
:100E600009230891F10605D50A22BF210E4009E0A9
:100E700029E030E0C1194A7992061CD5C979C90721
:100E800019D008223107890E09180120C00208185C
:100E9000C06C31460DF0DAF907000CD03C71381DFA
:100EA00008992022401CF2F7C5FC00E003E0394617
:100EB00030460DF0B7F90720296800020818017FB5
:100EC000FD221140017772B6286880224030C17936
:100ED0001143C17162B611B0F0BD000004250020BD
:100EE00010B50023F2F740FE10BD0000F1B51D4C17
:100EF000072520682D024119097F002690B0890737
:100F000001D53A262BE0F927FF00C2192021002045
:100F10000DF0C7F8002801D01F2620E040226846C7
:100F20001099F2F787FC2068022341190A7FC01943
:100F30001A430A77694606F077FD002807D0206833
:100F400012264019017FFD221140017707E072B699
:100F500020684030C1794906490EC17162B63046F9
:100F600011B0F0BD042500200A4610B5014600204E
:100F700005F0C6FA10BD10B501460022412005F06B
:100F8000BFFA10BD10B50D480721006809024118CD
:100F90000A7F002493070DD402231A430A7772B6FE
:100FA0004030C1794906490EC17162B606F064FD50
:100FB000002800D03A24204610BD0000042500205F
:100FC00070B50546002440782646022801D0042842
:100FD00003D1F2F7CDFD00280DD008483921006873
:100FE000490103192A5D5B18641CE4B29A71082C4C
:100FF000F7D3304670BD1126FBE700000425002022
:1010000010B50A461F2801D9122010BD014610460E
:1010100008F06EFB10BD0000FEB5064602200190F0
:10102000B0880090B5790321681D0843401C8308EF
:101030001348022100688C0208300019377B112206
:10104000C06C0DF003F9040017D00098A0800020B8
:10105000A771E0710146234625812A4630460A33AE
:1010600006F0A4FD214601980DF0DCF800240121D2
:10107000304606F037FE2046FEBD0724FBE70000A1
:1010800004250020F8B5074685880E481022006820
:10109000D40108300226001901233146C06C0DF03E
:1010A000D5F801000CD08D8001220024CA80304682
:1010B0000DF0B8F80021384606F014FE2046F8BDC1
:1010C0000724FBE70425002070B58AB01D461646AC
:1010D000002804D0012802D012200AB070BD6A4650
:1010E00010706C460622601CF2F7A4FB10223146F9
:1010F000E01DF2F79FFB05A8102229460330F2F706
:1011000099FB684602F01CFDE7E710B502F006FE09
:1011100010BD0000074A914202DC5242914200DABF
:101120001146FF22993251430A1251180A145118DC
:1011300008187047FFFF4F00401AC0108100401888
:101140000012704710B50920C00600690002000AAD
:1011500000F0B4F910BD70B50D460446FFF7F2FF7C
:101160002946FFF7D7FF0146204600F001F870BD81
:101170001FB56A463A3010736846029100F038F99C
:10118000002800D0012004B010BD70471FB569468B
:101190003A300873684600F065F91FBD30B5EFF3CB
:1011A000108172B60922D2061269FF25821A120234
:1011B00014120C4A91351368AC4208DC0122120665
:1011C00090431A464032D479DF252C40D471C201B5
:1011D0000724D20924021B19DA65034A906081F3BF
:1011E000108830BD042500204000004810B50300E1
:1011F000FFF7DBFB3A332D2D2D1E2130332A2A2A0F
:101200002A2A2A2A2A2A242424242424242424247A
:10121000242424242424242424242424242424248E
:101220002424242424242427272727272727273357
:10123000FCF7DCFD10BD06F0ADFF10BDFDF7C0FDF5
:1012400010BD00F05BFB10BD0BF056FC10BD0BF0A9
:10125000CFFE10BDF2F78EFC10BD3A38C0B20428A4
:10126000FAD2FFF792FF10BD0348DF22006840303A
:10127000C1791140C17170470425002070B50B4839
:101280001D210068890144182646646008362460E0
:10129000E6600025A660206929014118304607F064
:1012A0002BF96D1CEDB20B2DF5D370BD042500207C
:1012B000F0B5002693B0701E0E9042481D210068C4
:1012C000890144180920C0060069374605022D0A25
:1012D00072B6A0692146281A0002000A223108F0DD
:1012E000AFFC6169A5614018606136480068403014
:1012F000C1798A0663D420221143C17162B6256880
:1013000014E0A8686169401A00280ADCBA0001A844
:10131000761C85507F1CF6B2FFB2287BFFF766FF74
:1013200003E00E99884200D20E902D68A542E8D1C4
:101330002046083000250C901830129018E0AF00BD
:1013400001A8761EC159F6B2204607F0F4F801A8AC
:10135000C1590C9807F0D0F801A8C059007B3A2871
:1013600004D2129812990078401E08706D1CEDB2DC
:10137000002EE4D12068A04217D03D256D042846F8
:1013800008F056FC01460E98814201D8284601E03B
:1013900008F0ECFBA169081800020121000A090607
:1013A0004018FFF7FBFE13B0F0BD72B600200549F0
:1013B0000722096812028918C8650349886062B665
:1013C000F1E70000042500204000004810B5044665
:1013D0000920C00600690002000A00F06FF8A16849
:1013E000FFF798FEA060204600F002F810BD000054
:1013F000F8B51B4D06461D21286889014418317B2C
:10140000481E3E2801D34220F8BD2046A26808307D
:10141000824205D03A2905D22021095D072901D34E
:101420006420F8BD694607F079F81022314600982B
:10143000F2F700FA2046009907F05EF80098007B6A
:101440003A2803D220342078401C207072B62868D5
:10145000DF224030C1791140C17162B60020F8BD71
:101460000425002070B5144E1D22316892018D189C
:101470002C681DE0017B227B914218D12146284631
:1014800007F059F828462146083007F035F8207B48
:101490003A2803D220352878401E287072B630686A
:1014A000DF224030C1791140C17162B670BD24683D
:1014B000AC42DFD170BD00000425002010B5074903
:1014C0001D22096892018C18A169401A0002000AC5
:1014D00008F0AEFB6169081810BD0000042500206B
:1014E00070B50E46054601462022002006F09EFB00
:1014F000040023D0284600F06BF8050027D0287997
:10150000B04224D1A87880071FD4A06801210173BC
:10151000A06800214673A06802268673A068C17384
:10152000A0680174A06841740620E080214605206F
:1015300000F0BEF9002803D0412509E064250BE046
:10154000A8783043A870002506E0462500E0422533
:101550000021204606F0C6FB284670BD7CB5144627
:101560000D4600281ED1052D02D00B2D07D011E00D
:10157000627921796088A31D0BF0DEFC0AE0214628
:101580001231881F01910090627921796088A31D32
:101590000BF0E9FC21462846FEF7EEFB21462846E3
:1015A00000F0B4FA7CBD70B505460C46002000F092
:1015B0000FF800280BD02905090D0180002181704A
:1015C000002C01D10821817001210171C17070BD11
:1015D00030B502460A4801230068DB020021C31827
:1015E000A030047B07E0586B0D0140190588954237
:1015F00004D0491CC9B28C42F5D8002030BD00008F
:101600000425002030B50A49012309680246DB029F
:101610000020CB18A031097B07E05C6B0501641941
:101620002488944203D0401CC0B28142F5D830BD1A
:10163000042500208068017A407A0002081880B2F0
:101640007047000070B50023134A1DE00125ED022C
:1016500040191901466B0024C81C34541068401905
:10166000466B081D345410684019406B4452106892
:101670004019466B08460830345210680C31401946
:10168000406B5B1C4450DBB21068AC21095C994292
:10169000DCD8002070BD00000425002010B50246F3
:1016A00088680C46817AC07A0002081881B2E08806
:1016B000001FE080042909D005290CD006290FD08D
:1016C0000121204606F00EFB002010BD21461046E9
:1016D000FEF744FA08E02146104600F03FF903E027
:1016E000214610460BF02AFA0028EED0E188091DA9
:1016F000E18010BDF3B581B00D4600268888FFF764
:1017000067FF070056D0287B3C460834009002282B
:10171000F86833D0002845D0E888002810D0218808
:1017200040182080284606F057FA01466068806815
:1017300005F0D8F80120616806F00EFA0020E88074
:101740002088042828D36068FFF774FF001D2188D3
:1017500080B2814226D881421BD16168C88061680D
:101760000198FFF79BFF0146002000290ED0616819
:10177000A94201D16060208045261FE0002801D0E9
:101780004526DDE76560E8882080D9E76060208035
:101790000BE0452E06D008E0452E06D1384600F075
:1017A000C7F90BE0384600F0C3F9002E06D10098C7
:1017B000012803D10121284606F094FA3046FEBDE7
:1017C000024610B50020002A05D0012A02D1104699
:1017D000FFF790FF10BD1046FFF760FF10BD70B51A
:1017E0000546801E0C460300FFF7DFF80A0C1D1D9E
:1017F00006170B0B0B0B060B0A4620782946FFF742
:10180000ADFE70BD2846FEF7B7FA60880BF0DCFA33
:101810002146284600F07AF970BD4A890888A11C43
:101820000BF0CAFB70BD6288097828460BF0ECFA11
:1018300070BD0000F0B585B0FFF7E4FE1B4D044617
:101840002868A030007BA0422DD92046323069465E
:1018500008736846FFF706FE01262868F60280191D
:10186000426B002124011153286827468019426BDE
:10187000E01C115428680C378019426B201D11544C
:1018800028688019406BC05900280CD0012106F04F
:1018900029FA296800208919496BC85129688919D2
:1018A000496B0834085305B0F0BD00000425002042
:1018B00010B50C460146042805D0052903D0062999
:1018C00001D0502010BDA068A2790272E088020AFF
:1018D000A0684272A0688172A068090AC172E0889B
:1018E000001DE0800220207320460DF0FFF9002843
:1018F000E8D0E088001FE080412010BDF8B5323804
:1019000001060220144E009001253068ED020C0DF6
:10191000421939214901526B4118C97B175B0123D8
:1019200049070CD5083040191E220221C06C0CF06A
:101930008DFC010003D08F8000980CF073FC31689F
:10194000002049194A6B211D505431684919496BCF
:10195000E41C0855F8BD000004250020F0B50D4634
:101960008DB000210A91A96800280F7B02D00128C0
:1019700022D0C3E0A888FFF745FE624E04463068D7
:10198000A030007BA04215D9122F08D15E480290EA
:1019900020463230694608736846FFF717FD01207C
:1019A0003168C0020818406B210140188178FD227F
:1019B0001140817000219EE0A888FFF723FE0646B3
:1019C0005048AC220168525CB24218D90120C002D2
:1019D0000818406B32018418A278100710D5122F16
:1019E00010D1500710D4A9882A46422000F0CEF822
:1019F000A07804210843A070A868407B207179E09A
:101A0000132F0AD0012F41D0A868417BA888FFF787
:101A100067FD0A9000286DD070E0A868E778437BE6
:101A2000BB4267D1520765D5027C407C012300028E
:101A3000101887B242200490A888069039204001EF
:101A40000818C07B80070FD5D802083108181D225E
:101A5000C06C04990CF0FAFB010005D0069A8A804C
:101A6000CF8004980CF0DEFBA078FB210840A0702A
:101A7000E078401C0006000EE07001D10120E0700B
:101A8000684632360673FFF7EDFC33E0100731D4B9
:101A9000A868E178407B88422CD150072AD5FB20EA
:101AA0000240A270E078401C0006000EE07001D1F8
:101AB0000120E070684632360673FFF7D3FC114808
:101AC000202200689101083040184224AE88022389
:101AD000C06C21460CF0BAFB01000BD0A868437B18
:101AE000877BC07B8E80000238188B71088120466E
:101AF0000CF098FB0121284606F0F4F80A980DB086
:101B0000F0BD0000042500203075000010B502284B
:101B100009D0052801D00B2808D10846097940884A
:101B2000FFF741FD02E04888FFF784FE002010BD6A
:101B3000F8B50546807810210843A870422000902F
:101B40001148C901006801270830401802263B46A9
:101B50002122C06C00990CF079FB04000AD0277197
:101B6000667132462946A01DF1F764FE21460098B1
:101B70000CF058FBE868002805D0012106F0B2F807
:101B80000020E8602881F8BD04250020F7B5042373
:101B90000446C10622481546006803D52222BF210B
:101BA0000C4006E0392149014118C97BC90732D0F0
:101BB0001F222107890E08180121C9024018C06C94
:101BC00021460CF043FB010027D0AA68081D577B73
:101BD000D57B937BBE462D025F19557C137C2D026D
:101BE0005E19D57C937CBC462D025D19577D137D13
:101BF0003F02DB19977DD27D1202BA18019F078040
:101C00007746877067468780C680058143818281D9
:101C100020460CF007FB0020FEBD0720FEBD0000A3
:101C200004250020FFB50746464881B000880D46D0
:101C3000454909220968120240078A18400F926E2E
:101C400060235843141841480E18F1F7DFFF0028AD
:101C500022D0142D04D0152D20D0072D59D05CE0B2
:101C60002146039803F0FFFA012120698904084303
:101C7000214640312061087F022210430877820606
:101C800009D56279520852006271DF22104008774C
:101C9000002F4ED151E0012005B0F0BD2546403562
:101CA000287FC007F7D02146039803F0DCFA2046CE
:101CB00003F0B0FA002825D0A888E988884200D32C
:101CC0000846E881698AA88A814200D2084668836A
:101CD0002A8AE98A8A4200D2114629836A88288999
:101CE000824200D21046C9080E3989B26881884202
:101CF00000D30846A88104980068012149060843DA
:101D000004990860287F400840002877002F10D1F0
:101D100013E00398C078142802D0002005B0F0BD6D
:101D20004034207F04214008400008432077002FE2
:101D300003D00820C036F073ADE70820C036B0737A
:101D4000A9E70000C000002004250020580800007A
:101D5000F8B50926F60631687A487B4A816013682F
:101D60007A4A9D180022027042708261C26102713B
:101D700042718271764A1288F4145207520F8270AF
:101D80001C196027A46E5743E719724C920112196F
:101D9000C7600261BA78C27057077F0F8803800F4F
:101DA0007ED16B4A188E50806B48664C0140901370
:101DB000814204D1FFF758FAA0683060F8BD05F001
:101DC00021FE002807D160480088503081B20120F0
:101DD00000040818F0605C49002009684031C871AF
:101DE000E168C8735D49B80008588047A0680028BA
:101DF00006DA05F007FE002802D1A07803F036FCD1
:101E0000012F04D0022F19D0052F17D03FE0A06872
:101E1000C0013CD505F0F6FD002838D1A06840038C
:101E2000287E05D4022832D06079002809D02EE01F
:101E3000022806D0A079012803D028E020780128C4
:101E400025D1484846490160232141606421684604
:101E500001706A461078401E1070F068C00302D509
:101E600010780028F5D110783E4882B20120000495
:101E70001018F0606846017069460878401E0870C6
:101E8000F068C00302D508780028F5D108782069E9
:101E900000902946A369E268E06903F081FE00E052
:101EA00033E029462369E268E0690FF06BF8207897
:101EB00001282AD1E068006A002826D0006800289E
:101EC00023D00027C17C0568C9091CD0E268116ACB
:101ED000814208D10B6813620F60E1680A6A002A28
:101EE0000ED14F620CE00A68824203D0114612689C
:101EF0008242FBD10D60E268536A834200D1516295
:101F0000002105F0EFFE2800DCD10E4C20890004F2
:101F100001D5FFF7A9F9A2681349D00306D50A48ED
:101F2000022400684018836B23438363900306D523
:101F30000548042300684018816B194381633260AF
:101F4000F8BD0000B8240020042500205808000037
:101F5000C0000020CC0000200080FBFFE024002017
:101F600002230102D824002000080000CA68026091
:101F70008A6842604A6882600968C16070470000F0
:101F8000F8B50C46CA88098A4030521A8089102652
:101F900095B2A84205D20546E07C4006400EE074AA
:101FA00003E02068002800D10026002904D1207B0E
:101FB000800701D5022000E00120CF060643FF0E76
:101FC000E81982B20E48A1690368092000021818B6
:101FD000406F001D04F08FFC60610948A574016822
:101FE000092000020818416FB81C0E54044801680B
:101FF000092000020818406FFF1CC555F8BD0000FD
:102000000425002018B40168184ACB6813608C6856
:10201000012354604C6894600968D1604168144A97
:10202000CC6814608C6854604C6894600968D16016
:1020300064216A4611700922D2066C462178491E35
:1020400021705169C90402D421780029F5D1227880
:102050002270084A8168D4680C6094684C605468A7
:102060008C601268CA60037318BC7047180000487F
:10207000280000483800004803480249C16003496D
:102080004161704725330510E024002061240510CC
:10209000F0B5EF48EF49006895B04418EE49411893
:1020A0000391EE498968CA017ED54A03EB49096963
:1020B0007BD4C889012252078018408885188889F6
:1020C0008018408806A9871828780607360F284602
:1020D00006F00CFCE1488068002867DA022012ABA9
:1020E000032E02D0052E69D07AE1DC4EF178C906C4
:1020F0005CD501217171D6490968E031097C00295C
:1021000021D008A9087003980C90099510A80E908A
:102110000A970B930D940846F1F7FAFC3071307969
:10212000012843D001200006B0613069018A2046B1
:102130008030026A1180018C30690182817A8022AC
:10214000114381724CE104A9284606F0C5FBA81C86
:1021500001460A786B7910464A78120210438A7851
:10216000C978120410430906084329780002490679
:10217000C90F08431946AB792A7A1B021943EB7938
:1021800012061B0419431143090202F055F9049980
:1021900022689142C3D1059962689142BFD101285A
:1021A00006D0F078400602E049E19FE088E002D5E1
:1021B00000203071B6E70120307111E1A749C978DC
:1021C00009077DD5012600210922D2065160A049C8
:1021D0000968E031097C00292ED008A9087003980D
:1021E0000C90099510A80E900A970B930D94084631
:1021F000F1F78EFC01469948017110A8F1F7EEFC49
:1022000001286DD0954E3079012869D03069009051
:1022100006AB21462846F26806F072FB8C49002086
:1022200009682031C8742046C030C17BB278914221
:1022300046D10821C173D3E00027089704A9284696
:10224000099706F049FBA81C01460A7810464A780F
:10225000120210438A78C978120410430906084311
:10226000297800024906C90F084308906A79297A3B
:102270001046AA79090612021043EA7912041043A3
:1022800008430002000A099008A8F1F7A7FC0128FA
:1022900000D1002609980102089802F0CDF8014605
:1022A0006E4801220271049A23689A4216D1059A57
:1022B00063689A4212D1012904D0C178090600E06E
:1022C0008EE00BD5C178890607D50699A2689142A0
:1022D00004D10799E268914200D10771002E91D193
:1022E000A420015B5D480069018279E05B4A8B892B
:1022F000A021095B89B28B4201D101219171232177
:10230000490141188979524D012969D11121890169
:102310004218927DFF2A63D037214A431218FF32B8
:1023200041320394507B002836D11321C9012E6815
:1023300013787618B76806462A36BB552E68521CA5
:102340007618B76806465236BB552E687618B768B9
:1023500006467A36BB552E687618B7680646A2360A
:10236000401CC0B2BB550628E1D328684022401863
:10237000816820310B7A13430B72816840310B7CEA
:1023800013430B74816860310B7E13430B768068B6
:10239000A0300178114301700398007E012819D103
:1023A0001121286889014118897D37225143091874
:1023B000FF202F30405C00280CD10398FF31406B88
:1023C0004831083001F0AEFB03988022406B017861
:1023D0001143017023212A68002049015118887196
:1023E0001E480369997A090629D51D8A224680323A
:1023F000918C89B28D4222D12F21158A095DD97223
:1024000000210923DB065960FF23691E55339942D9
:1024100000D81182002D04D101218161807804F05F
:1024200051FF0B484921006849014018407E0028AF
:1024300002D0012007F034FD01200CF09BFD07487D
:102440008068400302D5204606F00EF915B0F0BDB5
:1024500004250020580800003C090000B824002092
:10246000F0B5FF48FF49006801254418FD21C90067
:102470004318FD49ED0308468A68C06883B0AA4244
:1024800004D0856AAE7AEE273E40AE72D7010026B0
:102490000125002F52DA570336D4570104D50922FB
:1024A000D20656600D7021E0570012D5C278521E38
:1024B0001206120EC27003D10922D20656600D70A8
:1024C0004279170612D55206520E42718269426154
:1024D0000CE0E64F3A4203D0222215558269426150
:1024E0000279C27042795206520E42710927FF06E4
:1024F000DB6B3A699A1A130201221B0AD205934236
:102500001CD90D707E6019E00A6993890122520777
:102510009B185B889A18436B93420AD19278142ACD
:1025200007D1024640321346127FDF273A402A4342
:102530001A7701220369D20393430361CA498B6866
:10254000590213D5C8490A69978901225207BF1851
:102550007F88BA184A61416B914207D191780D2961
:1025600004D101220169120491430161002B6FDA49
:10257000B42109594A8801214907BB4F5118F96113
:102580000921C9064969C90DC90707D009207D700D
:10259000C00646603D70B648B861E4E0008A800439
:1025A0000AD5F1F733FB01282FD01C22F9694878AE
:1025B000024201D0001F4870AB49C869C96802785F
:1025C0008B6A5F8801235B07FB181B781343DB06CC
:1025D00004D4A54B1D700923DB065E60D24392072D
:1025E00015D00869A04FC00377D5F1F70FFB01287C
:1025F00074D01F20F969497808426ED009207D7097
:10260000C00646603D709A48ACE0FC22CEE7877871
:1026100043783A469C461A2F72D2964B9A5CFF2A10
:102620006ED062456CD1042F13D0052F16D0062F23
:102630002BD0022F32D00D2F37D00A69D3033BD5D0
:10264000894809214570C9064E600570884931E006
:1026500089E0894A08691043086184E08249086971
:1026600006704671467086718670C671C6700672B5
:10267000802202714672C96801230A695B021A430B
:102680000A61C17D0822114334E041230A699B029B
:102690009A430A610121744889030BE0496B72482F
:1026A0000D60C068272141715DE06F48012281699A
:1026B000D2051143816156E00B2F10D00E2F1BD095
:1026C000092F1ED00C2F20D002466C4B394600201B
:1026D000F1F78CFA002846D12CE03BE038E0684B5B
:1026E00061481A430523DB029A430A610069C17DF0
:1026F000F7221140C17536E0102002430A6132E032
:1027000020E0012109035848D4E797070423002F4C
:1027100007DA554FBB6102239A430823CE273B5566
:1027200000E01A432A430A610522C01C2C31FEF73F
:1027300085FA18E04C480822C0680169114301611C
:10274000C77110E00869082210430861CF710AE0E0
:10275000FF204FE72146FB683A69F8690EF00CFD4F
:10276000B9690843B861404AD0681169076A8B8922
:10277000012149075B1800935B88591800235161B8
:102780000193926811239B041A421ED153011CD459
:10279000436B8B4201D0012300E000230293884267
:1027A00001D0012300E000239C46002F0DD0029BA6
:1027B000002B0AD06346002B07D0FB7CDB0904D03A
:1027C0003B68002B01D001230193520202D4019AED
:1027D000002A72D04279930701D5002F17D05208F2
:1027E0005200436B8B422BD14271D2060BD51E4A4D
:1027F00055700922D20656601B4A224B1570926909
:102800001A43194B9A618978152903D04AE02A4363
:102810004271E6E7014640318C460A46097FFD23B6
:10282000194011770A073DD50F4A012392695B06CB
:102830001A430D4B9A61F72211406246117731E03D
:1028400081422FD03A8ABB7C0021D2183A827A6921
:10285000BA61BE743A8AFB889A4217D2FB7C13E0B5
:102860000425002058080000B82400200000408003
:1028700008801000AC44061000010100D0240020A4
:102880008054010008800100DB0902D03F6820214C
:1028900004E0D20602D1BA691268BA619F4A93690C
:1028A0001943916101690291002101914179C907A0
:1028B00004D09A49406B48612EE048E0002F06D0D2
:1028C0000CF0C2FA002802D1029840050FD59348B7
:1028D000C16841618068002802DB1120088000E0A7
:1028E0000D8001220869D2031043086114E0012021
:1028F00001908B49387C096809221202C0068918A8
:10290000C00E496F801C854A40185061009948806C
:102910003946D068FFF734FB804F8121F868890180
:10292000006908420AD0F1F771F901280AD01F2284
:1029300079694878024201D0001D4870019800284A
:1029400002D004E0FF22F3E70099B88A4880734F71
:1029500021463B69FA68F86905F0FEFD38780128E0
:102960007ED13B46D8681B69417980229A720389DF
:102970004022125A5B1C0381234620339F78520069
:10298000002F02D14769BF1A476100269E70836AF3
:102990009E7A11273E439E722646604BC036B77B17
:1029A0009B789F4209D173899A1A728105D55B4A37
:1029B0005C4F557093693B4393614369574A002BC1
:1029C00004DC5570584F93693B4393618B060AD5DD
:1029D0004B0705D45570554B91691943916102E03D
:1029E000FB23194041710179C1708179C90742D037
:1029F00027464037798E0089081A012180B2C90321
:102A0000884205D345484A4A45708169114331E0FF
:102A1000002830D1474800884007400F04F02CFCC4
:102A200000903E484022C068817949084900817180
:102A3000317A4908490031729C21095B1152FA8DA3
:102A4000798D1205120C944682898A4205D18369D8
:102A5000634502D1009A002A07D0304A402600E0A0
:102A60005AE093693343936101E00822B273818194
:102A7000F98D0901816129482F4FC1688A7993072F
:102A800028D576231B5B0E899B1B01269BB2F60380
:102A9000B34205D34570264A8169114381611CE028
:102AA000002B17D1FD231A408A7180220169125927
:102AB00021310A70130A4B70130C8B70120ECA70FE
:102AC00060340169A27E20314A7101228169520578
:102AD000114381614178002912D0C06800218170C2
:102AE0000920C0064160134800884007400F04F0E9
:102AF000E9FB0B480168C819407E002806D108E0B0
:102B000007480168C819407E002802D0012007F05C
:102B1000C7F901200CF02EFA03B0F0BDB824002054
:102B2000042500200880400008800400088002007E
:102B300008800800C000002020090000F0B5FF4810
:102B400085B00168FE480C18FE4EB168C8017DD5FD
:102B5000204680300090806B827AEE231A40827289
:102B600030464A030125C068002A42DB4A0105D5E8
:102B700000200921C9064860357036E04A0012D5A8
:102B8000C178491E0906090EC17003D10922D20677
:102B90005160357041790A0627D54906490E4171C1
:102BA0008169416121E0E84A11420AD0224620327F
:102BB0009570490202D50321917000E095708169FA
:102BC000416101792246C17040329179002908D0D3
:102BD0000921C9068968A16400210223E164937771
:102BE000A16541794906490E4171002046210855E9
:102BF00043E031698A890121490752185288436BA1
:102C00005218934213D19378142B03D09278042A4C
:102C100008D00CE0034640331A7FDF273A402A43AE
:102C20001A7704E0012302699B021A430261806A59
:102C3000408840187D210078095D0843C00606D40D
:102C4000002009213570C906486010E07CE2606D03
:102C500006F08CFF01460920C0060269236DD21AD6
:102C60001202120A914202D2357000214160F068CE
:102C700001220169D20391430161B168480213D571
:102C8000306980890122520780184088801870615D
:102C9000F268536B834207D180780D2804D1412319
:102CA00010699B0298431061002948DA0098806BF4
:102CB000418801204007A34F0818F8610920C00689
:102CC0004069C00DC00707D0002009217D70C906EA
:102CD00048603D709D48F3E0F86841210069490172
:102CE00008420AD0F0F792FF012829D01C22F86987
:102CF00041780A4201D0091F4170F8697D220178AC
:102D00001155C94389071DD0F8680069C00370D503
:102D1000F0F77CFF01286DD01F20F969497808423F
:102D200067D0002009217D70C90648603D70874842
:102D3000B861F8680121026909048A430261C0E0B0
:102D4000FC22D4E7867841781A2E76D2804A925DAA
:102D5000FF2A72D08A4270D1022E15D0F9684A79C2
:102D6000D2065BD4062E16D00A69D30328D50022DA
:102D700009237D70DB065A603D70744ABA610120F8
:102D80000A69000482435CE0F868406B0560F968FA
:102D90002320487195E00122B86992031043B8617D
:102DA0006C4A0869104015225202104308612046FF
:102DB000C030C17BBA78914230D10821C17380E024
:102DC000002E18D0012E2AD0032E2DD00A2E35D059
:102DD0000B2E38D0082E39D0092E3AD00C2E3BD0ED
:102DE00002465D4B31460120F0F700FF002868D114
:102DF0004BE05DE05AE00A463E46214605F0F5FE0E
:102E0000F0698179C07900020843544940024018B2
:102E10005349896A814200D80846606551E00A46F4
:102E2000214605F0CBFE4CE0BB69802633434120B0
:102E300000040243BB610A6143E028E08920C0012D
:102E400005E00A613DE047480240FAE710200243EE
:102E5000F7E70121090327E03B4697070426002FE7
:102E600008DA9F6937439F6102239A430823CF26DC
:102E7000335502E0D30700D132432A430A610522C9
:102E8000C01C2C31FDF7DAFE1BE0072E06D0F868D7
:102E90000822016911430161C67112E0F969C9781C
:102EA0000E290ED101218906B9610AE0FF2034E71D
:102EB0002146FB683A69F8690EF05EF9B969084382
:102EC000B861204BD8681969066A0F8A0122520737
:102ED000BF1801977F88BA1800275A6102979B682C
:102EE0001127BF043B421ED15F011CD4476B9742A0
:102EF00001D0012700E000270397904201D001276D
:102F000000E00027BC46002E0DD0039F002F0AD002
:102F10006746002F07D0F77CFF0904D03768002FE1
:102F200001D0012702975B0202D4029B002B78D0CC
:102F300043799F0701D5002E20D015E004250020FD
:102F400058080000B824002000004080080010004D
:102F5000AC440610DFFBFEFFD02400209AFDFFFFEB
:102F6000E0020020BFFFFEFF5B085B00476B97425B
:102F700043D143719378042B05D016E02B431F46B1
:102F80002F434771F2E72346C033DF7B082F05D17B
:102F9000DC4FBF78DF737D277F029F81D94B0127EC
:102FA0009B69FF063B43D74FBB614379DB060CD5DA
:102FB000D44B09275D700023FF067B60D14BD24FB5
:102FC0001D709B693B43CF4FBB619278152A32D16C
:102FD000074640373A7FFD231A40BC463A7713072D
:102FE00029D5C84B01279B697F063B43C54FBB6171
:102FF000F7231A4063461A771DE082421BD0338ABA
:10300000B77C0022DB1933827369B361B274338AEF
:10301000F788BB4202D2F77CFF0903D03668202232
:1030200005E068E0DB0602D1B3691B68B361B54B0C
:103030009F693A439A6142790027D20717D0B14A73
:10304000436B53619A78052A3BD1026920231A43C6
:103050000261002008704871487088718870C871DA
:10306000C8700872087148728020487229E0002EEA
:103070000AD00BF0E9FE002806D1A2483322C1682D
:1030800052010969114209D09E490122C86848616C
:1030900005800169D2031143016112E09B4A317C32
:1030A000126809231B02C906D218C90E526F0127E4
:1030B000891C89184161019A51803146C068FEF728
:1030C0005FFF904E2121F0688901006908420AD013
:1030D000F0F79CFD012809D01F227169487802424F
:1030E00001D0001D4870002F02D004E0FF22F4E759
:1030F0000199B08A4880834EF26810694106890FB1
:1031000013D080063178C00F012902D0B16849037D
:103110001CD5002804D03069C17D0823194303E081
:103120003069C17DF7231940C17521463369F069C3
:1031300005F012FA307801280BD000997448896B99
:103140000322091DFDF7CCFD05B0F0BD0028E7D135
:10315000E1E76C480121C26800695379C67A01969B
:103160002026365C00278772204620300290807827
:1031700003281CD197796348002F18D19F06BF0FF1
:1031800015D1624F3F682037FF7C002F0FD1176A9F
:10319000002F0CD1CF273F5D8078874207D09089E0
:1031A000411C7043019E89B2801980B20190402079
:1031B000805A168940004843711811810299897814
:1031C000002902D15169091A51610099896B8E7ADF
:1031D00011273E438E7226464A49C036F77B8978CE
:1031E0008F420AD1B189091AB1810FD54549494F9A
:1031F0004D708E693E438E6108E056694149002E4C
:1032000004DC4D70444F8E693E438E61990605D5AE
:103210003C49424E4D708B6933438B61117927468F
:10322000D1704037BD71E16C80B20818E0649079CC
:10323000FB210840334E9071C00717D0B88E11891A
:10324000401A012180B2C903884205D37570344900
:10325000B0690843B06109E0002807D101230021CB
:10326000204605F01FFAB1690843B061F068817922
:103270008A0723D53A8F0389D21A521C012392B2AE
:10328000DB039A4205D375702549B0690843B061E4
:1032900014E0002A12D1FD22114081713069009999
:1032A0002130496801700A0A42700A0C8270090EC6
:1032B000C17060343069E17E20304171019806F0C0
:1032C00039FC3169C872029800278770707800282D
:1032D00002D0B07803F0F6FF0C4C582120680D5452
:1032E000492149014018407E002802D0012006F003
:1032F000D7FD01200BF03EFE20684030077605B078
:10330000F0BD0000B82400200800010004250020C2
:10331000FA003000088040000800040008000200A5
:1033200008000800F0B599B001200E90FD48FE4954
:103330000068FF4E4518FD21C9004418FB49471895
:103340000121109100210F910497F949B268096990
:10335000D30116D5530314D5B8680A8A80B28242C5
:103360000DD10091386A00232946F2680DF0B0FFB4
:10337000C035A87BB178884201D10820A87319B064
:10338000F0BD002A7EDACA8901235B07D218528871
:10339000D6182A4620320D92D278022A73D033787A
:1033A0001B071B0F1193012A05D1022B03D0012B00
:1033B00001D0042B54D101220F9200228A72FA68A4
:1033C0004A82FA68927AE36B94460922D20612691D
:1033D0009A1A130201221B0AD205934238D90022FD
:1033E0000923DB065A60049A9446D268927A4923EC
:1033F0005B01C0180790807E00280BD06046012337
:10340000C0681A438272C87A84462438C0B203283E
:1034100006D006E0112002436046C06882721CE0BC
:103420000020079A0123927E83401A42049209D118
:10343000401CC0B2032800D100200123049A83401D
:103440001A4202D02530C0B284466046C87204E0F9
:103450006046EE210840F9688872284605F004F9B4
:10346000B048F0210068095C002905D123214901F9
:103470004118097A002922D01321C9014018806817
:10348000002101E06AE22CE16A461173059016A85A
:103490000690049614A809900797089503A8F0F7DA
:1034A00037FBA3490871A248007901287ED0119802
:1034B00004280D98C0787AD0012879D0FBE03078C4
:1034C0000AA90007000F0990304605F00FFA04A979
:1034D000304605F001FAB01C01460A7810464A78D9
:1034E000120210438A78C97812041043090608436F
:1034F000317800024906C90F084306907279317A83
:103500001046B279090612021043F27912041043F0
:1035100008430002000A01020790069800F08CFFA1
:103520000146834A002010710998032804D0052819
:1035300002D0012804D00BE07D4A0120107107E081
:1035400004982A689042F7D105986A689042F3D1AE
:103550000D980079002804D0002902D17449012077
:103560000871099804289ED16E4801681320C00193
:1035700008188068082142181378194653781B02EE
:1035800019439378D2781B041943120611430B0296
:103590000178C01CC9090B43082141180A7810465C
:1035A0004A78120210438A78120402E0ACE192E0F9
:1035B00010E0C97810430906084300020699000A82
:1035C000994203D10799814200D16CE75849012003
:1035D0000871C0E10AA9304605F088F95148132363
:1035E0000168DB01C81880680B9A0178D20349068C
:1035F000D20F490ED201114301704A4806220168D8
:10360000C81881680AA80831FDF718FB4548F02161
:103610000068095C012905D0232149014118097A74
:10362000002927D011239B01C118097DFF2921D032
:10363000372251430918FF314131497B012919D003
:103640001321C90140188068402302781A43027090
:10365000344811220068920182184118127D3723E4
:103660005A4310188968FF3006224130891CFDF743
:10367000E5FA20E01323DB01C0188068BF2201783F
:1036800011406A68D203D20F92011143017025489C
:103690000168C818816828688870020ACA70020C1C
:1036A0000A71000E48711F480168C8188168A8880F
:1036B0008871000AC87101211D48890281610D9835
:1036C000C07801287ED1119802287BD0012879D0BA
:1036D00000201090A0E0012875D1C102144881613A
:1036E00039E1F021095C002905D123214901401865
:1036F000007A00281ED0012069460873002005903A
:1037000016A80690049614A809900797089503A890
:10371000F0F7FEF90649087114A8F0F75FFA0128DE
:1037200078D079E004250020580800003C0900000A
:10373000B8240020307806A90207120F30461392F1
:1037400005F0D4F804A9304605F0C6F8B01C0146CF
:103750000A7810464A78120210438A78C97812040F
:10376000104309060843317800024906C90F08438F
:1037700008907279317A1046B27909061202104324
:10378000F2791204104308430002000A0102099072
:10379000089800F051FE844638697969AB4B0022E5
:1037A0001A71139A032A15D0042A13D0052A11D0AE
:1037B000022A0FD0062A0DD00D9A1279002A0CD0B9
:1037C000604601E028E02BE000280CD01398012887
:1037D0000CD017E001221A71EEE7069A824202D15C
:1037E00007988842F2D001201871EFE70498296801
:1037F000884203D105986968884203D00120187176
:10380000A9E007E0187901287ED008A8F0F7E6F9CA
:10381000012801D100200E908C480079012874D035
:103820000D98C078022870D10E9800286DD0B86825
:10383000864909690882386A0590801C049009202D
:10384000C006216C8068081A0002071280480068D0
:10385000806A0390874209DAA06906F087F9C719E0
:10386000208C401C208403988742F5DB384606F004
:10387000DFF9C001040C059880210078744A4306E2
:1038800030785B0E4000084003430598F021037038
:103890001068095C012905D0232149014118097AE2
:1038A00000293BD01121890147187F7DFF2F19D0B6
:1038B000372257433818FF304130407B012811D060
:1038C0004020034305980370614800684118497D12
:1038D000514308180599FF3006224130891CFDF735
:1038E000ADF91BE00498296801700A0A42700A0CBD
:1038F0008270090EC1700499A8880871000A487185
:103900000598BF21007801E025E021E008406968C2
:10391000C903C90F89010843059908700AA93046EF
:1039200004F0E4FF05980A9901720A0A42720A0C2F
:103930008272090EC1720B990173090A4173847571
:10394000210AC1750A9828610B98686119B0F0BD09
:1039500010980028FAD00F98002845D13B48002144
:1039600002699172F8685082F868817A0920C0066D
:10397000E36B06699B1B1E020123360ADB059E4290
:1039800038D9002141603248036832481818C168AC
:10399000897A492676019B199E7E002E0AD001263F
:1039A000C06831438172D07A01462439C9B20329F3
:1039B00005D005E01122C0681143817211E0002199
:1039C0009B7E37468E40334208D1491CC9B2032939
:1039D00000D100213E468E40334201D02531C8B28D
:1039E000D072284604F040FE0925ED0668680028DC
:1039F00004D011E0EE200140F868DEE714480168C9
:103A0000492040010818407E002802D0012006F01D
:103A100047FA01200BF0AEFA206C29690126401A02
:103A20000002000AF605B04290D3A06906F09EF8A5
:103A3000216C40182064218C491C21842969401A7A
:103A40000002000AB042F0D219B0F0BDB824002044
:103A5000042500203C0900000A480B490068401872
:103A60000921C9060A69026500228030406A827213
:103A70000868002804DA0548C1680889401C0881E4
:103A8000704700000425002058080000B8240020DA
:103A900010B51648164900684418A4200059817AC8
:103AA000490849008172F0F7B1F8012814D0FF20CD
:103AB000013006F05BF8216D40180002000A206515
:103AC0000121490640180921C90648600948C16812
:103AD0000889401C088110BDE06C06F047F8216D94
:103AE00040180002000A2065EAE7000004250020D3
:103AF00058080000B824002010B500200921C9068C
:103B0000486007484921006849014018407E002864
:103B100002D0012006F0C4F901200BF02BFA10BDF1
:103B2000042500200A7802704B7843708A788270EE
:103B3000CA78C2700B7903714A79427170470000EC
:103B4000F0B58DB00026574D0446069607960896A8
:103B500009962868E030007C012803D101F0FCFAC6
:103B6000012811D029680020E0314874E01D0B9431
:103B700002901734059400200B9900F083F9064653
:103B8000FF2804D0002003E00C200DB0F0BD07207A
:103B90000A902868F100444A0918891803912F21D6
:103BA000490140180C9070087F285BD000F024FB7E
:103BB0000746F00903D07F1E7606FFB2760E372047
:103BC0002968784344180398FF34C77103201B34D5
:103BD0000B9900F027FB01460020FF22A070E27045
:103BE0002670FF2906D00122A270E170CA000C994C
:103BF0005118CF7126460121203671750746B075E0
:103C0000102206A90298EFF71DFE00280BD0102203
:103C1000201D0299EFF70EFE21462C31201D01F0E8
:103C20005FF8277501E001202075102206A905988C
:103C3000EFF708FE00280DD0204615301022059918
:103C40000390EFF7F7FD21462531039801F048F87E
:103C5000F77401E00120F0746178012000F020FA8F
:103C6000FF206070104E0024F836371F0EE0E10090
:103C7000081881190022029801F018F8002803D1D1
:103C80002146022000F00CFA641CE4B22868C11935
:103C90000978A142EBD829680120E03148740A98DC
:103CA00073E70000042500206C040000F1B5194DF5
:103CB00000212868E03041740320009900F0E2F808
:103CC00001270446FF281ED000263046009900F048
:103CD000A9FAFF280DD0C10028680F4A09188918D1
:103CE000CA7937235A431018FF301B308770C470CD
:103CF000C8792A68E100891840062F22400E520137
:103D00008918C87100E007262868E03047743046FB
:103D1000F8BD0000042500206C04000070B5274C9D
:103D2000002520680126E0304574007C012803D17D
:103D300001F012FA01283CD0214B20687822FF21A3
:103D4000C018EFF77BFD1E4B2068F8337822FF2167
:103D5000C018EFF773FD9D232068DB007822FF2158
:103D6000C018EFF76BFD23212068490141180D723F
:103D70002721490141180D712B21490141180D706E
:103D8000F4210D58FF300F4A00211B30EFF756FD8C
:103D90002068FF210246E0321346917411229201FD
:103DA0008218117651769176803045675E740020D6
:103DB00070BD2068E03046740C2070BD04250020E2
:103DC0006C0400003903000010B5084C2F23206854
:103DD0005B01F822FF21C018EFF730FD17222168A0
:103DE000002092018918087710BD000004250020EA
:103DF00010B5044601F0B0F9002801D00C2010BD28
:103E000002480068E0300474002010BD0425002042
:103E100010B56421064C4843216880314867FDF79E
:103E200091F92168803188670020C86710BD0000C3
:103E30000425002010B504460146042000F0F2F9E4
:103E4000FF2801D0012010BD2146042000F01AF8FF
:103E5000002010BD10B50146042000F0E3F9014632
:103E6000FF2802D0042000F01BF910BD00B5014668
:103E7000042000F0D7F9FF2801D0012000BD002068
:103E800000BD0000F3B505007F4883B0006808D08E
:103E9000012D0DD0022D0ED0042D1BD02F21490154
:103EA0000AE07A498D22411801910F21D20020E0C9
:103EB0009D21C90000E0764941180191032D0BD0E6
:103EC000042D0CD00F21012D0BD0022D0CD0042D70
:103ED00003D10CE06F49EFE71F216F4A09E0082189
:103EE000F1E76E4A801805E02B22520101E0DB2247
:103EF000D2008018009004788C4207D1002D15D094
:103F0000032D13D0042D11D0012D0FD08C4201D1DF
:103F1000022D0DD000262846049900F083F9029066
:103F2000FF2807D0FE26002D7ED0AAE0FF26A8E0BD
:103F3000FC26F0E7FE2E78D0022D10D1FC2E0ED1FB
:103F40005148019A0068FF300130417ECB009A1839
:103F5000D2794276022000F0A3F8641EE4B2002C6D
:103F60003DD00198E1000F183E46083E0499072015
:103F7000401E0B5C325C9A1A0BD0002A0BDD0198B4
:103F8000E100081807220499EFF754FC261E26D0FA
:103F90002BE00028ECD1384607223146EFF74AFCE7
:103FA000F079F871002D03D0032D01D0012D12D12D
:103FB000F079C14349060ED0372148433249096898
:103FC0004018FF301B30002D02D0012D17D0C01C2F
:103FD0000178491C0170641E2406240EC1D10722F9
:103FE00004990198EFF726FC00260098022D08D0CE
:103FF00000780099401C0870002D3DD041E0401C25
:10400000E6E70178002921D00198CA001018C01DE8
:104010000278521CD2B2A24200D902700838491E5E
:10402000F6D10098007801E028E022E000280DD0C9
:1040300015480068FF300130417EA14201D3491C80
:104040004176017EA14201D3491C01760E480168E8
:10405000FF310131097ECA0001995118CC71006805
:10406000FF3001300476009800990078401C0870F9
:1040700007E0002D02D004E0FE2E02D1029E802037
:104080000643304605B0F0BD042500206C04000056
:1040900064050000DC060000DC050000E40400000C
:1040A000F0B504004E4883B000680F4608D0012CDC
:1040B0000AD0022C0BD0042C2BD02F21490107E071
:1040C00048494018009009E09D21C90000E0464998
:1040D00040180090032C1ED0042C1ED00F20FF2F60
:1040E0005ED0401EC0B23E46019087422ED200985C
:1040F000F1000D182946083128460722EFF79AFBF0
:10410000E87BE871002C0AD0032C08D0012C06D0E3
:1041100017E03649DCE71F20E1E70820DFE7C1436D
:1041200049060ED0372148432D4909684018FF3011
:104130001B30002C02D0012C1ED0C01C0178491E5F
:104140000170761C0198F6B28642D0D3C100009867
:1041500007220D182846FF21EFF770FBFF20E871BA
:10416000002C0BD0012C0FD0022C11D01C48042C99
:10417000006832D01E490FE0401CDFE718488D214F
:104180000068C900401808E015481A49006803E0B3
:1041900013482B210068490140180178491E01701D
:1041A000022C18D10E480068FF300130417EB94220
:1041B00001D9491E4176017EB94201D9491E0176D5
:1041C00000980F21C01D0278BA4201D9521E027018
:1041D0000830491EF7D103B0F0BDDB21C900DBE791
:1041E000042500206C04000064050000DC060000CB
:1041F000DC050000E4040000094AFF2013680021E8
:1042000037224A43D218FF323B32527D002A04D073
:10421000491CC9B20F29F3D3704708467047000004
:1042200004250020F0B5234A0028126808D0012890
:104230000BD002280CD004282FD02F235B0108E0DC
:104240001D481218964604220CE09D23DB0000E076
:104250001A4BD2189646032821D0042822D00422D3
:10426000042821D00F20844601209040C3B20026AC
:104270005B08F018C0B260450BD2C2007446141936
:104280000722521E8D5CA75CED1B0FD0002D00DDB8
:104290000646002BECD1FF20F0BD094BD9E70522E3
:1042A0001F20E0E70322DBE70820DCE7002AE8D153
:1042B000F0BD0000042500206C040000640500002F
:1042C000DC06000070B5304D2E4A28680021FF3012
:1042D0001B30EFF7B3FA2868FF21F22211541122A4
:1042E00092018218117651769176284AF4210A506B
:1042F0002F235B01F822FF21C018EFF79FFA244B10
:1043000028687822FF21C018EFF798FA204B286818
:10431000F8337822FF21C018EFF790FA9D23286820
:10432000DB007822FF21C018EFF788FA194B2868C4
:104330004022FF21C018EFF781FA23262868760172
:10434000002481190C722721490141180C712B217D
:10435000490141180C701721890141180C771B2164
:10436000890140180476FCF7EDFE29680B4680337E
:10437000986788190A4601210471E0325174DC679C
:10438000847170BD3903000004250020905F010096
:104390006C040000DC060000F0B4234B00281B680E
:1043A00008D001280BD002280CD0042833D02F24A9
:1043B000640108E01D481B189C4604230CE09D2462
:1043C000E40000E01A4C1B199C46032825D0042861
:1043D00026D00423042825D00F2701209840C3B2FB
:1043E00000205B08C418E4B2BC420FD2E50065446B
:1043F0002E686D682D02AA4203D8AA4206D1B142A6
:1044000004D32046B14201D1AA4202D0002BE8D108
:10441000FF20F0BC7047074CD5E705231F27DCE7DA
:104420000323D7E70827D8E7042500206C04000001
:1044300064050000DC0600000A4610B501460320B2
:10444000FFF7AAFFFF2801D0012010BD002010BDFA
:10445000F0B5A3B001780E91456881681091C768E6
:1044600001691E914169059180690024189417948F
:104470000090FF2616941D940894A81CF4F725F8C4
:10448000297800024906C90F08433860681DF4F70F
:104490001CF80002000A786028460830F4F715F886
:1044A00029780002C9090843029028460B30F4F726
:1044B0000CF80002000A03907A681002810F0129AB
:1044C00002D13978012900D0002113910399090202
:1044D0008B0F012B03D1029BDBB2012B00D00023F9
:1044E0001593800F02D13878012800D000201B904E
:1044F000880F03D10298C0B2012826D00021287865
:104500000507FB482D0F03681846FF301B3021902C
:10451000F8481818149000200F9012900C90012069
:104520001A901C900098426000983A680260F04827
:1045300000681990E030027C0B92002A00D0012222
:1045400011920B9A012A02D005E00121D7E7407CA5
:10455000002800D101240E98002811D001284ED047
:10456000032D02D0052D00D001240598007E0328DC
:104570007ED002287DD001287CD004287AD09CE00F
:10458000032D06D0052D04D0042D04D0012D05D017
:1045900009E0012407E001200F9004E011980028B1
:1045A00001D10120129010981690801C189010983C
:1045B00008301790059820300079032810D0012882
:1045C0000ED000220C92059200280BD0012809D0B1
:1045D00000201A900B98012806D0012D09D0A0E0E8
:1045E0000122EFE70120F4E7012D6FD1002900D06F
:1045F00001241598002801D101201290C1E0002D5E
:1046000002D0012D00D00124059820300079012826
:104610000ED000220C921B9A002A01D0002809D04B
:1046200001220592159A002A06D0012D09D019E021
:104630000122EFE70022F4E7012D13D10B9A012AA2
:1046400006D00B9A002A0BD0159A002A08D009E050
:104650002323199A5B01D2181279012A00D101246F
:1046600001221292139A002A06D00B9A002A02E025
:104670001CE019E01CE006D1002801D101220F92B4
:10468000139A002A07D00B9A012A45D1002805D198
:1046900001201D9002E00B9801283DD1012D78D119
:1046A00000296ED001246CE0052D06D1012404E020
:1046B0001399002908D0002A06D000210F91032D5C
:1046C00005D0052D09D00FE00121F7E729E0059974
:1046D0002031497BC90705D106E005992031497B86
:1046E000890701D501210C910C99059101211291A5
:1046F0001099891C189110990831179110991691E9
:10470000012A07D1012801D0042803D11B990029CF
:1047100000D00124052D29D0012D32D00E9801287A
:1047200037D01898F3F7D1FE169900020978490698
:10473000C90F084309901898C01CF3F7C6FE000281
:10474000000A0A900E98012823D01798F3F7BDFEAF
:10475000169900020978C90908430D901798C01CE2
:10476000F3F7B3FE0002000A109020E0139900292D
:10477000D7D0012801D00428D3D101200890D0E758
:1047800007E00121199889024018C16D0991006E56
:10479000D7E71E9800691E9949690202CB03DB0F17
:1047A00009041A43090A000E01430D921091002CCE
:1047B00073D11398002866D00B9800281CD011984C
:1047C000002860D07868396802020120FFF7E4FD14
:1047D000474B01469D221868D2008218FF290CD051
:1047E000FE293ED0C8008018C6791498F100091837
:1047F00007220098EFF71EF883E0052D02D10E99ED
:10480000022904D0F221095CFF2913D029E00121FB
:10481000384600F0B3F941087F2903D0C10014984D
:104820000818E1E708990598084301D0012468E0D9
:10483000002466E0112189014118497EFF2910D129
:10484000FF30072239460130EEF7F4FF28480021F7
:104850000068F222115401464031CA79EF231A4010
:10486000CA710E99012904D0059C4AE001200F90DD
:1048700047E0232149014018C0790228D6D20C987C
:104880000028F3D0D2E71B98002802D00B9801280B
:1048900004D0119800280CD104E039E00020059CD8
:1048A0001C902EE02321199849014018007A002815
:1048B00027D07868396802020020FFF76DFDFF28D5
:1048C0001FD0C10014980818C67937202199704369
:1048D0004018017D002900D0012120302091807DE9
:1048E000002809D000201F90002907D009E000000F
:1048F000042500206C0400000120F4E71F98002824
:1049000094D1574801681120800108180675467532
:10491000119800284BD0FF2E0BD00898002808D003
:104920004F480168112080010818807DB04200D0F6
:1049300001241D9800280BD0FF2E09D0484801689B
:10494000112080010818807EB04201D0012447E088
:10495000002C45D1159800282BD0012D29D1404895
:10496000029A0068C11DF9310B699A4205D1039A78
:104970004969120209028A421BD01121890141189A
:10498000497E1A9CFF2912D1FF30072202A9093063
:10499000EEF750FF3248EF23016808464030C279F5
:1049A0001A40C27111220020920189184876002C09
:1049B00016D11C98002813D00C98FF2E07D0002881
:1049C0000ED03720219970434018807806E00028E7
:1049D00006D0786801023868FFF72EFD0028B5D0B0
:1049E0000F9800282AD00D983968884203D1109872
:1049F0007968884222D01198002807D118480168A8
:104A0000232040010818007A002800D00120FF2E42
:104A100002D02099002907D000221F99002905D033
:104A20000021052D17D103E00122F6E70121F8E767
:104A3000002810D0002A0ED000290CD0002C0AD15A
:104A4000129800280AD002990998884203D1039944
:104A50000A98884202D0012023B0F0BD0020FBE775
:104A600004250020F8B5FCF76DFB434C0746216890
:104A70000A468031886FCB6F381A1818C8674B6F99
:104A8000000B984236D30020E032C8675074107C87
:104A900000282BD00025232676010BE0372169431F
:104AA00008180146FF31FF304031303000F018F96E
:104AB0006D1CEDB220688119097AA942EED8002553
:104AC0000BE03721694308180146FF31FF304731B9
:104AD0001F3000F005F96D1CEDB220688119097ACC
:104AE000A942EED821680120891988712168012026
:104AF000E03148742068F8210F5072B60146403109
:104B0000CA7910231A43CA7162B60146E0310A7CA1
:104B1000002A24D0897CFF25002906D1FF300130EE
:104B200000F02CF82068E030857411262168B60169
:104B30008819407EFF2813D0372250434018FF3099
:104B4000FF3100223030093100F0B0F8002808D0E1
:104B5000216800208919C8752068801945760020D1
:104B6000F8BD206801218219FF30D17501308168BC
:104B70000161C1684161EFE704250020F3B50546F6
:104B80008DB0FF20454C03904549206847189D2172
:104B9000C9004018049029460220FFF743FBFF2874
:104BA0004AD1002005902320216840010918097A84
:104BB000002931D9F8793721484321682A794618E4
:104BC00038490E9B0A706A7930464A70FF30AA79DC
:104BD0001F308A7006AA061F01F04EFC0322691CD2
:104BE00006A8EEF72FFE002829D0307D012806D137
:104BF000072239462846EEF725FE00281FD00598E3
:104C00000837401CC0B205902320216840010818D5
:104C1000017A05988142CDD821680020E03148749E
:104C200029460220FFF72EF922680121E032517453
:104C3000FF2801D0FE20039003980FB0F0BD059827
:104C4000039021680020E031487471780120FFF75B
:104C500027FA15492068411809780F290CD19D239E
:104C6000DB007822FF21C018EEF7E8FD272221683B
:104C7000002052018918087129460120FFF702F926
:104C80007070C2000498F9791018C1712168012070
:104C9000E03148740398FF28BED0CDE704250020FA
:104CA0006C040000D0020020E404000010B50C46A3
:104CB0000B790A4984B00B7063794B70A3798B70C0
:104CC00013466A4601F0D8FB0322611C6846EEF7E2
:104CD000B9FD002800D0012004B010BDD002002092
:104CE000F3B589B00D46FBF78AFF8002800A0121E7
:104CF0008905084300226B461024114601E0032A6F
:104D000004D2D7000646FE401E7000E01970521C07
:104D10005B1C641E2406240EF1D1002304AA6946FC
:104D2000099801F0A9FB03226946281DEEF782FDD0
:104D3000032204A9681CEEF77DFD012028700BB04A
:104D4000F0BD0000FFB55C49964609685B4A8DB02E
:104D50008D18392252018A18944652791127169BD0
:104D600004920C46BF010020179E9206A034CF1972
:104D70000833002A0FDA6246D27952070BD50D9A12
:104D8000012A08D97246012A05D10E9A002A02D0BA
:104D9000FA7D002A0BD0F022525C012A23D13F7DFC
:104DA000FF2F20D02079C00732D0002431E03A7D97
:104DB0000120FF2A19D06F4649C7372042435018B7
:104DC000FF300130807EC00041183D480B1820792B
:104DD000C00701D0002000E01020A1210843714647
:104DE000109A10E0012011B0F0BD694649C1207948
:104DF000C00701D0002000E01020A121169B08432D
:104E0000012271469B1C00F061F9002850D1E9E7AE
:104E10001024A12004437046079010980990372071
:104E200047437818FF300130807E0593C000421858
:104E300023480B96101808901898029003221330FC
:104E40001043401C8308E00603D50722BF2004401E
:104E500007E004988006C5D5604680798007C1D5F3
:104E600005222007800E40180121C9024018C06C9D
:104E7000214609F0EBF906001AD00798307109981D
:104E800070713546371D18350622B01D0899EEF7AA
:104E9000D1FC02983872FD602846029A0599EEF717
:104EA000C9FC0B9838743146204609F0BBF999E7E4
:104EB000296A0020087095E7042500203C090000BD
:104EC0006D040000FFB595B000257C480295039560
:104ED00000880E4679494007C00D0C314018C18941
:104EE0000120400709184988FF230C18744837210E
:104EF0000268112080011018407D1B33414389183E
:104F00005B5C0793E3799B09012B04D123785B0653
:104F100001D5012700E0002723235B01D218527935
:104F2000012A17D9FF2815D01598002804D0607BD6
:104F30008009012805D00DE00622FF3102A8413189
:104F400006E02078000605D521460622083102A891
:104F5000EEF770FC002F35D017983C2800D105AE35
:104F6000574F1120396880010818407DFF2824D050
:104F70000622A11C6846EEF75DFC07985149C50062
:104F800038680622281841183046EEF753FC386876
:104F900023212A1849015118097B3722891CB17134
:104FA000112189014118497D51430818FF3006221B
:104FB000A11C4830EEF73EFC06E00622A11C30465C
:104FC000EEF738FC009501953D48A4210068095C86
:104FD000C90701D0002700E0102717990C911899F4
:104FE0000B9115990991716808230902090E0A911C
:104FF00002A90791694606911E9913911F99129172
:10500000209980370903090C11912199C9B20F9198
:10501000F90603D50B22BF210F4009E039214901D0
:1050200041184A79920635D5C979890732D50922BE
:105030003907890E08180121C9024018C06C394689
:1050400009F004F9040025D00C9921710B99E18035
:10505000099921720A99251D617206223146A81DFF
:10506000EEF7E8FB284606220C300799EEF7E2FB44
:105070002846062212300699EEF7DCFB13992983A5
:10508000129969831199A9830F99A9772146384606
:1050900009F0C8F8179800280ED170680A4CC003B0
:1050A000C10F20680622816331463930EEF7C2FB1A
:1050B00020683830EEF78AFD19B0F0BDC00000203E
:1050C000042500206D040000C4240020FFB5042343
:1050D0000546C1061F4881B00C9E006803D50C220E
:1050E000BF210D400CE03921490141184A7992064F
:1050F00002D5C979490702D4002005B0F0BD0A22C3
:105100002907890E08180121C9024018C06C2946D8
:1051100009F09CF8040019D002982071039860717E
:10512000271D0622A01D0499EEF784FB0A98387209
:105130003846062209300B99EEF77CFBFE732146B8
:10514000284609F06FF8002005B0F0BD072005B033
:10515000F0BD00000425002010B502F009FA08286F
:1051600003D302F083F9082801D2012010BD0020EA
:1051700010BD000070B51349092209681202002011
:105180008B18AC22525C19E060249D6E44432C19AC
:105190005C252D5DED060FD50B480818C030428AFE
:1051A000018A608900F0C2F93A2804D04034207F97
:1051B000EF210840207770BD401CC0B28242E3D886
:1051C00070BD00000425002058080000F8B5104EFE
:1051D00030682030C57D002D19D0002409273F02FA
:1051E00010E0E9070BD0C019816E602060430818F9
:1051F0004030417F204600F085F8002807D06D0838
:10520000641CE4B23068AC21095CA142E9D8F8BD65
:105210000425002070B54030018942880025914264
:1052200000D31146C38A028A934200D21A46C48828
:1052300083889C4200D22346868A448AA64200D2B2
:10524000344646898E4200D00125C189994200D05A
:105250000125018B914200D00125408BA04200D056
:105260000125284670BD70B50C460546022248311E
:10527000C01CFBF7E3FC214602225631681DFBF7F8
:10528000DDFC214602224631E81DFBF7D7FC214612
:105290002846022254310930FBF7D0FC40342089E3
:1052A0001B211B2800D22181E28AFF204930824243
:1052B00000D2E082E2881B2A00D2E180A18A8142EA
:1052C00000D2A08270BD000070B50D460B490024CD
:1052D000884204D8032102F0EDF8082801D3022403
:1052E0000AE00749012209682031C97D8240114244
:1052F00002D1294600F006F8204670BDFF0E0000DE
:1053000004250020F8B5064624480F4600682449C5
:105310004418092109024018816E602070430D185D
:10532000304602F049F9002816D02046CF30CC3460
:1053300072B602780121B140082A02D36A79920735
:105340000ED06879800726D4144800682030C27DCA
:105350000A43C2753A201FE02046CE30CA34E7E740
:105360007A06104B5208D2186B6B1A603A0601D4B9
:10537000132200E012226B7913436B710670288BA5
:105380002080403505486F7700682030C27D8A4311
:10539000C275002000E00C2062B6F8BD0425002094
:1053A0005808000003020200F7B50F4682B003213F
:1053B00002F080F8064602F0FFF80090082E02D3B3
:1053C000022005B0F0BD2948294900684518092187
:1053D00009024018816E602070430C1872B6A078E4
:1053E0004007400F052804D0022802D00C2062B6E6
:1053F000E7E76079800701D03A20F8E7204640309F
:10540000478004990182017F202211430177616B5B
:1054100018480860676B204602224430F91CFBF7ED
:105420000DFC20460222791D5230FBF707FC204676
:105430000222F91D4230FBF701FC394620460222C8
:1054400009315030FBF7FAFB6079012108436071A4
:105450007D2000994002002904D0C035A881EE7358
:105460000020C4E7C0356881AE73F9E70425002049
:10547000580800000309140070B5032102F01AF85F
:10548000082801D3022070BD2649092209681202AA
:105490008918896E602250430D1868796E6B8007F9
:1054A00001D03A2070BD2C464034E188A08800F03D
:1054B0009DF8E081A18A608A00F098F860832189D4
:1054C000608800F093F86081E18A208A00F08EF80D
:1054D0002083C0080E3881B2608900F087F8A0816F
:1054E000114830606C6B284602224430E11CFBF707
:1054F000A5FB28460222611D5230FBF79FFB284680
:105500000222E11D4230FBF799FB21462846022288
:1055100009315030FBF792FB68790121084368712B
:10552000002070BD0425002003091500F7B52C4F9D
:105530000E462C49386882B044181546032102985B
:1055400001F0B8FF00900920396800020818816E48
:105550000098602250430F18009802F02DF80028A0
:1055600007D0CF20005D0099082905D3022005B09F
:10557000F0BDCE20005DF6E74037397F4A0701D500
:105580001A20F4E732461B3AE12A05D22A46FF3AAE
:10559000154B493A9A4201D31220E8E78A0601D412
:1055A000C90701D00C20E2E7082801D23A20DEE743
:1055B000C034A08AB04200D20646E08AA84200D297
:1055C00005467889B04204D1388BA84201D1002029
:1055D000CDE72A4631460298FFF7E6FEC7E700000E
:1055E000042500205808000049410000884200D3EB
:1055F00008467047F8B51C4615460E460746EEF7B6
:1056000005FB002805D004F007F9002803D00C2082
:10561000F8BD1120F8BD1249124A09680020891806
:105620003A461B3AE12A00D330203346FF3B0E4A6C
:10563000493B934200D330202B461B3BE12B00D348
:1056400030202346FF3B493B934200D3302072B6C3
:10565000C0318F82CE820D834C8362B6F8BD0000CC
:1056600004250020580800000107000018B51C4957
:105670000922096812028A186023926E5843121890
:1056800064206B4618700923DB066C462078401EA8
:105690002070D868C00302D520780028F5D1207882
:1056A000086D496D030C180A0002C9B20843D9B24B
:1056B000002801D00B2901D97F200EE00623594391
:1056C0007F3901E04008891D1E28FBD8FF23A23343
:1056D0005843044BC018800A4018907318BD00004E
:1056E00004250020A0460000F3B5054693488DB080
:1056F000016893480F189248E4300C18FD20C00050
:1057000008180490092000020818806E069001F025
:105710002FFF0646E0210E98C8553046082E0AD2C3
:10572000002D7DD172B601F0CDFD62B6304600F09D
:1057300065FE0026FFE0002D72D038468030C1683B
:105740000291866842200A9009907E4808900020C5
:105750000C9001F0F3FE054605AB3246029902F0CB
:1057600007F801210646490405E0800805900C98D9
:10577000401CC0B20C9005988842F6D80C98059948
:10578000800440180B2109054018059078684021D5
:10579000800A08406949C01C0A681321C9015118D0
:1057A0008968087065480C2102681320C001101830
:1057B000806841706148396802681320C001101880
:1057C0008068801C00F0E4F95C4801681320C00187
:1057D00008188168B8888871000AC871574801683C
:1057E0001320C001081841689031A16141686031FF
:1057F000396341683031E16140682062E16900202D
:105800000870216A0870A0696168E2685080E068E9
:105810000180388EE168626850806068018000E035
:1058200088E0464801681320C001081800892168F3
:1058300022685080206801800021099B2768C81DCC
:1058400002463B540A98E368985463689854059A52
:10585000E368081D1A54089A63681A54059A236865
:105860001A540A98491C000A0A900998C9B2000AF9
:1058700009900598000A05900898000A08900329E5
:10588000DBD32E480168492040010B18987E002880
:1058900015D0E1686801C01C8872216868018872AF
:1058A00061688872E1680320C87221680122CA72A7
:1058B0006168C872082D39D2002E04D03BE0E1683F
:1058C00068011330E8E72049A801401800218172DF
:1058D0009B7E002B28D0DF0701D0252302E09B0709
:1058E00022D52623C37223680382E3684382174BC1
:1058F000C361174B836120231A54C1756020069B36
:105900006843C018417172B6049BAA401B7D0324F2
:105910001A438470241F4481C1730498027562B6CF
:10592000184601F0C7FF06E02723DBE7002E02D16F
:10593000412600E00C2630460FB0F0BD04250020C3
:10594000580800002C01B000CC000020555555002F
:10595000D6BE898EF8B51D460F4602230446C10601
:1059600012481646006803D50322BF210C4008E008
:10597000072109024118897F090601D40020F8BDDA
:1059800001222107890E08180121C9024018C06CA4
:10599000214608F05BFC010006D00F71CE800D722D
:1059A000204608F03FFCE9E70720F8BD0425002069
:1059B00070B50E4601230446C1061248154600681C
:1059C00003D50422BF210C4008E0392149014118C8
:1059D000C978090601D4002070BD02222107890E72
:1059E00008180121C9024018C06C214608F02EFC9D
:1059F000010005D00E71CD80204608F013FCEAE7C7
:105A0000072070BD04250020FFB581B006460A9826
:105A1000032113300843401C83081F48F106006827
:105A200003D50722BF210E400CE03921490141185E
:105A30004A79920602D58979890702D4002005B0F7
:105A4000F0BD05223107890E08180121C90240184E
:105A5000C06C314608F0FAFB05001AD00298287194
:105A6000039868712C462F1D18340622A81D04992E
:105A7000EDF7E0FE0A983872FC6020460A9A0B990E
:105A8000EDF7D8FE0C9838742946304608F0CAFB6A
:105A9000D4E70720D3E7000004250020FFB51F4608
:105AA00005230646C1061E4881B0006803D50522BD
:105AB000BF210E4009E03921490141184A79920677
:105AC00029D58979C90726D003223107890E0818FC
:105AD0000121C9024018C06C314608F0B7FB040030
:105AE0001CD0029820710398E08027720A98607297
:105AF0002046251D06220A300B99EDF79BFE0C98D7
:105B0000A8810D98E8810E9828820F98A8742146E4
:105B1000304608F087FB002005B0F0BD0720FBE70A
:105B200004250020F8B51D460F4603230446C10690
:105B300016481646006803D51022BF210C400BE022
:105B40003921490141184A79920602D589794907D4
:105B500001D40020F8BD0D222107890E081801216B
:105B6000C9024018C06C214608F070FB01000AD041
:105B70000F71CE800D81069A4A81079A8A8120464C
:105B800008F050FBE5E70720F8BD000004250020E1
:105B900001700A0A42700A0C8270090EC1707047C7
:105BA000FFB506468DB050890690F9480921006876
:105BB00009020A904018806E14460C9052792046D3
:105BC000403051061D460B90002901DBE8076FD0DD
:105BD000002008900B9800880190A089A169844654
:105BE000A0784007400F05282FD003282DD0012092
:105BF0000990BF20024062710E9FEA07384640308C
:105C00001037002A09D03C21089100210E9F0691EF
:105C1000019181838C468180083739220A9B520189
:105C20009B185A79920612D5DA7992070FD5808897
:105C3000019B624601920390009302913946069BB4
:105C4000089A0998EDF76CFF32E00020D0E7007960
:105C50000903090C6246019B02930392049105908B
:105C6000786801970002000E00900A98A030007931
:105C7000C00701D0002000E010208030099B069A68
:105C80000899FFF70BFFE8070899C00F08430FD1E9
:105C900078680622C003C10FBE4800688163394698
:105CA0003930EDF7C7FDBB4800683830EDF78EFF9F
:105CB0000E9F28070122C037002872DA2069844627
:105CC000E80301D5162017E0A80301D5132013E03F
:105CD000280301D528200FE0E80201D53D200BE084
:105CE000680201D5222007E0680334D560790006F8
:105CF00001D4082000E03E200290B87B6021484398
:105D00000C994018A04201D10820B873F87B60219B
:105D100048430C994018A04201D10820F8739E48CE
:105D2000008843079A485B0F0068014640314F7B6B
:105D30009A4097434F73052261469202114220D048
:105D400029041ED5218A49040ED5A0300079C00748
:105D500003D0002002E01F20CEE710208030069AFA
:105D60000299FFF725FE0CE0A0300079C00701D0B2
:105D7000002000E0102000238030069A0299FFF7EF
:105D8000E9FD206A002801D008F0E2FF002020622F
:105D900060627F48A4210068095CC90702D0002521
:105DA00001E039E010250299069F02238035079112
:105DB000E90603D50222BF210D4006E007210902B2
:105DC0004118897FC90614D500222907890E0918B0
:105DD0000120C0020818C06C294608F037FA0100FB
:105DE00007D000220A71CF80079A0A72284608F06D
:105DF00019FA20463830EDF7EDFE00272761E069FB
:105E00003D46002807D0828806998A4203D10121A5
:105E100001F068FFE76187E1680621D5A0784007B7
:105E2000400F052801D1A1696161002105280CD02E
:105E3000208BA2890004000D019000920B98069A15
:105E400003888020FFF76EFE6EE1606B4389028954
:105E500001930092C3888020069AFFF763FE6AE0F0
:105E6000680723D58020049049480721006809026B
:105E70004118C97F0223069F0907CCD59902401813
:105E80000C22C06C049908F0E1F90100C3D08F80A6
:105E9000F2788A713379727912021A430A81B379DE
:105EA000F27912021A434A8104983BE12805800FD7
:105EB00006D00E98694631C16846EDF763FE33E1BE
:105EC000364805423DD0E80401D5002000E01A2004
:105ED000079006980290F01C8021089005912C48AC
:105EE00039210068490141184A79032392061AD5DD
:105EF0008979090717D50121C90240180E22C06C03
:105F0000059908F0A3F9019000280CD007990171B8
:105F10000299C180082208300899EDF78BFC01999D
:105F2000059808F07FF9A0784007400F052802D0B7
:105F3000022803D0F8E00820B873F5E00820F873D1
:105F4000F2E068042CD5208A4004114800680CD582
:105F5000A0300079C00701D0002000E0102000210F
:105F60008030069AFFF724FD0CE0A0300079C007CE
:105F700001D0002000E01020012300218030069A8B
:105F8000FFF7E8FCA0784007400F0528D3D0CBE00E
:105F900004250020C4240020C000002000100004BC
:105FA00028021ED5208A00051AD59348F17800688A
:105FB000A0300079C00701D0002000E010200023AD
:105FC0008030069AFFF7C6FCA0784007400F0528EE
:105FD00001D10820B87343212069890288432061D8
:105FE000A2E00E992A06803184480191002A26DA1F
:105FF00002A9334607910D337F4900930968169F24
:1060000009180822F01C2637FAF718FEF17A307BBF
:106010000822000208430199C88307990098FAF7FB
:106020000DFE009B0422184639460830FAF706FE9A
:1060300001980299C16301980399016474E02901F0
:106040003CD56D49A4220968525CD20701D00027D3
:1060500000E010270818039001980323C08B8037B5
:106060000590F80603D50622BF20074009E0392035
:10607000400108184279920656D58079C00653D55A
:1060800004223807800E41180120C0020818C06C95
:10609000394608F0DBF80190002845D0001D029039
:1060A0000699018002980822801C0399EDF7C2FB33
:1060B0000298059941813846019933E0A80200D53C
:1060C00039E7A80130D5802001900B98069F4089C0
:1060D00002900B983921008B07900B984901C089D9
:1060E00006900B980323408B0490434800684118A6
:1060F0004A79920618D58979490615D50121C90230
:1061000040180622C06C019908F0A0F801000BD0DD
:106110008F80029ACA80079A0A81069A4A81049A55
:106120008A81019808F07EF8A8060AD5206A0168DD
:10613000216200210160226A002A00D1616208F018
:1061400007FEE8061AD5EDF761FD012852D01F279A
:106150007078B11C0740E0693A46806800F0EFFBB8
:10616000E069C780E069002707603078E16980074F
:10617000800F0873E06908F09BFDE761E80137D5FF
:106180001698C18901204007091849880818017824
:106190004906CD0F06A902F0A9FBA1200090A67B1D
:1061A000069808900798099013483921006849011A
:1061B0004118497E0223C9071AD09902001D4018D0
:1061C0000F22C06C009908F041F8040010D026712D
:1061D000271D6571042208A9A01DEDF72BFB0422E1
:1061E00009A9B81DEDF726FB2146009808F01AF81A
:1061F00011B0F0BDFF27ABE7042500209C0900008B
:10620000F0B58FB0076841680A917949794A096801
:10621000008989180B9101210991002108914005FD
:1062200014D50B988469C6692078617B05072D0F0A
:106230008909012903D1C00901D0012000E0002013
:106240000890022D0CD9062D08D109E00B983C6B63
:10625000066A207805072D0F042D01D00020099033
:10626000E0798009012804D12078400601D5012178
:1062700000E0002160480170E020C05D00283DD0B2
:1062800001208646002084463078132100901DE0CE
:1062900000200D9042182318B25C9B789A4201D0DE
:1062A00001220D92401CC0B20628F3D3704600288C
:1062B00004D00D98002801D0012000E0002086467F
:1062C000891F6046401CC0B2C9B28446009884450C
:1062D000DED3704600287AD00098401CC0B2042853
:1062E00000D9042030701222711CF01DFAF7A6FCB0
:1062F000314606221331A01CFAF7A0FC062D02D06D
:10630000022D02D002E0022500E00325207840069D
:10631000C00F0490012D0AD06078801FC606F60ECB
:106320003348F0210068095C012914D02FE00026D1
:106330006946204602F0D0FA2D480068E030007C23
:106340000028EDD10098396888424FD101987968CA
:1063500088424BD11BE01121890141180A7DFF2A97
:1063600015D025490B78012B01D102234B7037231F
:106370005A431218FF320132927E4978D200101827
:10638000232252018018007B4018C0B20490099863
:1063900000282BD00A982037807B02960094019029
:1063A00038792A46049B0899EDF7CCFB00281DD1CB
:1063B0000A982146807B029008310D480096019191
:1063C0000068A0300079C00702D0002001E00DE095
:1063D0001020A1210843A31C2946049AFFF714FBAF
:1063E000002803D00B980021006A01700FB0F0BDA7
:1063F000042500203C09000000250020F8B51B4EB4
:106400003188044609070820090F0443A1422CD112
:10641000174D0021286881631121C9014018092105
:10642000C906806A0969471A642003F09FFB717AE4
:10643000C90040182968896A4018381A00020121E9
:10644000000AC905884202D2002008F093FD0949DC
:10645000286832881207120FA24206D1826B8A4244
:1064600003D2826B521C8263F3E7F8BDC0000020A8
:10647000042500200071020030B50D461C49144669
:1064800009681C4A91B089180922D206096D12695F
:10649000891A194A09021288090A12070AD5002B1B
:1064A00008D1164AFF39914204D32246294609F001
:1064B0009FF81AE00146102204A8EDF7BBF910225C
:1064C000294608A8EDF7B6F904A8009008A801909D
:1064D0000CA802900020694608736846FBF792FDFD
:1064E00010220CA92046EDF7A5F9002011B030BD0F
:1064F0000425002058080000C000002002FF7F0093
:10650000F8B514460A4605460121104600F0D2FFB0
:106510000146082801D30220F8BD1C480922006862
:1065200012028018826E602048431018184A8901B0
:106530008B18426B002D07D0164972B643799B0722
:106540000DD062B63A20F8BD00215F18665C203796
:10655000BE73491CC9B21029F7D30F49EDE711608A
:106560004179012211434171002D09D00748492288
:106570000068082152018018C17162B60020F8BD80
:1065800001220169520411430161F6E7042500204C
:10659000CC00002003020D0603010500F3B581B015
:1065A000984A012101A800F036F9974C0422206096
:1065B000432101A800F02FF901272168FF02C91922
:1065C00008640422432101A800F025F9216804226F
:1065D000C9194864FF21843101A800F01CF9216821
:1065E0008A4DC9198864A97F0C2201A80B3100F0DB
:1065F00012F913212268C9015118C860A97F20220D
:1066000001A800F008F90926216836028919C8672F
:10661000A97F102201A800F0FEF813212268C90109
:10662000511808602822052101A800F0F4F8132170
:106630002268C901511888603022052101A800F0A4
:10664000EAF813212268C90151184860FA100121A3
:1066500001A800F0E0F813212268C901511848612F
:10666000A97F602201A800F0D6F8216820228919AC
:106670008866A97F01A800F0CEF821688919C8664C
:10668000AA8B012101A800F0C6F80F212268C901D8
:1066900051188863298B282201A800F0BCF80F212B
:1066A0002268C90151180863698B302201A800F0E3
:1066B000B2F80F212268C901511848630C22012148
:1066C00001A800F0A8F821680C2289194866012168
:1066D00001A800F0A0F8216828228919496E886075
:1066E000284620300090417801A800F094F82168F5
:1066F00004228919496E896888600098417801A848
:10670000491C00F088F8216810228919496E8968AF
:106710004860A97F01A800F07EF821680222C9190B
:106720004863A97F01A800F076F821680222C91900
:10673000C860A97F01A800F06EF821680222C9197B
:106740000861A97F01A800F066F821680222C91932
:106750004861A97F01A800F05EF821680122C919EB
:106760008861A97F01A8491C00F055F82168102212
:10677000C91908630B2101A800F04DF80722216810
:106780001202891808650422802101A800F043F84C
:10679000216889190867029ADC204243012101A877
:1067A000443200F038F8216889194867029AD820E5
:1067B0004243012101A82C3200F02DF82168F0227B
:1067C00089198867012101A800F025F8104C7C2266
:1067D0002060A97F01A800F01EF821680822C86780
:1067E000032101A800F017F82168282280310860F1
:1067F000012101A800F00FF821688031486001985C
:10680000FEBD0000B809000004250020E0020020C1
:106810000C250020704710B5034600680324401E75
:1068200020435143401C4118196010BDF0B52B485E
:1068300013240268E4011019C0681121C90103463C
:1068400051180C33CB670923054688671B0218359E
:10685000D1180D600C354D600C358D600C35CD6058
:106860000C350D610C35CD630C350D640C354D6464
:106870007830886400201419D21811E0D16F4501D6
:106880004D19602141430F46966E3437F5510C2562
:106890004543E668843575192831966E401C75505D
:1068A0000F498D7F8542E9D80C4A002014681322D5
:1068B000D201A518E31807E02C680601A6194401C7
:1068C0000834DF6E401C3E518C7F8442F4D803486C
:1068D000C968006880188161F0BD000004250020AF
:1068E000E00200200268002A03D010461268002A45
:1068F000FBD10160704770B50C461F21521E0A4340
:106900000546521C002011044E0D17D021460831B7
:106910006A1A2846002A01DD082A03DB2022F4F740
:106920004DF904E0082208C9521E08C0FBD12035E9
:106930002046761E24683604360CE7D170BDF8B5C3
:1069400004460D46501E1F210843401C00041646F5
:10695000470D1ED0204608302946421A002A01DD84
:10696000082A03DB2022F4F729F904E0082208C9E9
:10697000521E08C0FBD12035202E01D2304600E047
:106980002020A080301A7F1E24683F0486B23F0C6E
:10699000E0D1F8BD70B50C4605460AE02146284610
:1069A000A28808310830ECF745FFA088A8802D6840
:1069B0002468002D01D0002CF0D1254301D04720C0
:1069C00070BD002070BDFFB581B01D466946002A2C
:1069D00009D000280CD08488944204D8121B1204D9
:1069E0000068120CF5D10A80040001D000261FE0D7
:1069F000184605B0F0BD6846A1880088814213D9C9
:106A0000091A8FB2AF4200D32F4602992018891974
:106A10003A460830ECF716FF0028EAD1F01986B2A2
:106A200000206946088002E0401A69460880246810
:106A3000B54201D9002CDED1A81B05B0F0BD00295C
:106A400059D0F3B58FB00C46A088202813D0002C65
:106A500014D0029402980068029000282ED08688F4
:106A600001463246083106A8ECF7E4FE0027A0886C
:106A7000202805D007E02468002CE5D111B0F0BD36
:106A800024680020A080002EE4D080B22021091AC2
:106A90008DB2AE4200D235462246083206A9801891
:106AA000C9192A46ECF7C6FE701B86B2781987B260
:106AB000A0884019A080002ED9D1CBE720680028FB
:106AC000DCD0002121600F9972B60A78002A03D029
:106AD0004B6892009A581060002383800A78521CF9
:106AE000D2B20A704C689200A05000680028F4D11D
:106AF00062B611B0F0BD7047491EC904090E72B6E6
:106B000002788A420CD9511AC9B24A1ED3B2037014
:106B1000426888001058990052580021116000E026
:106B2000002062B670470021002804D0491C00688C
:106B3000C9B20028FAD1084670470021002804D0C5
:106B4000491C0068C9B20028FAD14801704770B4E6
:106B5000417800292DD08668002E2AD000250570A6
:106B600041682A460D60417800291FD928215143E8
:106B7000891900230B60002913D072B60378002B0B
:106B800003D044689B00E35819608D8003785B1C38
:106B9000DBB2037044689B00E15009680029F4D11E
:106BA00062B6521C4178D2B29142DFD870BC00204C
:106BB000704770BC47207047F8B51D460E466B46BF
:106BC000002A09D0002824D08488944204D8121BBB
:106BD00012040068120CF5D11A80040019D014E0D8
:106BE0006846A1880088091A8FB2AF4200D32F46A9
:106BF00021183A4630460831ECF71CFEF619E81B1E
:106C000085B22468002069460880002D03D0002C3E
:106C1000E6D14120F8BD0020F8BD002917D072B69A
:106C20000278002A03D0436892009A58116010B489
:106C300000238B800278521CD2B20270446892000A
:106C4000A15009680029F4D162B610BC70477047A2
:106C500030B400240B1E22D02034A4B294421AD3A4
:106C60000A68002A35D072B60378002B03D0446836
:106C70009B00E3581A600024948003785B1CDBB20D
:106C8000037045689B00EA501268002AF4D162B68E
:106C9000002008601DE00B4609680029DCD1111BAB
:106CA000491EC9040A0E72B6017891420CD9891A9C
:106CB000C9B24A1ED2B2027040688900920041589F
:106CC00082580020106000E0002162B6196000299F
:106CD00002D030BC0020704730BC47207047FFB561
:106CE00004465009000681B01F46000E06D0002C55
:106CF00023D0401E24680006000EF8D1D606F60EFA
:106D000017E02020851BBD4200D33D46A0192A462E
:106D100008300299ECF78EFD029871194019029023
:106D2000781B87B2A088884201D2A819A080246865
:106D30000026002F04D0002CE3D1412005B0F0BD87
:106D4000002005B0F0BD0000FFB58FB01A9E0F986F
:106D500000F0D8FC9249FD200A68C00015181046C2
:106D6000363084460F98082822D004460120034676
:106D7000A3403A24645D27073F0F0446BC402343E9
:106D8000644624782407240FA0400343287D9843B9
:106D900011D068680190012000240C90A86CA032EA
:106DA0000690127B2746805CA44696460D9430E000
:106DB000822013B0F0BD1198189B026812980068E9
:106DC0001018002240081A80400A119B40021860E7
:106DD000129B18601B9B1A80724A8018326882428C
:106DE00001D8104600E03060800930600868A030AB
:106DF000017B0F9800F006FCCDE06A6A4100AB6AA7
:106E0000525A595A51188901614500D98C46069940
:106E1000085C8645F1D16348129940420968019A9D
:106E200060440291914202D81099C90701D01446DA
:106E300032E0119909680691814200D908460A900A
:106E400010460299E9F7C8F9089006990198E9F700
:106E5000C3F9401C09900898002800D10120099925
:106E6000069088420D9815D8002815D106990198EA
:106E7000E9F7B2F9C1050AD10A99884207D3029904
:106E8000814204D30446012106980D910C90069886
:106E9000401CE4E7002803D011992046096804E06B
:106EA000842086E700197F1CBFB28142FAD802997C
:106EB000814204D21099890701D4852079E711997C
:106EC00003AA08601298046031683F20491E0143FC
:106ED000491C2046316000F0A3FB00280AD00EE0D8
:106EE00030687F0840083060199949081991059960
:106EF000814204D21098400701D5002FF0D10598A7
:106F00003168884208D93F20491E0143491C03AA21
:106F10002046316000F084FB0599199881423CD3EA
:106F2000084603210902884237D30C980890401E76
:106F300009906846017B0F9800F064FB72B618490F
:106F4000AA6C0868A030007B105C12E0EB6A41007C
:106F50009C465A5A089B5A4363465A522B6B9C468E
:106F60005A5A089B5A43099BD21863465A52A96C35
:106F7000085C0B490968A031097B8142E6D16C604D
:106F800062B604988002010C1B9801800598800964
:106F900030601898078000200BE7862009E7000082
:106FA000042500209AFDFFFFF1B5B04AFD211068CD
:106FB000C90090B041180491AD4904464518C03449
:106FC000014636310D9100210291AA49497AC90042
:106FD0000C91816A0B91049920310E91897E079161
:106FE00008297DD2092109024018816E17460798A9
:106FF0006022504308180890079881019D480C3082
:1070000008180A90C07A2E4640360990B08B02F0DC
:1070100001FE39684031098E401880B20390E96C56
:10702000039802F095FDE96C09020F1AB07F02F097
:107030001FFE381802F09AFDA96C41180C98081A26
:107040000002000A01901099411A0B98081A0002D8
:107050000121000AC90588427ED204980199416342
:10706000099802F067FD0A99C8720D980078C1432B
:10707000090706D041070798490F4007400F814292
:107080002BD10E980821807E08430D990870A86CBA
:107090002060E86C60600198A0600298E060A86DD4
:1070A0002061686D6061B08B2083B07FA076284638
:1070B00060300178E176B18CA183318DE183B18DAF
:1070C0002184318E6184B18EA184318FE184C17EAF
:1070D0002820015584204059E0620D98007800E096
:1070E0007CE0079942074907520F490F8A4261D055
:1070F000F72108400D995D4F08704007400F079039
:107100000920396800020818816E079860225043F0
:10711000081804900798810156480C3008180A9006
:10712000C07A0990208B02F075FD39684031098ED4
:10713000401880B203906168039802F009FD61680D
:1071400009020F1AA07E02F093FD381802F00EFD1E
:10715000216841180C9800E042E0081A07021098D4
:107160003F0A391A0B98081A00020121000AC905C2
:10717000884258D2A760099802F0DCFC0A99C872CC
:1071800001980899C01B00024979000A9022114217
:1071900010D10121C90588420AD30498C17B0898FF
:1071A000C07B401C814203D804984079C00601D5B9
:1071B00002F07AFFE96C039802F0CFFC0446B07F3E
:1071C00002F05EFDA96D201840180721090508434B
:1071D0008035A96B0322091DF9F782FD11B0F0BDBE
:1071E00008984030008841000A98203002780998B9
:1071F000101880B209900898089A0089401C1081E4
:1072000008984069421A089842610898C07BFF2894
:1072100002D2089A401CD073E86C4018E8640798C2
:1072200009F0F4FFFBE604984030008841000A981A
:10723000203002780998101880B209900498049AB6
:107240000089401C108104984069421A04984261E8
:107250000498C07BFF2802D2049A401CD073606857
:1072600040186060079809F0D1FF64E7042500200A
:1072700058080000C000002010B51149FD2209681F
:10728000D20089184C688B6842009C4204D1086B7C
:107290004C8A805AA04201D0012000E000204B60BF
:1072A0008B688B614C6A8B89A3528C6ACB89A35201
:1072B0000C6B4B8AA3520B8AC96A8B5210BD00001B
:1072C00004250020F1B56749674A086882B0821832
:1072D0000092FD22D2008618AC22155C04460346BB
:1072E000029AC034363395427ED9092109024018EA
:1072F00017466021806E4F430025B91C4554029803
:1073000000F05AF900280CD15648BF1D0168092029
:1073100000020818806EC05D002802D00098C030BE
:10732000057272B64F48029D076801203946203128
:10733000CA7DA8408243CA75317D81433175197871
:1073400008077AD44A070298520F82427CD030460E
:107350002030827E5507029A6D0F954276D1817654
:107360000F201870404AA0687063BD18A86D21698D
:10737000A9652061686D616969656061214628467B
:1073800018315C3000F0FEFA3748A37E5E303918C1
:107390000A780B70A276A86C2168A9642060E86C5A
:1073A0006168E96460603048E37E603039180A78CB
:1073B0000B7021462846E2761C31643000F0E2FA78
:1073C000214628461E31683000F0DCFA2146284666
:1073D00020316C3000F0D6FA214628462231703038
:1073E00000F0D0FA214600E03AE02846243174301B
:1073F00000F0C8FA214628462631783000F0C2FA5B
:10740000194880357B303918204628300A780378AF
:107410000B7002701448E26A843038180168026008
:10742000E1620721E06809050843A96B0322091DF1
:10743000F9F756FC0AE000E006E03A20805D4107DB
:107440000298490F814201D10F2018702036B07E7A
:1074500041070298490F814201D10F20B07662B6F0
:10746000FEBD0000042500205808000070B510483B
:1074700009240268FD20C0001018037D24020820A2
:1074800000211419A032157B0EE0DA0709D0602222
:107490004A43A66E921CB25C5207520F012A00D1D9
:1074A00008465B08491CC9B28D42EED870BD000089
:1074B00004250020F8B507461F4809260568FD2069
:1074C000C0002C182846363036023F0584463F0D52
:1074D000AE19237D08200022A0350097B6462D7BEB
:1074E0000EE0DE0709D07646B66E60275743F619E0
:1074F0007689009FB74200D110465B08521CD2B279
:107500009542EED82034A27E1207120F824202D199
:10751000CB0700D10820824207D0624612781307B9
:1075200007D45207520F824203D1C90700D1082065
:10753000F8BD8907FBD5F8BD0425002010B50B4820
:1075400000210368FD20C0001818027D0820A03328
:107550001B7B05E0D40700D108465208491CC9B27C
:107560008B4201D90828F5D010BD00000425002069
:1075700070B5104809240268FD20C00011180B7D69
:107580002402082000211519A032127B0EE060248D
:107590004C43AE6EA41C345D6407640F032C02D10F
:1075A000DC0700D008465B08491CC9B28A42EED805
:1075B00070BD0000042500200B49FD220968D2009F
:1075C0008A182032927E36311207120F824206D07C
:1075D00009780A0705D44907490F814201D10120E2
:1075E0007047002070470000042500200448FD215A
:1075F0000068C9004118A030007B896C08547047AE
:107600000425002010B5054AFD231268DB00D218BE
:10761000936C5C5C1C54926C505410BD042500208B
:10762000F7B5074615462D48FD220168D2008E1891
:107630008AB00022AF6007920292A031097B6A46AD
:10764000117129700168B26CA031097B545C23E090
:10765000706A6100405A80010090B06A405A0299F5
:10766000800104900098411A0520C00103918142D5
:1076700001D3081A039005AB2A4601A90B9800F024
:107680002FF80499009841180520C00108180290AD
:1076900068460471B06C045D10480068A030007B3F
:1076A000A042D5D10298391A0520C0010391814228
:1076B00001D2002000E0081A039005AB2A4601A978
:1076C0000B9800F00DF8A868381A03D00B99A96040
:1076D0000DB0F0BD05AC0ECC0EC5F9E704250020B9
:1076E000F0B58C689D68A54203D860C92746E0C301
:1076F0000839A04204D89068A04201D90BC90BC236
:10770000F0BD0000F1B5194BFD211868C900024613
:10771000363241189646A030027B886C805C0C465D
:107720002034A4461BE08D6C2C5C009EB04212D02D
:107730006646B67E3607360F86420CD076463678D9
:1077400077077F0F874201D1360704D501260F7DC9
:1077500086403E4201D1AC5400E0024620461C68FF
:10776000A034247B8442DED1F8BD00000425002033
:10777000F0B5074621488BB000681E46FD230991ED
:1077800000250891DB006946C4188D829008079295
:107790000D83082F0FD006A907AA05AB009302920C
:1077A0000391019008AB09AA07213846FFF7CCFAEC
:1077B000010002D01EE082211CE008986060A061F8
:1077C0006A46636A128B78001A52A36A079A1A52A1
:1077D000E26A15526A46236B928A1A5207980C285D
:1077E00001D2832102E0102800D91020044A50431E
:1077F0008008306008460BB0F0BD00000425002072
:1078000071020000FFB5294E074689B0FD2130689E
:10781000C9004518264905AB07AA06A86C4607917A
:107820000FC40CAB0BAA01213846FFF78DFA00906C
:10783000002838D10C98686069466A6A898A78009D
:107840001152AA6A07991152EA6A00211152694637
:107850002A6B098B115209203268000212183C462B
:107860006023926E5C430021631DD15432680A99F3
:107870001218926EA31CD154326800211218926E15
:10788000C9430833D152326800211018806E0F347A
:10789000015572B6297D0120B8400843287562B6AB
:1078A000084600F007F800980DB0F0BD0425002050
:1078B00070170000F8B52F4F0546FD203E68C00048
:1078C00034182D48301800902C48363602F04EF906
:1078D0002B494A7AD2008018002D36D031784A07D9
:1078E0008E463A21095D520F4B075B0F94469A4230
:1078F00006D10E07360F0122B2402E4696430DD018
:107900009C4521D00B0701211B0F0A469A40734664
:107910001B071B0F99400A43954315D10921C9063E
:1079200009691122081800020021000A6164206020
:107930003968D2018918896A401A000200120028A9
:1079400002DC002007F016FBF8BD48220A80110671
:1079500009690025081800020099000A0865656495
:107960002060284607F006FB386868304571F9F753
:107970006FF9F8BD042500205808000066020000D9
:10798000C000002002880B8803800A807047000036
:107990000B48FD210068C90040180A490988C36ADC
:1079A0004907028C090F5A52036BC28B5A52836AE1
:1079B000428C5A52436A828B5A52816941607047A5
:1079C00004250020C000002070B50C460B4E81003D
:1079D0000B4832680D1801232032D3772146284600
:1079E000EBF74CFF28680021844201D1084600E0F3
:1079F000FB2032682032D17770BD000004250020C2
:107A000000000410024800682030C07F704700006A
:107A100004250020034900280A7801D000200870BE
:107A2000104670470825002070B5124C0E4621788C
:107A3000012500291BD101460120EBF76BFF607087
:107A400031460220EBF766FF6178401860703146DE
:107A500020310320EBF75EFF617840180006000E2E
:107A6000607004D1EBF736FF022020700025284615
:107A700070BD00000825002070B5184D90B0287822
:107A8000002802D0012010B070BD6E460024F9F726
:107A9000B6F8A100641C7050082CF8DB6946012080
:107AA000EBF738FF0128F1D020220D496846F3F7A3
:107AB00081F80B492022203108A8F3F77BF86946AA
:107AC0000220EBF727FF08A90320EBF723FFEBF7D2
:107AD00001FF012028700020D5E7000008250020C4
:107AE000C844061070B5124A092312681B02D21846
:107AF0000123526E83435B00491E41249B184909B0
:107B0000491CC9B272B615798D420ED31E785B78C6
:107B1000AD19EDB25B18AB4207D84000135C0024EE
:107B20005B1813541079401A107162B6204670BD6C
:107B30000425002070B50D0004460AD0002C08D0A2
:107B4000A968A068FEF726FF002801D1E988E18036
:107B500070BD412070BD0000F3B50F4612480921E9
:107B6000006809024018BE68446E81B03046FEF7D6
:107B7000DAFF0546F888401E4009401CC0B2A84202
:107B800011D23146A068FEF75AFF3046FEF7CBFF10
:107B9000281A72B601994900625C121A625421795E
:107BA0000818207162B6FEBD0425002010B51C46E1
:107BB00013460A4680682146FEF7FEFF10BD00000E
:107BC000044A092312681B02D218526E4000801822
:107BD0004170704704250020002281680838026047
:107BE000084670470D490922096812028918496E32
:107BF00072B60122824350004218084B095C0920EA
:107C00001B6800021818406E527800798A4202D927
:107C1000511A401AC0B262B6704700000425002015
:107C200010B58068FEF77FFF10BD0000F8B50D4667
:107C30000E49092309681B02C9184E6E1F21521EE6
:107C40000A431D3297B200243946FFF74BFF002844
:107C50000AD13946B068FEF74FFF04460834006881
:107C6000A0600020E074A5802046F8BD0425002017
:107C700070B517480921006809024018446E0422B3
:107C800000212046EBF7DAFD124D688C23304009C5
:107C9000401CC1B20020FFF793FF688CA97F2330FE
:107CA0004009801C4843401CC1B20120FFF788FFF7
:107CB00028462030A16840784870A068FEF747FF4A
:107CC000A06872B6007862B62071002070BD000016
:107CD00004250020E002002010B58068FEF773FE46
:107CE00010BD0000F8B50E460C49092209681202C1
:107CF0008918083807464C6EFEF715FF05463946C9
:107D0000A068FEF78AFF72B67100605C401B605489
:107D100020794019207162B6F8BD000004250020CA
:107D2000F7B5074618480921006809024018446E53
:107D300041201646002F11D03846FEF7FEFE0546BC
:107D4000B0420CD2301A81B20198FFF7CBFE002866
:107D500004D132463946A068FEF77AFFFEBD3246AE
:107D60003946A068FEF774FF6D1E761E6909720918
:107D7000891A72B6019A5200A35C5B1AA354227945
:107D80005118217162B6FEBD0425002010B51C46B5
:107D900013460A4680682146FEF7A1FF10BDFFB5D5
:107DA000C8880025401E83B00E4687B2012427E014
:107DB000B0680222083001196846091DEBF73AFD48
:107DC00068460088F7F73EFC01001DD068460A8D22
:107DD0000088824212D001AAF8F7C6FA00280DD115
:107DE00001992620405C400708D506986A001018C3
:107DF00002221C31EBF71EFD6D1CADB2A41CA4B217
:107E0000BC42D5D30C98058007B0F0BDFFB507463E
:107E100083B0002000900D98F7F714FC06990546F2
:107E20000C310191002826D00837BD4223D0288D7F
:107E30000E9988421FD80D99884213D30E99884213
:107E400010D8294602222A310198EBF7F3FC1022C0
:107E50000C990698EBF7F6FC002809D0298D0E98AE
:107E6000814208D02E462C6A2036B4423FD140E0F1
:107E700005980021018007B0F0BDA18B0D988142CB
:107E800034D30E98814234D8204620300290C078F6
:107E9000012808D02046083010220C99EBF7D2FCBC
:107EA000002808D022E02146022208310198EBF791
:107EB000C1FC0698F0E702988079400716D5009833
:107EC000002801D1E08B0090E18B814211D105980F
:107ED0000222008841000498081821461C31EBF763
:107EE000A9FC059805990088401C08802468B442C4
:107EF000C3D12D6899E77FB50546684600890C46D1
:107F000000281AD0A0680C210173A068022202A9DF
:107F10000D30EBF78FFCA068022203A90F30EBF7BE
:107F200089FC0520E0802121286989010843286116
:107F30000D20A873002004B070BD4220FBE77FB580
:107F40000546684600890C9E0C46002816D06946F6
:107F50008989884212D8A06808210173A06802228A
:107F600002A90D30EBF766FCA068022203A90F30CE
:107F7000EBF760FC012E04D0022E0AD0422004B0A0
:107F800070BDA068022208A91130EBF753FC07204E
:107F900006E008AB102209212046FFF7F7FE152066
:107FA000E080212128698901084328610920A873FC
:107FB0000020E4E7FFB5074673480D4604688FB01C
:107FC000AE34A1781E46C80602D5E078C0067DD43E
:107FD000880607D5E0788006800F03D0022F01D0F5
:107FE000002E73D08806800F06D0022F08D0032FF2
:107FF00006D0002E6AD003E0012F01D0002FF8D167
:10800000880603D4002D01D0012D5FD1002E06D1AA
:1080100030200140384600F018FE002856D1119952
:1080200000200870A17889068A0F7DD00CA908A8C5
:1080300001F054F807900DA90AA801F08DF80690F8
:108040000798002802D00698002801D1012E58D1A7
:10805000022F04A807D000F0CBF8002E3CD00798E0
:10806000002803D012E004F019FCF6E7464F474819
:108070003B68062208A91818EBF7E4FB00283868CB
:1080800008D04030417E49084900417606980028D2
:1080900005D014E04030417E01221143F5E73A4F0C
:1080A0003A483B6806220AA91818EBF7CBFB0028D0
:1080B00038680CD04030417EFD221140417607984F
:1080C000002809D00698002806D01AE043E0403086
:1080D000417E02221143F1E72B48062203682B4818
:1080E00004A91818EBF7A6FB052069460873002EB3
:1080F00002D10846F9F7B6F9254802906846F9F723
:1081000065F9A078800611D51198032101702079B6
:10811000C10603D5002D01D0022D1CD1800605D546
:10812000012D03D0032D00E018E014D1A078C00683
:1081300027D51199012008702079C10601D5002D9D
:1081400009D1810601D5012D05D1000619D5002DD3
:1081500017D0012D15D0422013B0F0BD012F01D151
:10816000002E03D0890F314309D00AE006480622C9
:1081700003680648611D1818EBF75CFB0120119994
:1081800008700020E8E70000042500203307000005
:10819000A0BB0D003EB5FFF769F90446FFF7E8F90B
:1081A000082C01D1082813D00A480B490068062280
:1081B00041186846EBF73EFB68464079400601D51A
:1081C000022000E00320012302AA0021FFF7F2FEB3
:1081D0003EBD00000425002033070000034800686E
:1081E000AE3080788006800F7047000004250020A4
:1081F000F8B5204E04463568AE35F8F7E3FC20703C
:10820000000A6070F8F7DEFCA070000AE070F8F772
:10821000D9FCC2B28004830E22710021637108462A
:10822000275C401C7918C0B289B20628F8D300290F
:10823000E3D02078FF280CD16078FF2809D1A078FE
:10824000FF2806D1E078FF2803D1FF2A01D1FF2BB8
:10825000D3D00622691D2046EBF7F4FA0028CCD0D3
:108260003168062220467831EBF7ECFA0028C4D0BA
:10827000F8BD000004250020F0B5064600208DB0B2
:108280000D46002A03D0F8F740FF002806D1002E43
:1082900003D0002D04D0002428E000200DB0F0BD54
:1082A0004220FBE7E000001B295C471908467F1CC1
:1082B000009100F01EF80028F0D103AA394600987A
:1082C00002F046F9002804D01022002103A8EBF7A1
:1082D000B5FA07A804F07AF907AB03AA3946009863
:1082E000F8F7F2FE0028D9D1641CE4B2B442D9D325
:1082F000D4E70021012802D0002800D047210846F9
:108300007047000070B592B00646202221A101A856
:10831000F2F750FC202109A8F2F754FC0A21684624
:10832000017000242546694601A800F0F7FE684662
:10833000027801A909A8EBF77DFA01A824E0015D04
:10834000491CC9B2914223D803195B78B34214D1B6
:108350006B461A78521A6118C9B24118D2B209A8EC
:108360001A704019EBF766FA6B4618782818C1B2F4
:1083700009A801F001F812B070BD521A6B461A70CC
:1083800062186918D4B2CDB269460A78002AD6D1EB
:108390001F20F0E702FF0102010403028FFC00002E
:1083A00000000000000000000000000000000000CD
:1083B000000000000FB410B5079C01282DD16846BD
:1083C00080891749884210D103A80FC800F04CF8E3
:1083D00000281DD102F0D0F8FA281ED001281CD99F
:1083E0002078F3210840207017E00D49491C88428D
:1083F00008D0C91E884205D0491C884202D0C91C39
:1084000088420AD103AC0FCC00F02EF8002800D02F
:10841000632010BC08BC04B018470020F9E7000036
:10842000022A000010B5FCF74FFF10BD024800689B
:10843000AE300088704700000425002010B50349C5
:1084400006220968B331EBF7F5F910BD04250020C9
:108450002423184204D0C81F092803D82032D17120
:1084600000207047422070471FB582B00024FFF7FC
:10847000DDFF6946F7F788FF009A6846116A0089B0
:10848000203209E023235B5C012B04D10B8983425A
:1084900001D1641CE4B209689142F3D1204606B0D0
:1084A00010BD00001FB50446064802900846F7F7C5
:1084B000EDF8800000196946113008736846F8F736
:1084C00085FF1FBD307500001FB504460846F7F74D
:1084D000DDF8800000196946113008736846F8F726
:1084E000C1FF1FBD026800230B80824203D09BB2F4
:1084F00012685B1CF8E77047086042684A6042688F
:10850000116041607047026804E08A4201D1012095
:10851000704712688242F8D10020704702680A60F2
:10852000126802600A68126850600A6800201060D1
:1085300009684860704700B50B46FFF7E4FF002864
:1085400008D003CB083B086003CB41600020083B08
:108550001860586000BD0000FFB515691E46A803ED
:108560002E3689B01C461746002833DA1022694699
:108570003046F8F763FB0924E4060398A0610298EB
:10858000E06101982062009860623548016813201C
:10859000C0010818816AA162406AE0620A988030CE
:1085A000016C2163C06B606300F069F8A06B0390FD
:1085B000E06B02902B480168019140680090102206
:1085C00031466846F8F73AFB0120400485433D6197
:1085D0000DB0F0BDE8053CD505A80146009010227D
:1085E0003046F8F72BFBFF20013085434120800205
:1085F00005433D610998082201A9C01CF8F71EFB3C
:108600000998214604222A310B30F8F717FB154848
:1086100005A92838F9F7AAFC0924E4060298A06203
:108620000198E062786B082203A90D30F8F706FB89
:10863000049820630398606300F021F8094905A8B5
:108640000839F9F793FC102231460098F8F7F6FA4A
:10865000BEE7A07A0006BBD40A9800F005F8B7E799
:10866000042500204000004810B504468034606CAA
:10867000002803D0F9F7C6FC0020606410BD08B5DF
:108680006420694608700921C9066A461078401EB0
:1086900010704869C00402D410780028F5D1107811
:1086A00008BD0000FFB582B000230193059B012B9C
:1086B00030D04B8C224D1C010B8C9C46CB7E6B43E7
:1086C0008D8BAE46CD8B1646403697690096A742F5
:1086D00006D19689664503D1009E3688AE4201D008
:1086E0004026019696790427760876003E439671D7
:1086F0009461546164469481009A1580059A012A18
:1087000017D00B6170464A68400010184860019805
:1087100006B0F0BD034640331D461B8E084E1C01BB
:10872000AB8D9C4660231B5C7343AE8C2D8DB6468F
:10873000C9E783657146C26C49005118C164E6E718
:10874000E204000070B5044616460D46084600F0E7
:108750002AFA2060281D00F021FA310440186060D8
:1087600070BD0000FEB539490922096812028A1855
:10877000936E602242439C18354A80018D1835491A
:10878000228946184020005B2021895D521C2281ED
:1087900040006269002700B2101A6061F07A401848
:1087A000C0B2252800D32538F072A079C0072ED09A
:1087B000284640300090408E2189401A0004000C69
:1087C00025D124480C3800884007400FFEF754FD9F
:1087D0008446A07940084000A0712846C030017A44
:1087E0004908490001720099A3894A8DC98D09057C
:1087F000090C934205D1A3698B4202D16346002B39
:1088000001D0402701E008238373A281A161A079F0
:10881000800719D57620405B2189401A0004000C9E
:1088200012D18021495960350091A97E0191A17929
:10883000FD221140A1713146684605222131F8F729
:10884000FDF90120400507433846FEBD0425002000
:1088500058080000CC000020F8B501461B4809224A
:10886000006812028218936E60224A439E18184ACA
:1088700000248518174A88018718B0784007400FF0
:10888000052802D0012805D010E00846EBF776F95C
:1088900004460BE02A468032108A002802D0401E8F
:1088A000108203E001240846FEF70CFDF07BFF2850
:1088B00001D2401CF073002C06D0234632462946D4
:1088C00000200097FDF76CF9F8BD0000042500209A
:1088D00058080000CC00002010B50B460178CA09EA
:1088E000014608311846FFF72DFF10BD10B50B46A5
:1088F00001784906CA0F811C1846FFF723FF10BDF7
:10890000FFB50D4607468DB000200921C906169E09
:108910001446486038460E3000F045F90790B97C9F
:10892000F87C0202387D0004104308430990787DEA
:1089300006903846163000F031F90A903846183063
:1089400000F02CF90B9038461A3000F027F90C9003
:1089500038461C3000F022F9039038461E3020378C
:108960000090F878C106C90E47090920C006089191
:108970008068A86400203146E86421310522029114
:108980000098F8F75BF90221E1700020222250558F
:10899000E0730B980C225043606100203122105587
:1089A000039801230001A061284621714030039003
:1089B00083710B987149400240187149896A81425C
:1089C00000D208460021686521810C98A0812046CC
:1089D00040300B9A02800A9A01235200921CEA64EA
:1089E000039A9783039A9780A17121612380A26AD9
:1089F0001280A26A548001771B27FF2147804931EA
:108A00002B460182C0331A8A1B2A02D15A8A8A4213
:108A100001D0102202771A8B8280C780078147819C
:108A20008781C7815A8B42828182C18201834183BF
:108A3000288C5449401C80B2884202D949424018CF
:108A400080B260812884C7200190A16AC872052283
:108A500002990098F8F7F2F80020F072218D318227
:108A6000F0750798B0610998F06120210898885541
:108A7000EBF7CCF88021012800D1B175422002909B
:108A80000590414804902F461098404B80370028AD
:108A90003AD0B86B0080B96B0198C872388F708279
:108AA00010983B49006828611098406868610698F2
:108AB0004843FF30F530A86503990120887718886E
:108AC0001946344A400712684123400F5B01D2180F
:108AD00090706079C022104360710020B072A0785D
:108AE000C008C000801CA070BA6B1B209072088860
:108AF000A16A4001083088720020C0433882B96BF7
:108B00000322C91D029825E0786B00807A6B0198DA
:108B1000D072B88E70826079C02210436071B172D9
:108B2000A0781D4DC008C000401DA07018884101EC
:108B3000A06A19318172796B0A208872FEF728FFCA
:108B4000796B0322C91D0298F8F7CAF8796B0322E2
:108B50002846091DF8F7C4F8012006F00BFAA16AAF
:108B60000322C91D0598F8F7BBF8A16A0322091D65
:108B70000498F8F7B5F811B0F0BD00009AFDFFFFBA
:108B8000E0020020FF0E0000FA003000C0000020CC
:108B9000E2040000042500202C01B0000178407898
:108BA0000002084370470178427813028278C07847
:108BB00012040006104318430843704770B5054679
:108BC00016460C46C01CFFF7EEFF84210851E979D8
:108BD0007B20015528460830FFF7E0FF403420870E
:108BE000B07902210843B07170BD70B50C460546DE
:108BF000C178602001551646281DFFF7CFFF40348D
:108C0000A084A81DFFF7CAFF208528460830FFF77B
:108C1000C5FFA08528460A30FFF7C0FF20862846FA
:108C20000C30FFF7BBFFA086B07901210843B0717B
:108C300070BD024600200146535C002B00D001208D
:108C4000491CC9B20629F7D37047FEB50F46064640
:108C50000024FEF78DFC0546FEF708FC082D01D325
:108C6000082811D202A9684600F020FA002F6846B1
:108C700006D04079400601D5022102E0032100E040
:108C8000017AB14200D041242046FEBDFFB507461F
:108C90008DB000200890079077481E4601687748FD
:108CA00015460C182320400108184771C271002B8B
:108CB00001D0002101710E9800287DD0FFF7B9FF87
:108CC000002879D0002E03D020342079012873D0D9
:108CD000FF24002E07D0022D02D0032D02D002E087
:108CE000002500E0012564486549006840180B90A4
:108CF000022F01D0032F6AD1684605700622401C5E
:108D00000E99EAF797FD69460020FBF78BFAFF28DA
:108D100003D00B99C2005118CC7911239B015649FD
:108D2000002E14D00968CA189476232300225B0110
:108D3000C9180A71FF284AD0372044434E48FF2102
:108D400000682F312018095C002904D015E00A685A
:108D5000D1188C75EEE70146FF31FF3047311F30E7
:108D6000EAF7D2FE4448062200682118FF3105A820
:108D70004831EAF75FFD012007903F49FF2208686C
:108D80004E322018125C002A1CD10146FF31FF3000
:108D900040313030EAF7B8FE374806220068211823
:108DA000FF3103A84131EAF745FD01200890002E6C
:108DB00008D00121304800E018E00268232040017B
:108DC000101801710798002801D0002E0AD03246F1
:108DD00029460E9800F05EFC0898002806D0012174
:108DE00003A815E03246012105A8F3E7002F06D0BD
:108DF000012F1AD0022F02D0032F07D115E01E48F1
:108E00000622016868467831EAF714FD00216846B9
:108E100000F05CFC0124A402002F10D0012F16D01A
:108E2000022F0CD0032F24D111E013480622016831
:108E3000144809186846EAF7FDFC0121E7E70E48E7
:108E40000068816F041909027B30E1650CE00A4873
:108E500005680C482818EFF738FB00022C19401C55
:108E6000E0650848C01C2818EFF72FFB0002000A35
:108E70002066002011B0F0BD042500205808000035
:108E80006C04000033070000F0B5824D04468249AF
:108E9000286885B040180190FEF7E8FA002C7DD0D4
:108EA00008280DD34220074603907C4800240290F6
:108EB000FEF744FB0090082004900098082802D395
:108EC0000C2005B0F0BD00F0A1FB00F091FA009875
:108ED00073498001421813212868C901401881880C
:108EE00001988030036BC0315980016B09800021EB
:108EF000C94301820021456ACB1DEF54856AEF54B6
:108F0000C56AEF54056AEF54066B039DF554039B45
:108F10003F0A1B0A0393466A029D0B1DF554866A9D
:108F2000F554C66AF554066AF554066BF554029B6F
:108F3000491C1B0AC9B202930329DCD300991123EF
:108F40004907090E456A0B43AB72856AAB72C56A65
:108F5000AB72019B1D7E0223022D0BD1456AAE7AB6
:108F60001E43AE72856AAE7A1E43AE72C56AAE7A91
:108F70001E43AE72466A0127F772866AF772C66AA6
:108F8000F7721943036B9972036A9972036B032199
:108F9000D972016ACF7200210B4600E04EE05354B3
:108FA00055186B71491CC9B20529F6D380259572F5
:108FB00001992031CE7BD672868C1682068E56821F
:108FC000384E9661384ED6613E462027BE54D37542
:108FD000019A127E002A04D0012A04D0062A12D156
:108FE00010E018240FE003228368282452029342E1
:108FF00009D1C368934206D100220492FF2256325F
:10900000028200E01024497B002904D0012904D009
:10901000022906D103E0C02102E02C4301E04021F7
:109020000C430499C2680902806853184218E10889
:10903000C900491C0098FEF7E5FB42E772B6082814
:109040000CD209212A68090251188B6E6021414314
:10905000891C5C5C6407640F012C01D062B616E0C9
:10906000F024A45C002C04D01126FF24B601921930
:10907000947500225A543F212A68490151180B7FE8
:109080000122824093430B7762B600F0F7FB002089
:1090900017E7000004250020580800008100B000F8
:1090A000CC000020D6BE898E5555550070B50446BB
:1090B00008480D460068084946182046316800F007
:1090C000A3FB72682271100A6071100C28700020D6
:1090D00070BD0000042500205808000070B50D4642
:1090E0000446FEF7C3F9082801D31F2070BD0948C4
:1090F0000949006840180022416B931CC95CA154C7
:10910000521C062AF8DB406B00784006C00F28701E
:10911000002070BD042500205808000030B50C4A1E
:109120000C4B1268D218936A2032147B1F2C02D980
:109130000020087030BD002205E01D780570521C2B
:10914000401CD2B25B1CA242F7D30C7030BD0000B1
:109150000425002058080000F8B50C460546FEF727
:1091600007FA082801D31F20F8BD0A4E13273068DC
:10917000FF01C019806806222946801CF7F75EFDB2
:109180003068C019806800784006C00F2070002049
:10919000F8BD000004250020F8B55E4B5E481E684F
:1091A0000022301801462031027613240D460A733E
:1091B000E40131198E68FF272836866389684937AC
:1091C00050314163083181620721A973416B524ECE
:1091D0000A70456B062169701B68FB2519198C689C
:1091E0007834C46389680824A03101640146C03121
:1091F0004A720A72CC738C731B240C824F828D824C
:10920000103ECE820D834E838C83CF8343495A65B3
:10921000196513233F4C0146DB012668B518F61883
:10922000B768603516462D7E2A36BD552668F61875
:10923000B76816465236BD552668F618B768164602
:109240007A36BD552668F618B7681646A236BD555B
:109250000D70521CD2B2491C062ADED300230B70BB
:10926000826B06215170426B51700246803253610D
:10927000194693611BE009252D025B1960254D43BA
:109280009F6E2B46264E0A33FE52092327681B0287
:10929000FB189F6E2B4600262033FE5009232768BB
:1092A0001B02FB1824359B6E491C5E51C9B2236812
:1092B000AC25ED5C8D42DED8002501219583C902E5
:1092C000018455640920216800020918896F936B95
:1092D000891C598021680818806F516B801C488058
:1092E0001048818D20684030018600F0D1FC3F217C
:1092F00020684901411841220D7752010821801848
:109300008170FAF761FDFEF771F920682030C574AD
:10931000F8BD00000425002058080000862E00003B
:10932000FFFF0000E002002010B504468088032102
:10933000FEF7C0F8022172B6082815D20D4A13684C
:10934000092212029A186023926E5843831CD35C40
:10935000002B09D0002110182160016A002906D0D5
:10936000416A0C604521446262B6084610BD046241
:10937000F8E700000425002070B51B4A1B4B12685B
:10938000D418E36B0833A3621F2901D9302070BDC4
:109390000022656BE66BAD5CB554521CD2B2082A54
:1093A000F7D3002205E00578521C1D70401CD2B294
:1093B0005B1C8A42F7D32C200155E06B891D41705C
:1093C000FEF754F8217E01290CD008280AD2616BDF
:1093D000E06BE16360638034616A4880A16A488021
:1093E000E16A4880002070BD042500205808000074
:1093F00030B53148314900684018416B037E0A7826
:109400001B07920992011B0F1A430A70C16B037E5E
:109410000A781B07920992011B0F1A430A70816B8D
:109420000A7892099201121D0A70016C0A78920959
:109430009201121D0A700021024620320BE0836A5D
:10944000456B5C5C0B460833EC54846AC56B645C0A
:10945000491CEC5489B2137B8B4201D91F29EED3EE
:10946000017E012907D0D9B2426B891D5170416B31
:109470000831816230BD0346C26B10330832816807
:109480008262446B0C22627000221546446B0835E0
:1094900061551970090A5B1C032A00D1C168521C6E
:1094A000D2B2062AF1D3406B02785206520EC9019D
:1094B0000A43027030BD0000042500205808000057
:1094C000F8B5504F0646504938684518FDF7CEFFAD
:1094D000082812D1FEF74CF8082803D02320405D5D
:1094E00002280AD0386834462030807D09340007CD
:1094F0000028307903DB032803D00C20F8BD0128B5
:1095000004D02046FFF795FB002806D0327AF07988
:1095100000232146FFF7BAFB0BE00023F0791A463F
:109520001946FFF7B3FB11223968FF209201891811
:1095300088752C468034216A288F4880307901282C
:1095400021D030880002A06070880002E060002016
:10955000C0432082307902281CD003281CD0042864
:109560001CD001281AD0052800D3FF2028762846D1
:109570002030B1794173717903468173272000222D
:10958000CE070FD011E003204002A060E060FF2072
:109590005630DEE70620E9E70220E7E70120002158
:1095A000B171E3E74908401CC0B2521CD2B2022A92
:1095B000E6D3052902D1801CC0B20321272801D996
:1095C000C01EC0B2666A228D3280A66AA28D328029
:1095D000E66AA28C3280666AAA8E7280A66AAA8E19
:1095E0007280AA8EE56A6A80D873032902D00129A5
:1095F00004D005E0A16AA08C088001E0606A0080C8
:109600000020F8BD0425002058080000FEB51F48C2
:109610001F4900684718694601A8FFF747FDBE6B60
:109620007D6BFC6B3B6C72B6002001AA811C175C41
:109630006F54175C7754175C6754175C401C5F5479
:109640000628F3DB694609782A78BF20C90702405B
:10965000490E0A432A70694609783278C9070240E0
:10966000490E0A433270694609782278C9070240D8
:10967000490E0A4322701A78694602400878C007EA
:10968000400E02431A7062B60020FEBD0425002081
:1096900058080000034610B50A48002A006806D0A2
:1096A000094A801872B60A461946103006E0064A82
:1096B000E43A801872B60A461946083000F094F869
:1096C00062B610BD042500203C090000034610B519
:1096D0000548064A0068801872B60A46194600F026
:1096E00083F862B6002010BD042500205808000051
:1096F000F0B5144A144B1268D3181A6C1546083288
:109700001F2901D93020F0BD00249E6B1F6C365DEF
:109710003E55641CE4B2082CF7D3002405E006781B
:10972000641C1670401CE4B2521C8C42F7D3186CB7
:10973000891D4170986B9D6318648033186A458059
:109740000020F0BD0425002058080000FEB5114897
:109750001149006806224618104941186846EAF780
:1097600069F801226946304600F03EF8B56BF46BAB
:10977000736B366C00206A46811C175C5F54175C63
:109780006F54175C6754175C401C77540628F3DB52
:109790000020FEBD0425002058080000330700000B
:1097A0007CB50E4C0E492068062245180D4941181B
:1097B0006846EAF73FF8296A06226846891CF7F7E7
:1097C0003DFA13212068C9014018816806226846C5
:1097D000891CF7F733FA00207CBD00000425002027
:1097E0003C0900003307000070B5054616460C46DC
:1097F000084600F037F828602179607900020843B4
:1098000031044018686070BD01700A0A42700A0C89
:109810008270090EC170704770B511480924026842
:109820003F2040011018037F002024021419A032A9
:109830000146157B10E0DA070BD06022A66E4A4382
:10984000B21892785207520F052A01D0022A00D18D
:1098500001205B08491CC9B28D42ECD870BD0000E4
:10986000042500200178427813028278C07812041F
:10987000000610431843084370470000F8B51B4E1C
:109880003188044609070820090F0443A1422CD15E
:10989000174D0021286881631121C9014018092151
:1098A000C906806A0969471A642000F05FF9717A75
:1098B000C90040182968896A4018381A0002012135
:1098C000000AC905884202D2002005F053FB09496D
:1098D000286832881207120FA24206D1826B8A4290
:1098E00003D2826B521C8263F3E7F8BDC0000020F4
:1098F000042500200071020070B50F4D0F49286843
:1099000041184030407B002814D0C031897B0829A1
:1099100010D1002402E04008641CE4B2C107FAD070
:10992000204600F07BF8286801224030417BA240AD
:109930009143417370BD00000425002058080000C9
:10994000FFB533480E460068324987B045181F46B8
:109950001446304600F0B2F80190301D00F0AEF829
:1099600000902078617802AE0C020443022107982F
:10997000FDF7A0FD00213A783270491CC9B2761C6F
:109980007F1C1029F7D3082802D302200BB0F0BDAA
:10999000C035A97B082901D20C20F7E71C49092210
:1099A0000968120289188A6E60214143511872B603
:1099B0004A79920702D062B63A20E7E77D22520246
:1099C0006A81A8734A6B144810600869020504D5BF
:1099D000487901221043487103E001221203104329
:1099E00008614A6B019850604A6B009890604A6B1E
:1099F0000298D0604A6B039810614A6B04985061DA
:109A00004A6B05989061486BC46162B60020BDE75F
:109A1000042500205808000003010A007CB5024616
:109A200023482449006845180921090241188B6E12
:109A3000602151435C1800210091019172B6A17818
:109A40004907490F052901D062B67CBD2946C031BE
:109A50008A737D2252024A8162B6052269464830E5
:109A6000F7F7ECF88020009941517A210198485588
:109A7000A0890622218950430930081886B2616BFB
:109A80000D480860606B05228660616B6846C91CE2
:109A9000F7F7D4F860790121084360714035EE860C
:109AA000A0790221C006C00E0843A0717CBD000051
:109AB00004250020580800000308010001784278BE
:109AC00013028278C078120400061043184308433A
:109AD0007047000010B5064801680648406A002833
:109AE00003D02022F7F7AAF810BD0020087010BD9F
:109AF00004250020E002002010B504460448807AC6
:109B00008006400F00F006F82070002010BD000015
:109B1000000100200CB505A206CA00917F21019228
:109B2000082801D26946095608460CBDF2F5F8FB33
:109B3000FE020408054925224143090C5143401AFD
:109B400080B2252800D32538C0B27047EB0600004C
:109B500089084143880A401C70474143080A29216B
:109B600009014843C00A401C704700000649C20B67
:109B700009684004096A400CCB0958435143000A64
:109B800008182030800970470425002070B51A4A53
:109B90001A4CD37B2268002B11D01A4E184B800927
:109BA000CDB2584375430B0A2D0A734310355B1928
:109BB000154D80305B09000A6943090C04E0192344
:109BC00012481B04FF21E931114D1186698053624F
:109BD000106209482038008EFFF7C8FFE914884258
:109BE00000D3481E40052168000E203108752988E1
:109BF000090700D4687270BD00030020042500200E
:109C000053070000F6BC080055050000C2F5280007
:109C1000C00000201FB5054C40071ECC03946C46C5
:109C20000EC4000F6946085A04B010BD084506105E
:109C300008B500216A461180694600F001F808BDA8
:109C400010B50A4A830B12688004526A800C140A09
:109C500060435A438009101800228A5E821A104617
:109C60004030C009C3019A1A0A8010BD04250020A3
:109C7000032802D06320C04370476620704700006D
:109C8000012801D001487047002070477A03000086
:109C900070B5274A002110680346403041760176AE
:109CA000492040011818417681760F20203398759D
:109CB00013230846DB0114680546E4186468303550
:109CC00021541468E4186468615514683035E41848
:109CD000646861551468E418656804469034401C53
:109CE000C0B229552D28E6D31068C3185C68092333
:109CF0001B02C318DC65254630359D6590345C65D4
:109D0000FF234830037043708370C3701F230371B7
:109D100012684D20815407480180092141710523B3
:109D20008371C17103724281FFF7D4FE70BD0000E0
:109D300004250020C000002010B5FAF759F810BD26
:109D4000FEB552480088602341075148490F026818
:109D5000092000021018826E59435418A278256910
:109D60005207520F216A0092022A01D0052A20D1FF
:109D70002A0404D46279920701D1002919D0A66A75
:109D8000444A2B0443D563799B0715D0676B7780D2
:109D90000120C00385432561E9F738FF012809D078
:109DA0001F217878014204D0218A890401D5001D41
:109DB0007870FEBDFF21F4E70029FAD01542F8D1F2
:109DC0000A7C406FD206D20E921C1718B8B20190CE
:109DD00070802046F8F7D4F80120C0038543256140
:109DE00005110098052800D1AD00E9F70FFF012803
:109DF0000BD01F217878014204D02169294201D07B
:109E0000001D787001987080FEBDFF21F2E7708818
:109E100001235B07C01863799C469B0704D0636BE2
:109E2000834201D0012700E00027666B864202D002
:109E30002388834212D1002912D015420ED101236A
:109E400000290ED086420CD02488844209D00968AB
:109E5000002906D0154204D1012103E00023EFE7D9
:109E60000023002162469206920F03D00022002FA9
:109E700006D101E00122FAE70B43C5D0002AC3D086
:109E80000178102211430170FEBD0000C0000020C7
:109E90000425002060060000410140188009704739
:109EA000F0B57E4C05467E49206891B04018089078
:109EB00000200D9072B606F0A5FF002801D1002DFC
:109EC00007D0764800250168492040010818467EE1
:109ED000DFE062B60D9811B0F0BDF0077ED0714999
:109EE000A80140180E906D4801680920000208186A
:109EF000816E602068430C18A178206A4907490FD9
:109F000002294BD1A179490748D4002846D04020E6
:109F1000005B400009900002FFF728FE039000203C
:109F20000F905E4836210068095C0A070AD4490789
:109F3000490FA94206D1012180300F91416C019156
:109F4000806C06E00899C96C01910121C902401892
:109F5000C0690090FF205F30FFF708FE51490C39BF
:109F6000497AC90041180098411A0398081A0790C5
:109F70000E980B2141562030059100780A90002060
:109F80000290208906900920C00601690798401AAE
:109F9000070201203F0AC00587422AD36CE0012056
:109FA0000D9007990398081A0790029903980818CA
:109FB000029009990198401A01906169099808185E
:109FC000606105990A98081A40B205900698401EEB
:109FD00080B206900598002804DA00E056E02530AB
:109FE00040B205900920C00601690798401A07028F
:109FF0003F0A6420FFF7BAFD2A490C39497AC900A3
:10A00000411826480068806A0818B84207D2012023
:10A01000C005874203D2099901988842BFD80299A6
:10A020000098401A01020D98090A00280CD01B481C
:10A0300011220068D2018018806A081A00020012FA
:10A04000002801DD00200D900F98002806D013484D
:10A05000019A006880304264816408E0089A01989F
:10A06000D0640E4802680120C0021018C1610E9928
:10A070000598C87206982081084801220168492085
:10A0800040010818417EAA40914341766D1CEDB213
:10A090007608002E00D020E71BE7000004250020F2
:10A0A00058080000CC000020F8B54C4D4C492868F9
:10A0B000441826464036B08BFFF7ACFD2968403186
:10A0C000098E401880B2E16CFFF747FD0746B07F6C
:10A0D000FFF7D6FDA16D3818411807200005014390
:10A0E00000913F4A2968363A8818363100F084F8E2
:10A0F000412128684901421891784B0701462031D7
:10A100008E7D5B0F37093F013B4393707207520FFF
:10A110008A75334AA8313C3A801800F068F82868FC
:10A12000A16CC0300268A26401602868E16CC43090
:10A130000268E264016028680099CC221150D03096
:10A14000A16D0268A26501602868616DD430026863
:10A1500062650160296820465C30D83100F042F821
:10A16000296820465E30DA3100F046F8296820463A
:10A170006030DB3100F040F8296820466430DC3183
:10A1800000F030F8296820466830DE3100F02AF807
:10A19000296820466C30E03100F024F82968204618
:10A1A0007030E23100F01EF8296820467430E43146
:10A1B00000F018F8296820467830E63100F012F8EF
:10A1C000296820467B30E83100F016F829682046DF
:10A1D0008430EC3100F00BF8F8BD000004250020BD
:10A1E0005808000002880B8803800A8070470268C4
:10A1F0000B6803600A60704702780B7803700A707E
:10A20000704710B5C001000CE9F720FB002010BD1D
:10A21000F0B51E4813210068C901401897B000240A
:10A220000C271426C56AF9F7CFFD0FA80230149049
:10A23000284600F01DFDFC2820D16946284600F084
:10A2400005FD68464078C007149804D0EEF73DF944
:10A250000002401C02E0EEF738F90002159010A849
:10A260000130EEF732F90002000A169015A8F9F74E
:10A270001DFD002802D0472017B0F0BD641CAD19A9
:10A28000E4B2BC42D4D30020F6E70000042500204D
:10A290000FB4F0B5584F13203968C001081897B0B3
:10A2A000C66A0FA8023000241590703014901BE08D
:10A2B000304600F0DDFC0546FC2809D0FE2D18D004
:10A2C000002810D0FA2017B0F0BC08BC04B0184722
:10A2D0006946304600F0BAFC062215991498E9F751
:10A2E000B1FA00281BD014362046641CE4B20C28B6
:10A2F000DED318A8407C0009E5D00C2C76D972B6C4
:10A3000000F06AFB62B613203968C0010818C66AFB
:10A31000304600F0ADFCFE2868D01436F8E7502235
:10A3200069461CA8E9F78EFA0028CCD0304600F028
:10A3300073FC0AE01436304600F09AFC0546FC280F
:10A3400003D0002D01D0FE2DBCD12046641CE4B208
:10A350000C2801D2FE2DEDD118A8C17C6846C0782A
:10A360008142C6D118A8407CC0060ED46846407809
:10A37000C0060AD502222DA811A9E9F75BFA18A98F
:10A38000487C1021084318A9487418A8407C80060E
:10A3900015D468464078800611D523A807A9102255
:10A3A00002300231E9F746FA062215991498E9F7C6
:10A3B00041FA18A9487C2021084318A9487418A814
:10A3C000407C400695D468464078400691D527A841
:10A3D0000BA9102202300231E9F72CFA18A9487CA7
:10A3E0004021084318A9487483E7FFE701221CA90C
:10A3F000304600F047FC66E70425002010B506480B
:10A4000013210068C9014018C06AC001000CE9F7B7
:10A410001DFA002010BD000004250020F7B52148DA
:10A4200013210068C901401898B0C66A002511A818
:10A4300014460C27149515901CE0304600F018FCCB
:10A44000FC2802D000281AD113E06946304600F0FB
:10A45000FDFB68464078C0060BD516AA19991598D9
:10A4600002F0E2F9022216A81899E9F7EBF90028A0
:10A4700008D0143628466D1CEDB2B842DDD3412019
:10A480001BB0F0BD6946204600F0EEF805482346B3
:10A49000006821462A3314AA2031803002F070F877
:10A4A0000020EDE704250020F8B5074627480E46B2
:10A4B00000681321C9014018C56A1446002E18D03F
:10A4C000012E06D17879010601D5410611D4800903
:10A4D0000FD07879400637D526461E36284600F03C
:10A4E000C7FBFC2824D0FE282ED000282AD0FA2032
:10A4F000F8BD20463E300090284600F0B9FBFC280D
:10A5000005D0FE2820D00028F1D11435F4E72146EB
:10A51000284600F09BFB6078C007C00FB042F4D122
:10A52000062239460098E9F78DF90028E0D0ECE7DB
:10A530002146284600F08AFB3146384602F0D5F91C
:10A540000028D5D01435C9E75C20F8BD04250020CB
:10A5500030B50B4695B0154601466A461846FFF7DA
:10A56000A3FF040005D107A9102228460231E9F70C
:10A5700061F9204615B030BD70B50C481321006854
:10A58000C90140181426C56A0024284600F070FB53
:10A59000FC2805D0FE2807D0002803D0FA2070BD83
:10A5A000641CE4B2AD19F0E7204670BD042500201C
:10A5B000F7B596B017465E2602F0E0FB04004FD0D8
:10A5C0006078C507ED0F1ED0002D05D0E079810918
:10A5D000032918D0800916D0E079400610D521480B
:10A5E00013210068C901401807AEC56A0236284623
:10A5F00000F03EFBFC280CD0FE2801D0002812D031
:10A60000472019B0F0BD0622A11C14A8E9F712F9E1
:10A6100012E06946284600F019FB3146A01C02F002
:10A6200064F9002801D01435E1E70FA9062214A827
:10A630000231E9F7FFF800253B4614A92846179A8E
:10A6400000F0A0F806465D280AD172B600F0C4F901
:10A6500062B63B4614A92846179A00F093F80646BE
:10A660003046CEE70425002070B5044601200D4693
:10A67000A076C97821776978090603D5617F102211
:10A68000114361776A78617F60231A4011436177D3
:10A690006978C90602D5A17F0143A177E86C6061A2
:10A6A000A86C294620610E31204610220E463A3011
:10A6B000E9F7C0F82946204610221E315430E9F748
:10A6C000B9F82946204610222E316430E9F7B2F855
:10A6D00029462046022244312030E9F7ABF82046D3
:10A6E0000822A91D4A30E9F7A5F820460222291DB3
:10A6F0005230E9F79FF86878800704D52089012156
:10A700004903084320816878400704D52089012146
:10A710008903084320816878000704D52089012136
:10A72000C90308432081A878010706D5E0722046B6
:10A73000102231462A30E9F77DF8F120A07270BD71
:10A7400070B594B015460E466C4602F017FB002813
:10A7500016D041782246C907C90F801CFFF7A4FE16
:10A76000002802D05C2014B070BD684640780FA964
:10A77000C007C00F2B463246023100F0DFF9F2E786
:10A780004020F0E7FFB585B00D4600F039FA0446E9
:10A7900000270C20029060E0204600F069FA06468F
:10A7A000FE2861D0FC2E04D0002E02D0FA2009B081
:10A7B000F0BD204600F040FA84465F49A0004018F2
:10A7C00000686A46030A1370030C5370000E907001
:10A7D000641CA00040180068D070030A1371000CBC
:10A7E0005071641CA000401800680390FC2E0AD130
:10A7F00005998C4506D1062229466846E9F722F8D4
:10A80000002804D0039880080419641C25E00799E7
:10A810000398884219D10622FF216846E9F70EF80D
:10A82000002635E0641C4448A10008180168684609
:10A8300000F0CAF80898042280196946E9F702F87E
:10A84000002824D0B008241A641EA41E204600F05C
:10A85000E3F9039880080419E41C384602997F1C28
:10A86000884299D38F4210D8344801681320C00120
:10A870000818026BC16A406B8918401E09180798B6
:10A880000C3080080019814206D25D208FE7361D0A
:10A8900003988642C6D34DE005986946C007C00FAD
:10A8A000001F08702878487068788870A878C87089
:10A8B000009900060902090A01432046FDF784F8C1
:10A8C000002831D1E97868460170297941706979A9
:10A8D0008170FF21C1700098641C0102FF20090AE9
:10A8E000000601432046FDF76FF800281CD1641CC8
:10A8F00020460799FDF768F8002815D1079800252C
:10A900008107890F0E18641C12E008984019074649
:10A91000EDF7DBFD0102F878090A00060143204645
:10A92000FDF752F8002801D0FB2040E7641C2D1DE4
:10A93000B542EAD300203AE70000041004250020C5
:10A94000FFB597B00C201590142014901D480025D9
:10A9500000681321C9014018C66A1F462C461D70A5
:10A96000304600F085F9FC280DD0FE2806D014985A
:10A970006D1C36181598EDB28542F1D31798047006
:10A9800000201BB0F0BD6946304600F05FF9199910
:10A99000E01D884201D96420F3E76846407806222A
:10A9A000C1071898C90F0155641C1898A4B20FA9C3
:10A9B00000190231E8F73EFFA41D3878A4B2401C0C
:10A9C0003870D4E70425002001700A0A42700A0C8E
:10A9D0008270090EC1707047F0B5FFB0FFB085B04E
:10A9E0000020009001900290534E03901320316894
:10A9F000C00108180025C76A04952C4605953846FD
:10AA000000F036F9FC280ED0FE2812D000280CD019
:10AA100013203168C0010818C06AFFF7F2FB7FB04D
:10AA20007FB005B0F0BD641CE4B26D1C14370C2D72
:10AA3000E5D32546042C00D90424281BC0B2069077
:10AA40003D48002701681320C0010818C66A0CE0C1
:10AA5000304600F00DF9FC2806D10698002816D0E3
:10AA6000401EC0B206907F1C1436AF42F0D3324D68
:10AA700013262868F6018019C06AC001000CE8F7A7
:10AA8000E5FE2868801900263546C76A4FE004991C
:10AA900050204143B3A8081801460890304600F002
:10AAA000D5F855210598C9000A1A0498694680000E
:10AAB00007900A50059A09A98B1869464218089808
:10AAC000014640783E31C007C00F00F037F800283B
:10AAD00007D0079900206A4650500498401C049003
:10AAE000C1E7079869460958059808180590F4E7E2
:10AAF000502029464143B3A8091800223846049142
:10AB000000F0C0F8A9006846059142581437002AA1
:10AB100008D009A80499831948783E31C007C00FAE
:10AB2000FFF730FE05986946085886196D1CA54246
:10AB3000DED3002073E7000004250020FFB585B0B8
:10AB400000F05EF8044607980026006803900C2089
:10AB50000290204600F08CF80546FE2835D0FC2DEA
:10AB600004D0002D02D0FA2009B0F0BD204600F03C
:10AB700063F82249A200521813686A461F0A177028
:10AB80001F0C57701B0E9370641CA20052181368A0
:10AB90006A46D3701F0A17711B0C5371641CA20004
:10ABA00051180F68FC2D09D10599884206D106225B
:10ABB00068460699E8F746FE002808D0B808041948
:10ABC0000298641C761C8642C3D35C20CCE70398B1
:10ABD000874201D94820C7E707980025074E07603C
:10ABE00008E0641CA0008019016808984019FFF76C
:10ABF000EBFE2D1DBD42F4D30020B5E7000004108C
:10AC0000044801681320C0010818C16A006B0818C5
:10AC10007047000004250020810010B505480C187D
:10AC20002068010A09022046E8F728FE2068002073
:10AC300010BD0000000004100349800040180068A7
:10AC4000C007C00F7047000000000410F8B5074FA0
:10AC50000E4604460025A000C01901687019FFF7D0
:10AC6000B3FE641C2D1D502DF5D3F8BD000004105B
:10AC700003498000401800680006400E40007047FD
:10AC800000000410F7B5002450260546002A20D005
:10AC900000270920C006016942685201520F032AA9
:10ACA0000ED042685201520F0AD04068401A00028A
:10ACB000000AFEF7BDFF01461048814209D803E0B3
:10ACC000FF20F53003F0D6F97D20C0007F1C8742BD
:10ACD000DFDB01980019077841780B028178C07892
:10ACE0000A0401061143194339432846FCF76CFE58
:10ACF000241D6D1CB442ECD30020FEBDCC0400002A
:10AD0000F7B584B0072116460191009102F036F89C
:10AD1000040004D07420005DC00724D102E040206C
:10AD200007B0F0BDA01C02F0DDFD00281DD0002EF4
:10AD300002D0A07B000616D4A27BD00613D4464DC9
:10AD40002868817D4B081943C90702D0817E4907D5
:10AD500009D400210291D109C901A173A27A002A64
:10AD600008D0F12A03D04620DAE75920D8E7059A1F
:10AD7000D2071ED0807EC043800721D020892022A8
:10AD80000105090D0020FCF751FF07001AD0A02093
:10AD9000A072E07E2F210840E0760598800703D559
:10ADA000A07B20210843A0732868002E0CD0417B93
:10ADB0000EE001200143A1732046E8F7F7FEAFE75C
:10ADC0003820ADE76420ABE78030007B4007C10F3F
:10ADD0002868827D53081A43D207C37DD20F007BB7
:10ADE00000F093F90646204602F01AFC01990098FB
:10ADF00000910190227E33460121384600F092F9FD
:10AE00002146384601F0A0FB002802D041200290E4
:10AE100086E72968887EC243920701D0401C887665
:10AE20002046542200212030E8F708FD3046182142
:10AE30000840E072A07EF10700D002210843A0760E
:10AE4000E07E7107C90F0843E07628688030C6723B
:10AE5000A120A072029863E70C250020F0B593B002
:10AE60000020069072B65F4D042128684030C279F8
:10AE70000A43C27162B6E8F7D7FE00265A4F73E064
:10AE80003868C16F7C2070430C186BD02089002873
:10AE900068D0617BC9075FD00005000D21462A31CB
:10AEA0000190102211910CA8E8F7C4FC07A92046D4
:10AEB00000F006FB00283CD00198F6F75CF80B90F8
:10AEC000207B80070CD0019802F0FCFA0246474B29
:10AED0000021012002F0C8F8207B00090001207346
:10AEE00002200490019803900320029039212868E1
:10AEF00049014118897B0123890712D5D9020830FD
:10AF000040181322C06C022103F0A0F9010008D000
:10AF1000039A8A80029A00238A71CB71049803F005
:10AF200081F90B983A280AD0607B40084000607392
:10AF300012E007A90198F6F717F80B90F1E7102235
:10AF40000CA91198E8F776FC72B62868FB2240300D
:10AF5000C1791140C17162B6A07A002802D02046A2
:10AF600000F064F9761CF6B22868A030007BB0428D
:10AF700086D830E006A9386803F0E5FF0698808897
:10AF800001F0FCFE010022D006988268127B052A9F
:10AF900005D08B7A102B05D9F12B03D00BE002F0F2
:10AFA000D7FB14E074235B5CDB0702D0012A0ED1CF
:10AFB00001E00B2A0BD101F075F9002807D0FD281C
:10AFC00005D00699386803F06CFF13B0F0BD01217D
:10AFD0000698FCF787FE386803F08CFF0028C9D07C
:10AFE000F3E70000042500200C2500203075000048
:10AFF00070B501F0C3FE040007D07420005DC007E7
:10B000000AD0207B800707D101E0402070BDA07AE4
:10B01000002803D0F12801D0462070BD1A4E3068B8
:10B02000807EC04380072BD0208920220105090D96
:10B030000020FCF7FBFD050024D00220E880A86872
:10B040000B2101733068817DC37D4A081143CA0713
:10B05000417B007BD20FC007C00F00F056F80146BD
:10B06000306880300173A86841732146284601F09A
:10B070006BFA0028D1D1217B01221143217370BDCD
:10B08000382070BD642070BD0C25002070B50E46C0
:10B0900002230446C10612481546006803D51E2245
:10B0A000BF210C4008E0392149014118C97B8906BC
:10B0B00001D4002070BD1B222107890E0818012130
:10B0C000C9024018C06C214603F0C0F8010005D049
:10B0D0008E8020468D6003F0A5F8EAE7072070BD5A
:10B0E0000425002001700A0A42700A0C8270090EC1
:10B0F000C17070470178427813028278C0781204D8
:10B1000000061043184308437047C007C907C00F23
:10B11000490F0843D107090F0843D907C90E08434F
:10B1200070470000F0B50724059E069DC480846822
:10B13000D2072173084C81682468D20F277E4F7391
:10B1400081688A738168CB738168E27B0A74816845
:10B150004E7480688574F0BD0C2500200146896816
:10B1600000204A7B042A05D88A7B012A02D8CA7BA0
:10B17000920701D50A207047044A097C1268927B25
:10B18000914201D31029F6D9062070470C250020E2
:10B19000F0B587B004461C2222496846EFF70AFD45
:10B1A000227E0321D04383071F48002B006804D070
:10B1B000E37A1D0705D5D50701D0E1771CE092079A
:10B1C000FBD4E27E05252A4212D0627E057E9600DF
:10B1D00096196F46F619AD5DE577002D0CD11B076A
:10B1E00008D4012A02D1027E012A01D0022202E003
:10B1F000012200E00422E277407BC007C00F02D0AA
:10B20000E07F012806D0E07A000709D5E07F022818
:10B2100004D005E0E177472007B0F0BD0020E073DF
:10B220000020F9E7184506100C250020F0B504466B
:10B23000807A2646603695B0102820D0D1287BD061
:10B24000D22879D0D32877D0D42875D0D52873D0F8
:10B25000F02875D0FE2877D0A2287FD0B2287DD0E4
:10B26000B42868D0BF28204677D0E8F7A3FCE07A5E
:10B27000000702D52046E8F70DFD15B0F0BD607857
:10B280006A46C107C90FA01CFFF70EF90227474DF8
:10B2900000282AD0FCF7A2FF002824D0307DC00768
:10B2A00021D0FFF769F9FA281DD000281BD0E079DA
:10B2B000400618D502201490392128684901411808
:10B2C000C97B2689012309070DD5DD020830401905
:10B2D0001A223946C06C02F0B9FF010003D08E80FB
:10B2E000149802F09FFF00204AE069462046FFF7CD
:10B2F000BBF920890104BAD5022114910605392130
:10B30000286849014118897B360D01230907AED50C
:10B31000DD020830401915223946C06C02F096FF54
:10B320000100A4D08E80149802F07CFF9FE703E018
:10B3300006E009E012E027E0204600F041F996E738
:10B34000204602F0C9F992E7307D00068FD57C22B5
:10B3500000212046E8F772FA89E724E0E07A000746
:10B3600004D52046E8F792FC002880D0E07F022830
:10B3700002D1E07EC006D9D5307DC00702D0B4200E
:10B38000A07274E7A420FBE7204610216430F5F793
:10B3900043FBE07A000703D52046E8F75FFC66E749
:10B3A000B521A17263E702F01FF960E704250020D0
:10B3B00010B57421095CC9070BD1817AA42909D081
:10B3C000AC2916D0AF2904D1417F002914D0D02157
:10B3D000817210BD044610215430F5F71DFBE07A50
:10B3E0000007204602D5E8F735FC10BD00F0A8FCA8
:10B3F00010BDE8F7DBFB10BD02F0F6F810BD10B58C
:10B400000146807AA92802D1002000F059FC10BD25
:10B4100010B50446807AAA280BD0BA2809D0B928DA
:10B4200010D07420005DC00702D12046E8F7CAFBA7
:10B4300010BD204602F01CFD0028F9D00123002297
:10B440000B210DE0E07F0428F2D1E07E410602D519
:10B45000BA20A07210BD0006FCD5012300220C21E9
:10B46000204602F080F910BD70B50446134800254F
:10B470000268402128463C3202F013FE002804D026
:10B4800002F048FD02F074FB0DE0E07A4106890FFE
:10B4900003290AD07421095DC90708D0400602D5E6
:10B4A000204602F075FC284670BD0125FBE78106A9
:10B4B000F9D49B210840E072F2E700000C2500203F
:10B4C000FEB504460020009025462646A07A2A357F
:10B4D00032360F46BC2821D0F12810D1E07A00077F
:10B4E0001CD42046203001AA2946029001F09CF984
:10B4F0000222314601A8E8F7A5F9002806D0224625
:10B5000029463046FEF78AFF4120FEBD09482B46FA
:10B5100000686A460299803001F032F8102200215A
:10B520003846E8F78BF9227F29463846E8F782F952
:10B530000020FEBD0425002010B58268527B4A76AB
:10B540008268927B012A03D10A7E02231A430A767B
:10B550001A4B82681B68D27B80331A728468647CC1
:10B560005C728468A47C9C728B7ED407E40F2343B6
:10B570008B76CB7E042422401343CB768268127CE8
:10B580000A777422525CD20712D08B7F0522DC0826
:10B59000E4008C7783689B7C5B075B0F23438B778E
:10B5A00080680830801800794007400F487710BD48
:10B5B000836806225B7C5B075B0FF0E70C250020AD
:10B5C000F0B58DB0002705460797008920220105B8
:10B5D000090D3846FCF72AFB04006DD02E46603674
:10B5E000307DC106284620300290002906DB02216A
:10B5F000F5F712FA307D102108433075A87A2E46EF
:10B600002236D12808D0D2281AD0D3282CD0D4283A
:10B6100035D0D52852D047E008213046F5F7FCF95F
:10B620002C4803AB006807AA0299803000F0A8FFFD
:10B63000A068062101731120E0802A7F03AB1CE083
:10B640000B20E080A0680721017307AA3146029809
:10B6500001F0EAF807AB022205212046FCF796FB31
:10B660000822334607211CE01120E080A068082151
:10B67000017308A800F0AAFF29E0052111E069463E
:10B680000F7108A901A801F06BFF0820E0800921D3
:10B69000A068062201736946A0680979417308AB66
:10B6A00011462046FCF772FB2946204600F04CFF6D
:10B6B000002801D1DD20A8720DB0F0BD1120E0807E
:10B6C000A0680A21017308A9284600F06DFF08ABA5
:10B6D0001022D2E704250020F0B599B016460D4699
:10B6E00004463C2200216846E8F7A8F810222946C3
:10B6F00004A8E8F79FF8E07F464D022802D003280F
:10B7000006D00BE0286801696846FFF7EBFC05E00E
:10B710002968102268461C31E8F78CF8012108A836
:10B7200001702A68117E4170207EC107C90F08A8E8
:10B73000817011468031CB7AC370D27B02710722AF
:10B74000427182710222C271627E0272207E800783
:10B75000C20F08A842720A7A8272227FC2724A7AA3
:10B760000273897A41730F30471E05463946FDF74B
:10B770009DFC60780622C107C90F08A841751630E4
:10B78000A11C1790E8F756F811A807220130F91FFD
:10B79000E8F750F80FAC0722A01C08A9E8F74AF810
:10B7A0000122601CE11FE8F745F8012239460FA885
:10B7B000E8F740F80020694613AF0A18127C235CB2
:10B7C0005A403A54401CC0B21028F6D3324639468B
:10B7D0006846F5F785FB102200210FA8E8F72EF840
:10B7E00006222946A01DE8F725F806220FA817997A
:10B7F000E8F720F80021705C625C50407854491CE6
:10B80000C9B21029F7D3324613A96846F5F768FB89
:10B8100019B0F0BD0C250020F0B599B016460D46C4
:10B8200004463C2200216846E8F708F81022294621
:10B8300004A8E7F7FFFFE07F4A4D022802D0032863
:10B8400006D00BE0286801696846FFF74BFC05E06D
:10B850002968102268461C31E7F7ECFF012108A88F
:10B860000170617E4170207E8007C10F08A8817041
:10B870002A68114680310B7AC370237F03714B7A9B
:10B8800043718B7A83710223C371137E0372207E0E
:10B89000C307DB0F08A84372C97A8172D17BC172DA
:10B8A000607F4107490F08A80173A07F4107490F36
:10B8B00008A841731630471E05463946FDF7F6FBCA
:10B8C00060780622C107C90F08A881730F30A11C38
:10B8D0001790E7F7AFFF11A809A90722013003313C
:10B8E000E7F7A8FF0FAC0722A01C08A9E7F7A2FF03
:10B8F00001223946601CE7F79DFF01220FA8F91FBE
:10B90000E7F798FF0020694613AF0A18127C235C02
:10B910005A403A54401CC0B21028F6D33246394639
:10B920006846F5F7DDFA102200210FA8E7F786FF39
:10B930000622A01D1799E7F77DFF062229460FA8CA
:10B94000E7F778FF0020315C225C51403954401CFD
:10B95000C0B21028F7D3324613A96846F5F7C0FAEB
:10B9600019B0F0BD0C2500207FB5AC218172817B20
:10B9700005468A072A350446002A09DA10220021E2
:10B980006846E7F75BFF69462B460A46AD250FE0A0
:10B99000C80701D1480719D521464A312246E07A25
:10B9A0005232000701D52B4601E023463A33AE253B
:10B9B00020890005000DFDF7C3FF00280BD03A28B1
:10B9C00001D00C2800D1002004B070BDC808C00010
:10B9D000A0734620F8E7A17BCA0703D010221143C9
:10B9E000A173F125C9B2C908C900A173A572EBE71B
:10B9F000F8B5026841689268FD20137B0E2B13D1C5
:10BA0000CB7ADB0610D5CB7F022B0DD14B7E022BE0
:10BA10000AD174235B5CDB078B7A06D0B22B0AD089
:10BA2000B42B08D0B52B06D0F8BDA22B03D0A42B85
:10BA300001D0A52BF8D10889392105050D48490108
:10BA4000006802264118C97B2D0D547B012349064D
:10BA50000ED502218F020830C0191C22C06C02F0E2
:10BA6000F5FB010004D08D808C71304602F0DAFBCA
:10BA70000020F8BD0425002010B5036841689A68CD
:10BA8000FD20127B0B2A07D0022A0ED0032A13D0E6
:10BA9000042A1ED0FC2010BD8A7A002A01D0F12A87
:10BAA000F9D1184600F02EFA10BD8A7AA12AFBD1EE
:10BAB000184600F0F1F910BD8A7AA52A05D0A22A0D
:10BAC00001D0A42AF7D1FF2010BD184600F0F8F8E5
:10BAD00010BD8A7AA62AFBD1184600F06BF910BD7A
:10BAE000F8B507468068FD25007B0C46012806D086
:10BAF00003285AD0042870D0FC252846F8BDA07A27
:10BB000000280AD0F12808D0FB28F6D10123002212
:10BB10000921204601F027FE65E00026208901F07A
:10BB2000D1FC02460021314B084601F09DFA207BF2
:10BB3000C14389070AD0810714D501210843207326
:10BB4000207B0107890F012911D00BE00C2108404F
:10BB5000D4D00428F4D0082825D00C2800D1012600
:10BB6000002ECAD02146384600F0DEFA3BE0FB2129
:10BB700008400821084320731D4839210068490105
:10BB80004118897B022489060DD502218B020830D9
:10BB9000C0181722C06C002302F058FB010002D02D
:10BBA000204602F03FFB4320F8BDA07AB5280FD015
:10BBB000B22801D0B428A0D1C87F02289DD10D4859
:10BBC0000068007E022801D0042896D1FE2594E763
:10BBD000384600F0E1F906E0FFE7A07AB6288CD1FC
:10BBE000384600F017FA054687E700003075000078
:10BBF000042500200C25002010B5026841689368D8
:10BC0000FF201B7B0C2B03D00D2B14D0FC2010BD70
:10BC10008B7AA22B01D0B22BF9D174235B5CDB07AA
:10BC2000CB7A05D05B06F2D4104602F06FF810BD57
:10BC30009B06F9D410BD8B7AAB2B01D0BB2BF9D16D
:10BC4000104602F0DBF810BDF8B504460025FFF7FA
:10BC50009FFA472803D0E07F022802D026E0E57F44
:10BC600024E015480068007D002821D002200090C3
:10BC7000208939210605114849010068360D41180F
:10BC8000897B012349070DD502218F020830C01995
:10BC90001422C06C02F0DAFA010003D08E80009802
:10BCA00002F0C0FAE07EEF210840E0762846F8BDB9
:10BCB000E07E10210843F8E70C2500200425002031
:10BCC000F8B5074608890C460105090D2022002019
:10BCD000FBF7ACFF05000DD026462A36002F05D015
:10BCE0003346102205213846FBF760FFE07F02282B
:10BCF00002D009E06420F8BD2046102231466430AD
:10BD0000E7F7A0FD002814D01120E880A8680421DE
:10BD1000017323465433102205212846FCF736F8D8
:10BD20002146284600F010FC0028E4D1A621A1728B
:10BD3000F8BD01232A460821204601F014FDF8BD74
:10BD400030B50446008989B00105090D2022002084
:10BD5000FBF76CFF050009D0E07A000709D56846BB
:10BD60000590049404A8E7F77DFF08E0642009B07B
:10BD700030BD21466A4654312046FFF7ADFC112004
:10BD8000E880A868032101736B461022052128462C
:10BD9000FBF7FCFF2146284600F0D6FB050007D143
:10BDA0002046102269466430E7F744FDA520A072C2
:10BDB0002846DCE7F0B50B4693B00C46643300250B
:10BDC000102205210993FBF7F1FEE07A00070BD55D
:10BDD00004A80F900E940EA8E7F748FF0546EB283D
:10BDE00007D1002013B0F0BD04AA20460999FFF73F
:10BDF00073FC21462A3110220F4604A8E7F722FDE2
:10BE0000002806D000231A460421204601F0ABFC8E
:10BE10003CE0204E217F3068C07B814200D92077F2
:10BE2000E07A000703D52046E7F724FF2FE0102231
:10BE300000216846E7F702FDE07F022802D00328D0
:10BE400006D00BE0306801696846FFF74BF905E062
:10BE50003168102268461C31E7F7ECFC22460AAB39
:10BE600054326846099900F0C5FB1022002138467B
:10BE7000E7F7E4FC227F0AA93846E7F7DBFCA07B62
:10BE800002210843A0732046E7F790FE05462846A6
:10BE9000A8E700000C2500207CB50C460646A4252A
:10BEA000FFF75CF900281BD1E07A000707D5684648
:10BEB00000960194E7F7CAFE002811D1A225A07EC2
:10BEC000FB2140084000A076E07E0840E076214655
:10BED0003046FFF731FB2046FFF7B6FE002808D0BA
:10BEE000642805D0014601230022204601F03BFCD6
:10BEF0007CBDE17F022903D1E17EC90600D4A225E1
:10BF0000A5727CBDF8B50C46897A0026A039502967
:10BF100001D80020F8BD80681D4F457B3868807DC2
:10BF2000022803D1280701D4032024E0A07B80212C
:10BF30000843A073208901F0C5FA02460021154B81
:10BF4000084601F091F8A07AF12806D1680704D5D7
:10BF500020894004800F00D101263868E906C90E07
:10BF600080300173208900220005000D3146FEF764
:10BF7000C7FE0028CED0A17B4906490EA1736428D4
:10BF8000C8D0014601230022204601F0ECFBF8BD99
:10BF90000C2500203075000070B5064608890C4657
:10BFA00001058AB0090D20220020FBF73FFE0500A5
:10BFB00012D0002E06D023462A3310220521304607
:10BFC000FBF7F4FDE07A000709D505A8029001947B
:10BFD00001A8E7F753FE08E064200AB070BD2146CF
:10BFE00005AA64312046FFF717FC1120E880A868F5
:10BFF0000321017305AB102205212846FBF7C6FE7D
:10C000002146284600F0A0FA0028E6D1B621A17208
:10C01000E3E70000F0B5064693B0002005900889DC
:10C020000C460105090D20220020FBF7FFFD05004D
:10C0300019D0234654331022052130460293FBF7D2
:10C04000B5FDE07A010720462A30019000290DDA7B
:10C050000FA8089005A8099006A80A90079407A8B9
:10C06000E7F710FE10E0642013B0F0BD0FAA2046E1
:10C070000299FFF7D1FB10220FA80199E7F7E2FB25
:10C080000590BC2069460876264605986436254FFB
:10C09000002809D001232A460421204601F063FB31
:10C0A000059800281BD03AE01120E880A8680421F8
:10C0B00001733346102205212846FBF767FE21460F
:10C0C000284600F041FA0028EAD16846007EA072B6
:10C0D0003868217FC07B8142E2D92077E0E7E07AAF
:10C0E00000071CD4102200210BA8E7F7A7FBE07F74
:10C0F000022802D0032806D00BE0386801690BA89B
:10C10000FEF7F0FF05E0396810220BA81C31E7F7B5
:10C1100091FB31460BA8019B029A00F06BFA0020BC
:10C12000A2E700000C250020F3B55D4E0025306825
:10C13000B427807E83B0C0430C4680070ED0208990
:10C1400020220105090D0020FBF770FD0290002858
:10C1500007D0A17A0020F12905D032E0082005B0EF
:10C16000F0BD6420FBE7E17E2F221140E1763168CB
:10C17000237FC97B8B4204D0039A9268127C8A4247
:10C1800007D8039A92689446127C9A4203D08A4256
:10C1900001D8607715E0617F8A0600D5022549063F
:10C1A00001D504210D436146497CA94203D00122F7
:10C1B0001543A94202D16077A07702E0204601F042
:10C1C00055F8B020A0723168887EC243920701D032
:10C1D000401C88760398FEF7C1FF03990028896800
:10C1E000CD7B4BD13068817D022903D12A0701D450
:10C1F000032043E04A081143CA07C37D417BD20FA5
:10C20000007BFEF782FF0646354018200540E572A8
:10C21000280705D52046E7F703FD00282ED1B227D1
:10C22000204601F0FDF9F00700D00220A07670074B
:10C23000C00FE07621460398FFF77EF92046FFF70E
:10C2400003FD00281AD1E07F022803D1E07EC0065A
:10C2500000D4B227A07F617F40074907400F490FF4
:10C2600000910190227E334602210298FEF75AFF88
:10C270002146029800F068F9002806D00146012303
:10C280002046029A01F06FFA69E72189072212031A
:10C2900091432181024909688031CE72A7725EE71D
:10C2A0000C2500207CB50546C87A0C46000706D54B
:10C2B000684600950194E7F7F1FCFC2822D1742030
:10C2C000005DC00704D021462846FFF709FC04E0C2
:10C2D000684600950194E7F771FCFC2812D12146CD
:10C2E000284601F067F8452803D047280BD0FC28E2
:10C2F00008D1E17AFD20090704D56846009501942C
:10C30000E7F7D0FC7CBDFD207CBD000038B514C82B
:10C31000D07F02280FD10848D17B0068491E0369ED
:10C320000094CB40DB070146DB0F90313C305432A8
:10C33000803300F072F938BD0C25002038B514C8E0
:10C34000D17F0023032904D00C480229006804D0BF
:10C350000AE0AA209072EB2038BDD17B0369491E08
:10C36000CB40DB07DB0F803301463C319030643239
:10C37000009400F052F9002038BD00000C25002088
:10C380001CB50446C07F042806D0AA21022820D06C
:10C39000012800D1A1721CBD01A8009010482346BD
:10C3A0000068224601466433543290313C3000F03C
:10C3B0000FFAB920A07201A8FEF79CFE0949E3F725
:10C3C0000BFF20890A460105090D0220FEF75EFEDB
:10C3D0001CBDE07B1428DDD2A420A0721CBD00008F
:10C3E0000C25002040420F0010B50B4A016812686E
:10C3F0008968927D4068C97B022A03D10A0701D46B
:10C40000032010BD1823C27ADB4319430A40C272CD
:10C41000E7F706FC10BD00000C25002010B5C17F19
:10C42000012908D0042906D0022907D0032901D107
:10C4300001F026FC10BDA521817210BDC17B491CF5
:10C44000C173FFF77DFC10BD38B514C80A48D17F11
:10C4500000230068022906D1D17B0369491ECB4025
:10C46000DB07DB0F8033014690313C3064320094AF
:10C4700000F0D3F838BD00000C250020FEB504689C
:10C48000416802918668C568BA2028700020306033
:10C49000E17F1F4804291ED002291BD10068E77BD9
:10C4A00001697A1ED140CB07029900910146DB0F4A
:10C4B000224654323C319030803300F0AEF82146B1
:10C4C00010222A310298E7F7BDF93060142F01D20B
:10C4D000B4202870FEBD01A90091006823460146E2
:10C4E0002246643354323C31903000F071F9B92067
:10C4F000287001A8FEF7FEFD0649E3F76DFE2089CE
:10C500000A460105090D0220FEF7C0FDFEBD000030
:10C510000C25002040420F0010B5C17F012908D032
:10C52000042906D0022909D0032901D101F0A8FB72
:10C5300010BD01460020FFF72FFD10BDC17B491C37
:10C54000C173B521817210BD70B50D460646014616
:10C550000620F5F7ADF9040005D000213046FBF7C1
:10C56000C1FB204670BD288900F0ACFF02460021C7
:10C57000024B084600F078FDF3E70000307500003C
:10C580007FB5002400940194029403940D786C46C6
:10C590002570497861701178A1705178E1701A4660
:10C5A0006946F4F79DFC7FBD08B50B4605A2014620
:10C5B00012680548009200686A4620318030FFF713
:10C5C000DFFF08BD01000000042500201CB507A105
:10C5D000096800910346002105480191006801AAFD
:10C5E00069469030FFF7CCFF1CBD00000100000041
:10C5F000042500207FB5164604461D46082202A8E1
:10C60000E7F718F9082231466846E7F713F92A4692
:10C6100069462046F4F764FC7FBDF0B599B00E463C
:10C620001C46174601460123202268461E9D01F044
:10C6300028FD01232022314608A801F022FD10A880
:10C64000047001231022394611A801F01AFD15AB20
:10C6500011AA4121684603F00AF80123102215A906
:10C66000284601F00EFD19B0F0BD0000FFB5A3B0E3
:10C670000F4605461C46382225A16846309EEEF737
:10C6800099FA0123202229460EA801F0FAFC16ABE4
:10C690002D4A20210EA802F0EAFF01A80123102252
:10C6A0003946013001F0EDFC05A8012310220130CC
:10C6B000259901F0E6FC08A8447101230622801D9B
:10C6C0002C9901F0DEFC08A82D99017301230622A4
:10C6D0000D302E9901F0D5FC1AAB16AA352168460B
:10C6E00002F0C5FF012310221AA92F9801F0C9FCFE
:10C6F0000121684601701EAB16AA352102F0B7FF72
:10C70000012310221EA9304601F0BBFC27B0F0BD6A
:10C710000062746C65000000000000000000000072
:10C720000000000000000000000000000000000009
:10C7300000000000000000000000000000000000F9
:10C74000000000010000000031450610FFB599B05F
:10C750000446012310226846229F259E279D01F052
:10C7600090FC0123102204A81B9901F08AFC0123EC
:10C77000102208A81C9901F084FC012303223946E9
:10C780000CA801F07EFC08A82399C174012306229D
:10C790000DA8249901F075FC08A8867601230622CD
:10C7A0001B30269901F06DFC01231022214615A8AB
:10C7B00001F067FC11AB15AA4121684602F057FF52
:10C7C0000123102211A9284601F05BFC1DB0F0BD29
:10C7D000F0B59DB00D461E461746014601232022A6
:10C7E0006846229C01F04DFC01232022294608A81E
:10C7F00001F047FC01231022314610A801F041FC52
:10C8000001231022394614A801F03BFC18AB14AAEE
:10C810005021684602F02BFF012304221BA9204669
:10C8200001F02FFC1DB0F0BDF0B5054691B019A088
:10C8300000680D9000200E901748144600680E46C0
:10C8400005AB0EAA0DA99030FFF79AFE05A80F9030
:10C850006F461022002101A8E6F7F0FF08223146BA
:10C8600001A8E6F7E7FF09AA01A90F98F4F738FB3A
:10C87000022209A93846E6F7DDFF684600782978E4
:10C88000484020706846407869784840607011B030
:10C89000F0BD0000030000000425002010B586B0A4
:10C8A000044601A8FFF792FEF4F78CF969468870F8
:10C8B000000A4870F4F786F96946087088784021C4
:10C8C0004006400E08436946887005AA01A800F09A
:10C8D00080F8032205A92046E6F7ACFF032269464B
:10C8E000E01CE6F7A7FF06B010BD38B50B460446BE
:10C8F000C11C6A46184600F06CF8032221466846BF
:10C90000E6F7A0FF002800D0412038BDFFB593B066
:10C9100014460FAA0BA9139800F076F810220021F4
:10C9200002A8E6F78BFF002502AE06AF1DE0281D2A
:10C9300081B206AB10221498FBF738F90020315C65
:10C940003A5C51403154401CC0B21028F7D306AABB
:10C9500002A91398F4F7C4FA102206A902A8E6F770
:10C9600069FF1035103CADB2E4B2102CDFD827D0EF
:10C970001022002106A8E6F761FF002C08D0102045
:10C98000001BC3192D1DA9B222461498FBF70EF9FE
:10C9900080200F21091B78540FAC0020395C225CE9
:10C9A0005140325C51403154401CC0B21028F5D384
:10C9B00002A9169A1398F4F793FA002017B0F0BD65
:10C9C0002D1D0BACA9B206AB10221498FBF7EEF8A4
:10C9D000E3E770B588B016460C46054610220021E4
:10C9E0006846E6F72BFF032221466846E6F722FF5A
:10C9F00004AA69462846F4F773FA032204A93046CC
:10CA0000E6F718FF08B070BDF0B589B00346002006
:10CA100015460C46009001900290039004AA6946C6
:10CA20001846F4F75DFA6846C07F8727000600289D
:10CA30006E46214604A80DDA00F025F86846077016
:10CA40000020215C325C51402154401CC0B20F28B0
:10CA5000F7D301E000F017F8E07B294600062046F6
:10CA60000ED500F010F8684607700020295C325C93
:10CA700051402954401CC0B20F28F7D309B0F0BD73
:10CA800000F001F8FAE730B5027852000A7001228E
:10CA90001446835C85185B061B0E8B54203DED7F8E
:10CAA0002D0601D523438B54521CD2B20F2AF0D944
:10CAB00030BD000010B50F4CFF220021206802F0AD
:10CAC000E8F9206800218176C176012242730723AC
:10CAD00083731023C373027601750161027381753C
:10CAE000C17519461C30F3F797FF0020E7F794F85B
:10CAF00010BD00000C2500207CB508380E4EC4B2D5
:10CB000030687C21C06F4C4305192889002301053A
:10CB1000090D0122022000F061FB02206946009508
:10CB20000871684600F000FF30687C22C06F002169
:10CB30000019E6F783FE7CBD0C250020F8B50746FA
:10CB40000D460026888800F019F9040064D0012FF2
:10CB500002D0002F09D062E0E88841285ED833482F
:10CB60002946006802F0B0F95DE0A868007B06285D
:10CB70000BD0D52107280AD0082819D0092819D0A8
:10CB80000A281CD00B281ED049E0D22006E0A07A4B
:10CB9000DD2844D1A07F820702D5D320A0723EE0D9
:10CBA000400701D5A1723AE0204600F045FB36E08F
:10CBB000D420F3E7A07ADD2831D1A07FF0E7A07A76
:10CBC000DD28F1D02BE0207B8107890F012926D1B8
:10CBD0008843022108432073154839210068490120
:10CBE0004118897B4227C9060ED50121C9020830A8
:10CBF00040181622C06C0023394601F027FB0100C3
:10CC000002D0384601F00EFBA07AF12807D1207B34
:10CC100004210843207302E0012F00D10126314690
:10CC20002846FBF75FF80020F8BD00000C25002027
:10CC30000425002010B50C4600F0A0F8002807D00D
:10CC4000817A002904D0007FA04201D3002010BDCA
:10CC50005F2010BD10B594B0044600F08FF8002896
:10CC60001AD041786A46C907C90F801CFDF71CFC21
:10CC700000280DD0204600F081F800280CD0817AE1
:10CC8000F12907D1807EC10704D0800702D500209A
:10CC900014B010BD5E20FBE74020F9E7FFB59C46CD
:10CCA000224B00241B6820490646A03381B027464A
:10CCB000204609681D7B08E07C23CC6F4343E418C1
:10CCC0002389002B0DD0401CC0B28542F4D8854288
:10CCD00027D0002F25D003202070002A03D0012068
:10CCE00002E00127F3E70020607006226146A01CE5
:10CCF000E6F7A0FD26811020A07220466030029940
:10CD000001750B994175062216300A99E6F792FDD6
:10CD10002046042200210C30E6F790FD0020C0439D
:10CD2000606105B0F0BD00000C2500200425002046
:10CD300010B5412400F022F8002805D06030017DB4
:10CD40008022114301750024204610BD10B5002437
:10CD500000F014F800280ED00089C10407D5012482
:10CD6000810401D5032402E0410400D50524000418
:10CD700001D408200443204610BD000070B50028EF
:10CD80001BD003050F48002100680D4A1B0DA03081
:10CD90001268047B0FE008467C267043D56F08308C
:10CDA000285A0005000D984203D17C22514368188F
:10CDB00070BD491CC9B28C42EDD8002070BD000086
:10CDC0000C250020042500201CB5FFF7D7FF040028
:10CDD00016D0208900F076FB02460A4B0021012084
:10CDE00000F042F920890005000D00F08DFB0220C3
:10CDF000694600940871684600F096FDFE20A07216
:10CE00001CBD000030750000F8B507460E46002531
:10CE10001046FFF7B3FF040071D0002E0BD120891C
:10CE20000121090308432081E17F02290DD0032954
:10CE30000BD0042909D020890105090D002E10D03E
:10CE40007420005DC00723D03DE0E17A090702D5D8
:10CE50000121890301E001214903084301052081E3
:10CE6000090DA07ABC2806D0AD2806D0AE2806D081
:10CE7000F12807D037E0BF2002E0AF2000E0F0202B
:10CE8000A07230E0032F2ED100231A46422028E062
:10CE9000A07AF12817D126483921006849014118A4
:10CEA000897B422589060ED50121C9020830401828
:10CEB0001722C06C0023294601F0C8F9010002D0F6
:10CEC000284601F0AFF900200125A072032F0AD1F6
:10CED0000522062E00D10422208900230105090D18
:10CEE000022000F07BF97420005DC00708D0207B91
:10CEF000810700D001250009000120730CE016E035
:10CF0000A07BC10608D5EF210840A073010603D518
:10CF10004006400EA07301E0002D08D0208900F0EB
:10CF2000D1FA0246034B0021012000F09DF8F8BD24
:10CF30000425002030750000F0B585B00E46074688
:10CF40001C46154602A804A9FCF7B0F86946097CFE
:10CF500002A80191009023462A4631463846FFF741
:10CF60009DFE05B0F0BDFFB585B015460E461C46CA
:10CF7000062202A80F9F0E99E6F75CFC02A8FBF7B9
:10CF800058FE002806D0012069460874A80706D577
:10CF90003B4605E002A804A9FCF788F8F6E723461B
:10CFA0006946097C02A8019100902A4631460598FD
:10CFB000FFF774FE09B0F0BD70B515460E46FFF7D9
:10CFC000DDFE040013D0607B012108436073A07A6A
:10CFD000BC280CD0E07A000709D42046082231464C
:10CFE0002A30E6F727FC32342570280A607070BDBD
:10CFF000F8B51B4EC0003168054680310A68083D0F
:10D00000515D40234906490E51553268194380321B
:10D01000126800245155851F124F1AE03068802194
:10D020000958C26F20467C2358430090801C10187A
:10D0300049190622E6F706FC002808D13068C16FBE
:10D0400000980818817AFB2901D110218172641C93
:10D05000E4B23868A030007BA042DFD8F8BD000001
:10D060000C250020042500207FB50024002902D0D3
:10D07000012902D002E0082500E00025A9186A462F
:10D0800011730293012809D000280AD11046F4F741
:10D09000E9F96846F4F79AF9044602E01046F4F715
:10D0A000E1F9204604B070BD70B5054600F076FA8F
:10D0B000002801D0462407E00448002400680C2220
:10D0C00029460C30E6F7B6FB204670BD0C25002043
:10D0D00030B50C4A002113680B4A1268A032147B49
:10D0E0000AE07C224A43DD6F0832AA5A002A01D0A6
:10D0F000462030BD491CC9B28C42F2D818760020B7
:10D1000030BD00000C25002004250020F0B58BB0B8
:10D110000F46CE88FFF732FE050032D007A900F097
:10D120000FFA002802D05A200BB0F0BD083EB1B271
:10D130006B460C223846FAF739FD6846017840788C
:10D1400002026846807803046846C07804061C43DF
:10D15000144368690C43411C01D0A0420CD2F2B2C6
:10D1600003AB394607A8FFF7D1FB082205A901A8A0
:10D17000E6F768FB002801D00520D5E700206C61A8
:10D18000D2E74020D0E7000070B50D4601230446E9
:10D19000C1061148006803D51822BF210C4008E0E1
:10D1A000392149014118897B090701D4002070BD4C
:10D1B00015222107890E08180121C9024018C06CE8
:10D1C000214601F043F8010004D08D80204601F093
:10D1D00029F8EBE7072070BD04250020F8B51D46AF
:10D1E0000F4601230446C10612481646006803D5BF
:10D1F0001622BF210C4008E0392149014118897BE2
:10D20000890701D40020F8BD13222107890E0818D0
:10D210000121C9024018C06C214601F017F8010035
:10D2200006D08F808E71CD71204600F0FBFFE9E7BC
:10D230000720F8BD0425002010B57421095CCA0739
:10D24000417F07D0002902D0D021817210BD00F0AB
:10D2500043FA10BDC906FAD5817B8A06F7D50422A8
:10D2600011438173E6F7A2FC10BD000030B50446FF
:10D27000A17E0020A5B0CA0779D0890777D55022B2
:10D28000002110A8E6F7DAFAFC2110A80170417815
:10D2900060780622C007C00F014310A84170A11C8E
:10D2A0003E30E6F7C7FA217F10A8C170607F404D7D
:10D2B000C0066D4419D520464030827C10A90A7101
:10D2C000C07C4871214611A808224A310230E6F795
:10D2D000B1FA214610223A312846E6F7ABFA10A9F6
:10D2E00048788021084310A94870E07A010707D5E3
:10D2F00010A98870214610222A312846E6F79AFAAA
:10D30000A07F052108420BD021460222203121A80E
:10D31000E6F790FA10A948781021084310A9487040
:10D32000607F80060CD5214617A8102254310230A8
:10D33000E6F780FA10A948782021084310A9487020
:10D34000607F40060CD521461BA8102264310230B4
:10D35000E6F770FA10A948784021084310A94870F0
:10D360002089810404D510A94878022105E01DE038
:10D37000400405D510A948780421084310A9487035
:10D380002089000405D510A948780821084310A970
:10D3900048702069229060692390402214A9684651
:10D3A000EDF708FC10AD0FCDFCF772FF25B030BDD6
:10D3B0004E0000007CB50C4681680546087B0026BF
:10D3C000821F042A7BD8A27AD02A01D047207CBDB4
:10D3D000062808D0072809D008281DD0092826D0FB
:10D3E0000A2852D06CE023463A331AE04A7B2146A1
:10D3F00040318A74A8682346807BC8744A33082267
:10D4000007212846FAF7D2FB607F10210843607796
:10D410004007800F47D053E0607F800750D52346F8
:10D420005433102205212846FAF7C0FB48E0607FFC
:10D43000800745D500200090062301901A466946D2
:10D440002846FAF749FC00281BD0A8680622407B32
:10D450006070A31C11462846FAF7A8FB60780128E3
:10D460000BD1E0798009032807D00123002208218D
:10D47000204600F078F9064622E0607F202108432C
:10D480006077607F40070ED51AE0607F400717D5B0
:10D4900023466433102205212846FAF787FB607F74
:10D4A0004021084360777420005DC007204603D008
:10D4B00000F012F904E002E000F096F800E04526E2
:10D4C00030467CBD30B502460D480068A030007B78
:10D4D000002A014612D00B4C130500201B0D2268B8
:10D4E0000AE07C244443D56F08342C5B2405240DCA
:10D4F0009C4203D0401CC0B28142F2D830BD000033
:10D50000042500200C250020F8B50C4E0546306897
:10D5100001F0AAFC2F0504463F0D0CE0A088256809
:10D52000B84207D12146306801F0EBFC01212046CA
:10D53000FAF7D8FB2C46002CF0D1F8BD0C250020C2
:10D5400010B50B46417F490607D5014610226431CC
:10D550001846E6F76FF9002010BD412010BD00000D
:10D56000024610B50B4800240068407D107000286A
:10D5700004D001280AD01F24204610BD08460649C1
:10D58000062209687831E6F755F9F5E70846FAF713
:10D5900055FFF1E70C2500200425002030B5104A86
:10D5A000002013680F4A01461268A032147B13E072
:10D5B0007C22DD6F4A43AA187425AD5CED07957A8D
:10D5C00006D0B02D06D3EAB2F02A03D8012030BD30
:10D5D000A02DF8D2491CC9B28C42E9D830BD000058
:10D5E0000C25002004250020C17A0A07817F03D47E
:10D5F000CA0701D0D12102E08A0702D5D321817266
:10D600007047490701D5D521F9E77421095CC9079D
:10D6100004D0417F490701D0D021F0E7F021EEE7A7
:10D6200070B504460C4862780068D20780304068C4
:10D6300000254178D20F801C8A420AD10622A11C03
:10D64000E6F700F9002804D1207E01210843207666
:10D650000D46284670BD00000C25002070B5002442
:10D660001D461646002804D0FFF7DAFF002802D036
:10D6700003E0002901D042240BE00948002E0AD023
:10D68000012E08D0022EF6D1006880304068183094
:10D690002860204670BD0068803040680830F7E799
:10D6A0000C25002070B51C461546002908D10089BC
:10D6B00020220105090D0020FAF7B8FA010009D06F
:10D6C0000220C88088680573886844730620F4F7D0
:10D6D000EFF870BD642070BD7CB504460089050577
:10D6E0002D0DFFF7EFFE0246174B00210120FFF73B
:10D6F000BBFC2046FFF7BAFDE07F0026032807D1D8
:10D70000124828220068002180304068E6F796F829
:10D710002046042200210C30E6F790F86846009479
:10D72000067100F001F9F120A07200231A46294683
:10D730000220FFF753FD2089010404D50105090DDE
:10D740000220FFF721FD7CBD307500000C25002074
:10D7500010B50A46897AFB2904D08068417B1046BF
:10D7600000F016F810BDF8B51D4614460E460B46DF
:10D77000074605222146FFF795FF0446642801D19C
:10D78000012D03D13146384600F002F82046F8BD9D
:10D790007CB504460D460089FFF794FE0246144B03
:10D7A00000210120FFF760FC20890005000DFFF734
:10D7B000ABFE0220694600940871684600F0B4F898
:10D7C0002046042200210C30E6F738F8E07E2F21B5
:10D7D0000840E076204600F00DF8FB20A07220897A
:10D7E00002220105090D2B461046FFF7F7FC7CBD10
:10D7F00030750000F8B5002406460127344D0CE0D2
:10D8000080300168E000801C08180622B11CE6F791
:10D8100019F8002821D0641CE4B22868417EA14296
:10D82000EED8417E03293FD0491C41762868E700A5
:10D8300080300168B81C08180622B11CE5F7FAFF11
:10D840002968802080310968641C224BC855E2B2E7
:10D8500001210020FFF708FCF8BD2868E1008030B6
:10D8600002688023505C184350542A688032126842
:10D87000830705D5184EC30712D1384350540FE023
:10D88000C3070AD00223184350542A684008803244
:10D89000126840005054114E02E03843104E50546C
:10D8A000641CE2B23346D3E7002480300068E10014
:10D8B000415C4906BAD4641CE4B2032CF7D30121BD
:10D8C00000243A4633460846FFF7CEFBAEE7000099
:10D8D0000C25002088130000580F0200C8AF00007C
:10D8E000983A000070B50F4D0646002428680622BD
:10D8F00080300168E000801C08183146E5F7A2FF7F
:10D90000002805D0641CE4B2032CEFD3412070BD85
:10D910002868E10080300068405C0006F6D50020F1
:10D9200070BD00000C25002010B501686031097D34
:10D93000CA070168897A0DD0B02908D3F02906D822
:10D9400006490A68917E8B0701D0491E9176E6F759
:10D950006FF910BDA029F1D2F9E700000C250020D5
:10D9600070B50546008920220105090D0020FAF74F
:10D970005DF9040018D01120E080A0680D2101732A
:10D980000D481022036805212046E033FAF7FEF91E
:10D990007420405DC00709D0BC2629462046FEF70A
:10D9A000D3FD002804D004E0642070BDAB26F4E76A
:10D9B000AE72002070BD00000C250020F7B594B0B9
:10D9C0000D46002708A90F7204460F73102239462E
:10D9D00006A8E5F733FFE07F444E022809D13068FE
:10D9E000694600690876020A4A76020C8A76000EB9
:10D9F000C876012D0ED03068627E014680314A72B1
:10DA0000227E9207D20F8A720A7ACA72E17F0329B4
:10DA100019D01EE03068017E80304172217EC90736
:10DA2000C90F8172E07F032813D12046FFF7F8FD6C
:10DA300000280ED00EAB012200212046FFF70EFE7B
:10DA400010220E9902E0102201461C3106A8E5F7CB
:10DA5000F1FE7420025D21462046D3075431643024
:10DA6000002B02D0002D0AD001E0012D07D0D307F2
:10DA70002B4307D0D30710D0012D03D00DE00D911B
:10DA80000C9001E00C910D90012D08D0D007284397
:10DA90000BD0D00701D0002D07D0472722E011A8D6
:10DAA0000BAB0FAA0AA9009004E00FA80AAB11AAB9
:10DAB0000BA90090204600F01BF808AA107B0FAAC3
:10DAC000169B029211A903AC0BC4306808AA127A03
:10DAD000014689310192009106ABD0300C9A0D9924
:10DAE000FEF734FE384617B0F0BD00000C250020CC
:10DAF00070B504466030407D049E1D460870134694
:10DB00002146062276311846E5F794FE6078062213
:10DB1000C007C00F2870A11C3046E5F78BFE70BD12
:10DB200010B5124C2022216808463C309031E5F7B0
:10DB300089FE002803D100F09BF8002809D0206856
:10DB40009022817E114202D18906890F03D03820AC
:10DB500010BD1F2010BD9030F3F7C8F90028F9D18F
:10DB6000216810238A7E1A438A7610BD0C25002076
:10DB700010B50A4C2068807E41060DD590210842E0
:10DB80000AD1F3F7FFF9002806D12168BF22887E69
:10DB9000104080221043887610BD00000C25002024
:10DBA00030B50446C07A0025000710D5208900F062
:10DBB0003FF8002801D0082509E0E07A0121084358
:10DBC000E072044804220068817E11438176284671
:10DBD00030BD00000C25002010B50648F923006870
:10DBE000DB0020220249C018E5F724FE10BD00002A
:10DBF000814506100425002010B5012813D10A4CD8
:10DC000008222068817E11438176202207493C301A
:10DC1000E5F710FE05492068202220315C30E5F749
:10DC200009FEFFF7D9FF10BD0C2500204145061065
:10DC300070B50D4A054613680C4A0020126801466B
:10DC4000A032147B0DE07C22DE6F4A43B218D67AF4
:10DC5000F60704D01289AA4201D0012070BD491CE8
:10DC6000C9B28C42EFD870BD0C25002004250020DD
:10DC700002480068807E0007C00F70470C25002016
:10DC800070B588B004460025FFF7CAFC1E4E012877
:10DC900023D105AB012200212046FFF7DFFC06ABB4
:10DCA000022200212046FFF7D9FC01A8009031682C
:10DCB00000239031059A0846FEF7AFFC102201A917
:10DCC0000698E5F7BFFD002807D0042101230022B4
:10DCD0002046FFF748FD054610E0207EC10707D02B
:10DCE000800705D43068102200211C30E5F7A6FD1E
:10DCF0007420005DC00704D0B620A072284608B08A
:10DD000070BDA920F9E700000C25002070B51E4E5B
:10DD10000D463368997E090601D53A2432E0402247
:10DD200005219033F9F742FFFFF7FAFE040004D013
:10DD3000122C1CD01F2C1ED024E0E87AC0210843EE
:10DD4000E8723068114920229030E5F77BFD002809
:10DD500018D10E49306820312022B030E5F772FD2D
:10DD600000280FD1E87A04210843E8720AE0012371
:10DD700000220B2102E00123002208212846FFF7A0
:10DD8000F2FC0024204670BD0C2500204145061001
:10DD900070B50646008941250105090D20220020A5
:10DDA000F9F744FF040025D000214522A068F9F7C7
:10DDB000B7FF05001ED14120E080A0680C2101734F
:10DDC0000D4840220368052120463C33F9F7DEFF69
:10DDD00031462046FEF7B8FB05000BD1F07A202132
:10DDE0000843F072FFF744FF002803D0F07A0421C3
:10DDF0000843F072284670BD0C25002030B589B06C
:10DE00000C466B4610220521F9F7D0FE04AA00212A
:10DE10002046FFF7D3FD050006D1102204A968466D
:10DE2000E5F710FD002806D0012300220B21204633
:10DE3000FFF799FC17E07420005DC00703D020466F
:10DE4000FFF78EFD10E0207F10210A1A21462A31AB
:10DE500040180021E5F7F2FCA07B02210843A073E3
:10DE60002046E5F7A3FE0546284609B030BD000070
:10DE7000F0B5274D0446296800208A7E93B09206AB
:10DE8000920F032A38D1202207A8D031E5F7D2FC1F
:10DE90002868CF22817E2646114081766036307D0B
:10DEA00011AFC0072AD00FA805AB3A4606A90090CB
:10DEB0002046FFF71DFE6A462968127E2046D031B3
:10DEC0002A30039104900FA86B4685C36A46137DE0
:10DED000224621466432543107A8FEF7C7FB2A6860
:10DEE00001212046E032FFF769FD002804D1317D91
:10DEF000C90708D0BB21A17213B0F0BD06AB0FAAB1
:10DF000005A90097D4E72046FFF72AFDF4E70000B3
:10DF10000C25002004480068817E0A0602D44022B5
:10DF200011438176704700000C25002070B504680D
:10DF30000579E07A00072FD52089FFF779FEE17A8D
:10DF400049084900E172154C002804D12168FB23DF
:10DF50008A7E1A408A762168002D05D0CA7E10324A
:10DF6000CA76002804D007E0C87E401CC87603E0CB
:10DF7000887ECF221040887620680321C07E050964
:10DF80000007000FE2F728F94019032804D3FFF730
:10DF9000C1FF21680020C87670BD00000C2500205C
:10DFA00070B5054600242046FFF742FE002801D048
:10DFB000462404E0012D02D10120E5F72DFE204684
:10DFC00070BD000070B51A4C02782368411C987E21
:10DFD000C00626D5002A05D0164800210068A030CA
:10DFE000027B21E018462022D030E5F723FC206890
:10DFF0002022817E114313E07C20DD6F48432818E6
:10E0000010D00589002D0DD0C57A2D060AD5012323
:10E0100000220B21FFF7A7FB2068CF22817E114051
:10E02000817670BD491CC9B28A42E5D870BD000036
:10E030000C2500200425002070B50D4D0178441CEE
:10E040002868827E5206520E8276002902D0FFF79F
:10E0500061FF70BDFFF70CFE002802D0FFF7BCFD8A
:10E0600070BD2868402221463C30E5F7E3FB70BDD7
:10E070000C250020002101E000BF491C8142FBD398
:10E08000704770B5002407E00D5D002B07D0161B0C
:10E090003618203EF577641C9442F5D370BD0555C3
:10E0A000F9E730B504460120002306E0D55CA5421F
:10E0B00001D0002030BD5B1CDBB28B42F6D330BDFB
:10E0C000FEB572B63F4D0823286801464030C2793C
:10E0D0001A43C27162B6002001276C46FF0282001B
:10E0E0005218D219D26C52884300401CC0B2E2527E
:10E0F0000328F4D372B6C8190021866B816362B617
:10E10000F00702D00020E3F79DFDB00702D5012003
:10E11000E3F798FD700702D50220E3F793FD30077F
:10E1200002D50320E3F78EFD002623E00D281AD246
:10E13000211D254A8000125820469047002812D001
:10E1400072B62868F7224030C1791140C17162B6B9
:10E1500030E03A2807D21C49231D8000E8390A58CC
:10E16000194620469047029829684018C019C06C8B
:10E170002188018071006846415AB00002902A68E7
:10E180008018C019C06C0288920892001418028886
:10E1900008348A420ED0A27891070BD09107890FDC
:10E1A000012901D104460834A0788008C006E0782F
:10E1B000CFD5BBE7761CF6B2032EDBD3F2F748FDD2
:10E1C000FEBD0000042500208C46061070B5F2F755
:10E1D00059FD114D01242868E4020019006C40210A
:10E1E00000F0B7FC29680919C864486C402100F0A8
:10E1F000B0FC296809190865886CFF21813100F09D
:10E20000A8FC2B6808221919486504480021181831
:10E21000E5F714FB70BD000004250020380800005D
:10E22000704700000A46400608D5D0783A280AD23E
:10E23000111D054B80001B58104618479078800828
:10E240008000801C88707047A4450610FFB5044606
:10E2500000262C4F83B09C460D46080616D572B694
:10E2600001AB6A466146204600F03DFC00280BD019
:10E2700068468188009882789208920082700180B6
:10E280006180012662B615E062B621E001AB6A4604
:10E290006146204600F027FC002819D0680609D402
:10E2A0006846818800988278920892008270018086
:10E2B000618001260098AA00817840238907890F90
:10E2C0001A40114381700599C170002E0ED115E0DE
:10E2D0000020009072B6A8060FD401203968C00251
:10E2E0000818816B08221143816362B672B63868E0
:10E2F000F7224030C1791140C17162B6009807B071
:10E30000F0BD0000042500207047000010B507484C
:10E310003922006852018018007C400704D5084665
:10E3200049880088E3F7A4FD10BD00000425002003
:10E3300010B506483922006852018018407CC0069A
:10E3400002D50888E3F7DCFD10BD0000042500209D
:10E3500010B507483922006852018018007CC006B9
:10E3600005D50A4610888978121DE3F791FD10BD86
:10E370000425002010B50848392200685201801891
:10E38000007C000706D50B46CA78188889781B1DC3
:10E39000E3F776FD10BD00000425002008B509480C
:10E3A0003922006852018018407C000708D50846D1
:10E3B000C91D00918379828841880088E3F798FD20
:10E3C00008BD00000425002010B507483922006868
:10E3D00052018018007C000605D50A46108889780D
:10E3E000D21CE3F76DFD10BD0425002010B50848D0
:10E3F0003922006852018018407C800706D50B4600
:10E40000CA78188889781B1DE3F76AFD10BD0000E3
:10E410000425002010B508483922006852018018F0
:10E42000007C800606D50B46CA78188889781B1DA3
:10E43000E3F736FD10BD00000425002010B50748A5
:10E440003922006852018018407CC00705D00A4676
:10E4500010888978D21CE3F73BFD10BD042500200D
:10E4600010B507483922006852018018007C400628
:10E4700005D50A4610888978D21CE3F719FD10BD2E
:10E480000425002010B50748392200685201801881
:10E49000407C400705D50A4610888978D21CFFF7D2
:10E4A000BFFE10BD0425002010B5064839220068C3
:10E4B00052018018C07B000702D50888E3F7B2FC40
:10E4C00010BD00000425002010B506483922006860
:10E4D00052018018807B000702D50888E3F782FC90
:10E4E00010BD00000425002010B505483921006842
:10E4F00049014018807B800601D5E3F783FC10BDFD
:10E500000425002010B50648392200685201801801
:10E51000807B400603D50878491CFFF7F5FE10BD47
:10E520000425002010B507483922006852018018E0
:10E53000C07B400604D5084689780088E3F788FC4C
:10E5400010BD00000425002010B5054839210068E1
:10E5500049014018807BC00701D0E3F733FC10BDB0
:10E560000425002010B507483922006852018018A0
:10E57000C07B800604D5084649680088E3F75AFC4A
:10E5800010BD00000425002010B50748392200689E
:10E5900052018018807B800705D50846CA788978A3
:10E5A0000088E3F783FA10BD0425002010B5064863
:10E5B0003922006852018018807B400702D5088804
:10E5C000E3F708FC10BD00000425002010B5084842
:10E5D0003922006852018018807B000606D50B4660
:10E5E0008A7818784978DB1CE3F714FC10BD00002A
:10E5F0000425002010B5054839210068490140185C
:10E60000807BC00601D5E3F7F5FB10BD0425002093
:10E6100008B509483922006852018018007CC007FB
:10E6200008D0084608310091C38882884188008854
:10E63000E3F788FA08BD00000425002010B508485B
:10E640003922006852018018807C800706D50B466D
:10E650000A79188849885B1DE3F77AFC10BD000031
:10E660000425002010B5084839220068520180189E
:10E67000407C000606D508468B798A888978008810
:10E68000E3F75EFC10BD00000425002010B508482B
:10E690003922006852018018407C800606D50B465E
:10E6A0000A79188849885B1DE3F732FC10BD000029
:10E6B0000425002010B5084839220068520180184E
:10E6C000407C400606D50B460A79188849885B1DB0
:10E6D000E3F726FC10BD00000425002008B508461D
:10E6E000C91D00918379828841880088E3F758FC2E
:10E6F00008BD000010B50748392200685201801893
:10E70000807CC00704D0084689780088E3F710FCB5
:10E7100010BD00000425002010B50648392200680D
:10E7200052018018007C800702D50888E3F798FB27
:10E7300010BD00000425002010B50A461088897815
:10E74000121DE3F715FC10BD10B508468A884988EC
:10E750000088E3F74DFA10BD10B50888E3F718FC00
:10E7600010BD10B5084649880088E3F709FC10BDC4
:10E7700010B50B460A79188849885B1DE3F7F0FB52
:10E7800010BD10B50A4610784978921CE3F738FCA2
:10E7900010BD000010B508483922006852018018E9
:10E7A000407EC00706D00A46002010564978921CC9
:10E7B000E3F71EFC10BD00000425002008B5084644
:10E7C000002100918288817800880023E3F708FC0B
:10E7D00008BD00000EB50B483922006852018018B0
:10E7E000C07BC0070CD008468B894A8909890293EF
:10E7F00001920091C388828881780088E3F7E8FB62
:10E800000EBD00000425002010B50748392200681D
:10E8100052018018C07B800704D5084649880088CB
:10E82000E3F7C6FB10BD00000425002010B5074823
:10E830003922006852018018C07B400704D508883F
:10E8400000221146E3F7BCFB10BD000004250020A8
:10E850007047000010B507480722006812028018B0
:10E86000807FC00605D508460A7949880078E2F716
:10E8700081FF10BD0425002010B50748072200685D
:10E8800012028018807F000605D508460A7949885B
:10E890000078E3F7E1F910BD0425002010B5074822
:10E8A0003922006852018018C078000604D5084655
:10E8B00049880078E3F7FEF910BD00000425002028
:10E8C00010B50748026839204001101842799206B5
:10E8D00005D58079800702D50120E3F7FBF910BD4B
:10E8E00004250020084610B50E4986B00A68392173
:10E8F000490151184A79920611D58979C9070ED074
:10E90000847C038AC2898189049401AC0EC4811D70
:10E9100000914379027941880078E2F755FF06B00B
:10E9200010BD00000425002008B50A4802683920FF
:10E9300040011018427992060BD58079400708D51E
:10E94000084609890091C388828841880078E3F7E6
:10E95000C9F908BD0425002008B50A480268392015
:10E9600040011018427992060BD58079400608D5EF
:10E97000084609890091C388828841880088E3F7A6
:10E9800001FA08BD0425002010B5074802683920A7
:10E99000400110184279920605D5C079400702D58A
:10E9A0000120E3F707FA10BD04250020084610B542
:10E9B000104988B00A683921490151184A799206EC
:10E9C00016D5C979890713D5847F838B428B018B38
:10E9D000069403AC0EC4014612318A1F831D0093B6
:10E9E000019202914379027941880078E2F78CFF25
:10E9F00008B010BD0425002010B508480268392071
:10EA0000400110184279920606D5C079C00703D09C
:10EA10000878491CE3F7C6F910BD00000425002062
:10EA200010B5084802683920400110184279920652
:10EA300007D58079C00604D54A890888891CE3F780
:10EA400099F910BD0425002010B508480268392046
:10EA5000400110184279920606D58079000603D548
:10EA60000878491CE3F796F910BD00000425002042
:10EA700010B5094802683920400110184279920601
:10EA800008D58079000705D50A4610784988121DF7
:10EA9000E3F768F910BD00000425002010B501203F
:10EAA000E3F700F910BD000008B508480722006828
:10EAB00012028018C07F000707D5C88800908B8895
:10EAC0008A7809880020E3F7E5F808BD04250020CE
:10EAD00008B50846891D00918388C278817800882E
:10EAE000E3F7F0F808BDF0B54488491CA4B2E5B2DC
:10EAF000A40809B21C808EB287883619BE4204D998
:10EB0000A6B2891B6D1C09B2EDB2A400241808340A
:10EB100014601C88AD076418A400AD0F2C43A4B288
:10EB20001C800388E31A9C07A40F012C02D803D190
:10EB3000002B01DD00230AE00123002907DA116818
:10EB40008C78A408A400641C8C70083010601846EF
:10EB5000F0BD0022028042808180704770B5C57888
:10EB600004460E462846F2F73AFE31462846EFF7AD
:10EB700009F90020E070A078BF210840A07045206E
:10EB800070BD10B50446C078F2F729FE0120E07090
:10EB9000A078BF210840A070452010BD10B50446E4
:10EBA000C078F2F71CFE0220E070A078BF21084078
:10EBB000A070452010BD10B50446C078EFF7E2F80C
:10EBC000002806D00520E070A078BF210840A07082
:10EBD000452010BD70B5C57804460E462846F2F7AC
:10EBE000FEFD31462846EFF7CDF80320E070A0780F
:10EBF000BF210840A070452070BD0621C1708178FA
:10EC0000BF22114081704520704710B50446C0787E
:10EC1000EFF7B8F8002806D00A20E070A078BF21EE
:10EC20000840A070452010BD70B5C57804460E465A
:10EC30002846F2F7D4FD31462846EFF7A3F809201D
:10EC4000E070A078BF210840A070452070BD10B5CD
:10EC500004460846E4F7F6FF0820E070A078BF21DC
:10EC60000840A070452010BD10B5C078F2F7B7FD80
:10EC7000002010BD10B504460846E4F7DFFF07206A
:10EC8000E070A078BF210840A070452010BD0000B2
:10EC90000648002102684B204001101801704170A5
:10ECA00003218170C17000207047000004250020FE
:10ECB00070B50D4D044601232868D90240189026EE
:10ECC0001A46C06C3146FFF7C1FA010003D0304646
:10ECD0004C60FFF7A7FA4B20296840010918087813
:10ECE000401C087070BD00000425002010B50446CB
:10ECF00000202082A074A168A1616161206020468B
:10ED0000FAF712FB452801D0412010BDA08803214D
:10ED1000F8F7D0FB0446F8F74FFC002813D072B682
:10ED20000A4801220168492040010918487EA24092
:10ED30001043487662B60020FBF7B2F8002802D0F4
:10ED4000002000F017F9002010BD0000042500206D
:10ED500070B5C17C0E4D4906490EC17404460123AD
:10ED60002868D902401890260022C06C3146FFF76F
:10ED70006DFA010003D030464C60FFF753FA4B2088
:10ED80002968400109184878401C487070BD00008F
:10ED90000425002010B5C2780D4C08682168A03108
:10EDA0000979C90705D0F2F737F9002806D04320C2
:10EDB00010BD01461046F2F703FDF6E772B64B218F
:10EDC0002268490152181178491E117062B610BDAF
:10EDD0000425002070B503464322DC78002608682D
:10EDE00010E005680660C17CC90702D0F2F74AF955
:10EDF00003E001462046F2F7E3FC020001D0432283
:10EE00000EE028460028ECD1002A09D172B6054848
:10EE100001684B20400109184878401E487062B6CE
:10EE2000104670BD04250020064801684B204001B3
:10EE3000081801788078814201D9012070470020AC
:10EE40007047000004250020064801684B2040015F
:10EE500008184178C078814201D90120704700200C
:10EE600070470000042500200068704710B5044674
:10EE7000007AFF280BD00846F8F7D2FEE17A627AD2
:10EE800089184018217A884201D9012010BD00203C
:10EE900010BD00230360436041720272C37283722B
:10EEA000704710B50446006808602068002800D14B
:10EEB000616008462160F8F7B3FEE17A4018E0721D
:10EEC000A07A401CA07210BD10B504460020086056
:10EED000206800280CD06068016008466160F8F77F
:10EEE0009FFEE17A4018E072A07A401CA07210BD2B
:10EEF0002160F2E70068002801D00020704701205F
:10EF0000704710B504460068884209D10268226043
:10EF100000220260206800280BD1626009E01046E0
:10EF200002688A42FBD10A68026062688A4200D1A4
:10EF300060600846F8F774FEE17A081AE072A07A79
:10EF4000401EA07210BD10B504460068086020681D
:10EF500002682260002202602068002800D16260FE
:10EF60000868F8F75DFEE17A081AE072A07A401EA0
:10EF7000A07210BDF1B5FD4FFD223868D2000146E8
:10EF8000851896B068301290092000020818806E2B
:10EF90000F90F7480E180920C0060069099000205C
:10EFA00014900824F348FAF7E1FD02900020139032
:10EFB00072B63868F7214030C2790A40C27112989F
:10EFC00001210171129801684A07520F4271C90864
:10EFD0001298C900016062B61698002801D00998FD
:10EFE0000EE06420FAF7C2FD014609980918E248CC
:10EFF000427ADE480068806A101808180002000A89
:10F00000F7F7D2FF686B05903A20405D0D90082815
:10F0100041D2012014900D98602148430F99401867
:10F020000390D648876AD448407AC000FAF700FEB9
:10F03000014603984030028852028918CD4A524254
:10F0400089188F4200D239467165B82189590B79E8
:10F050004A79897912021A438907890B1143028B75
:10F06000408BFF311018C3314018FAF715FF0746DF
:10F070005F200001FAF77AFDB84204D95F20000151
:10F08000FAF774FD00E0384605990918BA48407A45
:10F09000C00008181390706DFAF768FD05994018C4
:10F0A0000190002007460390287D002809D10D9883
:10F0B000082806D3B049002008800921C906486005
:10F0C00060E168680790686C049029680998401AA4
:10F0D00000020412A84800884007400FF8F76CFAB5
:10F0E000002801D0002007E0002CFBDB2046FAF7C7
:10F0F0009FFD0499884200DA0490012080070824CB
:10F10000099000200B90297D3AE00D9A904234D06E
:10F11000964A12682032927D1207120F82422CD03A
:10F12000EB6A420010930C929F5A00976B6A9A5AAE
:10F13000079B92017B43D318049A9C46934212DAB0
:10F14000CA0710D02A6B0C9B079FD25A521C93B24D
:10F150001A467A43009F9444FA1892B213460092DA
:10F16000109F0C9ABB52099A6346944505D2CA0770
:10F1700003D0009A099304460B924908401CC0B280
:10F180000029C2D10998FAF7F1FC29684718A86A42
:10F190006100405A8001FAF7E9FCC01903907648F3
:10F1A000407A5822C10071480068125C002A744AF3
:10F1B000126939D0BB1A029A52009B1A38E000201B
:10F1C00001E0806A4018181A0002000A01460A90FD
:10F1D0000120C005814209D3082C7DD02046F9F7D3
:10F1E0003BFB6449099840180490686401210A981F
:10F1F000C905884281D2082C6ED00B98002835D0E2
:10F20000079948430490FAF7B1FC296840180002B6
:10F21000000A2860696C0498081A686409990498BF
:10F22000081A002109901BE0029BBA1A5B08D31A46
:10F23000169A002AC5D0C2E7EA6A480007909446A9
:10F24000105A0B9A801A04E02B6B079A401C9A5AAA
:10F2500010180028F8DB079B6246491CD052C9B23F
:10F2600042480068A030007B8842E5D80D98082805
:10F270006CD20598C01B01020120090AC005814219
:10F2800023D30298391A1398081A02020120120A8D
:10F29000C005824201D313980FE0019A891A09022E
:10F2A000090A814201D2019808E001204002FAF7E0
:10F2B0005DFC02994900791A081A01900599401AD3
:10F2C0000002000AFAF7B4FC706502990198401830
:10F2D000C01B0102090A00E054E00120C005814280
:10F2E00054D202994A00039952180599511A0902F9
:10F2F000090A81422AD20D98602148430F99421889
:10F30000602060434018C17BD37B994201D3102118
:10F3100000E00021C90615D48179CA0704D0722102
:10F32000895B0289891A05E0890707D576218A5BFE
:10F330000189511A491E0904090C07D040790006B9
:10F3400004D423E05079902108421FD1082C21D009
:10F35000084909984018686460200F996043401874
:10F3600080784007400F01284BD013E0042500208F
:10F370005808000066020000C0000020E0020020E3
:10F38000000000481498002804D003D0059F0D9C6D
:10F3900001980390039839020002000A0390090AB9
:10F3A000012000918002FAF7E1FB02900120400267
:10F3B000FAF7DCFB074600990398401A0002001296
:10F3C000002809DD0299000A884200D9014602910D
:10F3D000B84200D838460746082C7DD080480088BF
:10F3E0004007400FA0424FD060200F996043401863
:10F3F000079080784007400F052812D0022810D0CF
:10F4000042E03146803103208A6840028242C1D006
:10F41000C9688142BED0F1F7D5FB4005400DC71940
:10F42000B8E70798A101006A04906D480818818B1D
:10F43000079880B2814227D00498002824D00499EC
:10F440000798F2F79DFD674904980A68007C092136
:10F450000902C0065118C00E496F801C4018049064
:10F46000079801692120800101420DD0E4F7CEFB0D
:10F4700001283BD01F2004994978084204D0049801
:10F4800040780499001D487056485549006820305E
:10F49000847448202043088030468030436B997A3A
:10F4A000CA06D20E61010A439A72826B907AC00634
:10F4B000C00E084390720098306501F0A3FC01284B
:10F4C00016D0484846490068497A2030007D401AE5
:10F4D000316DC000081800E03AE000020121000A86
:10F4E000490641180920C00641600EE0FF20C2E72E
:10F4F0000121306D090641180920C00641603948D4
:10F5000000682030017D36484172082C24D26020EA
:10F5100044430F98241872B61298A17800684907DE
:10F52000C008C000490F08432F4908400099C9008E
:10F5300008431299086062B6A0784007400F03287C
:10F540000FD0E4F763FB01280FD00398C01B19E02C
:10F5500000200921C906486021490020088017B011
:10F56000F0BD02990398401A0CE04034208B618B67
:10F570004018FF30C330FAF78FFC874200D9384675
:10F580000399081A0002000AE863A88B8001FAF7C1
:10F59000EDFA2968002644181448FAF7E7FA201A09
:10F5A0000002000A28640F4C2E8420684030407E00
:10F5B000002807D0FAF7CAF820684030417E490891
:10F5C0004900417620684030407E0028C7D0FAF7D5
:10F5D000E7F820684030417EFD2211404176BEE7C9
:10F5E000C000002004250020070000F835020000BC
:10F5F000F0B50F46B5B01546002130AA0F23445C84
:10F600005E1A491C94551029F9DB1022694630A86E
:10F6100002F006FA0026B400E019401CE8F755FF96
:10F62000395D000208430321891B89002CAC761C3C
:10F630006050042EEFDB214610236A46084602F094
:10F64000B9F800200326311A8900635C8200AB54AC
:10F65000635A52191B0A53706358401C1B0C937059
:10F660006158090ED1700428EDDB35B0F0BD70B5DE
:10F67000BAB0054600200C4600902020694608726A
:10F6800010200A9038901E46039201A802F078F8E4
:10F690002246294601A801F0FBFE6A46314601A830
:10F6A00002F038F83AB070BD7FB50546986801227F
:10F6B00002739A681C4651739868022202A90E30A0
:10F6C000E4F7B8F8A16805200D74E0807FBD70B53F
:10F6D000064608881D460C46001D81B213460222CC
:10F6E0003046F8F753FB21882B46891C2180091DE1
:10F6F00089B202223046F8F749FB2088801C20801E
:10F7000070BDFEB500240E462746056845E0286812
:10F710000290A968022230460D31E4F78BF8308858
:10F72000B84209D087B23846EFF78CFF014601AAEC
:10F730003846F0F719FE019CA968022268460F318D
:10F74000E4F778F8E888401F81B22220005D0028A5
:10F7500006D001280BD0002811D0012814D01BE0BE
:10F76000E08B6A461288401E904206D307E0208C48
:10F770006A461288401E904206D20720FEBD6846A7
:10F7800000880818E18B03E0684600880818218C7F
:10F79000884201D90D20FEBD029D002DB7D1002069
:10F7A0003080FEBDF8B516460D4607460024FDF72D
:10F7B000E5FA002806D032462946384600F030F8EF
:10F7C000044604E020356879002802D00E24204643
:10F7D000F8BD2879C10701D1012E09D0810701D4D4
:10F7E000022E03D04007F2D4042EF0D10324EEE71A
:10F7F0000224ECE770B515460646FFF7D3FF044632
:10F80000082D0BD1052C09D13046FDF7B7FA002899
:10F8100004D000894004800F00D00024204670BD31
:10F8200070B515460C460646FDF790FA203461790E
:10F83000012D09D00A0702D54207920F0FD0CA0640
:10F8400025D5020709D522E0CA0702D04207920F48
:10F8500005D08A0705D5020703D4082070BD05200E
:10F8600070BD490707D5C00709D0E1793046FDF7DB
:10F87000E1F95F2805D02079C00704D005E00F200A
:10F8800070BD0C2070BD022070BD002070BD8906C7
:10F8900007D5C007F3D0E1793046FDF7CBF95F28F3
:10F8A000EFD02079810701D4022D07D0410701D480
:10F8B000042D03D00007E8D4082DE6D1032070BD45
:10F8C000FEB50646294814460068294A8518C888A6
:10F8D000032806D02346002202210420FFF7E4FE7D
:10F8E00042E08968022268460D31E3F7A3FF3269DE
:10F8F00090052ED468460188172903D35C20405B0D
:10F90000172801D2172002E0814200D208467080F9
:10F910000120400202430220326101901348392144
:10F920000068490141183788097C76880123490716
:10F930000FD5D902083040182422C06C0221FEF7EE
:10F9400085FC002805D08780C68001460198FEF717
:10F9500069FCA06803260673A068294602225C3170
:10F960000D30E3F767FFE6800020FEBD0425002090
:10F9700064070000F7B590B000206A460D909082B1
:10F980006A4A6B4B12680446D218CB88022B08D007
:10F99000002218210420129BFFF786FE002013B0DE
:10F9A000F0BD8B6800205E7B0A900B908888303217
:10F9B0000192099000270198FFF756FA054620E0CA
:10F9C00028680890A9880998814219D1A96802225B
:10F9D00007A80D31E3F72EFF002F01D16846878B72
:10F9E0006846808B87420BD129460198FFF789FA38
:10F9F000002028600A98002811D00B9805600B950C
:10FA0000089D002DDCD1002FD4D1129819218068D7
:10FA1000017301211298012EC18002D081E00A9564
:10FA2000EDE702A90AA8FFF76CFE002879D0694625
:10FA30000A891821129BFFF737FE002671E08168C2
:10FA40000546022202A80D31E3F7F4FE012E66D12D
:10FA500068460089EFF7F6FD014668460EAA008960
:10FA6000F0F782FC0E9C10992046EFF72DF90D90CF
:10FA700055E02F68012E3FD1002F06D0B968022231
:10FA800005A80D31E3F7D6FE02E000206946888222
:10FA9000A968022204A80F31E3F7CCFEE8880D998B
:10FAA000401F80B20090208CA2694843694610181C
:10FAB000098A009A431809212846F8F777F8222086
:10FAC000005D012804D16846018A00980818E08387
:10FAD00068460189808A81420ED0208C0D99A269E6
:10FAE000484310180021019000911098E38B018881
:10FAF000A28B022001F05EF80A9908680A900020A3
:10FB000008600A99002900D10B9001212846F8F7D6
:10FB1000E9F869460889898A884202D13D46002D64
:10FB2000A7D10A9800288AD139E7000004250020CF
:10FB300064070000F7B578480F460068774988B039
:10FB40004418F888072804D20022062104200A9BC2
:10FB50002AE0B968022268460D31E3F76BFEB96806
:10FB6000022201A80F31E3F765FEB968022204A85A
:10FB70001131E3F75FFEF888C01F80B2039068463A
:10FB80000288808882420CD8002A0AD00898002176
:10FB900042880A9800F0BAF9002808D045200BB036
:10FBA000F0BD062101200A9BFFF77EFDABE00A981D
:10FBB000072180680834017301216846018105949A
:10FBC0000088EFF73FFD05007CD086E06846008A9C
:10FBD0000522D202904202D0521C904226D16846A1
:10FBE0000088814278D329460B2208313846039B8E
:10FBF000F8F772F869466A8D098A8A426CD10399CE
:10FC0000022901D0102967D1002865D12A4628464B
:10FC1000296A28322030814202D06B6A1C3300E00E
:10FC2000134602A90A98FFF752FD55E02E462C6AAA
:10FC30002036B4424ED14FE06946A08B09888842F5
:10FC400047D369468988884257D82320005D012818
:10FC50003FD120460899EFF737F8218CA26941433C
:10FC600051180B223846039BF8F736F8069008988F
:10FC70000122008821460005000DFFF793FD014693
:10FC80006A462089128A904223D1002921D1E28B31
:10FC900003998A421DD1069900291AD108996A460A
:10FCA00049881289891A042927D322461C491C3203
:10FCB000884208D12068B04205D00089884202D02D
:10FCC0002468F7E719E023461C3302A90A98FFF7D6
:10FCD000FEFC2468B442AFD12D68059885420CD053
:10FCE0006846298D8088814207D808986A464088EE
:10FCF0001289801A042800D368E768460089012821
:10FD000003D90A99C880002049E76846028806217D
:10FD10000A200A9B48E70000042500206407000031
:10FD200003280000FFB589B0002405460794D08859
:10FD30001646052804D00022042108460C9B20E02A
:10FD4000B168022208A80D31E3F774FDB168022200
:10FD500068460F31E3F76EFD6846028C00888242E8
:10FD60000CD8002A0AD00A98002142880C9800F08A
:10FD7000CDF8002808D045200DB0F0BD04210120A9
:10FD80000C9BFFF791FCB9E06846008CEFF75AFC3A
:10FD9000060076D0083504950498864272D06946EC
:10FDA000308D098C884230D36946098888422CD826
:10FDB000002C0AD1012107910C98052180680224AA
:10FDC00001730C980799806841730A984088001B5A
:10FDD000042857D30798012854D1201D81B23346F7
:10FDE000283302220C98F7F7D1FFA01D81B23346C9
:10FDF0002A330222A41C0C98F7F7C8FF6946A41CFA
:10FE0000308D0988A4B2884274D03746356A2037CD
:10FE1000BD42C1D060E06946A88B098C88425AD3A4
:10FE200069460988884265D8002C36D02320415D78
:10FE30000798814260D10A984088001B042802D3A9
:10FE40000799012904D0122856D30798022853D1C4
:10FE5000201D81B22B461C3302220C98F7F796FF27
:10FE6000A41C0798A4B201280DD0201D81B22B46F6
:10FE7000083310220C98F7F789FF2046103084B21F
:10FE800029E03DE036E0201D81B22B4608330222F6
:10FE90000C98F7F77BFFA01CF1E72320415D079149
:10FEA0000C9805218068022201730C9807998068DC
:10FEB00041730C98294680681C310E30E3F7BAFC78
:10FEC000079901290CD02B460833102208210C98E1
:10FED000F7F75CFF14242D68BD429CD136685BE7C0
:10FEE0000C9829468068022208311030E3F7A2FC02
:10FEF0000624F0E7002C03D00C98C48000203BE7D8
:10FF00006846028C04210A200C9B3AE710B5121DAA
:10FF1000806892B2F7F704FF10BD0000F0B5064606
:10FF20005A480C4600685A498DB04718E088154673
:10FF3000052804D21346002216210420A2E0A1685D
:10FF4000022208A80D31E3F775FC6846008C0028F2
:10FF500073D0EFF777FB01006FD068460A8D008CF5
:10FF6000824204D1024616212B4603208AE001AAD0
:10FF7000F0F7FAF9002860D1308802220005000D60
:10FF80000199FFF70FFC002804D069460A8C2B4624
:10FF9000162177E03846303021460090FEF766FFA4
:10FFA000012844D0019820308079800746D53069F7
:10FFB000810343D4C00141D4A168022209A80F31B2
:10FFC000E3F738FC0121306949040843306102201D
:10FFD00007903088069001980321878B6846868CAD
:10FFE000A0790A94401FC5B2E81D0843401C83084D
:10FFF0002648022100688C02083000193522C06CA6
:020000041006E4
:10000000FEF724F904000FD00698A080E78026812F
:10001000A57223462A4609210B330A98F7F7C6FD35
:1000200021460798FEF7FEF869200DB0F0BD68463E
:10003000028C16212B46092024E01EE0E2880021D4
:100040002846FFF763FF002801D04520EDE738463A
:1000500021462430FEF755FF21462846F7F76AFD72
:1000600021460098FEF730FFA86817210173E88841
:10007000002802D0E8806720D7E76846028C2B462C
:1000800016210120FFF710FB0020CEE704250020F9
:100090006407000070B50546C88888B00C4616464F
:1000A000052804D0134600220C2104201FE0A1687B
:1000B000022204A80D31E3F7BDFB6846028A002A3C
:1000C00013D0A168022202A80F31E3F7B3FB684600
:1000D000008AEFF7B7FA010076D068460A8D008AE9
:1000E000824207D13346024620E033466FE0FFF7F5
:1000F000DBFA66E06A46F0F737F9002864D1288811
:1001000001220005000D0099FFF74CFB002804D0E8
:1001100069460A8A33460C21E9E700986A88C18B50
:10012000D31E994205D86846028A33460C210B201B
:10013000DDE76B461B89994205D26846028A0C218D
:1001400033460720D3E72621095C49070ED52969E4
:100150000C030BD40122D20411432961828B29881C
:10016000022000F097FD692008B070BD00213046E4
:10017000FFF7CCFE002801D04520F5E7B0680D213F
:10018000017329460098EEF79FFD014600986A46E4
:10019000C38B12899B1A9CB26B885B1E9BB29C42DC
:1001A00000D31C468369008C484318188318052126
:1001B00022463046F7F7EAFD641C2004000C03D009
:1001C000F0800020D0E7FFE76846028A33460C2122
:1001D00001208CE7F7B5002092B0054608907348DF
:1001E0000C460068724916464718E088072806D072
:1001F000152804D0134600221021042045E0A168F0
:10020000022205A80D31E3F715FBA168022206A81A
:100210000F31E3F70FFB6846828A008B824231D8A8
:10022000002A2FD0102263490DA8E3F703FBE188D1
:100230000CA8019007292BD0034610220921204643
:10024000F7F7B4FC022207A808370199E3F7F2FA9E
:100250006846808B0521C902884202D0491C884229
:100260007ED16846808AEFF7D7F9040079D01298DA
:10027000002142883046FFF749FE00287ED0452005
:1002800015B0F0BD334610210120FFF70DFA7FE0D5
:100290001022484909A8E3F7CDFAA16802221131DA
:1002A0000198E3F7C7FACDE76946608D898B8842EC
:1002B00063D1002D0CD1B068112101732C20005D99
:1002C000012810D014200890B068089941730225C5
:1002D00012984088401B042857D30898062804D059
:1002E000142807D051E00620EDE72C20005D0128FE
:1002F00004D04AE02C20005D022846D1281D234668
:1003000081B22833022230460493F7F73FFDAD1C3B
:100310002046216A2030ADB2814206D0281D636A92
:1003200081B2022230461C3304E0281D81B2022231
:100330003046049BF7F72AFD0898AD1C001F81B2D8
:100340001298ADB24088401B80B2814200D208466C
:100350000390281D81B2234608333046039A02E0F9
:1003600018E01DE00AE0F7F711FD0398281885B2A0
:1003700012984088401B042807D32468BC4204D04C
:100380006946208D098B88428ED9002D08D0F580D2
:10039000002075E76846828A10213346084674E7D4
:1003A0006846828A102133460A206EE70425002021
:1003B00064070000C0460610F7B5FFB093B00746CB
:1003C0000C46002080A903908883AD48AD490068A1
:1003D00002264518E088072806D0152804D00022F8
:1003E00008210420949B4CE0A168022285A80D31CD
:1003F000E3F720FAA168022286A80F31E3F71AFA80
:1004000080A8828A008B824238D8002A36D01022F7
:100410009D498DA8E3F70EFAE088072834D089AB10
:10042000102209212046F7F7C1FB3869000337D4B1
:10043000398868460174090A417480A90A8B898A3F
:1004400089A86C4607C404AC8DAB87AA2846A11CBA
:10045000F7F7DCFC80A8808B002821D001213A69C5
:10046000C9040A433A614006020E3988A31C0220DF
:1004700000F0DCFB69207FB016B0F0BD0821012040
:10048000949BFFF711F9F2E010227F4989A8E3F766
:10049000D1F9A16802228CA81131E3F7CBF9C4E7A6
:1004A0007A8800219498FFF731FD002801D045207B
:1004B000E1E7083580A88895808AEFF7C3F8050042
:1004C00090A8019074D0B8E0294602222A31019800
:1004D000E3F7B0F9102289A98DA8E3F7B3F9002852
:1004E00006D02846203000902C6A84427ED1A3E0BA
:1004F0000398002804D0042810D0122806D0AAE0BF
:100500002C20405D012806D0122003902C20405D55
:10051000022807D09FE00420039003E02C20405DD8
:1005200001287DD1301D81B22B46283302229498B8
:10053000F7F72CFC03982B46801E82B2B01D81B2C7
:100540000833B61C9498F7F721FC03983018801EE6
:1005500086B271E080A9A08B898A884268D380A97D
:10056000098B884277D82320005D012808D02046D7
:100570000830102289A9E3F765F9002808D057E070
:100580002146022208310198E3F754F98DA8F0E7DB
:10059000388801220005000D2146FFF703F9039971
:1005A000002915D1002804D0A28B0821949B68E76C
:1005B0005FE0E18BFD2901D9FF2101E0891CC9B26F
:1005C00003917988039A891E914201D2C9B203919D
:1005D00079888A1B03998A423DDB00283BD1039826
:1005E000E18B801E0290814235D100E021E0301D78
:1005F00081B223461C3302229498F7F7C7FB394691
:100600002046EEF761FB218CA26941430298531802
:1006100082B2B01D81B29498F7F7B8FB039800E05E
:1006200019E0301886B27888811B0398814212DB6A
:100630002468009884428DD12D68889885420AD01C
:1006400080A9288D098B884205D878880399801B5A
:10065000884200DB38E7022E0BD994980921806884
:10066000017394980399806841739498C680002020
:1006700001E780A8828A08210A20949B01E70000F4
:100680000425002064070000C0460610F7B5FFB03F
:1006900085B00546002469468C815F485F49006843
:1006A00046188598C088411E042902D3C043C0075C
:1006B00004D000220E210420869B44E02869000318
:1006C0001BD403A8009004AB3046869A8599F7F7AF
:1006D00066FB6846808900280FD001222969D20470
:1006E00011434006020E2961298804AB022000F064
:1006F0009DFA69207FB008B0F0BD6A880021869815
:10070000FFF704FC002801D04520F3E78598C08856
:10071000401E87B2012677E0301D81B201AB022274
:100720008598F7F743FA68468088002832D0EEF7BC
:1007300089FF01002ED068460A8D8088824224D12C
:10074000002C03D007E0FEF7AFFF63E086980F228E
:100750008068012402736888A04253D02C22525C26
:10076000012A05D0001B80B2102806D3102004E017
:10077000001B80B2022800D302200090201D0B46EF
:1007800080B208330146009A36E002AAEFF7ECFD8A
:10079000002805D0684682880E210120869BD2E77A
:1007A000288801220005000D0299FEF7FBFF0028B2
:1007B00004D069468A880E21869BC4E7002C04D1A8
:1007C00086980F218068012401736888A04219D09F
:1007D000029A001BD18B80B2884200D30846009059
:1007E00029461046EEF770FA02998A69098C41434E
:1007F0005318201D009A81B28698F7F7C7FA00981F
:10080000201884B2B61CB6B2BE4285D3002C01D0EB
:100810008698C48000206DE704250020640700004E
:10082000FEB5044600200290C8881546032804D06F
:10083000134600220A21042026E089680222684625
:100840000D31E2F7F7FF68460088002819D0EEF76F
:10085000F9FE010073D068460A8D00880B27052633
:1008600082421DD1A86807732C20405C01280ED05D
:100870000B460833102231462846F7F787FA112035
:1008800059E02B4602465DE0FEF70EFF54E00B46B2
:100890000833022231462846F7F778FA03204AE067
:1008A00001AAEFF761FD002849D120880122000547
:1008B000000D0199FEF776FF002804D069460A88EA
:1008C0002B460A21E0E701992620405C40070ED51F
:1008D000206902030BD40122D204104320618A8BC9
:1008E00021880220029B00F0D5F96920FEBD6288B4
:1008F00000212846FFF70AFB002801D04520FEBD55
:10090000A868214607730198EEF7DEF96188491E51
:100910008AB20199CC8BA24200D214468A69098C12
:1009200041435318314622462846F7F72FFA641CF4
:100930002004000C03D0E8800020FEBDFFE76846DD
:1009400002882B460A2101209EE7F0B504468868FC
:100950000F460146007B083185B0522810D00F2584
:100960000826F888A8425CD3022203A8491DE2F7B2
:1009700061FF68468089002853D0082E03D00DE01F
:1009800003250426EDE72069400107D42088394675
:100990000005000DFCF7BAFB002842D101212069B7
:1009A00089068843206168468089EEF74BFE010086
:1009B00037D068460A8D8089824232D002AAEFF78A
:1009C000D3FC00282DD1208832460005000D029965
:1009D000FEF710FF002824D1F888401B85B202984A
:1009E000014620310A468978002902D0012902D027
:1009F00004E0C18B00E0018CA94212D391798907F0
:100A000011D521694A030ED40122920411432161B8
:100A1000E9B201970091828B21880323022000F024
:100A200061F905B0F0BD2146EEF74EF90646029891
:100A30002A468169008C70430B1807213846F7F766
:100A4000B5F80298014620318A78012A00D1C58381
:100A50008979C907E5D0018C826971435118002258
:100A600000920191C38B828B20880105090D022021
:100A700000F0A0F8D5E7F0B50446C88887B00F4667
:100A80001646032804D2134600221221042016E041
:100A9000B968022205A80D31E2F7CCFE6846808ACB
:100AA000002814D0EEF7CEFD010010D068460A8D64
:100AB000808A824206D10246334612210320FEF785
:100AC000F3FD74E002AAEFF74FFC002805D068465A
:100AD000828A122133460120F1E720880222000594
:100AE000000D0299FEF75EFE002804D069468A8A4E
:100AF00033461221E3E7F888C01E85B2029801460A
:100B000020318A78002A02D0012A02D00AE0C28B62
:100B100000E0028CAA4205D26846828A122133463E
:100B20000D20CCE78979890714D521698A0311D46E
:100B3000CA010FD40122520411432161E9B2019785
:100B40000091828B21880323022000F0CBF86920DA
:100B500007B0F0BD2146EEF7B7F801900298028C7D
:100B60008169019842438B182A4607213846F7F7D6
:100B70001DF80298014620310A468978012900D1E2
:100B8000C583B16813230B7391790125C9070DD073
:100B9000018C019A836951435918002200920191F6
:100BA000C38B828B2188022000F004F8F58000209E
:100BB000CEE70000FFB50F460646D81D03210843C7
:100BC0001D46401C8308184881B00068F10603D513
:100BD0002522BF210E4006E0392149014118097C38
:100BE000C9071CD022223107890E08180121C90229
:100BF0004018C06C3146FDF729FB040012D0A780D5
:100C00000399E1800A992181204665810C302A46AA
:100C10000B99E2F70FFE21463046FDF703FB00205B
:100C200005B0F0BD0720FBE704250020FFB50F4607
:100C30000546D01C03210843401C830881B016469A
:100C4000E80603D53A22BF20054000E037221049CC
:100C500028070968800E40180121C9024018C06C9D
:100C60002946FDF7F3FA04000FD0A7807108A1719F
:100C70002046324608300499E2F7DCFD214628463A
:100C8000FDF7D0FA002005B0F0BD0720FBE700001B
:100C900004250020F8B51D460446022316460F46DB
:100CA000C00603D53922BF20044000E036220C499B
:100CB00020070968800E40180121C9024018C06C45
:100CC0002146FDF7C3FA010007D08F80CE800D8149
:100CD0002046FDF7A7FA0020F8BD0720F8BD000068
:100CE00004250020FFB581B00A9E05460321701D32
:100CF0000843401C83081746E80603D53722BF2067
:100D0000054000E03422114928070968800E401888
:100D10000121C9024018C06C2946FDF797FA04006A
:100D200012D00298A080E7802672049923463246AA
:100D3000091D09330B98F6F739FF21462846FDF7C0
:100D400071FA002005B0F0BD0720FBE70425002064
:100D5000F8B5294D002029680A4640321378D27927
:100D6000934348D14A6E120E45D13E22525C002A6E
:100D700041D1431E21488D6A467A1A460024F60066
:100D8000AD190926F606376900887D190707012085
:100D9000002F07DA1123DB01CB189C6A631B1B02AF
:100DA0001B1228D407273F02C919C96DCF0103D5EB
:100DB0004A1B120212121ED401252D07002B06DA3F
:100DC000002A0ADA75600E48856003200AE01120C7
:100DD000000604437460002A03DB29430846F0F749
:100DE000DDF902200449096840314A78002A02D01E
:100DF000002048700320F8BD04250020C00000201A
:100E00004000004830B41348092203681120C00193
:100E10001818D206806A11690F4C411A09022588F8
:100E2000090A2D0702D430BC01207047647A9B6AFE
:100E3000E400E3188B4209D20123DB05994205D275
:100E400059000843506030BC0120704730BC00207E
:100E50007047000004250020C0000020F0B5454C7C
:100E600013252668ED01701980690027416B4248FF
:100E7000AE368DB0814242D006216846EFF7CCFDF8
:100E800069464879C02108436946487120680622AE
:100E9000401980692430EFF795FD0746102105A819
:100EA000EFF7BAFD206810224019806905A9001DDE
:100EB000EFF788FD0743102109A8EFF7ADFD206883
:100EC00010224019806909A91430EFF77BFD014613
:100ED000394313D12068294940198069264F4018A9
:100EE000800881002648081839460490E2F7C6FCBD
:100EF00004980068B84201D1002700E0FB2722686F
:100F000050198069A63224300190062001460090D5
:100F10000020FDF7C6F8002802D12068A630019015
:100F2000701D009A0199E2F785FC2268102631466F
:100F300000208032FDF7B5F8002807D0206832463F
:100F4000411989698030091DE2F774FC2268314635
:100F500000209032FDF7A5F8002807D0206832461F
:100F60004119896990301431E2F764FC38460DB0BC
:100F7000F0BD000004250020AAAAAAAA3400FCEFB4
:100F800000000410FEB5507915698007566B1F46A6
:100F90001446800F0DD1A8050CD5012040028543D1
:100FA000000105436C48306060790121084360719D
:100FB0001561FEBD280609D55120C0018543E8040E
:100FC00001D4402005436548256198E0E80439D5FF
:100FD000EFF715FE0090EFF712FE0190EFF70FFE0E
:100FE0000290012000038543032080020543256110
:100FF0006079012108436071606B39462E311022FF
:101000000C30EFF71BFE263702983870010A797012
:10101000010CB970000EF87051483060616B082205
:10102000081DC91CEFF70AFE616B022208461C303E
:101030000B31EFF703FE616B0C2268460D31EFF7C1
:10104000FDFDFEBD680235D5EFF7D9FD0190EFF744
:10105000D6FD0090EFF7D3FD014601AA00203D1810
:1010600013782035AB72401CC0B2521C0428F6D352
:1010700000983C4A00068018306000980A06000A72
:101080001043706001980A0A03061A43000AB2600E
:10109000F0603548009A03681320C00118184262B6
:1010A0008162607901210843607120698905884364
:1010B0002061FEBD6805FCD4680716D521462031A5
:1010C000487C00280DD129483060274800688030CE
:1010D000408C0004303070606279012002436271FC
:1010E0004874042085432561FEBD28070827002891
:1010F0000BDAE079BD431E490006401825613060D7
:101100006079012108435071FEBDE80610D510201A
:1011100085432561E2F77AFD1649400740183060A3
:1011200000207060B0606079012108436071FEBDED
:101130006803FCD51046E2F761FD002804D0204684
:101140004030017F394301770120800485432561C8
:101150006089E2F757FDFEBD0301060003010B00A5
:1011600003170300130D04000425002003060C0BD5
:101170000302070003090909F8B51D46144606468F
:101180000027E2F743FD01280CD01F2071780840AA
:10119000060036D00020E861FDF746FE002803D0A7
:1011A000E86907E0FF20F1E7698932460120F6F798
:1011B0003DFDE861002801D0102722E0E07D80217C
:1011C0004840E0751049286908421AD06079401EED
:1011D00060716079FF2814D1A079401EA071A079B8
:1011E000FF280ED1E079401EE071E079FF2808D198
:1011F000207A401E2072207AFF2802D1607A401E99
:1012000060723846F8BD000020280000FEB5034695
:101210002C4841270268092000021018816E6020C6
:1012200058430C18284811461018284E7F019D017C
:10123000D219AE199278C03100259A420CD10246DB
:1012400040321746928E3F8F009784273F580123E4
:1012500001977B273F5C07E08A8CCF8C0097CF6A91
:101260000023019728277F5C0297A779FF0708D002
:101270002789D21B1204120C03D12246F7F712FA67
:101280000546A079810710D522890099891A491C41
:101290000904090C09D1FD21084001ABA0713146B8
:1012A000052221311846EFF7C9FC002D09D0054869
:1012B0000096016804482B46091822460020F4F7DE
:1012C0006FFCFEBD0425002058080000CC00002063
:1012D000F0B50D4689B000270921C9060E9E1446B7
:1012E0004F60827BC17B94460B02017C0A04417CE7
:1012F000090611431943624611430491827CC17C63
:101300000B02017D0904194311430591027E417EC0
:10131000090211430691827EC17E090211430891A0
:10132000027F417F09021143009101461E31029163
:101330002030C0783146C006C00E2131079005220A
:1013400003910298EFF77AFC222047553120075588
:10135000E7730220E07006990C2251436161009905
:10136000FF220901A161207127810899A1812046EE
:10137000403006990180A771276107771B214180C2
:1013800049322B460282C0331F8A1B2F02D15F8A4B
:10139000974201D0102707771F8B8780C18001817A
:1013A00041818181C181598B41828282C2820283C3
:1013B000428301202080A06A0080A06A4480288C9B
:1013C0002F49401C80B2884202D94942401880B25D
:1013D00060812884A06AC727C772052203990298F2
:1013E000EFF72CFC0020F072218D3182F07504980B
:1013F000B0610598F061202107988855E2F706FC56
:101400008021012800D1B1754220039080350290DF
:10141000686B0080686BC772A88E7082C020607194
:10142000B172A078174EC008C000401DA0701648C9
:101430000088A16A400119308872696B0A2088729D
:10144000F6F7A6FA696B0322C91D0398EFF748FC6B
:10145000696B03223046091DEFF742FC0120FDF7BE
:1014600089FDA16A0322C91D0298EFF739FCA16A20
:1014700003220648091DEFF733FC09B0F0BD000058
:10148000FF0E00002C01B000C0000020FA00300068
:10149000F7B592B00F46040004D0002F06D114987F
:1014A000002803DD6120400115B0F0BD149800282C
:1014B00004DB102804DA2079800601D49448F3E78D
:1014C0002079410701D4810702D59148401CEBE700
:1014D0004021084320712046143000250F9014301D
:1014E00001901EE00026B00004904019C01903903E
:1014F000E6F7EBFF00BA010A03980902C07807AAD1
:1015000001430498761C0019406941400498042E58
:101510001150E8DB636A07A8019A0F9900F07CFA82
:10152000059D28461030059014998842DADB207911
:10153000800620D400291EDD0026B000049040194A
:10154000C0190390E6F7C1FF00BA010A0398090227
:10155000C07807AA01430498761C001940694140ED
:101560000498042E1150E8DB636A07A8019A0F99CA
:1015700000F052FACAE000200B900C900D900E90F3
:101580000BA9636A0846019A00F046FA0B98872176
:10159000C00F48430B990C9A4900D20F11430B918D
:1015A0000C990D9A4900D20F11430C910D990E9A86
:1015B0004900D20F11430D910E99149A49004140F0
:1015C000284610300E9190421CD10026B0000290A7
:1015D0004019C0190490E6F778FF00BA010A049890
:1015E0000902C0780BAB01430298761C00194269CE
:1015F0000298185842405140029807AA1150042EF0
:10160000E4DB79E00B988722C00F50430B9A0C9BC8
:101610005200DB0F1A430B920C9A0D9B5200DB0F0A
:101620001A430C920D9ACB0F52001A430D924A00A6
:10163000424014980E92401B0390C017820F0398EB
:10164000002610188010029019E0B0001090401988
:10165000C0190490E6F739FF00BA010A049809029C
:10166000C0780BAB014310980019426910981858C4
:1016700042405140109807AA11500298761CB0427F
:10168000E3DCB00001190BAA49691258514007AABE
:101690001150039B00211B1A42199C4696460BE0F1
:1016A00072465218BA5CCD0018235B1B9A4007ABF8
:1016B0001D586A401A50491C8C45F1DC002909D09C
:1016C000CD00182107AA4D1B13588021A9404B407B
:1016D000135005E007A90A580123DB075A400A50B6
:1016E00007A90BAA05E0B00003195B6915586B4008
:1016F0000B50761C042EF6DB636A07A8019A0F993B
:1017000000F08AF920790421084320710020CBE6FB
:101710001D0C0000F8B516460F46040009D0002E37
:1017200007D025468035E86D401E102804D31348A5
:10173000F8BD61204001F8BD2079400604D40022A4
:1017400011462046FFF7A4FE2079022108432071AC
:10175000002018210CE0C217920F12189208920074
:10176000121983075269DB0ECB1ADA403A54401C37
:10177000EA6D8242EFDC00203260F8BD1F0C0000F1
:1017800010B5040007D002230022A16800F00CFA73
:10179000010003D00CE06120400110BD1020206149
:1017A0000020024683001B19401C5A610428F9DB03
:1017B000084610BDFFB5D908490083B0891D0291C4
:1017C0000368116854684B404168956861408468BB
:1017D000C0686C40A446D4681E0E60408B4CC5B2F5
:1017E000A65D655D3606354367460E023F04360E3C
:1017F0003F0EA65DE75D36043F023E433543AE46ED
:101800000F0EDDB2E75D665D3F063E4365462F0283
:1018100005043F0E2D0EE75D655D3F042D022F434D
:101820003E43CDB20096665D65462F0EE75D1D0412
:101830003F063E4307023F0E2D0EE75D655D3F0408
:101840002D022F433E4301966546EDB2070E665DBD
:10185000E75D0D043F063E431F023F0EE75D2D0E80
:10186000645D3F0424022743029C3E43641E103201
:101870000294002C63DD664C7046204043007046A5
:101880006449C00908401B21484343407046584002
:101890001821C841434070461021C841434070465A
:1018A0000821C841434010685A4D43400098594FA1
:1018B000204041000098C00928401B256843414052
:1018C000009818254840E841414000981025E8411B
:1018D000414000980825E84141405068019D414041
:1018E0000198ED0920403D4040001B277D436840A2
:1018F000019F05467D401827FD416840019D102746
:10190000FD416840019D0827FD4168409568684099
:101910008446304620403F4DF4092C4040001B25B2
:101920006C436040044674401825EC41604010242C
:101930003546E54108246840E64170404BE7334CAA
:10194000C5B2665D1D0E645D240626430C02250E9D
:101950002E4C645D65462D042F0E2C4D2404ED5D48
:101960002D022C432643294C0096DDB2655D0E0EF8
:10197000A45D2406254364462402260E234CA45D60
:101980000604370E214E2404F65D36023443254307
:10199000AE461E4CCDB2645D65461C4E2F0EF55D05
:1019A0002D062C4305022F0EF55D1F042E043D0E5F
:1019B000164F7F5D65463F023E433443EEB2134D02
:1019C000AF5D050E1148405D000607431802030E87
:1019D0000E48C05C09040B0E0C490004C95C9368F6
:1019E0000902084307431068009E63405168049C45
:1019F0007040D26820607546049869404160049840
:101A00007A4083600498C26007B0F0BDD0460610EB
:101A10007F7F7F7F0101010100B5FFF7CBFE00BD95
:101A2000F7B50298860800240DE00098A7003D183D
:101A30002846E6F74AFD00BA000AE97800020843A2
:101A40000199641CC851B442EFDB0199029A08461F
:101A500000F002F8FEBD0000F0B59208002303E09C
:101A60009C0005590D515B1C9342F9DB4D4FF81F4B
:101A7000F938042A48D0062A6DD0082A43D1002319
:101A8000CA6915022D0E140E455D045D2D062C430A
:101A900015042D0ED2B2455D825C2D041202154351
:101AA0002C439D007D590A686A40544001225B1C0A
:101AB0000C62940065180C59EE69521C66402E6247
:101AC000042AF6DBCA6A150ED4B2455D045D2D0604
:101AD0002C4315022D0E1204455D120E825C2D045E
:101AE000120215430A692C43544005220C639400EA
:101AF00065180C59EE69521C66402E62082AF6DB06
:101B00002031072BBCDDF0BD0022CB681D022D0E5D
:101B10001C0E455D045D2D062C431D042D0EDBB20D
:101B2000455DC35C2D041B021D432C4395007D596C
:101B30000B686B405C400123521C0C619C006518D3
:101B40000C59EE685B1C66402E61042BF6DB1031ED
:101B5000092ADADDF0BD0022CB681D022D0E1C0E15
:101B6000455D045D2D062C431D042D0EDBB2455D45
:101B7000C35C2D041B021D432C4395007D590B684B
:101B80006B405C400123521C0C619C0065180C5991
:101B9000EE685B1C66402E61042BF6DB1831092AC7
:101BA000DADDF0BDD0470610F8B59E468C46002819
:101BB00007D0002905D059078C0F002A04D1012C29
:101BC00002D061204001F8BD416A102903D01829D4
:101BD00001D0202905D1012C05D00169491E102909
:101BE00001D31E48F8BDC2600179F9231940017183
:101BF000012C20D000210B468D002D18491C6B6153
:101C00000429F9DB0021182712E0CB179B0F5B1882
:101C10009B089B001D182B46143300938B07565CC2
:101C2000DB0EFB1A6D699E403543009B491C1D600D
:101C300003698B42E9DC0179C9070CD161468160F7
:101C40007146C90701D0032C05D10146426A2831EB
:101C50006046FFF7E5FE0020F8BD00001F0C000005
:101C6000669A0C200008A4AEEE115934207B704413
:101C7000669A0C200008A4AEEE115934217B704402
:101C8000669A0C200008A4AEEE115934227B7044F1
:101C9000669A0C200008A4AEEE115934237B7044E0
:101CA000669A0C200008A4AEEE115934247B7044CF
:101CB000669A0C200008A4AEEE115934257B7044BE
:101CC00004030100FFFFFFFFFFFFFFFFFFFFFFFF18
:101CD0000000000000000000000000000100000003
:101CE000FFFFFFFF512563FCC2CAB9F3849E17A70B
:101CF000ADFAE6BCFFFFFFFFFFFFFFFF00000000A3
:101D0000FFFFFFFF0003010040000000060000008D
:101D1000023F00023E30023C20023B4C023A4002AD
:101D200039B202345B02350B00000000B2400610ED
:101D3000B5400610B84006100D0A202D2D2D2D207F
:101D40001B5B346D426C6520536D617274206C6F47
:101D5000636B20312E312E301B5B306D202D2D2DED
:101D60002D200D0A00000000417070005465726D56
:101D7000000000004C69676874000000426C650058
:101D80004170703A204E564D206D656D6F7279200E
:101D90007772697474656E2077697468206465660B
:101DA00061756C742076616C756573210D0A000095
:101DB0004170703A20746865206C6F636B206973A2
:101DC000206C6F6B65642C2063616E2774206F70CC
:101DD000656E2E0D0A0000004170703A206F70652C
:101DE0006E2074686520446F6F722E0D0A0000002B
:101DF0004170703A20756E6C6F636B20746865205B
:101E00006C6F636B2E0D0A004170703A2043616E57
:101E1000277420756E6C6F636B20696620756E6326
:101E20006F6E6E6563746564206465766963652EA4
:101E30000D0A00004170703A20626C652072616486
:101E4000696F206572726F7220210D0A0000000018
:101E50004170703A206465766963652064697363D4
:101E60006F6E6E65637465642E0D0A004170703A82
:101E70002064657669636520636F6E6E6563746563
:101E8000642E0D0A000000004170703A20646F6FEC
:101E900072206973206F70656E2E0D0A00000000BD
:101EA0004170703A20646F6F7220697320636C6FA9
:101EB00073652E0D0A0000004170703A204E564D99
:101EC000206D656D6F7279207772697474656E210B
:101ED0000D0A0000426C653A204661696C65642019
:101EE000746F207365742050494E3A2025733A2050
:101EF00025730D0A00000000426C653A20466169B6
:101F00006C656420746F2067657420626F6E646511
:101F100064206465766963653A2025730D0A0000C4
:101F2000426C653A20757064617465206368617203
:101F30002076616C7565206572726F723A20257328
:101F40000D0A0000426C653A205365742064657682
:101F5000696365206E616D65206572726F723A20EB
:101F600025730D0A00000000426C653A207374610D
:101F7000636B20696E69743A2025730D0A000000B6
:101F8000426C653A20696E697420646576696365A0
:101F9000206572726F723A2025730D0A00000000EE
:101FA000426C653A20696E697469616C6973656435
:101FB000207769746820737563636573730D0A0015
:101FC000426C653A2061646420736572766963656A
:101FD000206572726F723A2025730D0A00000000AE
:101FE000426C653A20757064617465207768697425
:101FF000656C697374206572726F723A2025730D77
:102000000A000000426C653A20646973636F76656C
:102010007261626C6520696E20626F6E64206D6F04
:1020200064652E0D0A000000426C653A20646973F5
:10203000636F76657261626C652E0D0A00000000A8
:10204000426C653A206D616B6520646973636F76DD
:10205000657261626C65206572726F723A202573D9
:102060000D0A0000426C653A20636C656172207352
:10207000656375726974792064617461206261734B
:1020800065206572726F723A2025730D0A00000098
:10209000426C653A20736563757269747920646176
:1020A0007461206261736520636C65617265640DA3
:1020B0000A000000426C653A20736C6176652073FB
:1020C00065637572697479207265717565737420C2
:1020D0006572726F723A2025730D0A006863695F3A
:1020E000646973636F6E6E656374696F6E5F636F4F
:1020F0006D706C6574655F6576656E740D0A0000C1
:10210000095374617475733A307825780D0A0000AC
:1021100009436F6E6E656374696F6E5F48616E64CC
:102120006C653A307825780D0A0000000952656127
:10213000736F6E3A307825780D0A00004D61737424
:1021400065720000536C6176650000005075626C2A
:1021500069632044657669636520416464726573D0
:102160007300000052616E646F6D20446576696390
:102170006520416464726573730000006863695F81
:102180006C655F636F6E6E656374696F6E5F636FBE
:102190006D706C6574655F6576656E740D0A000020
:1021A00009526F6C653A25730D0A00000950656588
:1021B000725F416464726573735F547970653A2528
:1021C000730D0A0009506565725F4164647265733E
:1021D000733A3078257825782578257825782578FC
:1021E0000D0A000009436F6E6E5F496E746572766A
:1021F000616C3A2575206D730D0A000009436F6EFE
:102200006E5F4C6174656E63793A307825780D0A9B
:1022100000000000095375706572766973696F6E0E
:102220005F54696D656F75743A2575206D730D0A7D
:1022300000000000094D61737465725F436C6F6349
:102240006B5F41636375726163793A25730D0A00B0
:102250006863695F6C655F656E68616E6365645F26
:10226000636F6E6E656374696F6E5F636F6D706CC4
:102270006574655F6576656E740D0A000950656565
:10228000725F416464726573735F547970653A502C
:1022900075626C6963204465766963652041646496
:1022A000726573730D0A000009506565725F4164C1
:1022B00064726573735F547970653A52616E646FCE
:1022C0006D2044657669636520416464726573734B
:1022D0000D0A000009506565725F416464726573A0
:1022E000735F547970653A5075626C696320496414
:1022F000656E7469747920416464726573730D0A44
:102300000000000009506565725F41646472657386
:10231000735F547970653A52616E646F6D20285313
:10232000746174696329204964656E7469747920E5
:10233000416464726573730D0A000000094C6F6399
:10234000616C5F5265736F6C7661626C655F507231
:1023500069766174655F416464726573733A30785D
:102360002578257825782578257825780D0A0000A8
:1023700009506565725F5265736F6C7661626C655A
:102380005F507269766174655F41646472657373EE
:102390003A30782578257825782578257825780DA0
:1023A0000A0000006163695F6761705F7061697254
:1023B000696E675F636F6D706C6574655F65766588
:1023C0006E740D0A00000000092053746174757367
:1023D0003A25730D0A0000000920526561736F6E83
:1023E0003A25730D0A0000006163695F67617474C8
:1023F0005F6174747269627574655F6D6F6469663C
:102400006965645F6576656E740D0A0009417474D0
:10241000725F48616E646C653A307825780D0A0009
:10242000094F66667365743A25750D0A0000000051
:1024300009417474725F446174615F4C656E6774C6
:10244000683A25750D0A00006163695F67617474FD
:102450005F726561645F7065726D69745F726571EA
:102460005F6576656E740D0A0000000009417474A2
:102470007269627574655F48616E646C653A307844
:1024800025780D0A000000006863695F6861726466
:10249000776172655F6572726F725F6576656E7483
:1024A0000D0A00006863695F656E63727970746914
:1024B0006F6E5F6368616E67655F6576656E740DEC
:1024C0000A0000004C696E6B204C6576656C2045F7
:1024D0006E6372797074696F6E206973204F4E203D
:1024E00077697468204145532D43434D0000000037
:1024F00009456E6372797074696F6E5F456E6162D3
:102500006C65643A25730D0A000000006863695F1A
:10251000726561645F72656D6F74655F7665727315
:10252000696F6E5F696E666F726D6174696F6E5F01
:10253000636F6D706C6574655F6576656E740D0AAA
:10254000000000006863695F6E756D6265725F6FA1
:10255000665F636F6D706C657465645F7061636BFB
:102560006574735F6576656E740D0A006863695FF4
:10257000656E6372797074696F6E5F6B65795F7297
:102580006566726573685F636F6D706C6574655FB7
:102590006576656E740D0A006863695F72785F61C5
:1025A000636C5F646174615F6576656E740D0A00CB
:1025B0006863695F6C655F6164766572746973698D
:1025C0006E675F7265706F72745F6576656E740DAD
:1025D0000A0000006863695F6C655F636F6E6E651B
:1025E0006374696F6E5F7570646174655F636F6D4E
:1025F000706C6574655F6576656E740D0A00000029
:102600006863695F6C655F726561645F72656D6F59
:1026100074655F757365645F666561747572657313
:102620005F636F6D706C6574655F6576656E740D64
:102630000A0000006863695F6C655F6C6F6E675FBE
:102640007465726D5F6B65795F72657175657374C2
:102650005F6576656E740D0A000000006863695F4F
:102660006C655F646174615F6C656E6774685F63FD
:1026700068616E67655F6576656E740D0A000000BF
:102680006863695F6C655F726561645F6C6F6361ED
:102690006C5F703235365F7075626C69635F6B6555
:1026A000795F636F6D706C6574655F6576656E7478
:1026B0000D0A00006863695F6C655F67656E65722F
:1026C0006174655F64686B65795F636F6D706C657D
:1026D00074655F6576656E740D0A00006863695FF6
:1026E0006C655F6469726563745F6164766572745A
:1026F0006973696E675F7265706F72745F65766526
:102700006E740D0A000000006163695F6761705FAD
:102710006C696D697465645F646973636F76657213
:1027200061626C655F6576656E740D0A000000007D
:102730006163695F6761705F706173735F6B657917
:102740005F7265715F6576656E740D0A000000004A
:102750006163695F6761705F617574686F72697AE0
:102760006174696F6E5F7265715F6576656E740D19
:102770000A0000006163695F6761705F736C617676
:10278000655F73656375726974795F696E69746991
:10279000617465645F6576656E740D0A0000000003
:1027A0006163695F6761705F626F6E645F6C6F73B6
:1027B000745F6576656E740D0A0000006163695F81
:1027C0006761705F70726F635F636F6D706C65746B
:1027D000655F6576656E740D0A0000006163695F70
:1027E0006761705F616464725F6E6F745F7265735E
:1027F0006F6C7665645F6576656E740D0A00000027
:102800006163695F6761705F6E756D657269635F53
:10281000636F6D70617269736F6E5F76616C756501
:102820005F6576656E740D0A00000000094E756DD7
:10283000657269635F56616C75653A25750D0A00AE
:102840006163695F6761705F6B65797072657373EF
:102850005F6E6F74696669636174696F6E5F6576D8
:10286000656E740D0A0000006163695F67617474CE
:102870005F70726F635F74696D656F75745F6576A5
:10288000656E740D0A0000006163695F6174745FB6
:1028900065786368616E67655F6D74755F72657397
:1028A000705F6576656E740D0A0000006163695F94
:1028B0006174745F66696E645F696E666F5F72658E
:1028C00073705F6576656E740D0A00006163695F01
:1028D0006174745F66696E645F62795F7479706554
:1028E0005F76616C75655F726573705F6576656E46
:1028F000740D0A006163695F6174745F726561647D
:102900005F62795F747970655F726573705F657619
:10291000656E740D0A0000006163695F6174745F25
:10292000726561645F726573705F6576656E740D64
:102930000A0000006163695F6174745F72656164BD
:102940005F626C6F625F726573705F6576656E74EF
:102950000D0A00006163695F6174745F7265616490
:102960005F6D756C7469706C655F726573705F65BF
:1029700076656E740D0A00006163695F6174745F4F
:10298000726561645F62795F67726F75705F747999
:1029900070655F726573705F6576656E740D0A00B1
:1029A0006163695F6174745F707265706172655FA5
:1029B00077726974655F726573705F6576656E7452
:1029C0000D0A00006163695F6174745F6578656317
:1029D0005F77726974655F726573705F6576656E47
:1029E000740D0A006163695F676174745F696E6486
:1029F00069636174696F6E5F6576656E740D0A0058
:102A00006163695F676174745F6E6F74696669633F
:102A10006174696F6E5F6576656E740D0A00000003
:102A20006163695F676174745F70726F635F636F26
:102A30006D706C6574655F6576656E740D0A000077
:102A40006163695F676174745F6572726F725F72F0
:102A50006573705F6576656E740D0A006163695F0A
:102A6000676174745F646973635F726561645F63F7
:102A70006861725F62795F757569645F72657370B2
:102A80005F6576656E740D0A000000006163695F22
:102A9000676174745F77726974655F7065726D6980
:102AA000745F7265715F6576656E740D0A00000073
:102AB0006163695F676174745F726561645F6D759E
:102AC0006C74695F7065726D69745F7265715F6562
:102AD00076656E740D0A00006163695F67617474E6
:102AE0005F74785F706F6F6C5F617661696C616253
:102AF0006C655F6576656E740D0A00006163695FE1
:102B0000676174745F7365727665725F636F6E661A
:102B100069726D6174696F6E5F6576656E740D0ABA
:102B2000000000006163695F676174745F707265C3
:102B3000706172655F77726974655F7065726D69E7
:102B4000745F7265715F6576656E740D0A000000D2
:102B50006163695F6C326361705F636F6E6E656342
:102B600074696F6E5F7570646174655F72657370B0
:102B70005F6576656E740D0A000000006163695F31
:102B80006C326361705F70726F635F74696D656FE3
:102B900075745F6576656E740D0A00006163695F28
:102BA0006C326361705F636F6E6E656374696F6EC4
:102BB0005F7570646174655F7265715F6576656E7F
:102BC000740D0A006163695F6C326361705F636FEB
:102BD0006D6D616E645F72656A6563745F6576656D
:102BE0006E740D0A000000006163695F68616C5FCC
:102BF0007363616E5F7265715F7265706F72745F2F
:102C00006576656E740D0A006163695F68616C5F6B
:102C100066775F6572726F725F6576656E740D0AB6
:102C200000000000504153534B45595F454E5452EC
:102C3000595F4641494C4544000000004F4F425FF8
:102C40004E4F545F415641494C41424C45000000B3
:102C5000415554485F5245515F43414E4E4F545F7A
:102C600042455F4D45540000434F4E4649524D5F2B
:102C700056414C55455F4641494C454400000000D3
:102C800050414952494E475F4E4F545F5355505043
:102C90004F52544544000000494E535546465F4547
:102CA0004E4352595054494F4E5F4B45595F53491B
:102CB0005A450000434D445F4E4F545F53555050AA
:102CC0004F52544544000000554E53504543494629
:102CD0004945445F524541534F4E000056455259B5
:102CE0005F4541524C595F4E4558545F41545445DD
:102CF0004D505400534D5F494E56414C49445F502E
:102D00004152414D53000000534D505F53435F44C7
:102D1000484B45595F434845434B5F4641494C4505
:102D200044000000534D505F53435F4E554D434F99
:102D30004D50415249534F4E5F4641494C45440026
:102D4000537563636573730054696D656F757400C3
:102D500050616972696E67204661696C6564000044
:102D6000456E6372797074696F6E206661696C6517
:102D7000642C204C544B206D697373696E67206F0F
:102D80006E206C6F63616C2064657669636500001A
:102D9000456E6372797074696F6E206661696C65E7
:102DA000642C204C544B206D697373696E67206FDF
:102DB0006E20706565722064657669636500000049
:102DC000456E6372797074696F6E206E6F742073D4
:102DD0007570706F727465642062792072656D6FB2
:102DE00074652064657669636500000035303020C5
:102DF00070706D003235302070706D0031353020CC
:102E000070706D003130302070706D00373520707B
:102E1000706D000035302070706D00003330207010
:102E2000706D000032302070706D00007375636348
:102E300065737300756E6B6E6F776E2068636920C3
:102E4000636F6D6D616E6400756E6B6E6F776E2073
:102E5000636F6E6E657874696F6E20696400000040
:102E60006861726477617265206661696C7572650C
:102E700000000000556E6B6E6F77206572726F7286
:102E80000000000061757468656E7469636174693F
:102E90006F6E206661696C75726500006B657920E4
:102EA0006D697373696E67006D656D6F727920630C
:102EB00061706163697479206578636565646564D0
:102EC00000000000636F6E6E656374696F6E20743E
:102ED000696D656F75740000636F6D6D616E642060
:102EE000646973616C6C6F7765640000756E7375EF
:102EF00070706F72746564206665617475726500C8
:102F0000696E76616C69642068636920636D642012
:102F1000706172616D7300007465726D696E6174C9
:102F200065642072656D6F7465207573657200004D
:102F30007465726D696E61746564206C6F63616C39
:102F40005F686F7374000000756E73757070207227
:102F50006D7420666561747572650000756E7370BE
:102F6000656369666965640070726F636564757234
:102F7000652074696D656F7574000000696E737407
:102F8000616E7420706173736564000070617261BA
:102F90006D65746572206F7574206F662072616E46
:102FA00067650000686F73742062757379207061C3
:102FB0006972696E67000000636F6E74726F6C6C8B
:102FC0006572206275737900646972656374656403
:102FD000206164766572746973696E672074696DC7
:102FE000656F757400000000636F6E6E65637469D1
:102FF0006F6E20656E642077697468206D69632048
:103000006661696C75726500636F6E6E6563746985
:103010006F6E206661696C656420746F20657374DF
:1030200061626C6973680000756E6B6E6F776E20FD
:10303000636F6E6E656374696F6E20696400000073
:10304000696E76616C696420706172616D730000F5
:10305000627573790000000070656E64696E6700C8
:103060006E6F7420616C6C6F776564006572726F4F
:10307000720000006F7574206F66206D656D6F7251
:1030800079000000696E76616C6964206369640090
:1030900064657669636520696E20626C61636B6C40
:1030A000697374006373726B206E6F7420666F7542
:1030B0006E64000069726B206E6F7420666F756EAF
:1030C00064000000646576696365206E6F74206635
:1030D0006F756E6400000000736563206462206693
:1030E000756C6C00646576696365206E6F74206230
:1030F0006F6E646564000000696E7375666669636F
:1031000069656E7420656E63206B657973697A6595
:1031100000000000696E76616C69642068616E640D
:103120006C6500006F7574206F662068616E646C5A
:1031300065000000696E76616C6964206F7065726D
:103140006174696F6E000000636861726163206181
:103150006C7265616479206578697374730000002E
:10316000696E73756666696369656E7420726573EE
:103170006F7572636573000073617469736679209B
:103180007065726D697373696F6E206572726F72AC
:103190000000000061646472657373206E6F7420B8
:1031A0007265736F6C766564000000006E6F207648
:1031B000616C696420736C6F740000007363616EEE
:1031C0002077696E646F772073686F7274000000F7
:1031D0006E657720696E74657276616C20666169D0
:1031E0006C656400696E74657276616C20746F6FD3
:1031F000206C6172676500006C656E67746820669C
:1032000061696C656400000070726F66696C6520AE
:10321000616C726561647920696E697469616C6959
:103220007A6564006E756C6C20706172616D00006F
:10323000466C6173682072656164206661696C65C3
:1032400064000000466C61736820777269746520C1
:103250006661696C65640000466C61736820657224
:10326000617365206661696C6564000074696D65F1
:103270006F7574004E6F7620323420323032340055
:10328000312E312E300000002573202D2025730DA6
:103290000A0000001B5B316D252D3134733A201B71
:1032A0005B306D00456E61626C65640044697361FA
:1032B000626C656400000000656E61626C65000010
:1032C0003100000064697361626C6500496E76616B
:1032D0006C696420617267756D656E742E2055731C
:1032E000652027656E61626C6527206F72202764F8
:1032F000697361626C65270D0A0000004572726F88
:10330000723A20496E76616C6964206E756D6265F3
:1033100072206F6620617267756D656E7473210D22
:103320000A000000566572626F73653A2025730DBE
:103330000A000000496E76616C69642061726775ED
:103340006D656E742E20446576696365206E616DCF
:1033500065206D757374206265203120746F20259F
:10336000642063686172616374657273206C6F6E50
:10337000672E0D0A00000000446576696365206EC3
:10338000616D653A20272573270D0A002575000019
:103390004572726F723A20496E707574206D757344
:1033A000742062652061206E756D626572210D0A60
:1033B000000000004572726F723A2050696E206DF5
:1033C00075737420626520302D3939393939390DDA
:1033D0000A00000050696E3A20253036750D0A004B
:1033E0004272696768746E6573733A2025752E257D
:1033F0007525250D0A00000025752E257500000095
:103400004572726F723A20496E76616C6964206908
:103410006E70757420666F726D6174210D0A000004
:103420004572726F723A204272696768746E657392
:1034300073207468726573686F6C64206D75737443
:1034400020626520302E30252520746F20313030E9
:103450002E3025250D0A00004272696768746E657A
:103460007373207468726573686F6C643A20257595
:103470002E257525250D0A004E6F2064657669633B
:103480006520626F6E646564210D0A002020202093
:1034900020202041646472657373202020205479B9
:1034A00070650D0A00000000307825303278253034
:1034B0003278253032782530327825303278253010
:1034C00032782020202000005075626C6963000073
:1034D00052616E646F6D0000436C656172696E6766
:1034E00020626F6E64656420646576696365732E1F
:1034F0000D0A00005265736574696E6720636F6E14
:1035000066696720616E6420636C656172696E67CD
:1035100020626F6E64656420646576696365732EEE
:103520000D0A00001B5B316D1B5B33326D62736CE7
:103530003E1B5B306D0000001B5B44001B5B4300C7
:103540001B5B337E000000001B5B3F32356C1B5B56
:10355000730000001B5B4B00257300001B5B751B99
:103560005B3F3235680000001B5B3F32356C1B5BF4
:10357000440000001B5B731B5B4B00001B5B324A6B
:103580001B6300001B5B316D1B5B33326D62736C20
:103590003E1B5B306D2573000D0A25730000000093
:1035A0000D0A1B5B316D1B5B33326D62736C3E1B0E
:1035B0005B306D25730000001B5B25207544000007
:1035C0001B5B75001B5B431B5B3F323568000000D3
:1035D00076657273696F6E0068656C70000000003C
:1035E000766572626F7365006E616D650000000044
:1035F00070696E00627269006272692D7468000001
:10360000636F6E6669670000626F6E6465640000D8
:10361000626F6E6465642D636C656172000000000A
:103620007265736574000000746F7000272573273E
:1036300020756E6B6E6F776E20636F6D6D616E645B
:103640002120506C6561736520757365202768655E
:103650006C70272E0D0A00001B5B316D000000000E
:103660002025397320000000202052756E6E696E8F
:10367000672020200000000020205265616479202E
:1036800020202020000000002020426C6F636B652A
:103690006420202000000000202053757370656EA8
:1036A0006465642000000000202044656C6574653A
:1036B00064202020000000002020556E6B6E6F7784
:1036C0006E202020000000002020252D38752000CD
:1036D0002020252D31307520000000002020257588
:1036E0002E257525250000001B5B306D0D0A1B5B28
:1036F0004B000000205461736B204E616D652020EB
:10370000205374617465202020202020205072698D
:103710006F72697479202020537461636B20467244
:1037200065652020204350552055736167650D0A5B
:10373000000000001B5B324A000000001B5B3F32B0
:10374000356C1B5B4800000020274374726C202BF3
:1037500020432720746F20717569742E00000000CB
:103760001B5B3F3235680000446973706C617920DF
:1037700076657273696F6E20696E666F726D6174C3
:10378000696F6E732E000000446973706C6179205C
:1037900068656C702E000000526561642F77726955
:1037A000746520766572626F7365206D6F64652E37
:1037B000203120746F20656E61626C652C20302092
:1037C0002864656661756C742920746F2064697360
:1037D00061626C652E000000526561642F7772692A
:1037E000746520646576696365206E616D65202867
:1037F00064656661756C742069732027426C65206E
:10380000536D617274204C6F636B27292E0000008A
:10381000526561642F77726974652050494E206348
:103820006F6465202864656661756C742069732017
:10383000323135343236292E000000005265616481
:1038400020616D6269656E74206272696768746E6A
:103850006573732E00000000526561642F777269F2
:103860007465206461792F6E69676874207468726A
:103870006573686F6C64202864656661756C74207C
:10388000697320353025292E0000000053686F77BA
:1038900020616C6C20636F6E666967757261746914
:1038A0006F6E2E00446973706C61792074686520B6
:1038B0006C697374206F662070616972656420643E
:1038C0006576696365732E0052656D6F766520615C
:1038D0006C6C2070616972656420646576696365EB
:1038E0007320286F7220686F6C6420746865206292
:1038F0006F6E6420627574746F6E20666F72206DD7
:103900006F7265207468616E2033207365636F6E1B
:103910006473292E00000000526573657420636F84
:103920006E66696775726174696F6E20746F20646A
:10393000656661756C742E0053686F7720746173CF
:103940006B732073746174652E0000004170703ACF
:10395000205265626F6F74696E67202E2E2E0D0ADD
:1039600000000000000000008249030000004842FF
:10397000426C6520536D617274204C6F636B000064
:10398000700E0410780E0410800E0410040E041043
:10399000680E0410242C06103C2C0610502C061027
:1039A000682C0610802C0610982C0610B42C0610DB
:1039B000C82C0610DC2C0610F42C0610082D06105E
:1039C000242D0610402D0610482D0610502D0610EF
:1039D000602D0610902D0610C02D0610EC2D06103F
:1039E000F42D0610FC2D0610042E06100C2E0610C9
:1039F000142E06101C2E0610242E06102C2E061037
:103A0000342E0610482E0610602E0610742E061056
:103A1000842E06109C2E0610A82E0610C42E06100A
:103A2000742E0610742E0610742E0610D82E061052
:103A3000742E0610742E0610742E0610742E0610A6
:103A4000EC2E0610002F0610182F0610742E0610EC
:103A5000742E0610302F0610742E0610742E0610C9
:103A6000742E0610482F0610742E0610742E0610A1
:103A7000742E0610742E06105C2F0610742E06107D
:103A8000742E0610682F0610742E0610742E061061
:103A9000742E0610742E0610742E06107C2F06103D
:103AA000742E0610742E0610742E0610742E061036
:103AB000742E0610742E0610742E06108C2F06100D
:103AC000742E0610742E0610742E0610742E061016
:103AD000742E0610742E0610742E0610A42F0610D5
:103AE000742E0610B82F0610742E0610C82F06105C
:103AF000E82F061008300610742E06102830061025
:103B0000643206104030061050300610742E061035
:103B100058300610603006106C30061074300610F5
:103B2000742E0610742E0610742E0610742E0610B5
:103B3000742E0610742E0610742E06108430061093
:103B4000742E0610742E0610742E0610742E061095
:103B5000742E0610742E0610742E0610742E061085
:103B600090300610A4300610B4300610C430061091
:103B7000D8300610E4300610F83006101431061064
:103B80002431061034310610483106106031061019
:103B900078310610742E0610742E0610742E06103E
:103BA000742E0610742E0610742E0610742E061035
:103BB000742E0610742E0610742E06109431061002
:103BC000742E0610742E0610742E0610742E061015
:103BD000742E0610742E0610742E0610742E061005
:103BE000742E0610742E0610742E0610742E0610F5
:103BF000742E0610742E0610742E0610742E0610E5
:103C0000742E0610AC310610BC310610D0310610EF
:103C1000E4310610F8310610742E0610742E0610CA
:103C2000742E0610742E0610742E0610742E0610B4
:103C3000742E0610742E0610742E0610742E0610A4
:103C4000742E0610742E0610742E0610742E061094
:103C5000742E0610742E0610742E0610742E061084
:103C6000742E0610742E0610742E0610742E061074
:103C7000742E0610742E0610742E0610742E061064
:103C8000742E0610742E0610742E0610742E061054
:103C9000742E0610742E0610742E0610742E061044
:103CA000742E0610742E0610742E0610742E061034
:103CB000742E0610742E0610742E0610742E061024
:103CC000742E0610742E0610742E0610742E061014
:103CD000742E0610742E0610742E0610742E061004
:103CE000742E0610742E0610742E0610742E0610F4
:103CF000742E0610742E0610742E0610742E0610E4
:103D0000742E0610742E0610742E0610742E0610D3
:103D1000742E0610742E0610742E0610742E0610C3
:103D2000742E0610742E0610742E0610742E0610B3
:103D3000742E0610742E0610742E0610742E0610A3
:103D4000742E0610742E0610742E0610742E061093
:103D5000742E0610742E0610742E0610742E061083
:103D6000742E0610742E0610742E0610742E061073
:103D7000742E0610742E0610742E0610742E061063
:103D8000742E0610742E0610742E0610742E061053
:103D9000742E0610742E0610742E0610742E061043
:103DA000742E0610742E0610742E0610742E061033
:103DB000742E0610742E0610742E0610083206108B
:103DC00024320610742E0610742E0610742E06105F
:103DD000742E0610742E0610742E0610742E061003
:103DE000742E061030320610443206105832061077
:103DF000742E0610742E06106C32061000F0071098
:103E0000000400000004000000F80710D82A002079
:103E1000A423000016000300A6000100020E1700F4
:103E200044230020FFFFFFFFF401000148010000D0
:103E30007A2D0410222D0410E82B0410E02B04101E
:103E40006A2D0410142C0410E02B0410E02B041035
:103E5000E02B0410E02B0410E02B0410E02B0410E6
:103E6000E02B0410E02B0410E02B0410E02B0410D6
:103E7000E02B0410E02B0410E02B0410F42B0410B2
:103E80003E3004102E30041036300410BE2F0410C3
:103E900026300410D0350610DD25041068370610D2
:103EA000D8350610F925041088370610E0350610BD
:103EB0002D26041098370610E8350610C926041080
:103EC000D8370610F03506104927041010380610B0
:103ED000F4350610B52704103C380610F8350610E6
:103EE000092804105838061000360610E12904107D
:103EF0008C38061008360610F9280410A43806106D
:103F0000103606109D290410C838061020360610F9
:103F1000BD29041018390610283606102532041061
:103F2000383906105A4104107A4104103241041005
:103F3000FA4004102C410410F4400410864104108F
:103F4000EE4004104E41041003000000047A0410F7
:103F500088790410247B04100E7A04106A7A041005
:103F6000CC7A04100E7A04100E7A0410002020205F
:103F70002020202020202828282828202020202019
:103F800020202020202020202020202020881010E9
:103F90001010101010101010101010101004040445
:103FA0000404040404040410101010101010414103
:103FB00041414141010101010101010101010101F1
:103FC0000101010101010101101010101010424205
:103FD00042424242020202020202020202020202C1
:103FE0000202020202020202101010102000000061
:103FF00000000000000000000000000000000000C1
:1040000000000000000000000000000000000000B0
:1040100000000000000000000000000000000000A0
:104020000000000000000000000000000000000090
:104030000000000000000000000000000000000080
:104040000000000000000000000000000000000070
:104050000000000000000000000000000000000060
:1040600000000000000000000000000000232D30D0
:104070002B2000686C4C0065666745464700303170
:1040800032333435363738394142434445460030BF
:1040900031323334353637383961626364656600EE
:1040A000412D46612D66383930313233343536375B
:1040B0005D002B2D0030300078580000D1F7173705
:1040C000D1F717B78071313F807131BF0000003FD9
:1040D000000000BF000FC93F000F494000CB9640D1
:1040E000000FC9400053FB4000CB164100ED2F41AB
:1040F000000F49410031624100537B41003A8A413F
:1041000000CB9641005CA34100EDAF41007EBC4175
:10411000000FC94100A0D5410031E24100C2EE418B
:104120000053FB4100F20342003A0A42008310426E
:1041300000CB164200141D42005C234200A5294218
:1041400000ED2F4200363642007E3C4200C742421C
:10415000000F4942A2000000F900000083000000A7
:104160006E0000004E00000044000000150000003A
:1041700029000000FC00000027000000570000009C
:10418000D1000000F500000034000000DD00000058
:10419000C0000000DB00000062000000950000008D
:1041A000990000003C000000430000009000000067
:1041B00041000000FE00000051000000630000000C
:1041C000AB000000DE000000BB000000C5000000E6
:1041D00061000000B7000000240000006E00000035
:1041E0003A000000420000004D000000D200000034
:1041F000E000000006000000490000002E00000062
:10420000EA00000009000000D10000009200000058
:104210001C000000FE0000001D000000EB0000007C
:104220001C000000B100000029000000A7000000F1
:104230003E000000E80000008200000035000000A1
:10424000F50000002E000000BB000000440000004C
:1042500084000000E90000009C00000070000000E5
:1042600026000000B40000005F0000007E00000097
:10427000410000003900000091000000D60000005D
:1042800039000000830000005300000039000000E6
:10429000F40000009C000000840000005F000000AB
:1042A0008B000000BD000000F900000028000000A5
:1042B0003B0000001F000000F80000009700000015
:1042C000FF000000DE000000050000009800000074
:1042D0000F000000EF0000002F00000011000000A0
:1042E0008B0000005A0000000A0000006D00000072
:1042F0001F0000006D000000360000007E0000007E
:10430000CF00000027000000CB00000009000000E3
:10431000B70000004F000000460000003F00000012
:10432000660000009E0000005F000000EA00000040
:104330002D0000007500000027000000BA000000FA
:10434000C7000000EB000000E5000000F1000000E5
:104350007B0000003D000000070000003900000065
:10436000F70000008A0000005200000092000000E8
:10437000EA0000006B000000FB0000005F0000008E
:10438000B10000001F0000008D0000005D00000073
:10439000080000005600000003000000300000008C
:1043A00046000000FC0000007B0000006B000000E5
:1043B000AB000000F0000000CF000000BC000000D7
:1043C000200000009A000000F40000003600000009
:1043D0001D000000A9000000E300000091000000A3
:1043E000610000005E000000E60000001B0000000D
:1043F0000800000065000000990000008500000032
:104400005F00000014000000A00000006800000031
:10441000400000008D000000FF000000D8000000F8
:10442000800000004D000000730000002700000025
:10443000310000000600000006000000150000002A
:1044400056000000CA00000073000000A800000031
:10445000C900000060000000E20000007B000000D6
:10446000C00000008C0000006B0000006042A20D44
:104470000000803F0000C93F0000F0390000DA373B
:104480000000A2330000842E0000502B0000C22741
:104490000000D0220000C41F0000C61B000044170B
:1044A0000400000007000000090000000C080217CB
:1044B0000D01010209090101060209FFFFFFFFFFCB
:1044C0000909FFFFFFFF000096C298D84539A1F403
:1044D000A033EB2D817D0377F240A463E5E6BCF8C1
:1044E00047422CE1F2D1176BF551BF376840B6CB8C
:1044F000CE5E316B5733CE2B169E0F7C4AEBE78E88
:104500009B7F1AFEE242E34F0D0207019E00690005
:104510004F003500200015000101020102010002D8
:104520000100020202010201010101010200020177
:10453000006C888391AAF5A53860370BDB5A60833D
:10454000BEE69D350E480103CCDBFDF4AC1191F4C1
:10455000EFB9A5F9E9A7832C5E2CBE97F2D203B080
:10456000208BD28915D08E1C742430ED8FC2456308
:10457000765C15525ABF9A32636DEB2A65499C806E
:10458000DCBD1A3CCDA6B8995899B740EB7B60FFCB
:104590004A503F10D2E3B3C974385FC5A3D4F6497B
:1045A0003F00000055E8051079E805109DE805106A
:1045B000E5E8051021EA0510C1E8051059E90510E4
:1045C00049EA0510F9E90510ADE9051089E905107A
:1045D00051E80510A9EA051029E9051071EA05104E
:1045E00095E705109DEA0510D1EA051049E505108B
:1045F00089E50510ADE50510C9E40510F5E50510E0
:10460000E9E4051005E50510CDE50510A9E4051060
:1046100065E5051025E5051009E805102DE80510EC
:10462000D5E70510BDE7051083E7051011E6051075
:1046300019E705100DE3051075E3051051E30510AA
:1046400015E4051061E40510C9E305103DE405100B
:10465000EDE3051085E405109DE3051031E3051039
:104660008DE60510B5E60510F5E6051065E60510C2
:104670003DE6051071E70510DDE6051049E7051078
:1046800039E7051063E7051059E70510D5ED05106A
:1046900095ED05105DEB051083EB05109DEB051006
:1046A000D5EB051069EC0510B7EB0510FBEB051019
:1046B00075EC05104FEC051029EC05100BEC0510FE
:1046C000FB349B5F800000800010000000000000B1
:1046D000637C777BF26B6FC53001672BFED7AB76BF
:1046E000CA82C97DFA5947F0ADD4A2AF9CA472C06A
:1046F000B7FD9326363FF7CC34A5E5F171D83115D7
:1047000004C723C31896059A071280E2EB27B275F7
:1047100009832C1A1B6E5AA0523BD6B329E32F846F
:1047200053D100ED20FCB15B6ACBBE394A4C58CF67
:10473000D0EFAAFB434D338545F9027F503C9FA83B
:1047400051A3408F929D38F5BCB6DA2110FFF3D209
:10475000CD0C13EC5F974417C4A77E3D645D1973BD
:1047600060814FDC222A908846EEB814DE5E0BDBB7
:10477000E0323A0A4906245CC2D3AC629195E479EE
:10478000E7C8376D8DD54EA96C56F4EA657AAE0848
:10479000BA78252E1CA6B4C6E8DD741F4BBD8B8AE3
:1047A000703EB5664803F60E613557B986C11D9E49
:1047B000E1F8981169D98E949B1E87E9CE5528DFC0
:1047C0008CA1890DBFE6426841992D0FB054BB16EC
:1047D00000000001000000020000000400000008CA
:1047E00000000010000000200000004000000080D9
:0847F0000000001B0000003670
:0447F800F8B5C0460A
:0447FC00F8B5C04606
:08480000E03BFE7F0100000017
:10480800000000000000000000000410000000008C
:104818000000000000000000000000000000000090
:0C48280000000000000000000000000084
:104834000000000000000000000000000000000074
:104844000000000000000000000000000000000064
:104854000000000000000000F93A05109120051046
:104864003D2B0510F93A0510F93A0510F93A0510EF
:10487400913A0510593A05100000000000000000AC
:1048840000000000000000001F0200000000000003
:104894000000000000000000000000000000000014
:1048A4000000000000000000000000000000000004
:1048B40000000000000000000000000000000000F4
:1048C40000000000000000000000000000000000E4
:1048D40000000000000000000000000000000000D4
:1048E40000000000000000000000000000000000C4
:1048F40000000000000000000000000000000000B4
:1049040000000000000000000000000000000000A3
:104914000000000000000000000000000000000093
:104924000000000000000000000000000000000083
:104934000000000000000000000000000000000073
:104944000000000000000000000000000000000063
:104954000000000000000000000000000000000053
:104964000000000000000000000000000000000043
:104974000000000000000000000000000000000033
:104984000000000000000000000000000000000023
:104994000000000000000000000000000000000013
:1049A4000000000000000000000000000000000003
:1049B40000000000000000000000000000000000F3
:1049C40000000000000000000000000000000000E3
:1049D40000000000000000000000000000000000D3
:1049E40000000000000000000000000000000000C3
:1049F40000000000000000000000000000000000B3
:104A040000000000000000000000000000000000A2
:104A14000000000000000000000000000000000092
:104A24000000000000000000000000000000000082
:104A34000000000000000000000000000000000072
:104A44000000000000000000000000000000000062
:104A54000000000000000000000000000000000052
:104A64000000000000000000000000000000000042
:104A74000000000000000000000000000000000032
:104A84000000000000000000000000000000000022
:104A94000000000000000000000000000000000012
:104AA4000000000000000000000000000000000002
:104AB40000000000000000000000000000000000F2
:104AC40000000000000000000000000000000000E2
:104AD40000000000000000000000000000000000D2
:104AE40000000000000000000000000000000000C2
:104AF40000000000000000000000000000000000B2
:104B040000000000000000000000000000000000A1
:104B14000000000000000000000000000000000091
:104B24000000000000000000000000000000000081
:104B34000000000000000000000000000000000071
:104B44000000000000000000000000000000000061
:104B54000000000000000000000000000000000051
:104B64000000000000000000000000000000000041
:104B74000000000000000000000000000000000031
:104B84000000000000000000000000000000000021
:104B94000000000000000000000000000000000011
:104BA4000000000000000000000000000000000001
:104BB40000000000000000000000000000000000F1
:104BC40000000000000000000000000000000000E1
:104BD40000000000000000000000000000000000D1
:104BE40000000000000000000000000000000000C1
:104BF40000000000000000000000000000000000B1
:104C040000000000000000000000000000000000A0
:104C14000000000000000000000000000000000090
:104C24000000000000000000000000000000000080
:104C34000000000000000000000000000000000070
:104C44000000000000000000000000000000000060
:104C54000000000000000000000000000000000050
:104C64000000000000000000000000000000000040
:104C74000000000000000000000000000000000030
:104C84000000000000000000000000000000000020
:104C94000000000000000000000000000000000010
:104CA4000000000000000000000000000000000000
:104CB40000000000000000000000000000000000F0
:104CC40000000000000000000000000000000000E0
:104CD40000000000000000000000000000000000D0
:104CE40000000000000000000000000000000000C0
:104CF40000000000000000000000000000000000B0
:104D0400000000000000000000000000000000009F
:104D1400000000000000000000000000000000008F
:104D2400000000000000000000000000000000007F
:104D3400000000000000000000000000000000006F
:104D4400000000000000000000000000000000005F
:104D5400000000000000000000000000000000004F
:104D6400000000000000000000000000000000003F
:104D7400000000000000000000000000000000002F
:104D8400000000000000000000000000000000001F
:104D9400000000000000000000000000000000000F
:104DA40000000000000000000000000000000000FF
:104DB40000000000000000000000000000000000EF
:104DC40000000000000000000000000000000000DF
:104DD40000000000000000000000000000000000CF
:104DE40000000000000000000000000000000000BF
:104DF400000000000000000001010000AAAAAAAA05
:104E04008C2A00200000000070230020D8230020FA
:104E1400402400200000000000000000000000000A
:104E2400000000000000000000000000000000007E
:104E3400000000000000000000000000000000006E
:104E4400000000000000000000000000000000005E
:0400000510047DB9AD
:00000001FF
