:020000041004E6
:1000000000600020297E0410117D041011040410EA
:10001000AA5555AA45554C420000000000000000BA
:100020000000000000000000000000001167041044
:100030000000000000000000C166041015650410F7
:1000400035440410157D041000000000000000007D
:1000500025360410197D041005100410317D04109C
:100060000000000000000000000000000000000090
:1000700000000000357D0410397D04103D7D041022
:10008000000000001D7D0410217D0410257D04105A
:10009000297D04102D7D0410457D0410417D041040
:1000A0000000000000000000000000000000000050
:1000B0000000000000000000000000000000000040
:1000C000EFF31482EFF309811C4880F31488BFF327
:1000D0006F8FF0B543464C4655465E466746F8B4CA
:1000E000174CEFF30883236006B4164C2068164CB7
:1000F0002060164C2068164C2060164C2068164C68
:100100002060164C276800202060BFF34F8F30BF5F
:1001100027600B4C246884F3088882B003BCF8BCC9
:100120009846A146AA46B346BC46F0BC04BC80F340
:10013000098881F31488BFF36F8F10470000000017
:100140000800002004ED00E06C23002024ED00E016
:100150006823002000E200E0642300200800204023
:10016000002934D00123002210B488422CD301246A
:100170002407A14204D2814202D209011B01F8E7FF
:10018000E400A14204D2814202D249005B00F8E7B8
:10019000884201D3401A1A434C08A04202D3001BE4
:1001A0005C0822438C08A04202D3001B9C08224317
:1001B000CC08A04202D3001BDC082243002803D055
:1001C0001B0901D00909E3E7100010BC704701B515
:1001D000002000F00BF802BD0029F8D003B5FFF7AE
:1001E000C1FF0EBC4243891A1847C0467047C0463B
:1001F000844608006146FFE71FB508F034FC00287C
:1002000001D40021C8421FBD10B508F0C9FB40420F
:10021000013010BD10B508F026FC002801DB0020DD
:1002200010BD012010BDC04610B508F01CFC002810
:1002300001DD002010BD012010BDC04610B508F042
:10024000D4FB002801DC002010BD012010BDC046F9
:1002500010B508F0CAFB002801DA002010BD01200B
:1002600010BDC046002B11D1002A0FD1002900D1AA
:10027000002802D00021C943080007B4024802A1A7
:100280004018029003BDC04665FFFFFF03B46846F7
:1002900001B5029808F0A6F8019B9E4602B00CBC7E
:1002A0007047C04602B4714649084900095C4900DC
:1002B0008E4402BC7047C04603B4714649084000F2
:1002C0004900095A49008E4403BC7047D0400B00D6
:1002D000D1409C46203AD340184352426346934053
:1002E000184370479140030090409C46203A934049
:1002F000194352426346D340194370478446100065
:1003000062468C461900634600E0C0461FB50AF0FD
:10031000E7FA002801D40021C8421FBD10B50AF039
:1003200039FA4042013010BD10B50AF0D9FA002860
:1003300001DB002010BD012010BDC04610B50AF041
:10034000CFFA002801DD002010BD012010BDC046FD
:1003500010B50AF061FA002801DC002010BD012070
:1003600010BDC04610B50AF057FA002801DA002087
:1003700010BD012010BDC0461C2101231B04984262
:1003800001D3000C10391B0A984201D3000A083926
:100390001B09984201D30009043902A2105C4018DD
:1003A0007047C04604030202010101010000000081
:1003B0000000000010B5002903D1FFF7DDFF203059
:1003C00002E00800FFF7D8FF10BDC0460023C25C62
:1003D0000133002AFBD1581E7047000003B4714658
:1003E000490840004900095E49008E4403BC70473B
:1003F00010B503F0EFFC054803F016FE00F00EF810
:1004000000F016F805F036FCFEE7C046701D061039
:10041000802010B5C00106F0EDFFFEE710B500F03A
:1004200099F802F079FB01F0D9FE00F085FF10BDCC
:1004300010B51B4B84B002931A4B80220193022308
:100440001949009352000023184805F09DFA012431
:10045000C022174B17490293174B00940193520087
:100460000023164805F090FA8022154B1549029397
:10047000154B0094019352000023144805F084FAB0
:10048000134BC0220293134B1349019303235200D1
:1004900000931248002305F077FA04B010BDC0465F
:1004A0004018002040140020A01D0610110A04105E
:1004B000DC130020A41D0610DC0D00201D2B0410F1
:1004C000780D0020AC1D061078090020812404104E
:1004D0001409002014030020B41D06102117041075
:1004E00070B5040001E005F0EDFF00F029FC1828CC
:1004F000F9D900F06DFD7D2003F0E8F901E005F089
:10050000E1FF012003F012FA0128F8D1260000F0E3
:100510006BFD1C360E4D01E005F0D4FF00F010FC21
:100520000028F9D000F054FD2800216803F0E6F916
:1005300001E005F0C7FF012003F0F8F90128F8D128
:10054000043400F051FD0435B442E7D170BDC0461B
:1005500000E8071030B5224C0025220083B02300AC
:10056000202150320820009504F068F8AA22AC211E
:10057000043C5200A552563AFF3A490062500C31F1
:10058000625020600C3117486550043160500431CE
:10059000625010316250144C2378002B0ED1237816
:1005A000002B0BD01148FFF79BFF114803F0F2FC22
:1005B0002078C0B203F0E6FC03B030BD62680D4B9A
:1005C0009A42EFD8A0680021FFF742FE0028E9D048
:1005D000A0680949FFF728FE0028E9D1E2E7C046F4
:1005E000A8180020000080BF00E80710743906102A
:1005F000B81D06103F420F000000C842022310B58C
:1006000088B00093094B01AA13CB13C213CB13C2BA
:100610001B68694613600122054B5242186800238B
:1006200004F072F8002008B010BDC04674390610FE
:10063000A4180020014B98687047C04600E80710D6
:1006400070B500218AB0051C0190FFF701FE00285B
:100650002BD01749281CFFF7E7FD002825D0154CA3
:10066000281CA168FFF7D0FD002802D000200AB0A6
:1006700070BD0223029303AB45CC45C345CC45C3B3
:10068000226802A91A6001220B4B5242186800230B
:10069000CD6004F039F800F043FB0028E6D10422D5
:1006A00001A9043000F0AAFBE0E701204042DEE7A8
:1006B0000000C84200E80710A4180020014B586849
:1006C0007047C04600E8071070B5124B050088B0AF
:1006D00098421CD8104C6368834215D000F03EFB52
:1006E000002814D10223009301AB45CC45C345CC6F
:1006F00045C3226869461A600122084B52421868B5
:100700000023029504F000F8002008B070BD01201D
:100710004042FAE73F420F0000E80710A41800200B
:10072000014B1878C0B2704700E8071070B50F4B46
:1007300004001A7888B0824214D00222009201AAE2
:1007400061CB61C261CB61C21B6869461360012243
:10075000074B5242186800230C7103F0D5FF2000AC
:1007600003F010FC002008B070BDC04600E8071080
:10077000A4180020004870470CE8071030B50100AD
:1007800089B0002815D0022300930B4B01AA31CB6E
:1007900031C231CB31C21B6804A8136010220AF0A9
:1007A000B9F90122054B694618685242002303F04B
:1007B000ABFF09B030BDC04600E80710A418002008
:1007C00010B5034803F0E6FB03F0F8FD10BDC0468A
:1007D000E81D0610B223012270B5AA25504C5B001B
:1007E0005242E2506D00635DDA071CD402221A42C5
:1007F00008D05621FF31615C0A423AD05622FF32BE
:10080000A35470BD082210211A40194212D0002AA8
:1008100048D15B073FD5FA220321C820520001F0DE
:10082000EFFC635DEAE700220121002001F0E8FC13
:10083000635DE3E75623FF33E35C1940002A20D0D1
:10084000002944D005F086FAB8235B00E358C01AAB
:10085000C8285CD8334B9968BA235B00E058FFF78F
:10086000E3FC00283BD1C8220421C82001F0C8FCC9
:100870003AE0FE220221C820920501F0DBFC635D14
:10088000BCE7002200291CD0FA200021000101F061
:10089000B7FC635DB2E70321C820234A01F0CAFC1C
:1008A000635DABE703F018FD1E4B9968FFF7BCFCD6
:1008B000C822002825D00821C82001F0A1FC635DD2
:1008C0009CE70021C82001F09BFC635D96E703F0E4
:1008D00003FD144B9968FFF7A7FC0028C3D0C8227A
:1008E0000821C82001F08CFC2000B2230F4A693097
:1008F0005B00FF30E25005F04DFBAA235B00E35C98
:100900007CE70421C82001F07BFC635D76E7FA23D5
:100910006422012100205B0001F0A8FCE4E7C0464E
:10092000A418002000E80710CDCC4C3EC8AF000052
:1009300070B5AA240A4D64002B5DDB060BD509486F
:1009400003F028FB03F026FD04222B5D13432B55F7
:10095000FFF740FF70BD044803F01CFBFAE7C046F8
:10096000A4180020001E0610181E061070B5802066
:1009700006F038FD244C012814D0C2235B00E35C50
:10098000002B0ED17933FF33E358013304D0AA256D
:100990006D00635D9B0723D5BC2301225B0052429F
:1009A000E25070BDAA2502266D00635D1E420DD087
:1009B000C42301225B0052420020E25000F0F4FD0B
:1009C000635DB3436355FFF705FFEAE72000BC23EF
:1009D00096227D305B00FF30E25005F0DBFAE0E765
:1009E000012000F0E1FD0222635D13436355FFF730
:1009F000F1FE2000C423054A8D305B00FF30E25039
:100A000005F0C8FAC8E7C046A4180020B80B0000DB
:100A1000F0B5DE46574645464E46E0B5AC2791B0A8
:100A200004229D49042000F0E9F9012003F0F4FCC0
:100A300008AB9846994B9A4C04939A4B7F000593C8
:100A4000994B0193994B0293994B0393994B0093C4
:100A5000C4235B0099464B46B226BC25E15876007C
:100A60006D0045E0E359013309D0210020005931E0
:100A70005D30FF31FF3005F0ADFA00287CD1A3597D
:100A8000013309D02100200065316930FF31FF308A
:100A900005F0A0FA002866D16359013324D0BE23A3
:100AA0005B0021009A467931A2445046FF3105F09F
:100AB00091FA002818D001235B4263518633FF333B
:100AC0009B46E35C002B5AD100F088FD502278232E
:100AD0000721002001F0CAFB1E235046635105F098
:100AE00059FA01235A46A3544B46E1584B1C4FD1A7
:100AF000A259E359934200D9130062599A4200D98E
:100B00001A008A4200D90A004146206804F046F8DB
:100B10000128A7D143461B78012B5BD0022B52D072
:100B2000002B9FD143461B799A46002B72D0012B94
:100B300098D103F067FC8346002800D198E0049820
:100B400003F028FA524606ABDA71D91D01220120C2
:100B500000F054F9AA2208215200A35C0B43A354CD
:100B6000FFF738FE7EE7012300225B4200210020D0
:100B7000A35101F045FB8FE703F040FA7FE7002324
:100B80005A46A35403F03AFA4B46E1584B1CAFD0F7
:100B90002100200089318D30FF31FF3005F01AFA35
:100BA000002800D157E701234A465B420020A350AA
:100BB00000F0FAFCAA2202215200A35C8B43A3544A
:100BC000FFF708FE44E709A8FFF78AFC009803F046
:100BD000E1F947E743461B79012B2CD0022B1CD0AF
:100BE000002B00D03EE7019803F0D4F98020C0012B
:100BF00006F000FC2000304B5D30FF30E35105F083
:100C0000C9F9AA2201215200A35C0B43A354FFF7A8
:100C1000E1FD27E7FFF7AAFE24E7039803F0BAF9FE
:100C200003F0A0FBAA2214215200A35C8B43A3541F
:100C3000FFF7D0FD16E7029803F0ACF9C4230122B8
:100C40005B005242E25005F085F8B8235B00E050AB
:100C500003F042FBBA23AA2202215B005200E050BB
:100C6000A35C8B4310210B43A354FFF7B3FDF9E6BC
:100C7000059803F08FF95A4606ABDA71D91D0122A7
:100C8000012000F0BBF8AA2208215200A35C8B438C
:100C9000A354FFF79FFDE5E608E80710981E06102D
:100CA000A4180020B01E0610441E06107C1E06105C
:100CB000601E0610C81E0610B80B0000F0B50B4BE6
:100CC00005001E680C0089B0002E0CD06F46202253
:100CD0000021684609F0ECFE00232200694630003E
:100CE0003D7103F0B1FE09B0F0BDC046A41800206C
:100CF00030B589B0050020220021684609F0D8FEF1
:100D00006C46012301222370044B69461868524245
:100D10000023257103F0F8FC09B030BDA4180020B1
:100D200010B505F0B5F9002806D0044B1B68181A59
:100D300043425841C0B210BD0020FCE7381A0020E1
:100D4000BC22054B10B59C5810F002FA010020009F
:100D500010F0F8F910BDC046381A0020012300B584
:100D600087B004930023029310330193093B03904F
:100D7000009301220023012101200CF0A3FB0300BA
:100D80000020002B01D107B000BD044A9B009958F8
:100D9000034803F0FFF801204042F4E70C3A061044
:100DA000E41E0610012130B5114D83B00400494204
:100DB000286E04F059F86A4600232100D01DD37133
:100DC0000CF05EFB00280AD16B46DC790023002280
:100DD0000021286E03F098FC200003B030BD0124F0
:100DE000044B8000C158044803F0D4F86442EDE796
:100DF000381A00200C3A0610081F0610F0B54746B6
:100E0000CE4680B504000F0015008DB0042800D92F
:100E100076E03D4A8300D3583C4E9F46CC23F35A9C
:100E200099463B4B994500D16AE000239846002D36
:100E300020D00121306E494204F016F8C423F15A43
:100E4000043BF05AEBB2029343460193ABB20397D3
:100E500000934A4601230CF004FCBA27F055012CFC
:100E600028D0A84600281BD1002300220021306E84
:100E700003F04AFC40460DB0C0BCB946B046F0BDD8
:100E8000CE23F35A9946CCE7C623F35A9946C8E7CE
:100E9000C823F35A9946C4E7CA23F35A9946C0E7D0
:100EA0001C4B8000C1581C4803F074F801235B42BE
:100EB0009846D9E7FFF75EFC1021814609F03EFE17
:100EC00004AB984604001B22002105A809F0F0FDA0
:100ED000124B049303F096FA434642461871631C82
:100EE000537117200923494693716844220007343F
:100EF00009F06FFE4146E0B210F088F8F05DB0E70F
:100F000001235B429846B5E790390610381A002055
:100F1000FFFF00000C3A0610301F0610042DFFFFE3
:100F2000F0B510218DB0060009F008FE0121244D16
:100F300004004942286E03F097FFB623EA5A023BA9
:100F4000E95AE3B202930023A4B2019303960094FA
:100F500000200CF086FBFFF70DFC1021070009F0C4
:100F6000EDFD1B220400002105A809F0A1FD154B91
:100F700004AE049303F046FA631C307117207371BA
:100F800009232200390068440734B37109F021FEB7
:100F90003100E0B210F03AF8002300220021286E60
:100FA00003F0B2FBBA23EB5C002B01D10DB0F0BD16
:100FB000054A9B009958054802F0ECFFF6E7C04649
:100FC000381A0020042DFFFF0C3A0610541F06109B
:100FD000044B10B5186E002803D00121494203F0DC
:100FE00043FF10BD381A0020054B10B5186E0028BD
:100FF00004D000230022002103F086FB10BDC04670
:10100000381A002010B5002482B0019410F0A6FE1A
:101010006B466946DC70084B01AA5868033100230F
:1010200003F012FD019B002B03D08022034B5205DD
:101030001A6002B010BDC046381A002004ED00E06E
:10104000F0B5C64600B592B0FFF794FB102105003D
:1010500009F074FD8023504A5B05995C08AA117061
:101060004E490600595C002051704D49595C917001
:101070004C49595CD170FF21C900595C11714A4932
:101080005B5C062153710CF001FB041E04D02000B0
:1010900012B080BCB846F0BD072101200CF0F2FA76
:1010A000041EF4D141480FF091FF041EEFD1FF2040
:1010B0000FF0B4FD041EEAD10CF0C5FA041EE6D10F
:1010C0003B4F10223B1D0193BB1C009302213B00B0
:1010D00001200CF0DFF9041ED9D1B4235B429846FD
:1010E000B8447A884346B427D95BF3B2B6B20293C8
:1010F000019000230020039500960CF0B2FA1E2305
:10110000E1226B44D2001A804146B822895A4246F5
:10111000D05B0093002202230CF099FA041EB6D192
:1011200000200CF019FA041EB1D1FFF7C7FA012311
:1011300004930F330193093B03900294009301221F
:101140000023012101200CF0BDF9041E9FD1FFF7FF
:1011500011FB1021070009F0F1FC1B220500002102
:101160000BA809F0A5FC134B0AAE0A9303F04AF949
:101170006B1C30712F20737109232A0039006844D9
:10118000B37109F026FDE81D3100C0B20FF03EFF3B
:10119000BA234246D0547AE7F4070000F50700006E
:1011A000F6070000F7070000F907000010250020EF
:1011B000EC1A0020042DFFFFF0B54E464546574679
:1011C000DE46E0B55A4B9FB006A918000A0070C869
:1011D00070C200680AAC10601A0020001032E0CA29
:1011E000E0C0126802601A000EA82032E0CAE0C017
:1011F000126802601A0012A83032E0CAE0C0126819
:1012000002601A0016A84032E0CAE0C012685033EB
:1012100002601AAA904661CB61C21B68022013606B
:10122000444B0122994600930C230CF0EBF9002863
:1012300006D01FB0F0BCBB46B246A946A046F0BDE2
:10124000C4235B424B449B46C4239A465B465246AA
:101250009B5A38219C464B46023305931023C33AD0
:10126000049008301E000393029201910090220026
:1012700060460F3B36390CF0A6F90028D9D15C4600
:101280005546645B0221A4464C46231D059333005A
:101290000724023304900290009360460396019461
:1012A000113B0EAA0CF08FF90028C2D157465D46BB
:1012B000ED5B4F46BB1D012238210593330004909E
:1012C00008301700029201910090039628000F3B0E
:1012D00012AA36390CF077F90028AAD1594655469A
:1012E00004234D5B494602930831023B059104906B
:1012F00000930221280003960194023316AA0CF0F1
:1013000062F9002895D15B4651465C5A4B460A3338
:1013100005933F230193353B049000934246200000
:1013200003960297063BC2390CF04DF981E7C0469F
:10133000981C0610FC1A002030B5284C002322000F
:1013400083B025005032012100930820230003F0D0
:1013500075F92100083D68605C31012003F032FB23
:1013600028661F480CF0D8F9BA242855002810D157
:10137000FFF766FEBA251B4C6055002814D1FFF715
:101380001BFFBA25605500281DD1174802F002FE48
:1013900008E0164B8000C158154802F0FBFD2B5D9C
:1013A000002BE5D003B030BD104B8000C158114870
:1013B00002F0F0FD635D002BF4D1FFF7FDFEBA25CE
:1013C00060550028E1D0094B8000C1580A4802F05E
:1013D000E1FD635D002BD8D0E4E7C046401A002051
:1013E0000C3E0610381A0020B01F06100C3A0610EA
:1013F000781F0610901F0610D01F0610F0B5C646C5
:1014000000B5ACB06B4602A9D81D0CF039F81E4BE4
:1014100004009846BA234246D05400280CD01B4BF7
:10142000A400E1581A4802F0B5FD0020FFF760FC67
:101430002CB080BCB846F0BD6B46DF7902AD17AE6C
:10144000002F0CD02B7801343370701C691C0622DD
:10145000E4B209F0BEFB07350736BC42F2D10CF00E
:101460000BF8BA254346041E5855D8D16B46D87997
:101470000028DDD0012217A902F082FB4346041E9A
:101480005855D5D0CBE7C046381A00200C3A061084
:10149000F01F0610F0B5C646C226402200B53C4CEF
:1014A00088B0A35D05009343A3555BB2002B52DBCC
:1014B0000CF05AF8BA23E05400280ED046280CD07D
:1014C000344B8000C158344802F064FD0020FFF71F
:1014D0000FFC08B080BCB846F0BDFFF74BF91021F7
:1014E000804609F02BFB06006F461B22002101A855
:1014F00009F0DEFA294B009302F084FF731C7B7124
:1015000009233200414638710736F81DBB7109F0D6
:1015100060FBF0B269460FF079FDBA26A0550028AD
:10152000CED1002D25D08021013000230222890058
:10153000FF300CF023F8A0550028C1D1C222402171
:10154000A35C17480B43A35402F024FDBA23E05CCC
:101550000028BED0B4E7C0231321E05A0CF01CF8D9
:10156000BA23E054002DB4D04022A35D1343A35509
:10157000AFE7B421F02003230222C90080000BF062
:10158000FDFFA05500289BD1064802F003FDDDE7D2
:10159000381A00200C3A061050200610042DFFFFC8
:1015A0001420061038200610012170B50A4D0400E1
:1015B0004942286E03F058FCC223EB5C5B06DB0F4C
:1015C000A34202D02000FFF765FF286E002300220F
:1015D000002103F099F870BD381A0020012170B580
:1015E000134C4942206E03F03FFC0BF041FFBA233D
:1015F000E054002813D10F4802F0CCFCFFF7FEFEA8
:10160000C223E05C00254006C00FFFF743FF002324
:1016100000220021206E03F077F8280070BD01251C
:10162000054B8000C158054802F0B4FC6D42EEE75E
:10163000381A0020A02006100C3A0610742006105C
:1016400030B5C2250223334C85B0605D03420DD115
:101650000423034218D1012303421ED1082303426D
:1016600027D1202303423CD105B030BD98436055BB
:10167000BE33E05A0BF08CFFBA23E05400283ED171
:10168000605D04230342E6D0C22598436055FFF70E
:10169000B5FE0123605D0342E0D00200C225400692
:1016A0009A43C00F6255FFF7F5FE0823605D0342C1
:1016B000D7D0C2259843605502F00EFECC2303908C
:1016C000E15A083BE05A03AB0022009304230BF0DD
:1016D000BEFFC023E05A0BF0B0FF2023605D034241
:1016E000C2D0C22598436055A033E05A0BF0BCFE2F
:1016F0000028B9D14022635D13436355B4E7064B1C
:101700008000C158054802F045FC0020FFF7F0FAC0
:10171000605DB6E7381A00200C3A0610C4200610A7
:1017200030B583B004F0B4FCBA23214C2060E35CF4
:10173000002B38D10121206E494203F095FBFFF7C1
:101740005DFE0020FFF7A6FE002300220021206E90
:1017500002F0DAFF6B46DD1D05E0002300220021C8
:10176000206E02F0D1FF012229005242606803F08E
:1017700015FA0121206E494203F076FB2B78002BED
:10178000EBD18020C00105F035FE03E00BF082FFB5
:10179000FFF756FF1FF0F8FA0028F7D08020C001AD
:1017A00005F02CFED9E70020FFF7A2FAC2E7C046F9
:1017B000381A002070B506000D0014000D4802F024
:1017C000E9FB31000C4802F0E5FB29000B4802F070
:1017D000E1FB21000A4802F0DDFBC2217F23094A18
:1017E000505C03400120034302205354FFF780FA6A
:1017F00070BDC046EC2006101021061020210610F6
:101800003C210610381A0020F0B5DE4657464E46F9
:101810004546E0B50D0087B01F0010AB10CB05901A
:101820001B8837489B4612AB1B8816009A4613ABA1
:101830001B88994614AB1B78984602F0ABFB0599C0
:10184000304802F0A7FB29002F4802F0A3FB002E2E
:101850004CD12E492E4802F09DFB002F4CD12D4932
:101860002D4802F097FB2678E37822796179029679
:1018700066782A480196A478009402F08BFB5846BB
:1018800007F020FC08F0D4FE0022254B08F0A6F952
:1018900008F09CFE234B0100180002F07BFB514630
:1018A000214802F077FB4B46990049441F48490004
:1018B00002F070FB4346072B20D81D4A9B00995825
:1018C0001C4802F067FBC022C2211B4B9D52585C92
:1018D0003F3AFF3A024301205A54FFF709FA07B092
:1018E000F0BCBB46B246A946A046F0BD1349084825
:1018F00002F050FB002FB2D01149B1E71149DFE7E8
:101900008C21061010210610202106104C210610F3
:10191000B02106105C210610BC210610D42106104F
:101920000000F43FF42106100C22061024220610B9
:10193000EC39061044220610381A002054210610F3
:10194000742106109C1D0610F0B5DE4657464E4623
:1019500045468846E0B589B01F0015AB1B88059049
:101960009B4616AB1B884C48079317AB1B88069207
:10197000994618AB1B78129E9A46139D149C02F050
:1019800009FB0599454802F005FB4146444802F031
:1019900001FB069B002B67D14249434802F0FAFA4B
:1019A000002F67D0012F6FD0022F69D0032F6FD087
:1019B0003778F37832797179029777783B480197D5
:1019C000B678009602F0E6FA2E78EB782A796979F3
:1019D00002966E7836480196AD78009502F0DAFAF4
:1019E0002578E37822796179029565783148019507
:1019F000A478009402F0CEFA584607F063FB08F092
:101A000017FE00222C4B08F0E9F808F0DFFD2B4B05
:101A10000100180002F0BEFA0799294802F0BAFA4C
:101A20004B46990049442748490002F0B3FA53460F
:101A3000072B23D8244A9B009958244802F0AAFA7D
:101A40004146C022224B9952C2213F3A585CFF3A8C
:101A5000024301205A54FFF74BF909B0F0BCBB46D2
:101A6000B246A946A046F0BD1A490F4802F092FAC4
:101A7000002F97D1184802F08DFA99E71749DCE753
:101A8000174802F087FA93E7164802F083FA8FE7C7
:101A9000154802F07FFA8BE760220610102106102D
:101AA000202106104C210610B0210610D42106106A
:101AB0004C230610802306100000F43FF42106108A
:101AC0000C22061024220610EC39061044220610BF
:101AD000381A0020542106108C2206109C1D061076
:101AE000E4220610B82206101423061070B5050073
:101AF0001C480E00140002F04DFA29001A4802F0AA
:101B000049FA052E0BD91949194802F043FAC223A4
:101B1000184AD35C40218B438231535470BD164B1D
:101B2000B200D158124802F035FA022E0FD1013C12
:101B3000E4B20B2C09D8114BA400E158104802F074
:101B400029FAC2230B4AD35CE4E70849F6E7C2232B
:101B5000084AD35C002EDDD15906DBD504210B43A6
:101B6000D8E7C046B4230610202106109C1D06109D
:101B7000D8230610381A0020D4390610A4390610CC
:101B8000E8230610F8B507000C0016001D002148D8
:101B900002F000FA3900204802F0FCF921001F4849
:101BA00002F0F8F931001E4802F0F4F929001D484E
:101BB00002F0F0F90D2C0AD80123A3401A4A13426F
:101BC00004D1072C03D10698FEF7D8FDF8BDC62333
:101BD000164AD35A01339C4215D0CA23D35A013333
:101BE0009C4209D0CE23D35A01339C42EED1069BAE
:101BF0001868FEF725FDE9E7069B1B78012BE5D168
:101C0000FEF7DEFDE2E7069B1B78012BDED1FEF737
:101C10008FFEDBE7F8230610202106101C24061097
:101C20003024061040240610042A0000381A002030
:101C300070B506000D0014000A4802F0ABF931003F
:101C4000094802F0A7F92900084802F0A3F9210089
:101C5000074802F09FF9C2210820064B5A5C024354
:101C60005A5470BD58240610202106107C240610FA
:101C700030240610381A0020BC21014B5A507047FE
:101C8000381A002010B5034802F084F90020FFF74D
:101C90002FF810BD9824061070B505000C000848F8
:101CA00002F078F92900074802F074F9210006488B
:101CB00002F070F90549064802F06CF970BDC046A3
:101CC000B42406101021061020210610D42406107A
:101CD0000025061010B5024802F05CF910BDC046A0
:101CE0001C25061010B5024802F054F910BDC0467C
:101CF0005425061010B5024802F04CF910BDC0463C
:101D00007C25061010B5024802F044F9002010BDF1
:101D1000A825061010B5024802F03CF910BDC046D7
:101D2000C0250610F0B5C64600B580461C006B46BF
:101D30000F00160014481D8B02F02CF94146134881
:101D400002F028F93900124802F024F9300007F0B7
:101D5000B9F908F06DFC00220E4B07F03FFF08F0C8
:101D600035FC0D4B0100180002F014F921000B485E
:101D700002F010F9A90049194900094802F00AF9CE
:101D800080BCB846F0BDC046E42506101021061000
:101D9000202106100000F43FF42106100C2206104A
:101DA0002422061010B5024802F0F4F810BDC04617
:101DB0001026061010B5024802F0ECF810BDC0461F
:101DC0004426061010B5024802F0E4F810BDC046E3
:101DD0006C26061010B5024802F0DCF810BDC046B3
:101DE0009026061010B5024802F0D4F810BDC04687
:101DF000C426061010B5024802F0CCF810BDC0464B
:101E0000EC26061010B5024802F0C4F810BDC0461A
:101E10001827061010B5024802F0BCF810BDC046E5
:101E20004027061010B5024802F0B4F810BDC046B5
:101E30006027061010B5024802F0ACF810BDC0468D
:101E40008427061010B5054802F0A4F8C22120200E
:101E5000034B5A5C02435A5410BDC046B0270610CB
:101E6000381A002010B5024802F094F810BDC046A0
:101E7000CC27061010B5024802F08CF810BDC04601
:101E8000EC27061010B50C00034802F083F821007F
:101E9000024802F07FF810BD102806103C280610FA
:101EA00010B5024802F076F810BDC0465028061062
:101EB00010B5024802F06EF810BDC0467828061032
:101EC00010B5024802F066F810BDC046982806100A
:101ED00010B5024802F05EF810BDC046BC280610DE
:101EE00010B5024802F056F810BDC046DC280610B6
:101EF00010B5024802F04EF810BDC0460429061085
:101F000010B5024802F046F810BDC0462829061058
:101F100010B5024802F03EF810BDC0464429061034
:101F200010B5024802F036F810BDC046642906100C
:101F300010B5024802F02EF810BDC04688290610E0
:101F400010B5024802F026F810BDC046B0290610B0
:101F500010B5024802F01EF810BDC046D429061084
:101F600010B5024802F016F810BDC046F42906105C
:101F700010B5024802F00EF810BDC046102A061037
:101F800010B5024802F006F810BDC046302A06100F
:101F900010B5024801F0FEFF10BDC046502A0610E1
:101FA00010B5024801F0F6FF10BDC0466C2A0610BD
:101FB00010B5024801F0EEFF10BDC0469C2A061085
:101FC00010B5024801F0E6FF10BDC046C02A061059
:101FD00010B5024801F0DEFF10BDC046E82A061029
:101FE00010B5024801F0D6FF10BDC0460C2B0610FC
:101FF00010B5024801F0CEFF10BDC046342B0610CC
:1020000010B5024801F0C6FF10BDC046602B061097
:1020100010B5024801F0BEFF10BDC0468C2B061063
:1020200010B5024801F0B6FF10BDC046AC2B06103B
:1020300010B5024801F0AEFF10BDC046D42B06100B
:1020400010B5024801F0A6FF10BDC046F82B0610DF
:1020500010B5024801F09EFF10BDC046182C0610B6
:1020600070B5144C251D2100280003F0B3FF002893
:1020700000D170BD022328002600236003F08AFFF0
:102080009C24B423413EFF3E64005B00F15830596C
:1020900006F028FA084D305102F0D8F83059291CC2
:1020A000FEF7D6F80028E4D09A2300225B003551D1
:1020B000F250DEE7481C00200000C84210B5154C65
:1020C0002100201D03F086FF002815D0AE23413CDF
:1020D000FF3C5B00E25C002A0FD10122E254B023F6
:1020E0005B00E2580C48203BE250083BE05002F015
:1020F000ADF80A4803F04EFF10BD00220020E25464
:102100000833E258243BE250083BE05002F09EF8CE
:10211000EFE7C046481C00200000C8424C1C0020CD
:10212000F8B5284C251D2100280003F053FF002896
:1021300000D1F8BD022328002600236003F02AFF07
:1021400003F008FEAC23413EFF3E5B000700F05861
:1021500008F06EFA1C4A1D4B07F040FD00221C4B94
:1021600007F03CFD00221B4B07F0B2FA04003800D8
:102170000D0006F0A7FF08F05BFA02000B0020003C
:10218000290007F02BFDAA235B000400F0580D0086
:1021900008F04EFA02000B002000290006F0D0FFE4
:1021A00008F088FA09F048FE011CFE20800506F0C0
:1021B00091FD094906F096FC9C235B00F05002F06B
:1021C00045F8B6E7481C0020182D4454FB2119405F
:1021D0000000344000408F400000484210B5074CDA
:1021E0000023220082B000931C21230050320820DB
:1021F00002F024FA043C206002B010BD0C1B002049
:10220000F0B589B001AC07000E00150000211822BE
:10221000200008F04DFC0122054B210018685242B5
:10222000002302972672079502F06EFA09B0F0BDFE
:10223000081B0020F0B589B001AC07000E00151C8A
:1022400000211C22200008F033FC0123012223700E
:10225000054B21001868524200230297267204950C
:1022600002F052FA09B0F0BD081B0020F0B5C646D6
:1022700000B588B080460F00160000211C22684679
:102280001D006C4608F014FC022323704346012213
:102290000193074B6946186852420023277204963F
:1022A000059502F031FA08B080BCB846F0BDC046D2
:1022B000081B0020F8B54746CE4680B5AC27A623BC
:1022C000634E7F00F0515B00F35C0C00002B69D182
:1022D0003933FF33F058984608F0AAF9A0225D4B35
:1022E000120609F009FE08F0E5F908F0A1F9A022AC
:1022F000594B120609F0DEFD08F0DCF94346F050B8
:1023000003F028FD8146F05908F092F9534A544BE6
:1023100007F064FC0022534B07F060FC0022524B94
:1023200007F0D6F9040048460D0006F0CBFE08F091
:102330007FF902000B002000290007F04FFC8023EA
:102340001B06CD18434604004849F05806F046FAEB
:10235000FE21890506F0BEFC09F024FD08F068F9AD
:1023600002000B002000290007F05EFE3B4A404BB4
:1023700006F0E6FE08F09EF9011C041C06F02CFE97
:10238000002862D165006D083A49281C06F024FE39
:1023900000284FD13749281CFDF746FF002849D1B6
:1023A000354C47E003F0D6FC322205000023200024
:1023B000002105F0C1FFFA2200239200FDF752FF31
:1023C00006F080FE9C235B00F15806F08BFB2A4947
:1023D00006F004FA041C280006F074FE011C201C00
:1023E00006F080F808F024F90400F0590D0008F018
:1023F0001FF91A4A1A4B07F0F1FB0022194B07F09C
:10240000EDFB0022184B07F063F902000B002000DF
:10241000290007F0E3FB8023C0221B06C918D20560
:10242000134B07F001FE0D4A114B06F089FE08F030
:1024300041F9041CAA239A225B00F4500F4B52006E
:10244000B350C0BCB946B046F8BD0024F2E7C04660
:10245000081B002099F958409999B93F182D445408
:10246000FB2119400000344000408F4000004842EA
:10247000FB210940FFFF7F7F0000C842212104109B
:10248000F0B54546DE4657464E466F4BE0B59B4697
:102490006E4BA6269A46A02389B05B0000226D46AB
:1024A00098466B4C760057E068682F7A002800D178
:1024B00090E006F007FE674906F090F9011C6648B7
:1024C00006F08CF9A8235B00E050143B9946E35CCE
:1024D0002000FA1A511E8A41591E8B411340A35500
:1024E000424600234530FF30A35003F053FDA35D67
:1024F000002B0CD14B46E35CBB4208D09C23002050
:102500005B00E05001F0A2FE380001F0E3FD9E23E5
:102510005B00E7542B78012B00D187E0022B5BD0C6
:10252000002B1FD1A869002800D18BE006F0CAFD5E
:10253000484906F053F9011C474806F04FF9B42307
:102540005B00E0505B469A225200A350A25D002A35
:1025500012D198474346E2582900206802F01EFB3A
:102560000128A1D09A2301225B00E3585242002B9C
:10257000F2D0A25D002AECD027002100453741317E
:10258000FF373800FF3103F025FD0028E2D0424636
:1025900002233800A3509C2703F0FCFCA8237F00F3
:1025A0005B00E158E05906F095FBE05101F04EFE6A
:1025B0000023E059191C9946FDF736FE0028C9D0C2
:1025C0004B46E3510023A3553D33FF33E05C01F05C
:1025D00081FDBFE7204875E73222002328690021EA
:1025E00005F0AAFEFA2200239200FDF73BFEB0237D
:1025F0006F695B00E050322200233800002105F0B3
:102600009BFEFA2200239200FDF72CFEB2235B0012
:10261000E0504346E05020004530FF3003F0BAFC64
:10262000AE2300225B00E25453468CE76968E868F9
:10263000FFF740FE9A2301225B00E3585242002B31
:1026400097D189E704487AE761200410BD2004107F
:10265000081B0020000020420000C84210B5034AB9
:102660000349044801F0E0FC002010BD843206104C
:102670009032061098320610F8B5094C094E270022
:10268000094D90372168300001F0CEFCA168280088
:102690000C3401F0C9FCBC42F4D10020F8BDC046A6
:1026A000A43E0610A4320610A81F061010B501287B
:1026B0002DD0022826D14C681A48210008F000FAD3
:1026C000002816D02100184808F0FAF9002810D088
:1026D0002100164808F0F4F9002805D0210014481C
:1026E00008F0EEF9002818D10020FEF71FF8114974
:1026F00003E00120FEF71AF80F49104801F094FC9E
:10270000002010BD0E4801F08FFC0120F9E7FEF714
:1027100007F80028F0D10749EFE70A4801F084FCE8
:102720000120EEE7C8320610D0320610D43206106F
:1027300094320610BC320610B43206103433061040
:102740000C330610DC32061030B587B004000D00E3
:102750001122002101A808F0ABF9012C1FD0022C96
:1027600018D16C682000FDF731FE01380F281ED803
:102770001022210001A808F0CDF92000FDF7FEFF8E
:102780006868FEF7CDFB0D4801A901F04DFC002063
:1027900007B030BD0A4801F047FC0120F8E7FDF71B
:1027A000E9FF1022010001A808F0B4F9EBE71021BD
:1027B000044801F039FC0120EAE7C04688330610DE
:1027C0000C3306104433061000B583B001281AD02C
:1027D000022812D1124B486801AA190008F0E4F847
:1027E000002815D00198FDF76FFF002814DB019930
:1027F0000C4801F019FC002003E00B4801F014FC28
:10280000012003B000BDFDF759FF01000190EFE783
:10281000064801F009FCF3E7054801F005FCEFE785
:102820009C330610E43306100C330610A033061058
:10283000C433061070B501F04FFD07F0F9FE0E4AE3
:102840000E4B06F07DFC07F035FF051C06F0D8FBAB
:10285000040006F037FC011C281C06F03BFA08496E
:1028600006F040F905F08AFD064B02002100180031
:1028700001F0DAFB002070BD9A9999999999A93FC6
:1028800000002041F033061030B50C0083B0012861
:1028900058D0022851D14D682E21280008F059F94E
:1028A000002805D04378002B02D000238370656890
:1028B00000236A46009301932800274901AB08F0E2
:1028C00073F80138012833D8019806F0FBFB23493F
:1028D00005F084FF041C009806F0F4FB011C201C8A
:1028E00005F000FE041CFDF7ABFE00282ED1201CD5
:1028F00007F09EFE1A4A1B4B06F022FC07F0DAFE98
:10290000051C06F07DFB040006F0DCFB011C281C06
:1029100006F0E0F9114906F0E5F805F02FFD124B3D
:1029200002002100180001F07FFB002003B030BD41
:102930000E4801F079FB0120F8E70D4801F074FB27
:102940000120F3E7FDF776FE041CD0E7094801F00B
:102950006BFB0120EAE7C046083406100000204166
:102960009A9999999999A93F6834061010340610DC
:102970000C33061030340610F0B5CE46474680B50D
:102980009BB005A8FEF70EFA061E36DD1D4801F0C5
:102990004BFB1D4BF50099461C4BAD1B05AC9846F7
:1029A0001B4F1C4E65190AE0012B02D1404601F075
:1029B0003BFB3000073401F037FBAC4217D06078A6
:1029C00023796279A1790290A0780190E078009053
:1029D000380001F029FB2378002BE5D1484601F0AF
:1029E00023FB0734300001F01FFBAC42E7D100208D
:1029F0001BB0C0BCB946B046F0BD074801F014FB9F
:102A0000F5E7C0469C340610D8340610E0340610B2
:102A1000B8340610E01E06108834061010B5FEF714
:102A2000DDFD054801F000FB142003F0D5F801F0AE
:102A3000E5FA002010BDC046E834061010B5FDF7D9
:102A4000DDFDFEF7CBFD054801F0EEFA142003F0A2
:102A5000C3F801F0D3FA002010BDC04604350610BB
:102A600030B5012387B0012802D0180007B030BD6F
:102A7000FDF756FE00283BD01E491F4801F0D4FA4E
:102A8000FDF71CFE1D4B0100180001F0CDFAFDF70B
:102A9000D1FD07F0CDFD1A4A1A4B06F051FB07F0A5
:102AA00009FE051C06F0ACFA040006F00BFB011C45
:102AB000281C06F00FF9144906F014F805F05EFC26
:102AC000124B02002100180001F0AEFA1122002181
:102AD00001A807F0EDFFFDF74DFE1022010001A84F
:102AE00008F018F80A4801A901F09EFA0023BCE793
:102AF0000849C2E7B432061034330610E433061036
:102B00009A9999999999A93F000020416834061033
:102B100088330610BC3206107047C046F0B54E46EA
:102B2000DE4657464546E0B5C5B034AB9946E24B64
:102B3000370008932EAB9846E04B0393E04B0C9381
:102B4000E04B0B93E04B0D93E04B0493E04B0A9367
:102B5000E04B0193E04B1093E04B1193E04B069355
:102B6000E04B0793E04B0E93E04B0293E04B0F9347
:102B7000E04B1D93E04B0993E04B1293E04B139312
:102B8000E04B1493E04B1593E04B1693E04B1793F7
:102B9000E04B1893E04B1993E04B1A93E04B1B93D7
:102BA000E04B1C93E04B1E93E04B1F93E04B2093B4
:102BB000E04B2193E04B2C93E04B2D93E04B229381
:102BC000E04B2393E04B2493E04B2593E04B26937B
:102BD000E04B2793E04B2893E04B2993E04B2A935B
:102BE000E04B2B9300239B464B465A4608981A709D
:102BF00001F01AFA002300259A4600260DE0DA4A71
:102C0000934200D123E1D94A934200D125E1082320
:102C10005E460137BB427641F6B20120404201F0E8
:102C200035FA0400002E00D1F1E14346DC551B6863
:102C3000CF4A9342E3D1002DE9D00398013D01F042
:102C4000F3F90120404201F021FA3E000400230084
:102C5000083BDBB2132B03D8019A9B00D3589F4645
:102C600053463F2B00D885E10120404201F00EFA87
:102C70000400ECE72EAB07220021581C07F018FFD8
:102C800001201B2342464042137001F0FFF9012747
:102C90000400CAE7099801F0C7F937004B465646C9
:102CA0005A469B191A70002E9EDD4B46202148463D
:102CB0009A55309307F020FF002800D17EE15B4653
:102CC000202103700130319007F016FF002800D159
:102CD00081E15B46202103700130329007F00CFF48
:102CE000002800D179E15B46042403700130339061
:102CF0004846149907F0E4FE002800D166E14846F2
:102D0000159907F0DDFE002800D16AE148461699C2
:102D100007F0D6FE002800D165E14846179907F074
:102D2000CFFE002800D160E14846189907F0C8FEA0
:102D3000002800D15BE14846199907F0C1FE002840
:102D400000D158E148461A9907F0BAFE002800D190
:102D50004FE148461B9907F0B3FE002800D14EE131
:102D600048461C9907F0ACFE002800D145E14846D2
:102D70001E9907F0A5FE002800D144E148461F999E
:102D800007F09EFE002800D13BE14846209907F05D
:102D900097FE002800D138E14946219801F044F916
:102DA00022E75346002B00D15EE70E9F05963C00BC
:102DB000903726684946300007F0DFFE002803D030
:102DC0003100029801F030F90C34BC42F1D149468F
:102DD0000F98059E01F028F9554500D144E7534668
:102DE0001D98591B01F020F93EE7069801F01CF9E7
:102DF0004946079801F018F936E7002D00D133E76E
:102E00006B1E52461C00571E05934C44BB4205D214
:102E100029002000521B494407F038FE4B465A4611
:102E2000DB191A70109801F0FFF8119801F0FCF806
:102E30002100049801F0F8F80A9801F0F5F8012053
:102E4000404201F023F9BA460400059DFFE65545CE
:102E500000D3DCE60C980135F1E643461B79002BE4
:102E600000D0D4E6554500D3D1E65346681C5E1E1B
:102E7000864207D95246A91C023A521B494448448B
:102E800007F004FE4B465A469B191A700B9801F046
:102E9000CBF80D9801F0C8F84B460498591901F089
:102EA000C3F80A9801F0C0F80120404201F0EEF8A2
:102EB000B24604003E00CAE6343506104835061016
:102EC0004C35061058350610643506106835061066
:102ED0006C350610403E0610783506108435061015
:102EE0008C35061094350610A43E0610A835061041
:102EF000B0350610C8350610E01E0610D035061095
:102F0000D4350610E0350610E8350610F035061009
:102F1000F83506100036061004360610083606107E
:102F200010360610183606102036061030360610F9
:102F3000383606103C3606105D260410792604103B
:102F4000AD26041049270410C927041035280410A1
:102F500089280410612A0410792904101D2A0410FC
:102F60003D2A0410A53204101B5B43001B5B337E1B
:102F70001B5B4400554532D25A1B4B466F1C5919F6
:102F8000D81907F083FD012294462B004A46E244FB
:102F90004B4452441C70059313005A460B981A7008
:102FA00001F042F80599049801F03EF8129801F0FA
:102FB0003BF813983D0001F037F855E64846149960
:102FC000012407F07DFD002800D098E62C9B20000E
:102FD00030A9984708E602248AE6032488E66F1C95
:102FE000D1E72D9BF3E7229BF1E7239BEFE7249B9F
:102FF000EDE7269BEBE7259BE9E7289BE7E7279B87
:10300000E5E72A9BE3E7299BE1E72B9BDFE73E000F
:103010001DE6C04670B5037B04000D00002B0AD0EE
:1030200061682C4801F000F8237B042B4ED82A4A13
:103030009B00D3589F46294800F0F6FFF0E7284848
:1030400000F0F2FF2169274800F0EEFFA16A264850
:1030500000F0EAFF002D36D0A06906F033F82349CE
:1030600005F040FD041C280006F02CF8011C201C73
:1030700005F0B4FB051C05F0C3FF040005F0DEFFFE
:10308000011C281C05F026FE194905F02BFD05F052
:10309000B7FF0200174B2100180000F0C5FF1648CB
:1030A00000F0C2FF70BD154800F0BEFFCAE714482B
:1030B00000F0BAFFC6E7134800F0B6FFC2E71248B7
:1030C00000F0B2FFBEE700220024E3E70F4800F063
:1030D000ABFFB7E770360610903E06106836061054
:1030E000A8360610D8360610E03606100000C84292
:1030F00000002041EC360610F8360610B8360610EF
:10310000883606109836061078360610C83606102F
:10311000F0B5CBB008AC02F023FE0621200001AAD6
:1031200003F094F802AD061E2ED0029401281ED0A2
:1031300013AB6B60022841D01EAAAA60032809D0F5
:1031400029AAEA60042805D034AA2A61052801D0FA
:103150003FAA6A61A169626C701E914235D36968A9
:10316000AB688C699A69944221D3022832D14C48C9
:1031700000F05AFF0024019901CD0134FFF74AFF06
:10318000A642F8D84BB0F0BD02996A688869946984
:10319000844256D8AB689F69A74219D96B60AA6070
:1031A000B84215D20120404269600293DDE7A96070
:1031B00002996B608C69A242D7D9F5E7A169626C6C
:1031C0009142D4D202936C60D1E702936C60C6E75F
:1031D00001204042AB68E9689C698A6994424ED3F9
:1031E0000328C4D0EB6829699C698A6994422DD36D
:1031F0000428BCD02A69696990698B698342B6D971
:10320000E8686A6182692961934202D91A002861DB
:10321000E960A968E8688B69934202D21300E9600B
:10322000A8606968A8688A69934202D91A00A960EF
:103230006860029B69689869824298D96B600291C4
:1032400095E7012002926960404288E7AC682B61F3
:10325000A369E9609A4202D91300EC60A960696829
:10326000AC688A69934202D91A00A9606C60029B1B
:1032700069689C69A242BBD96B600291B8E76C682F
:10328000EB60A369A9609A4202D91300AC6069603F
:10329000029A69689469A342A2D96A6002919FE781
:1032A0000437061070B50E4800F0BEFE0D4E0E4DF0
:1032B0000E4C300000F0B8FEFFF72AFF280000F0A7
:1032C000B3FE200000F0B0FEFA20800000F0DEFE29
:1032D0000328EED1064800F0A7FE002070BDC046CE
:1032E000443706104C370610583706107037061052
:1032F000E01E061010B507F057FC0C2303600120F8
:10330000404210BD30B50400080085B020602000A8
:1033100011001A00184B1C301C6001F0F3F8099AD8
:103320000899201D01F0EEF803252300002200215A
:1033300038330095012001F081F9230000226063F9
:1033400000218C330095012001F078F988230021B9
:10335000E050606B01F088FD0121082004F09CF82A
:10336000064B03A81A8802809B78837004F086FCC1
:10337000002005B030BDC046741C0020F81C0610AB
:1033800030B585B008AC25780191072A45D011D811
:10339000052A46D00121062A08D101AC21716171AC
:1033A000012B0FD0022B3AD0002B0CD00120404231
:1033B00005B030BD0321082AF8D101AC217161713B
:1033C000012BEFD10223E371002D01D0012DEDD1AE
:1033D000436AA5715A1E9341C2685B002372002A9A
:1033E00002D00122134323720023002063720133B1
:1033F000A37204F0D3F8200004F0DEF8062004F0F5
:10340000D1F9002004F0C2F90121102004F080F964
:10341000012004F0C3F80020CAE70221BDE7012320
:10342000D1E70021B9E7C046F0B5C64604000E005A
:103430001700002000B5002A02D180BCB846F0BDBC
:1034400081200021400104F063F90021606B01F04C
:103450000BFD8120400104F093F90EE0002D28D0EF
:10346000E36A226A18780133E362934201D3E36985
:10347000E362013D256304F057F9202004F064F96C
:10348000256B0028EAD000239846002D11D020009B
:1034900031003A001C3001F03FF8236B0500012198
:1034A000002B18D18020400104F032F9280040445C
:1034B000C3E7002505E0BD4211D0705D04F034F98A
:1034C0000135202004F040F9A84673190028F2D0F5
:1034D0001E007F1BDBE7202004F01AF9E6E7002737
:1034E0001E00D4E770B505004B1C0BD03222002320
:1034F0000800002104F020FFFA2200239200FCF7CC
:10350000B1FE0100686B01F0AFFC0400012802D09D
:103510000024200070BD02F0E1FF082004F014F93F
:10352000002803D0002402F0E5FFF2E70023002288
:103530000021686B01F0E8F8F5E7C046F8B5040033
:103540000F0016000020002A00D1F8BD0021103025
:1035500004F0DEF832003900201D01F009F8050002
:10356000864206D822E004F0E7F878550135AE42ED
:103570001CD9102004F0E8F80028F4D0102004F042
:10358000E3F8A369002817D1E2689A4214D004F046
:10359000D3F8236918702369A26801332361934229
:1035A00001D363682361A3690133A361102004F090
:1035B000CBF8A3690028E7D0002B05D0102001210B
:1035C00004F0A6F82800C0E788330021E05801F095
:1035D0004BFCF3E770B505000C004B1C0BD03222FE
:1035E00000230800002104F0A7FEFA220023920025
:1035F000FCF738FE04008826002004F0D3F82100F0
:10360000A85901F031FC012804D0062004F0CAF8C2
:10361000A86970BD002300220021A85901F074F8A8
:10362000F3E7C0463E4B10B51C68002382B0202053
:10363000019304F09BF8012813D08020400104F08E
:1036400095F8012858D0102004F090F8012831D0C6
:10365000019B002B03D08022324B52051A6002B02E
:1036600010BD314B1B8F9B06E7D51F3004F088F847
:103670000EE0002A14D0E36A216A18780133E3626D
:103680008B4201D3E369E362013A226304F04CF810
:10369000202004F059F8226B0028EAD0002ACCD16F
:1036A0000021202004F034F880200121400104F0A2
:1036B0002FF8C2E71C4B1B8FDB06C9D50F3004F077
:1036C0005FF80EE004F038F8236918702369A268E7
:1036D00001332361934201D363682361A3690133FA
:1036E000A361102004F030F80028EBD0882301A952
:1036F000E05801F007FAABE780220B4B52011B8F19
:103700001342A0D0100004F03BF8802000214001BB
:1037100003F0FEFF606B01A901F0F4F993E7C046E6
:10372000741C002004ED00E0000030400D4B70B52B
:1037300005000C0099420CD00B4B99420FD1802010
:103740000121400103F0A8FE002300202C606B60E3
:1037500070BD80200121000103F09EFEF4E70120EE
:103760004042F5E70000D0400000E04070B50400A2
:103770001A480D00002682B00902814208D8FCF7E1
:10378000EFFC80235B00984225D845430138C6B240
:1037900029001248FCF7E4FC6060684604F058F821
:1037A00080236D465B002B800023AB70AB80636889
:1037B0006946013B2068EB80EE7004F001F80122BD
:1037C0002068002104F056F82068012104F046F832
:1037D000002002B070BD1800D7E7C0460048E801DD
:1037E00070B50C1C06000021201CFCF713FD0028FE
:1037F0001CD10F49201CFCF721FD002800D00C4CE7
:103800007568280005F05EFC211C05F06BF906F0D8
:103810000FFF0022074B05F05BFF04F0C7FD336884
:103820002D1AADB282B29A801D8170BD0024E7E7E7
:103830000000C84200005940002203681A80704707
:10384000002310B50160037180204000012103F0C6
:1038500023FE002010BDC04600B583B000230171D7
:10386000684603700133FF334380FE3B41700371B0
:1038700004F016F8012004F091F8012004F07AF821
:10388000002003B000BDC04670B50500042401202F
:1038900004F052F8042004F08FF80028FAD0013C1C
:1038A00004F0CEF9002CF2D12879022104F08CF832
:1038B00070BDC04610B507F08CF910BD10B507F00B
:1038C000F7F810BD10B507F0D3F810BD084B1A6813
:1038D000084B9A420AD13F23074A40061381000C45
:1038E0002E3B90611380138ADB07FCD57047C046DE
:1038F00014000020CCBCECFC00001040084B1A68FF
:10390000084B9A420AD13F23074A800813810C3B97
:10391000906111641380138ADB07FCD57047C046A1
:1039200014000020CCBCECFC00001040034B1B8AB0
:103930001840431E9841C0B27047C0460000104076
:10394000C02380211B061A680A431A601A688A433A
:103950001A607047C02301211B061A680A431A60C7
:103960001A688A431A607047C0231B0618688007CC
:10397000C00F7047054B1B78002B05D1044B18680E
:10398000431E9841C0B270470120FCE7781C00201C
:10399000000400C0F0B5534B91B01C006A46E0CC67
:1039A000E0C2E0CCE0C260CC60C22033E0CBE0C239
:1039B00070CB70C230CB30C2012857D002281CD047
:1039C000032850D16A4620234C1E551E03E0013BBC
:1039D000002B00D17CE0E05CEA5C861A9042F6D0D5
:1039E000414B1A78002E00DB74E0022082433F48EE
:1039F0001A700C1D02003E4B50E06A4620234C1EFC
:103A0000551E02E0013B002B5CD0E05CEA5C861AAC
:103A10009042F7D0344B1A78002E55DA01208243B9
:103A20001A700C1D4B0759D1324BCB18002B55D0B7
:103A30000C684D68304B1C605D60304B8C68CD6805
:103A40001C605D602E4B0C694D691C605D602D4BE8
:103A50008869C969186059602B4B2FE0224B1A788E
:103A600004210A431A70012011B0F0BD1F25202344
:103A70004C1E6D4402E0013B002BEFD0E05CEA5CA1
:103A8000861A9042F7D0184B1A78002EE8DA0420F4
:103A900082431E481A7002001D4B0C1D0D68056004
:103AA0002068506088689060C868D06008691061BC
:103AB0004869506188699061C969D161002200201C
:103AC0001A60D1E7084B1A7801210A431A70CAE735
:103AD000054B1A7802210A431A70C4E706480A4BBC
:103AE0000200DBE7FC1C0610781C0020B40400C0B8
:103AF000D40400C074FBFF3F900400C0980400C0D1
:103B0000A00400C0A80400C0B00400C06C0400C041
:103B10008C0400C0431E10B5022B1DD8C200164BEA
:103B200012189200D318880718D114481018081AD0
:103B3000022813D91A680A605A684A609A688A602B
:103B4000DA68CA601A690A615A694A619A698A61BF
:103B5000DB69CB61002010BD0120FCE70800521A90
:103B60002030054C8B18A44663441B780B70013140
:103B70008842F6D1EEE7C046480400C0490400C0C0
:103B800010B514F07FFB10BD10B511F0AFF810BDEB
:103B900010B510F063FC10BD10B510F069FF10BD3A
:103BA00070B584B06E466C466D46B68D248CAD8C77
:103BB00003960A9E01950296009411F089F904B0CB
:103BC00070BDC04670B584B008AC20CC0AAE247875
:103BD000367801940296009511F0BAF804B070BDE1
:103BE00010B50AF0ADF910BD10B512F04BFC10BDC8
:103BF0000120704710B509F081FF10BD10B514F019
:103C0000B7FD10BD10B512F001FB10BD10B515F0D9
:103C100079FE10BD10B50AF069F910BD10B50AF0B3
:103C20006DF910BD10B50EF02DFA10BD10B517F0DE
:103C3000A1FE10BD10B517F0C1FB10BD10B517F0F7
:103C400021FF10BD10B517F0E0FB10BD10B510F04E
:103C5000F7F810BD10B510F003F910BD10B510F055
:103C60000BF910BD10B511F08BFA10BD10B50DF0A9
:103C7000DFFF10BD10B511F0C3FC10BD10B511F081
:103C8000CFFA10BD10B511F0FDFB10BD012070473B
:103C900010B50DF079F810BD10B519F0C9FF10BDC1
:103CA00010B519F099FF10BD10B519F07DFF10BDCA
:103CB00010B51AF057F910BD0120704710B51AF071
:103CC000D7F910BD10B51AF099F910BD10B518F05C
:103CD00091FB10BD10B518F0A7FB10BD10B518F082
:103CE00021FC10BD10B518F017FB10BD10B518F071
:103CF0002BFB10BD10B518F049FB10BD10B518F026
:103D0000A9FB10BD10B518F0BFFB10BD10B517F022
:103D1000B1FB10BD10B517F081FB10BD10B517F049
:103D200071FF10BD10B517F069FE10BD70B504002D
:103D30000DF00EFA050002F089F901281CD072B6C8
:103D400002F084F9002812D01A4B19781A4B1A780D
:103D5000022808D0022002F027FD184B1B78002B08
:103D60001CD162B670BD013002F01EFDF9E762B6EB
:103D700003300DF011FAF5E702300DF00DFA600195
:103D8000001B800000193221C000FCF7E9F9010096
:103D900003200DF0E6F90DF091FAD0E70DF0D8F917
:103DA00029000DF0CFF91421FCF7DAF901F0DEFF5C
:103DB000D7E7C0467A1C0020791C00200C000020A8
:103DC000024B1870024B19707047C0467A1C0020D5
:103DD000791C0020F0B5C64600B58AB004F0AEF9F3
:103DE000604C0120210000F0EDFD5F4B0121E61841
:103DF0005E4B0027F050012003F04EFB04A803F0B7
:103E0000EBFA802304936B4604A81F7503F000FAB5
:103E100080235B0104936B4604A81F7503F0F8F937
:103E20004023062504936B4640201D7503F0E6FAF7
:103E300004A803F0EDF980206B46C0011D750490C5
:103E400003F0DCFA04A803F0E3F920239846049376
:103E50006B4620201D7503F0D1FA04A803F0D8F9B1
:103E60000F2304936B460F201D7503F0C7FA04A8B7
:103E700003F0CEF9102304936B4610201D7503F058
:103E8000BDFA04A803F0C4F980231B0104936B4618
:103E9000053D04A81D7503F0BBF980235B00049366
:103EA0006B4604A81D7503F0B3F9314B03A81A88BB
:103EB000013502809B78837003F0E0FE80220023AE
:103EC00006A806920793089503F0A4FA802200231F
:103ED000520106A806920793089503F09BFA8420E6
:103EE000400103F0CDFA84200121400103F0BCFA27
:103EF00041460191210080231E4A2439A2180091D5
:103F000030001D49DB00FFF7FDF92500E12100230A
:103F100008225035300000974902FFF731FA280097
:103F20001649FFF703FC64212800FFF71FFC8121DD
:103F300060342000C905FFF783FC02212000FFF751
:103F40008BFC0121802003F0A7FA0D4803F084FECA
:103F500003F088FE08210820FFF732FF0AB080BC7A
:103F6000B846F0BD182A002000FBFFFFFC0400004B
:103F70003C1D0610DCFBFFFF000030400000D0407D
:103F8000FD7F0700014B024A985470471825002016
:103F9000690500000FB4F0B5144B154D0024EB5C1F
:103FA00083B0002B05D1200003B0F0BC08BC04B0E6
:103FB000184701210F4E09AFA8594942019700F057
:103FC00053FF80210C4C3B00089A2000490006F06A
:103FD00043FD210002002800FFF726FA0023040019
:103FE00000220021A85900F08FFBDCE769050000E2
:103FF00018250020FC0400007C1C002010B5074898
:10400000FFF7C8FF012001F0E7FDBFF34F8F044B1E
:10401000044ADA60BFF34F8FFEE7C0465C390610F2
:1040200000ED00E00400FA050FB4F0B5C64601212A
:1040300000B582B0124C08AE124F08CEE05949428A
:104040009846019600F010FF80210F4D3300424644
:104050002800490006F000FD290002002000FFF7BB
:10406000E3F90500002300220021E05900F04CFB99
:10407000280002B080BCB846F0BC08BC04B01847A9
:1040800018250020FC0400007C1C002070B582B0C4
:104090006B46DD1D00230D4C010020002B70FFF747
:1040A00099FA01210A4E4942A05900F0DDFE29008B
:1040B00001222000FFF742FA002300220021A0592C
:1040C00000F022FB287802B070BDC0461825002001
:1040D000FC040000F0B5C646AB2600B5504CF60017
:1040E00082B0A75D0500A0550F2003F087F94D4B66
:1040F0004D49E358181C984604F0ECFD06F098FA78
:104100004A4A4B4B05F06AFD06F0D4FA07F06AFE06
:1041100006F08EFA474A484B05F060FD0022474BF7
:1041200005F05CFD464B474A05F07EFF06F0C2FAFB
:10413000A35D011C082B03D03B4804F0CBFD011C00
:10414000AA23DB00E018FFF74BFB4246354BE25059
:10415000043BE35CBB4204D0AA23DB00E018FFF77A
:104160006BFB082D58D8384BAD005B599F4601209A
:1041700003F040F9042003F03DF9022003F03AF97E
:10418000002F0FD1684603F027F910236A460093E9
:104190000B3B6846137103F03BF8202003F022F933
:1041A00000280CD002B080BCB846F0BD012003F05E
:1041B00021F9042003F01EF9002FE3D0F2E70121DA
:1041C000202003F01FF9052001F006FDEAE7082092
:1041D00003F010F9002FD5D0E4E70021202003F0F0
:1041E00011F9684603F0F8F810236A4600930A3B79
:1041F0006846137103F00CF8D4E7012003F0FAF8D5
:10420000002FBFD0CEE7012003F0F4F8022003F026
:10421000F1F8002FB6D0C5E7002FC3D1B2E7C046F2
:10422000182500205C0500000000C8429A99999961
:104230009999A93FD2847F2DC91BF03F00005940B6
:104240002BB5E53FE1C39F8B343F061070B518498D
:10425000041C04F03FFD06F0EBF9164A164B05F07E
:10426000BDFC06F027FA07F0BDFD06F0E1F9134AA0
:10427000134B05F0B3FC0022124B05F0AFFC124BC0
:10428000124A05F0D1FE06F015FAAB23104DDB0003
:10429000EB5C011C082B03D0054804F01BFD011C3E
:1042A000AA23DB00E818FFF79BFA0A4BEC5070BD1D
:1042B0000000C8429A9999999999A93FD2847F2D73
:1042C000C91BF03F000059402BB5E53FE1C39F8B70
:1042D000182500205C05000070B5202003F082F84E
:1042E000002826D01B4C02212000FFF7B5FA200041
:1042F000FFF7CAFA184B051C9C46AB236444DB004D
:10430000E35C002B10D0202003F06CF8002818D0BC
:10431000281C124904F0E6FB114904F05FFA011C65
:104320000E4804F0D7FC70BD0021202003F06AF88D
:10433000EEE70121203003F065F8052001F04CFC88
:10434000D0E70121203003F05DF8052001F044FCA6
:10435000DEE7C046782A0020A0FAFFFF0000C8422E
:104360003333534010B582B06A46084B03CB03C2C7
:10437000402003F043F8684602F04AFFAD220121D5
:10438000034BD200995402B010BDC046401D061028
:1043900018250020402310B582B06A4600240093FF
:1043A000002368469380947102F032FFAD22024BE5
:1043B000D2009C5402B010BD1825002010B582B068
:1043C0006A460E4B6C4603CB03C2684602F020FFE0
:1043D000402003F00FF8072001F0FEFB402003F01F
:1043E0000DF8AD22064BD2009B5C002B01D002B031
:1043F00010BD6846237102F00BFFF8E7401D061060
:1044000018250020802010B5400102F0EBFF013894
:1044100043425841C0B210BD8022012300B585B08F
:104420005201029068460092019302F0F3FF05B03A
:1044300000BDC04600B5802085B003F025F80128F6
:1044400007D08020400103F01FF8012815D005B0E7
:1044500000BD7F3003F014F869460020FCF72EFC05
:10446000009B002BEDD080228020144B52051A6057
:10447000400103F009F80128E9D18020400102F051
:10448000B1FF802201235201013800920193431EA3
:1044900098410290684602F0BDFF8020400102F082
:1044A000EFFF69460120FCF709FC009B002BCED0F2
:1044B0008022024B52051A60C9E7C04604ED00E0B5
:1044C00010B50E4803F0C8FB01F044FC952801D854
:1044D000012010BD0A4C00212000FFF703F800283E
:1044E000F6D08020400102F07DFF0128F0D0AB2300
:1044F000DB00E35C002BEBD10320EAE7FD7F070044
:1045000018250020002382608A1801604260C16083
:10451000016143617047C046F0B5C646856843698E
:1045200004000E0000B5ED1A954200D91500E068B0
:1045300067683F1ABD420DD22A00310006F049FBE0
:10454000E2685219636928005B19E260636180BC0C
:10455000B846F0BD3A00310006F03BFBEB1B984635
:104560001A002068F11906F034FB22684244E9E79A
:10457000F0B5C646456904000E0000B5954200D965
:104580001500216967687F1ABD420DD22A003000EC
:1045900006F01FFB22695219636928005B1B226128
:1045A000636180BCB846F0BD3A00300006F011FBF4
:1045B000EB1B98461A002168F01906F00AFB2268E6
:1045C0004244E9E770B51600026C0400856B002ACE
:1045D00006D1066801350020002E25D0A56370BDE8
:1045E000002E0ED1406806F0F4FA6368226C0135A3
:1045F0009B18A2686360934201D323686360002024
:10460000ECE7C06806F0E5FA226CE36851429B1AB9
:104610002268E360934202D2A3685B18E360022E33
:1046200007D000200135D9E7A06801F081FDA66020
:10463000D4E7002DF5D00020D0E7C04670B582B099
:104640001C006B461D7E002C0ED000280AD0002ACC
:104650000CD0002906D050230193019B502B3CD055
:1046600072B6FEE772B6FEE772B6FEE70029F9D130
:1046700050230193019B502BF2D12200019B462332
:104680000126E6542260E0632164020C0B0C002A30
:1046900035D1002B23D101F021FF216CE36B22687F
:1046A0004B43D018A06000205B1A6260D218E26011
:1046B000FF234422A0632000A3540132A3541030EE
:1046C00002F038F82000243002F034F801F012FF34
:1046D0004C232000E55402B070BD019BCFE7844617
:1046E0001A1C89B20B00614680B2434389B292B270
:1046F0004A431B0CD3181B0CCDD072B6FEE7002B1F
:10470000FBD18C46EDE7C046F0B5CE46474680B5B6
:1047100085B0041E88469946019200D102E1002925
:1047200000D19DE04B46022B00D19FE001F0D6FE68
:10473000A26BE36B9A427FD34A460023022A7BD0C6
:1047400026002436019A002A00D1F5E0002B00D182
:10475000E4E001F0CFFE01F0E7FA01F0BFFE4422F1
:10476000A35C5BB2013301D10023A3544522A35CB7
:104770005BB2013301D10023A35401F0BBFE01A9B8
:1047800002A801F027FC002800D0D9E001F0A6FE25
:10479000A26BE36B9A4200D16EE001F0ABFE01F038
:1047A0009DFE4523E55C6DB2002D05DC13E0013D67
:1047B000EBB26DB2002B0ED0636A002B0BD0300031
:1047C00001F074FB0028F2D0013D01F039FCEBB29E
:1047D0006DB2002BF0D14523FF22E25401F08AFE96
:1047E00001F07CFE4423E55C6DB2002D16DD270050
:1047F000103704E0013DEBB26DB2002B0ED02369FF
:10480000002B0BD0380001F051FB0028F2D0013D05
:1048100001F016FCEBB26DB2002BF0D14423FF2265
:10482000E25401F067FE01F087FA01F057FEA16B38
:10483000E26B0123914285D24A4641462000FFF7B0
:10484000C1FE636A002B00D071E0002800D06BE04D
:1048500001F050FE012005B0C0BCB946B046F0BD25
:10486000036C002B00D15DE772B6FEE7E36B012B12
:1048700000D15BE772B6FEE72700103701F03AFE81
:104880003800019901F0C2FA01F028FE4523E55CE9
:104890006DB2002D05DC13E0013DEAB26DB2002AD5
:1048A0000ED0636A002B0BD0300001F0FFFA002815
:1048B000F2D0013D01F0C4FBEAB26DB2002AF0D1A2
:1048C0004523FF22E25401F015FE01F007FE4423C8
:1048D000E55C6DB2002D05DC13E0013DEAB26DB27E
:1048E000002A0ED02369002B0BD0380001F0DEFA2D
:1048F0000028F2D0013D01F0A3FBEAB26DB2002A1C
:10490000F0D14423FF22E25401F0F4FD01F014FA47
:10491000002800D089E701F0D5FD86E702A801F064
:104920004DFB16E772B6FEE701F0CCFD90E72000E4
:10493000243001F0BBFA88E701F0DCFD00208AE7B3
:1049400001F0CCFD4523E55C6DB2002D12DD2600A3
:10495000243604E0013DEAB26DB2002A0AD0636A4F
:10496000002B07D0300001F0A1FA0028F2D001F0AE
:1049700067FBEFE74523FF22E25401F0BBFD01F0A6
:10498000ADFD4423E55C6DB2002D12DD260010362E
:1049900004E0013DEAB26DB2002A0AD02369002B7F
:1049A00007D0300001F082FA0028F2D001F048FB75
:1049B000EFE74423FF22E25401F09CFD01F0BCF933
:1049C000002048E770B505000C0082B0002938D0FF
:1049D00050230193019B502B01D072B6FEE70026B5
:1049E0004622019B01238B542160CB630E6401F0AE
:1049F00075FD216CE36B22684B43D0185B1A626033
:104A0000D218E260FF234422A0602000A663A354D2
:104A10000132A354103001F08DFE2000243001F04B
:104A200089FE01F067FD4C230022E554002100239C
:104A30002000A6602660E660FFF766FE200002B058
:104A400070BD72B6FEE7C046F0B54F464646D64644
:104A50000400C0B51D000F001600002837D0002943
:104A600018D0022D04D1E36B012B18D072B6FEE7EB
:104A700001F01EFE0021A26BE36B804689469A423C
:104A800011D3404601F018FE4846E0BCBA46B14694
:104A9000A846F0BD036C002BE3D072B6FEE701F030
:104AA00007FE8046A36B45239A46E35C2A005BB26F
:104AB000994639002000A36BFFF784FD4B46013374
:104AC00007D1636A002B12D101239946D9E772B648
:104AD000FEE701F045F98145F6D24B467F2B04D025
:104AE000524601335BB2A354EEE772B6FEE72000F4
:104AF000243001F0DBF90028E6D0002EE4D00123B9
:104B00003360E1E7F0B5C64604000D0000B50028AB
:104B10001BD0036C002B01D072B6FEE70368002B9C
:104B200015D001F0C5FDA36BE26B06009A4213D9C4
:104B30004522A75C01337FB29046A3637B1C13D14F
:104B4000636A002B1CD1012407E072B6FEE783687C
:104B5000002BE6D072B6FEE70024300001F0ACFD79
:104B6000200080BCB846F0BD01F0FAF88742EAD2D6
:104B70007F2F11D0434601377FB2E7540124ECE781
:104B80002000243001F092F90028DCD0002DDAD08A
:104B9000012301242B60E0E772B6FEE7F0B547463B
:104BA000CE4680B585B0041E8846019200D138E11A
:104BB000002900D12FE101F091FCA56B002D00D060
:104BC00031E1019B002B00D1D0E0260002A801F0CA
:104BD000F5F94427243601F08DFC01F0A5F801F029
:104BE0007DFCE35D5BB2013301D10023E355452237
:104BF000A35C5BB2013301D10023A35401F07AFC22
:104C000001A902A801F0E6F900285AD101F066FCDA
:104C1000A36B002B00D0B1E001F06CFC242399467B
:104C2000A1444846019901F0F1F801F057FC4523F1
:104C3000E55C6DB2002D05DC13E0013DEAB26DB21A
:104C4000002A0ED0636A002B0BD0484601F02EF9E3
:104C50000028F2D0013D01F0F3F9EAB26DB2002A6A
:104C6000F0D14523FF22E25401F044FC01F036FC70
:104C70004423E55C343B99466DB2A144002D05DC2C
:104C800013E0013DEAB26DB2002A0ED02369002B79
:104C90000BD0484601F00AF90028F2D0013D01F09E
:104CA000CFF9EAB26DB2002AF0D14423FF22E254D8
:104CB00001F020FC01F040F800284ED101F002FC88
:104CC0004BE001F00BFC4523E55C6DB2002D05DCEB
:104CD00013E0013DEAB26DB2002A0ED0636A002BE8
:104CE0000BD0300001F0E2F80028F2D0013D01F0D5
:104CF000A7F9EAB26DB2002AF0D14523FF22E254AF
:104D000001F0F8FB01F0EAFB10239946E55DA144B0
:104D10006DB2002D05DC13E0013DEAB26DB2002A50
:104D20000ED02369002B0BD0484601F0BFF80028B5
:104D3000F2D0013D01F084F9EAB26DB2002AF0D15F
:104D4000FF23E35501F0D6FB00F0F6FF01F0C6FBB0
:104D5000A36B002B0AD001F0CDFB01F0BFFBA56BCC
:104D6000002D60D1019B002B00D034E701F0C2FB85
:104D7000002005B0C0BCB946B046F0BD01F0BAFB9A
:104D800001F0ACFB4523E55C213B99466DB2A144A3
:104D9000002D05DC13E0013DEAB26DB2002A0ED011
:104DA000636A002B0BD0484601F080F80028F2D04F
:104DB000013D01F045F9EAB26DB2002AF0D1452378
:104DC000FF22E25401F096FB01F088FB4423E55CEE
:104DD000343B99466DB2A144002D05DC13E0013D42
:104DE000EAB26DB2002A0ED02369002B0BD04846E0
:104DF00001F05CF80028F2D0013D01F021F9EAB29F
:104E00006DB2002AF0D14423FF22E25401F072FB7C
:104E100000F092FFA1E7036C002B00D1CBE672B645
:104E2000FEE772B6FEE7226C002A0AD0E168A368AA
:104E30008918E160994201D32168E160404605F09C
:104E4000C8FE2369013DA563002B03D101F052FB8D
:104E500001208EE72000103001F028F80028F5D05E
:104E600001F030FBF2E7C046F0B5CE46474680B5CC
:104E700085B0041E019100D1EFE0036C002B00D03F
:104E800094E001F02BFBA36B002B00D053E1019BBE
:104E9000002B00D13EE102A801F090F8002326008B
:104EA00098464427243601F025FB00F03DFF01F031
:104EB00015FBE35D5BB2013301D10023E3554522CD
:104EC000A35C5BB2013301D10023A35401F012FBB8
:104ED00001A902A801F07EF8002869D101F0FEFACC
:104EE000A36B002B00D0BDE001F004FB2368002B76
:104EF00000D117E124239946A1444846019900F0C6
:104F000085FF01F0EBFA4523E55C6DB2002D05DC71
:104F100013E0013DEAB26DB2002A0ED0636A002BA5
:104F20000BD0484600F0C2FF0028F2D0013D01F04E
:104F300087F8EAB26DB2002AF0D14523FF22E2548D
:104F400001F0D8FA01F0CAFA4423E55C6DB2002DF5
:104F500017DD343B9946A14404E0013DEAB26DB24D
:104F6000002A0ED02369002B0BD0484600F09EFF8C
:104F70000028F2D0013D01F063F8EAB26DB2002AD8
:104F8000F0D14423FF22E25401F0B4FA00F0D4FE41
:104F9000002800D1B3E001F0A1FAA36B002B00D0F0
:104FA000C9E0019B002B00D07DE7B3E072B6FEE7BD
:104FB00001F094FA4523E55C6DB2002D05DC13E0A9
:104FC000013DEAB26DB2002A0ED0636A002B0BD00D
:104FD000300000F06BFF0028F2D0013D01F030F806
:104FE000EAB26DB2002AF0D14523FF22E25401F06B
:104FF00081FA01F073FAE55D6DB2002D17DD102323
:105000009946A14404E0013DEAB26DB2002A0ED0F7
:105010002369002B0BD0484600F048FF0028F2D04F
:10502000013D01F00DF8EAB26DB2002AF0D1FF2384
:10503000E35501F05FFA00F07FFE01F04FFAA36B39
:10504000002B0CD101F056FA4346002B5AD1002018
:1050500005B0C0BCB946B046F0BD72B6FEE701F07F
:1050600049FA98E701F046FA01F038FA4523E55C81
:105070006DB2002D17DD213B9946A14404E0013DAE
:10508000EAB26DB2002A0ED0636A002B0BD04846FC
:1050900000F00CFF0028F2D0013D00F0D1FFEAB291
:1050A0006DB2002AF0D14523FF22E25401F022FA2A
:1050B00001F014FA4423E55C6DB2002D17DD343B9A
:1050C0009946A14404E0013DEAB26DB2002A0ED037
:1050D0002369002B0BD0484600F0E8FE0028F2D0F0
:1050E000013D00F0ADFFEAB26DB2002AF0D14423D9
:1050F000FF22E25401F0FEF900F01EFE4BE701F042
:10510000E1F948E701F0EAF9616A002905D1A068F0
:1051100001F04CF801F0EEF999E70421236B1B68CC
:10512000C91AF4E701F0DAF9A06800F0B7FF804689
:1051300001F0E0F9DEE6013BA3632368002B0FD00A
:105140002369002B03D101F0D5F9012080E720006D
:10515000103000F0ABFE0028F5D001F0B3F9F2E713
:1051600001F06AF8A060EBE7F0B5C64600B50400B0
:1051700001F0B4F9384A394E1368013313603368CB
:10518000002B35D0364BE26A98461B68002B29D09D
:10519000344D35490B6801330B60A364334B1968F8
:1051A000914200D21A6093009B189B00E9184A684C
:1051B0009068A26084466746E060201D7860906039
:1051C000EA5861610132EA5001F094F943461B68E4
:1051D000002B04D03368DA6AE36A9A4211D380BCA8
:1051E000B846F0BD3368DB6A9342D1D83460CFE76C
:1051F00034601368012B07D0194BE26A9846194DA9
:10520000C7E701F05FF9EAE7164D280001F092FACE
:105210002800143001F08EFA2800283001F08AFAB4
:1052200028003C3001F086FA114B9846180001F036
:1052300081FA104F380001F07DFA0F4801F07AFA38
:105240000E4801F077FA42460D4B1A600D4BE26AA8
:105250001F60034B98469CE710220020BC220020D0
:10526000042200206C220020F421002008220020CB
:10527000582200204422002028220020142200204E
:10528000402200203C22002000222C4B70B51A60E6
:105290000BF05EFF2A4B2B4A1B68C01A2A4B186082
:1052A00019681068814239D8284C1B68284D136052
:1052B0002A682849930098188000085800281ED1B1
:1052C000002A33D0501E83001E18B6008E59002EBF
:1052D00031D100282AD0901E83001E18B6008E59A6
:1052E000002E28D1002821D0D01E83001E18B60021
:1052F0008E59002E1FD1043A9300002816D09B1817
:105300009B00CE18706808334068C91870608842E6
:105310000ED0C36823602A60236870BD0B4C1E68E2
:105320002568A96D091A8919A965BEE772B6FEE755
:10533000F0687060EDE70200E1E7C046FC21002064
:10534000E0210020E8210020E4210020BC220020F0
:10535000082200206C220020F8B55746DE464E4653
:105360004546E0B50F68002F3FD008239946CE6828
:105370008944B1454DD0284B0400984602239B46F2
:10538000264B00279A46F568002D35D02B00296B57
:1053900034336360EB6AE16123612B68256023622B
:1053A0006B6C6362AB6CA3602B6D6361AB6DA361CF
:1053B00043461B689D4222D05B46237301F08EF862
:1053C000AB6A534522D001F095F8296B0B78A52BD9
:1053D0001AD100230133CA5CA52AFBD09B0876684A
:1053E000A36201372C34B145CDD13800F0BCBB46A7
:1053F000B246A946A046F8BD43461D68C6E700234D
:1054000023730B78A52BE4D00023E8E70123237353
:10541000D9E70027E9E7C046BC2200202822002067
:10542000F0B5DE4657464E4645465B4BE0B51A683A
:1054300083B0013294461A60002A5FD057490B6846
:105440009C4562D3564B99461B681B68002B00D1C4
:105450009CE000239846534B534E9B46534B01917F
:105460009A4639E0002159611168013911609A6A40
:10547000002A0ED0D969186A556888604160190001
:1054800018318D4200D171E0002199621168013913
:1054900011605246D96A1268914201D95246116090
:1054A0008A0052189200B518686887689860DF60B3
:1054B0007C6084605D61B3580133B3505B461B6808
:1054C0004246DB6A8B429B415B421A434B461B6858
:1054D00090461B68002B54D04B461B68DB68DB688A
:1054E0005A6894454AD35A699868D9681C1D8160E6
:1054F00048605068A042B5D15160B3E7284B1A68A4
:105500001268002A20D072B6FEE700239846254B89
:10551000254E9B465B4601201B68254AD96A1268C6
:105520008B005B189B00F3589842804113005A1E71
:105530009341404218434346184303B0F0BCBB4676
:10554000B246A946A046F0BD1A4A1968106818600C
:10555000116019490A6801320A601A681268002A43
:1055600006D101230D495B420B6068E750608BE771
:105570001B680A49DB681B680B6060E701990A60D9
:10558000C8E7019901235B420B60C3E79846054BCE
:10559000054E9B46F6E7C0460C220020F021002075
:1055A00040220020BC2200206C2200200822002083
:1055B000FC2100203C220020F8210020F0B5DE462E
:1055C00057464E464546544CE0B5236883B0013BF0
:1055D00023602368002B00D081E0504B1B68002B18
:1055E0007DD04F4B9C461B68002B00D190E04D4B6B
:1055F0004D4D98464D4B019499464D4B9A4600238C
:105600009B466346DB68DB68D869196A9A6A8160E1
:105610004860180056681830864200D172E059463A
:1056200099621168013911605A699868D968566899
:1056300081604860181D864262D01168013911608E
:105640004146DA6A09688A4201D941460A609100F6
:1056500089188C002E1971688F689960DF607860F6
:1056600088605E612B5901332B514B461B68DB6A06
:105670009A423FD9534601221A6063461B68002BA9
:10568000BFD12C4B019C1A681268002A3CD01B68C1
:10569000DB681A68284B1A60284E3568002D14D034
:1056A000012708E0FFF7BCFE002801D053461F6029
:1056B000013D002D08D02368002BF3D03368013D55
:1056C00001333360002DF6D1356053461B68002B43
:1056D00005D0164B01241B6800F0F4FE00E0002406
:1056E00000F008FF200003B0F0BCBB46B246A9465C
:1056F000A046F0BD63461B68002B00D081E7C0E7E1
:1057000051609AE751608AE70B4B013A1A60C3E790
:10571000074B9A46C0E7C046EC210020102200202B
:1057200028220020082200206C220020BC22002019
:10573000FC21002040220020F02100200022002037
:10574000404BF0B5D6469A463F4B4F4646469946A3
:105750003E4BC0B598463E4F3E4C3F4D3E68012EF5
:1057600018D82368002B4BD12B68DB6A002B1AD08A
:105770003A682368002B41D12B68DB6A002BF8D1F3
:10578000012A1DD92368002B38D12B68DB6A002B36
:10579000EFD1F7E700F096FE2368002B32D12B689B
:1057A000DB6A002BDAD13B68012B41D9012EDFD90E
:1057B000D4E72368002B21D12B68DB6A002BD8D1DA
:1057C000534649461B6809685B1A012BF1D94346C9
:1057D00042461B680133136053461A684B461B68E8
:1057E0009A422DD32368002B11D02B6800F076FE4F
:1057F00043461B68002B07D172B6FEE72B68B8E75B
:105800002B68B5E72B68A9E7FFF7D8FEA6E72B685A
:10581000DB6A002BEAD13B68012BE7D853461868B6
:105820004B461B68C01A0128E0D9FEF77FFADDE776
:1058300053464A461B6812689B1A012BC7D8B5E726
:1058400072B6FEE7F02100200C220020EC2100209F
:105850006C22002008220020BC220020F8B5CE4691
:10586000474604000D0080B5414B002830D0210090
:10587000343120686960E16A2C602961216B2862FB
:10588000606CE9616862A06CA860206D6861A06DC1
:10589000A861052A31D01B689C421BD02A73032AB9
:1058A0001BD000F01BFE334BA26A9A424DD000F091
:1058B00021FE216B0B78A52B4DD100230133CA5C4F
:1058C000A52AFBD09B08AB62C0BCB946B046F8BD68
:1058D0001C68CCE700232B73ECE7274E33680133B9
:1058E0003360A36A002B3BD002232B7300F0F6FD3C
:1058F0003368002B2CD172B6FEE71A68002394425D
:1059000021D000F0EBFD1D4B66691B68A76A984625
:105910001B4B1B68994600F0EDFD164B216B9F4217
:1059200023D0464519D04E4517D0164A012396423A
:1059300009D1A26A0133002A05D15E33E35C013B41
:105940005A1E934102332B73B4E701232B73AEE746
:10595000FFF734FEA5E70023B5E702232B73A9E781
:105960006023E35C012BBFD0C0E701232B73A1E7C9
:10597000BC22002028220020EC2100204022002010
:105980003C22002014220020F0B54746CE4680B5C8
:1059900083B098460B9B07000D0014000C9E002B53
:1059A0000AD0002E06D064230193019B642B05D0FE
:1059B00072B6FEE772B6FEE772B6FEE76422002119
:1059C0003000019B05F074F80B9B022233636123C6
:1059D000A400F254A52122000B9805F069F8336B5E
:1059E000043C1C1907239C437464002D4BD03422C3
:1059F0002B78B354002B43D06B780132B354002B77
:105A00003ED0AB780132B354002B39D0EB78013261
:105A1000B354002B34D02B790132B354002B2FD048
:105A20006B790132B354002B2AD0AB790132B354D5
:105A3000002B25D0EB790132B354002B20D02B7AE8
:105A40000132B354002B1BD06B7A0132B354002BBC
:105A500016D0AB7A0132B354002B11D0EB7A01325D
:105A6000B354002B0CD02B7B0132B354002B07D046
:105A70006B7B0132B354002B02D04223AA7BF25439
:105A800043230022F2540A9B032B01D972B6FEE78E
:105A9000351DF3623365280000F058FE30001830E1
:105AA00000F054FE04230A9A39009B1AB36142465F
:105AB00020003661766200F04BFD306000F00EFD94
:105AC000394B3A4F1A6801321A603A68002A34D0CA
:105AD000374BF26A98461B68002B04D13B68DB6A9F
:105AE0009A4200D33E60334C33490B6801330B605C
:105AF000B364324B1968914200D21A6093009B182C
:105B00009B00E1184A689068B260F060456095605B
:105B1000E25871610132E25000F0ECFC43461B6830
:105B2000002B04D03B68DA6AF36A9A420ED3300045
:105B300003B0C0BCB946B046F0BD3E601B68012B47
:105B400007D01B4BF26A98461A4CCDE700F0BAFC1E
:105B5000EDE7184C200000F0EDFD2000143000F0BF
:105B6000E9FD2000283000F0E5FD20003C3000F089
:105B7000E1FD134B9946180000F0DCFD114A1000BE
:105B8000904600F0D7FD104800F0D4FD0F4800F01B
:105B9000D1FD4A460E4B1A6042460E4B1A60044B2A
:105BA000F26A9846A0E7C04610220020BC220020DE
:105BB000042200206C220020F42100200822002072
:105BC00058220020442200202822002014220020F5
:105BD000402200203C220020F0B5C64600B504005B
:105BE00082B000280CD01D4D2B6801332B602B6830
:105BF000012B0BD072B6FEE7FFF7E0FC002801D1C5
:105C000000F060FC02B080BCB846F0BD144B154EED
:105C10001F68154BE4191B689846144B1B683068C5
:105C20000193043000F0AEFD336831685C600431EC
:105C3000A74209D9019800F08DFD00F04FFC2B68B8
:105C4000002BD9D172B6FEE7404600F083FD084B29
:105C50001A689442F1D21C60EFE7C046EC210020A4
:105C60000C220020BC220020402200203C220020E8
:105C7000F0210020642330B583B00193019B642B95
:105C800001D072B6FEE7204C642200212000019B67
:105C900004F00EFF61230222E25480221B4DA52155
:105CA000D2002800256304F003FFFF239B009C46DD
:105CB000072365449D43164B201D6363656400F014
:105CC00045FD2000183000F041FD04230022114959
:105CD0002800A3612461646200F03AFC2060200087
:105CE000FFF742FA72B601220B4B52421A600B4B7D
:105CF00002321A6000220A4B1A6000F079FC094B4C
:105D00001B6803B030BDC0467C2100207C1D0020F4
:105D100049444C4541570410F02100200422002042
:105D20000C220020583F0610024A1368013313600A
:105D30007047C046EC21002010B500F0CFFB044BAB
:105D40001B68002B01D172B6FEE7FFF737FC10BDD0
:105D5000EC210020014B18687047C0460C2200203F
:105D6000014B18687047C0461022002070B5124DD4
:105D7000124A2B6811681B180400994201D272B6AE
:105D8000FEE712689A4203D02B681B192B6070BD86
:105D90000B4B1B68002B01D172B6FEE7002801D126
:105DA00072B6FEE700F09AFB064A013C1368013325
:105DB000136000F09FFBE7E70C220020F021002099
:105DC000EC21002000220020064B10B51B68002BA0
:105DD00002D1FFF725FB10BD034A002013680133F1
:105DE0001360F8E7EC21002000220020054B10B5DD
:105DF0001B68002B03D00122034B1A6010BDFFF774
:105E000043FAFBE7EC210020FC210020F0B5C64658
:105E10000C0000B5002821D01E4D2968183100F073
:105E200099FC1D4B1E681D4B1F681D4B1B68286885
:105E30009846043000F0A6FC631C11D02B6829683A
:105E4000A4195C600431A6421FD8380000F082FC1F
:105E5000144B1A68944215D21C6013E072B6FEE728
:105E6000114B29685A688A6090682968C860296857
:105E7000043141602968043191602A6853611A68CD
:105E800001321A6080BCB846F0BD404600F062FCAA
:105E9000F8E7C046BC2200200C220020402200204F
:105EA0003C220020F021002014220020C368F0B51D
:105EB000DB68002B54D0D869196A9A6A81604860FF
:105EC000180054681830844248D000219962116843
:105ED00001391160274AD96A1268002A15D0264A6A
:105EE0005468A568DC611D626860A0609A621368EE
:105EF00001331360214B00201B68DB6A8B4203D205
:105F000001221F4B01301A60F0BD5A699C68D868A5
:105F10001D1DA06044605468AC4229D0106801384F
:105F20001060184A1068884200D211608A00164832
:105F30005218920086187468A7689C60DF607D60C4
:105F4000A5605E61835801338350104B1A68126854
:105F5000002A07D10E4B013A1A60CBE75160B4E733
:105F600072B6FEE71B68DB681A68094B1A60C1E766
:105F70005060D3E7EC21002028220020BC22002022
:105F8000FC210020082200206C220020402200205A
:105F9000F021002010B5041E0AD000F09FFA054B36
:105FA0001B682360044B1B68636000F0A3FA10BDFC
:105FB00072B6FEE7F82100200C220020034B1B687C
:105FC0000360034B1B6843607047C046F821002004
:105FD0000C220020F0B5C64604000D0000B50028D4
:105FE0001CD0002918D000F079FA134A2B681168E8
:105FF000581C1FD0114E60683768B846276847455F
:106000000ED088420CD8002301242B6000F072FAD5
:10601000200080BCB846F0BD72B6FEE772B6FEE75F
:106020000F1ABB42EFD95B1A1B182B603368236031
:10603000136863600024E9E70C220020F8210020A7
:106040000122014B1A607047FC2100200B4B0020FD
:106050001B68002B03D10A4B1B68002B00D0704734
:10606000084B1B68002BFAD1074B084A1B681068C5
:10607000013BC01A434258410130F0E7282200207A
:10608000FC210020002200201022002014220020E9
:10609000014B18687047C046BC220020F8B5041EAA
:1060A00021D0204DC26A2B68DB6A9A4214D28369E0
:1060B000002B04DB2B68D96A04235B1A83619300ED
:1060C0009B18194E9B006269F3189A420DD02B68F9
:1060D0000120DB6AE36205E02B68006DDB6A984211
:1060E00080414042F8BD0020FCE7271D380000F049
:1060F00049FB2B68DA6A0D4BE26219688A4200D9C3
:106100001A6093009B189B00F1184A689068A2607F
:10611000E06047609760F258616101320120F250FF
:10612000E0E7C046BC2200206C22002008220020AC
:1061300070B5041E10D01A4B1B68834201D072B692
:10614000FEE75B6D002B09D0C16A026D013B436520
:10615000914201D0002B03D0002070BD72B6FEE743
:10616000051D280000F00EFB0423226D9B1AA3617D
:106170000C4BE26219688A4200D91A6093000A49FE
:106180009B189B00C81842689668A260E66075601C
:106190009560CA58606101320120CA50DDE7C046EF
:1061A000BC220020082200206C22002070B5041EB2
:1061B0000DD0436D002B01D172B6FEE7026D8A420D
:1061C00000D20A00E16A914201D0012B00D070BDDB
:1061D000164B1B68A34227D0A369E262002B02DBA7
:1061E00004239B1AA3618B00114D5B189B0062690D
:1061F000EB189A42EBD1261D300000F0C3FA0D4B8C
:10620000E26A19688A4200D91A6093009B189B00C1
:10621000E9184A689068A260E06046609660EA58B3
:1062200061610132EA50D2E772B6FEE7BC2200207B
:106230006C22002008220020034B1868002802D09E
:10624000436D013343657047BC220020F0B54E46D4
:106250004546DE465746E0B5734D87B02B689146FC
:10626000013301902B60714B1B688B4218D90022BF
:106270006F4B00241A600AF06BFF6E4B186000F041
:106280002DF92B68002B01D172B6FEE7FFF796F9C6
:10629000200007B0F0BCBB46B246A946A046F0BD00
:1062A00044239A4600230293634B644A9846644B06
:1062B00016009B464B46924404930595F36B002BC6
:1062C00045D0B76C574542D02C24029B00255C4337
:1062D000019B03969C46012399466444FE68002E68
:1062E00000D198E03300316B34336360F36AE161CD
:1062F0002361336826602362736C6362B36CA360AE
:10630000336D6361B36DA36143461B689E427BD0CE
:106310004B46237300F0E2F8B36A5B457ED000F091
:10632000E9F8316B0B78A52B73D100230133CA5CDC
:10633000A52AFBD09B087F68A36201352C34574502
:10634000CCD1029B039E9C46AC446346029314232B
:106350005B429C463B4B143EE2449E42AED1029CC3
:106360002C262000019F049BBC4670439946364B67
:1063700060441968059DFEF7EFFF04193000BC4624
:106380006043324B604419680197FEF7E5FF304BDC
:1063900004191A68002A19D01A00DF6808329742D7
:1063A00014D00199230088466643B0444446002631
:1063B000924698462100F8680322FFF74FFA7F685B
:1063C00001362C345745F5D14446A4194B46002BD1
:1063D00027D00AF0BDFE174F3B68C01A4B46186025
:1063E0000022134B1A600AF0B3FE3860002C00D173
:1063F00045E72C2100206143019B59181A682C3372
:1064000090659942FAD13AE7002323730B78A52BC4
:106410008BD000238FE743461E6863E74B46237308
:106420007DE7044FDCE7C046EC210020102200206D
:10643000E8210020E0210020BC2200206C22002066
:10644000282200201C220020402200203C22002084
:1064500014220020002382B00193064B1B680133F5
:1064600001D072B6FEE772B6019B002BFCD002B0E1
:106470007047C046842A00200A4B0B4A00211A604C
:106480001A220A4B1A600A4B44321A60094B5A3AD4
:106490001A60094A1160094A0949116007221A6005
:1064A0007047C046C822002000C40900C422002052
:1064B000C022002010E000E018E000E014E000E05E
:1064C000FFC309008022044B52051A60BFF34F8FAF
:1064D000BFF36F8F7047C04604ED00E072B6044A08
:1064E000136801331360BFF34F8FBFF36F8F704793
:1064F000842A0020064B1A68002A01D172B6FEE7F2
:106500001A68013A1A601B68002B00D162B6704706
:10651000842A002010B500F0CBF80400FFF754FCEB
:10652000002803D08022034B52051A60200000F09F
:10653000C3F810BD04ED00E010B58369023B1B7881
:10654000642B01D072B6FEE700F092F810BDC04691
:1065500010B58024031F64041C60043B19601749B4
:10656000043B19601649043B19601649043B196045
:106570001549043B19601549043B1960043B1A6036
:10658000134A043B1A60134A043B1A60124A043B44
:106590001A60124A043B1A60114A043B1A60114AFD
:1065A000043B1A60104A043B1A60104A043B1A600C
:1065B000032344385B42036010BDC0465564041099
:1065C000121212120303030302020202010101016B
:1065D00011111111101010100909090908080808F3
:1065E0000707070706060606050505050404040453
:1065F000194B30B51A68194BD16A83B0994201D052
:1066000072B6FEE7164B926B9A4201D072B6FEE765
:10661000FF22144B1204196800240A431A60FF2257
:10662000196812060A431A600F4B1C60FFF724FF1B
:106630000E4D2C6000F034F8FFF7D8FB01942B6866
:10664000013301D072B6FEE772B6019B002BFCD07D
:10665000002003B030BDC04608ED00E01167041013
:10666000C166041020ED00E01CED00E0842A00204B
:10667000074A1168086804C8022181F31488203091
:1066800080F30988BFF36F8F1047C046C046C046ED
:10669000BC220020000000000000000000000000FC
:1066A00062B6BFF34F8FBFF36F8F64DFC046C04643
:1066B000EFF3108072B6704780F310887047C046C1
:1066C000EFF309800E4A1168243808607346F8C059
:1066D00044464D4656465F46F0C072B6FFF786FB0D
:1066E00062B6074A116808681430F0C8A046A94687
:1066F000B246BB4680F309882438F8C81847C0461C
:10670000BC2200200000000000000000000000008B
:1067100004207146084203D0EFF30980044B184768
:10672000EFF30880024B1847C046C046C046C0463B
:10673000396504100300083301224360C36003611C
:1067400000235242826003607047C0460023036109
:106750007047C046030030B50D6808336A1C0DD081
:106760001C005B681A68AA42FAD94B6099600368FA
:106770008C60013361600861036030BD0469636847
:10678000F3E7C0460369416882688A6051605968CE
:10679000814205D0002202611868013818607047F4
:1067A0005A60F7E703207047F0B54546DE46574686
:1067B0004E46E0B5EA4C0500A54402911400EFF303
:1067C000108A72B6E74B1A000393002313701AF075
:1067D000DBFA06002800FFF7E5FF07002800FDF7B9
:1067E0006FFE331CBE4200D93B1CDAB2AA4200D96C
:1067F0002B1CDAB2824200D9031CD8B2DA4A8100DB
:106800008B58019001338B50002800D151E20128B0
:1068100000D15AE2D54D6FA82C70029B8AAF2B7124
:1068200001F028FD2B7ADBB20593D14B9B889BB2FC
:106830000693D04B1A680792C02292009A5854923D
:10684000C12292009A585592C22292009A585692AA
:10685000C32292009A585792C42292009A58769274
:10686000C52292009A587792C62292009A5878923E
:10687000C72292009B587993BF4B1B680893BF4B6C
:106880001B6A09938023DB051A680A925A680B92E7
:106890009A680C92DA680D921A690E925A690F92F0
:1068A0009A691092DA691192DA6A12921A6B13924B
:1068B0005A6B14921A8F5B6C92B21693B04B15926E
:1068C000DA6817921A7FD2B218929A8C92B2199201
:1068D00028229A5CD2B21A922C229A5CD2B21B92D3
:1068E0001A6B1C9234229A5CD2B21D921A8F92B209
:1068F0001E9248229A5CD2B21F9250229A5CD2B267
:10690000209254229A5CD2B2219258229A5CD2B23E
:1069100022925C229A5CD2B2239260229B5CDBB210
:106920002493984B1A6825925A6826921A7CD2B200
:1069300027921A7DD2B2289224229A5CD2B229924E
:106940001A8D92B22A92DA6A2B921B8E9BB22C93EA
:106950008D4B1A685B925A685D929A8B5F921A8C83
:1069600061929A8C63921A8D6592DA6A67924C22D0
:10697000995A6991196D6B919B6D6D93834B196851
:106980005C9159685E91998B6091198C6291998C98
:106990006491198D6691D96A68919A5A82A96A920E
:1069A0001A6D89466C929B6D7AA96E93B0231B0673
:1069B0001B6888462D93764B49465A682E929A68F2
:1069C0002F921A8A92B230929A8A92B231929A692E
:1069D00032921A7FD2B233921A8E92B234925A6B9A
:1069E00035929A6B3692DA6B37921A6C38925A6CEF
:1069F0009B6C39923A93674B9A8892B23B921A8970
:106A000092B23C921A7CD2B23D921A7DD2B23E92A0
:106A10001A8B92B23F921B7FDBB240935E4B9A88F7
:106A200092B241921A8992B242921A7CD2B24392A5
:106A30001A7DD2B244921A8B92B245921B7FDBB27E
:106A40004693564B1A685B6847924893544B1A68B2
:106A500049921A7AD2B24A92C02212019B585A1E07
:106A60009341504A5B4213404F4A944663445393C8
:106A70004E4B5A6882921A687A929A688A92DB68B8
:106A800092AA92934A4B93465A684A6041461A68C2
:106A90004A609A6849467A605A46DB685360454BBB
:106AA0005A688A6041461A688A609A684946BA609C
:106AB0005A46DB689360404B5A68CA6041461A6880
:106AC000CA609A684946FA605A46DB68D3603B4B15
:106AD0005A680A6141461A680A619A6849463A61E9
:106AE0005A46DB681361364B5A684A6141461A6858
:106AF0004A619A6849467A615A46DB685361314B6C
:106B00005A688A6141461A688A619A684946BA6138
:106B10005A46DB6893612C4B5A68CA6141461A6831
:106B2000CA619A68FA615A46DB68D3618123DB0542
:106B30005A684B921A7BD2B24C925A8B92B24D92B7
:106B40001A8B92B24E925A6A4F929A6A1B8850924E
:106B50009BB25193C0231B069B685293019B35E067
:106B600094FDFFFF0C000020CC22002000002040FC
:106B70000000104000E100E020ED00E00000904047
:106B800000003040000040400000A0400000B04045
:106B90000000F0400000D0400000E04010E000E0C5
:106BA00000007040AF1A33E551E5CC1A080000A090
:106BB0001C0000A0300000A0440000A0580000A06D
:106BC0006C0000A0800000A0940000A0032B06D160
:106BD0009022C023D20551689B050B4353603F4B65
:106BE0003F4D1B682C001E00643E049332002B00B6
:106BF000643402CA02C3A342FBD13A4B049A5893AD
:106C00001A60394B1A7919788023DB051B685B0AF7
:106C10004B409A434DD1552156205AAB5B185AA987
:106C20001B78091809781B010B43112B00DD7AE250
:106C30009023DB055B682D4A01201360599201F017
:106C400059F8F9F73DFA002001F054F8039B1B783E
:106C5000002B59D18021264A490053585B0617D48E
:106C6000244B5458586A244B1B68984200D171E257
:106C70008023224A5B0311680909C81C984200D28C
:106C800057E21F4B9C46614413681B098B42FBD1A2
:106C9000552256215AAB9B185AAA1B7852181278C3
:106CA0001B011343112B00DD7FE2019B032B00D15D
:106CB00049E28AF3108800209B239B009D44F0BC8E
:106CC000BB46B246A946A046F0BD00210D4B1A7A3C
:106CD0001972D2B230BF1A72EBE7C046000004103E
:106CE000E0220020DC2200200000204018000020CC
:106CF00000E100E000ED00E0682300201000004803
:106D00000400F0FF000070400122EB4B1A830022C8
:106D10009A811A6108CD08C6A542FBD1589B049AF6
:106D200054991A60069AE54B40259A80079AE44BDD
:106D30001A60C02292009950559904329950569980
:106D400004329950579904329950769904329950E7
:106D5000779904329950789904329950799904328C
:106D60009950089AD74BD8491A60099B0A9A0B6226
:106D70008023DB051A600B9A5A600C9A9A600D9A70
:106D80001798DA60109A1A9C9A610F9A5A610E9AB3
:106D90001A61119A9A62DA61129ADA62139A1A6384
:106DA000149A5A63159A1A87169A5A64C74AD06079
:106DB0001898107719989084282014541B9C04303C
:106DC00014541C98106334201D9C14541E981F9C4E
:106DD000108748201454209C08301454219C0430FF
:106DE0001454229C04301454239C04301454249CC6
:106DF000043014542598B64A299C10602698506097
:106E00002798107428981075242014542A981085F7
:106E10002B98D0622C9810865B98AE4A10605D98D3
:106E200050605F9880B29083619880B210846398BC
:106E300080B29084659880B210856798D0624C20AB
:106E4000699CA4B214526B9C14656D9C94655C9C07
:106E5000A14A14605E9C54605AAC248B94835AAC53
:106E6000248C14845AAC248D94845AAC248E1485BA
:106E7000689CD4625AAC6419248814526C981065CA
:106E80006E989065B0222D98120610604898934A2B
:106E900050600020906047981060914A2E98506092
:106EA0002F9890603098108231989082329890613B
:106EB0003398107735985063369890633798D0633D
:106EC00038981064399850643A98906434981086D1
:106ED0003B98844A90803C9810813D9810743E986D
:106EE0003F9C1075402084431483409C1477419C40
:106EF0007D4A9480429C1481439C1474449C147574
:106F0000459C84434698148310774998774A539C4C
:106F100010604A981072C020000114508298744A80
:106F200050607A9810608A9890609298D0604A4633
:106F30005068704A506040464068106078689060C1
:106F400058464068D0604A4690686B4A5060404658
:106F500080681060B868906058468068D0604A4683
:106F6000D068664A50604046C0681060F86890601B
:106F70005846C068D0604A461069614A5060404631
:106F8000006910603869906058460069D0604A46D0
:106F900050695C4A50604046406910607869906072
:106FA00058464069D0604A469069574A506040460A
:106FB00080691060B869906058468069D0604A4620
:106FC000D069524A50604046C0691060F8699060CC
:106FD0005846C069D06081224B98D20550604C98C9
:106FE00010734D9850834E9810834F98506250986C
:106FF000906251981080C0225298120690600A7ACE
:10700000002A2ED1029A002A2BD02B4A118909225C
:107010000A40092A00D1CFE0274B1A8911231340D7
:10702000112B00D1CDE0244B1A8921231340212BB1
:1070300000D1CDE0204B1A8941231340412B00D1D0
:10704000CDE01D4B1A8981231340812B09D1802368
:10705000DB05DB699B0404D580230121184A5B0012
:10706000D150019B032B00D191E0294B059A0021BF
:1070700000201A7200F048FF059BDB0700D418E6D9
:1070800000F016FA5AAB588002331B885B0546D4D1
:10709000204B1B881B0742D59021599BC9050A69C3
:1070A0001B689B1A1B021B12DA179B185340202BDC
:1070B00035DC0A692D322FE0000010480000104036
:1070C00000E100E020ED00E00000904000003040D2
:1070D000000040400000A0400000B04010E000E090
:1070E0000000F0400000D0400000E0400000704090
:1070F000080000A01C0000A0300000A0440000A078
:10710000580000A06C0000A0800000A0940000A027
:1071100000002040C00000200B699A42FCD21522DA
:10712000324B1A70C5E5324B00201A6000F0CCFEDD
:107130007EE513681B09984200D8A9E513681B096E
:107140009842F6D8A4E59022D205536829490B400D
:107150005360AEE5284B51581B688B4204D012682F
:107160005C40224200D083E52449254B4A681B68D5
:107170005A40D20000D57BE54A6853405B0100D4F9
:1071800086E5204B1B689B0700D481E570E59022C3
:10719000D2055368174900200B4053601A4B059ADB
:1071A00001211A7200F0B0FE66E7012000F08CFEAB
:1071B0000F4B164A1A6078E5DB699B0500D54BE753
:1071C0002AE78023DB05DB695B0500D544E72AE776
:1071D0008023DB05DB691B0500D53DE72AE780231B
:1071E000DB05DB69DB0400D536E72AE70000C04099
:1071F00014000020FFFFFFCF6423002000ED00E01B
:107200006C23002010E000E000002040CCBCECFC2F
:10721000F0B54F46D6464646C0B507798446046861
:1072200082B0002F00D08DE08022D2055368A343A6
:1072300053600027E30706D580220F21D205D36AC9
:107240008B433B43D362A30707D58021F020C905B8
:10725000CA6A3B0182431343CB62630707D580228E
:10726000D205D36A57490B4039020B43D362230737
:1072700007D58022D205D36A53490B4039030B430B
:10728000D362E30607D58022D205D36A4F490B406B
:1072900039040B43D362A30607D58022D205D36AF3
:1072A0004B490B4039050B43D362630607D5802257
:1072B000D205D36A47490B4039060B43D3622306F4
:1072C00007D58022D205D36A39071B011B090B435E
:1072D000D3620F2240218025002301269146494296
:1072E000ED051A0020000832D04006420ED0DAB276
:1072F000072B38D9083A072A4CD9484688402A8FA4
:10730000824338008840024392B22A870133043115
:10731000122BE6D1634680225B79D205012B1ED069
:10732000D368A343D360634680229B79D205012BA7
:1073300011D09368A343936002B0E0BCBA46B14653
:10734000A846F0BD062F00D074E78022D20553680E
:10735000234353606DE7936823439360ECE7D3685E
:107360002343D360DFE78020C005026B980092467C
:107370000F22019082405046904382463A00019885
:10738000013382405046104302008020C005026352
:107390000431A6E78020C005426B92462022904629
:1073A00088444046113A82400190504690438246BC
:1073B0003A00019882405046104302008020C005E8
:1073C0004263A3E7FFF0FFFFFF0FFFFFFFFFF0FFA8
:1073D000FFFF0FFFFFFFFFF0002303608371838037
:1073E0007047C0468023DB051B681840431E984148
:1073F000C0B270478023DB05D86370478023DB056C
:10740000186470478023DB05012901D01864704798
:10741000D863FCE7802142680368C905012A1FD0B0
:107420000A699A430A618268012A10D0002A05D0AD
:107430008021C9054A6913434B6170478022D205F8
:10744000916999439161516999435161F5E78022AE
:10745000D205916919439161516999435161ECE7F2
:107460000A691A430A61DEE78022D205D36900293E
:1074700002D00343D36170478343D361FBE7C04627
:107480008023DB05986270478023DB055B6A184028
:10749000431E9841C0B27047044A136A012902D0C2
:1074A00083431362704703431362FBE7000090407D
:1074B000374B197A374BCAB21B899BB2002905D0CA
:1074C000022A33D00220042A2BD170470920184009
:1074D000093842425041112240011A40112A27D056
:1074E00021221A40212A29D041221A40412A2BD098
:1074F00081221A40812A2DD002221900FF32114028
:10750000914230D01900244A1140914233D00522D3
:107510001A40052A36D0DB439B07D6D108231843EF
:10752000D3E7083A53425A419000CEE70120CCE716
:107530002F32104321221A40212AD5D15F32104325
:1075400041221A40412AD3D1BF32104381221A402E
:10755000812AD1D18032FF32104302221900FF323A
:1075600011409142CED180221900D20010430A4A24
:1075700011409142CBD180221201104305221A40C2
:10758000052AC8D1DB430B3210439B079DD1C5E7C9
:10759000000090400000104801040000054A01214D
:1075A000136B002802D00B43136370478B431363A4
:1075B000FBE7C0460000304070B54E4B04001B6B2B
:1075C00001681B0700D56FE04B480901F8F7C8FDBB
:1075D000484AC3099BB29384484B034001335B087C
:1075E0009BB23F2B02D93F223F3B13402821414A07
:1075F000DBB253540323602625790431505C1D40CF
:107600006D01B043284350546579107F2B40B0433F
:107610005B01034313770123A579505C2B400825B8
:10762000DB00A84318435054107FA843034313774B
:10763000E379002B3DD10220535C83435354137FE5
:1076400083431377012215002A4B217A186B2C4EA5
:107650000D406D02304028431863186B294D4908CE
:10766000284015001140090201431963617A186B23
:10767000254E0D403040AD0328431863186B234D51
:10768000490811402840C90301431963A07A2C24FA
:1076900002401020195D1201814311431955197FD1
:1076A00081430A431A7770BDC9001348F8F758FDA3
:1076B0008EE7022B0ED002250420535C2B4353543B
:1076C000535C03435354137F2B431377137F0343BC
:1076D0001377B7E702250420535C2B435354535CC4
:1076E00083435354137F2B431377137F83431377C1
:1076F000A8E7C046000030400000127A7F0080FFFB
:10770000FFFDFFFFFFFEFFFFFFBFFFFFFF7FFFFF4C
:10771000044A138F002902D0034313877047834321
:107720001387FBE700003040024BC005C00D1880F6
:107730007047C04600003040FF20024B1B881840B5
:107740007047C04600003040074B002805DB1B8B0C
:107750001840431E9841C0B270475B681840431EF2
:107760009841C0B2F8E7C04600003040034B9B8F01
:107770001840431E9841C0B27047C04600003040D8
:107780004423014AD052704700003040342210B5E3
:107790000724034920408B5CA34303438B5410BD53
:1077A000000030403421072210B5044C1040635CC7
:1077B0003132C00093430343635410BD0000304096
:1077C0001022038B10B593430383038B1032934332
:1077D0000383037D193A93430375037D3132934349
:1077E00003750B78802B27D00324028B2340A24300
:1077F00013430383038B154A134003838022CB7802
:107800000374038B1343802203838B888380CB888C
:107810000381038B9343038307234C78027D1C4031
:107820009A43224302758978027D0B403821DB00A0
:107830008A431343037510BD038B353A9343038387
:107840008023028B5B0013430383D7E7FFFEFFFF18
:107850000023038043808380C3807047038B01290A
:1078600003D0802293430383704780221343038312
:10787000FAE7C046002908D1038B01310A400F31D5
:1078800012018B431343038370470129FCD1038BFF
:107890000A401F3152018B4313430383F4E7C04670
:1078A0000321812310B50478DB052140C0245A68E8
:1078B0008901A2430A435A6044780F2C29D05A68A0
:1078C0001A490A40072121400E245A605A6849008B
:1078D000A2430A435A60032281210479C905224048
:1078E00030244B681201A34313434B608378082B69
:1078F00015D04B680E4A13404B6081210322C0789B
:10790000C9054B6802400B481202034013434B6009
:1079100010BD80225968D2030A435A60DBE78023F6
:107920004A681B0113434B60E7E7C046FFFFBFFFF8
:10793000FFF7FFFFFFFCFFFF012806D08122102187
:10794000D20513880B43138070478123DB055A68E7
:10795000520205D58022198852000A431A80F3E7A3
:1079600004211A880A4301211A801A880A431A80BE
:10797000EAE7C04601280AD081234021DB051A88A6
:107980000A4302211A801A888A431A80704781228A
:107990000221D20513880B431380F7E78122D20519
:1079A0001388012803D080218B43138070478021E6
:1079B0000B431380FAE7C0468123DB051B7C18408C
:1079C000431E9841C0B27047F8B58123DB055A6861
:1079D0000500520350D4D88A80B28123DB055B684E
:1079E00000B29B059E0F01F029FB041C072D41D816
:1079F000894BAD005B599F468123DB055B685B03C8
:107A000000D5F3E0854D300001F05CFB8122D2050A
:107A10005368061C1B069B0F012B03D053681B06E3
:107A20009B0F06D18123DB055B685B0300D5EDE08E
:107A30007B4D291C201C00F0D1FE7A4901F052F840
:107A400002F0F6FD02000B007748784902F0ECFAEC
:107A50000D00FE2104008905301C00F043FD02F0FA
:107A6000E7FD02000B002000290002F0B7F802F049
:107A700021FE041C201CF8BD988A80B2ADE781234A
:107A8000DB055B685B0300D5B9E0644F300001F0B3
:107A900019FB8122D20553681B069B0F012B03D0D3
:107AA00053681B069B0F06D18123DB055B685B03D4
:107AB00000D5A7E05A4FFE21890500F013FD391CBF
:107AC000051C201C00F08AFE011C281C01F00AF88D
:107AD000544901F007F8041CCCE78123DB055B68FF
:107AE0005B0300D588E04D498122D20553681B060F
:107AF0009B0F012B03D053681B069B0F06D18123DC
:107B0000DB055B685B0300D584E04549201C00F081
:107B100065FE444900F0E6FF02F08AFD02000B001A
:107B20004148424902F080FA02F0C4FD404900F0A9
:107B3000D9FF404901F0CEF8041C9BE78123DB0507
:107B40005B685B0355D435498122D20553681B0617
:107B50009B0F012B03D053681B069B0F05D181237C
:107B6000DB055B685B0353D42D49201C00F036FE17
:107B70002C4900F0B7FF02F05BFD02000B002A4821
:107B80002A4902F051FA02F095FD2B4900F0AAFFB4
:107B9000041C6FE78123DB055B685B0323D41F4D67
:107BA000300001F08FFA8122D2055368061C1B06B3
:107BB0009B0F012B03D053681B069B0F05D181231C
:107BC000DB055B685B031FD4154D291C201C00F0EE
:107BD00005FE144900F086FF02F02AFD124A134BFD
:107BE00001F0AEFA34E78E25ED05D9E78E25ED05D7
:107BF00009E78E21C905A7E78E21C90574E78E27FD
:107C0000FF0543E70D4F56E70C4DDEE70B4D10E740
:107C10000A49AAE7094979E75C3F061000720A475A
:107C2000002C21479A991940333333333333E33FE0
:107C30000080C843008085431F858B4000031547A3
:107C40008123DB055A68520302D4D88A80B2704778
:107C5000988A80B2FBE7C046014B18607047C04667
:107C6000000070400121044B1A7A0A4302211A7263
:107C70001A7A0A431A727047000070401F2170B5CB
:107C80000124037819408C4081785A09002904D1D5
:107C90002032164B9200D45070BDFF2603213500D0
:107CA000407819408001C90006408D408E4058B28E
:107CB000ED43310000280BDB0C489B088446C020B4
:107CC0009B00634480001E5835400D431D50E0E783
:107CD0000F2003400648083B84469B089B006344F2
:107CE000D86928400143D961D3E7C04600E100E0EC
:107CF00000ED00E0054A04211369002802D00B437F
:107D0000136170478B431361FBE7C04600ED00E051
:107D10007047C0467047C0467047C0467047C0466F
:107D20007047C0467047C0467047C0467047C0465F
:107D30007047C0467047C0467047C0467047C0464F
:107D40007047C0467047C046012130B52E4A85B005
:107D5000137A03240B43137200222C4B1A606B46D8
:107D60009D1CFFF7A5FB28802B88002B03D1013C2D
:107D7000E4B2002CF5D12B881F2B02D8012005B0CE
:107D800030BD2B885B0524D401AC200000F072FAD2
:107D90006278A37812011A431D4B1B681B0725D577
:107DA00090211C48C9050C690368283B1B1B1B025A
:107DB000002B0EDD112A08DD8022174B52029BB2E8
:107DC0001343CB60CB681342FCD190230268DB05E0
:107DD0005A600122114B1A70F8F79BF9BFF34F8FCD
:107DE0000F4B104ADA60BFF34F8FFEE7112AF0DD28
:107DF00080219022084B49029BB20B43D205D360ED
:107E0000D3680B42FCD1E4E70000204014000020BE
:107E1000C0000020180000201C0000200C000020E2
:107E200000ED00E00400FA0510B5FFF78DFF1B48D8
:107E30001B4B984207D2013B1A1A9208013219498A
:107E4000920002F0C6FE1848184B984207D2013B38
:107E50001A1A920801321649920002F0BAFE154829
:107E6000154B984207D2013B1A1A920801320021A1
:107E7000920002F01DFE1148114B984207D2013BBF
:107E80001A1A920801320021920002F011FE0D4BE5
:107E900083F30888F8F7ACFA10BDC046B824002078
:107EA000D82A002044480610080000203400002092
:107EB00018480610C0000020CC020020D00200208C
:107EC000B824002000600020802330B50D4C5B02F8
:107ED0002204120C1A43002806D09021C905CA605A
:107EE000CA681A42FCD130BD0425A078A178C0B27E
:107EF000A943A1709021C905CA60CA681A42FCD181
:107F0000A070F0E71C000020F0B54F464646D6466C
:107F1000C0B58AB003AC22007C4B05000E0083CBB9
:107F200083C283CB83C21B78684613706F4600F010
:107F3000A1F9002D37D044230121754AA373137A88
:107F40000B4313724C23E3722C3B23729233637402
:107F5000573B23756F4B704A1B68190C91424DD0EB
:107F60006E4B6D4A1B68190C914256D06C4B6A4A95
:107F70001B68190C914238D00422E37A9343E372D0
:107F80007878BB7800011843112856DC80219022B4
:107F90002404240C49020C43D205D460D3680B425C
:107FA000FCD1112869DC5F4A138B002BFCD0012324
:107FB00013831633938100231361002E07D0902280
:107FC0001021D2051069136943401942FBD0002DDE
:107FD00002D01522544B1A70544B554A1A600AB0FD
:107FE000E0BCBA46B146A846F0BD0322E17D91430C
:107FF000E175E17D1A400A43E275BDE77022E17D3B
:108000001B019143E175E17D1A400A43434BE27540
:108010001B68414A190C9142A8D1302261791B0199
:108020009143617161791A400A433D4B62711B684B
:10803000394A190C91429FD1D7E7E37D1343E37589
:10804000E37DDBB29C463B4B1A78002A50D00021DE
:1080500000229A5C01328A18D2B29F5C1100002F74
:10806000F7D11C2A34D90222334B1A7033325A709A
:1080700062469A700022DA7088E72E4B1A78002A3E
:108080003DD0002100229A5C01328A18D2B2985C5D
:1080900011000028F7D11C2A00D984E799188846D6
:1080A000571C941CD01C022199542122DA55193AEC
:1080B0001A5500221A544346802190221B041B0C9F
:1080C00049020B43D205D360D3680B42FCD16AE767
:1080D000511C8846D11C8A46971C0221995435228E
:1080E00041465A5462465146DA5500225A54BAE77C
:1080F00003229246023A904602270022EDE7984674
:108100000320022401270022CDE7C046481D0610A7
:1081100000002040E807001055AA0000E407001006
:10812000B0070010000010480000C04014000020FC
:10813000CCBCECFC442300201C000020F0B508223D
:10814000D6464F464646C021434BC0B59A80434A67
:10815000434D136A09042B4089460B43C021136227
:10816000136A09061B021B0A0B431362C022FF207D
:10817000920090463B4B84469A58474682433F388C
:108180008246024340461A501A58C020364E00021A
:1081900032400243DA51C122644692009F58A743FD
:1081A000544627439F509C582700374007439F5011
:1081B0009C5827002F409F509C582402240A2700D7
:1081C0000F439F500832904644469A58324002432B
:1081D0001A511A594C462A40224344461A511A59F8
:1081E0001202120A0A431A51C422920090464446CF
:1081F0009A58324002431A511A594C462A40224397
:1082000044461A511A591202120A0A431A51C52237
:1082100092009C5827006446A7433C0057462743DA
:108220004C469F509F583E403043985098582840A5
:1082300004439C5098580002000A014399500120C1
:108240000121FFF761FE094B094A1A6262B6E0BCE0
:10825000BA46B146A846F0BD0000104000ED00E06F
:10826000FFFF00FF00E100E0FF00FFFF0000904083
:1082700066000E0010B51249124CCB691B061A0F8E
:10828000CB691B071B0F83700F4B196801234160DB
:10829000A14208D10D490E4B8C461B6863445942DC
:1082A0004B415B0002330370131CD2B2002A00D191
:1082B00001234370074B9B8A01339B00836010BDF1
:1082C0000000904041A0000228009040BC5FFF0DDC
:1082D0001C00001000001040F0B5114B114D0400BF
:1082E000D869DB69104E2F6800061B070125000FB7
:1082F0001B0FB7420AD10D4F0D4EBC46366866447F
:10830000771EBE417642AE4335000435094EB68A2B
:108310002570C4B2002C00D1012008701370F0BD8C
:10832000000090402800904041A00002BC5FFF0D7B
:108330001C00001000001040F7B5040C0D0091B2B5
:108340000F0061438C460600019383B2100C5F431B
:10835000444358433B0C60441B18994202D9802186
:1083600049026418019955437143180C04191B0400
:10837000BFB24919D819091903B0F0BD9E2110B533
:10838000C905041CF7F764FF00280AD09E21201CB1
:10839000C90500F09FFC00F033FE80231B06C018C7
:1083A00010BD201C00F02CFEFAE7000070B5002282
:1083B0000B4B04000D00F7F7D5FF00280BD0084B3E
:1083C00000222000290001F02FFE02F0FFF8802398
:1083D0001B06C01870BD2000290002F0F7F8F9E76D
:1083E0000000E041F0B587B006000F00059204934D
:1083F0008B4200D966E001D1824263D80499059886
:10840000F7F7D8FF390001903000F7F7D3FF019B51
:1084100004991B1A1A0005980193F7F763FF0400EB
:108420000D00B94246D801D1B04243D80120002105
:10843000019AF7F757FF361BAF4102900391019B5A
:10844000002B2ED0E90762080A4301996B088C467D
:1084500001240025BB4232D801D1B2422FD83000CE
:108460003900801A994100184941001969410600F4
:108470000F00012149428C4461460029EAD1029C47
:10848000039D30003900019AF7F720FF019AA419E3
:108490007D4106000F00F7F725FF241A8D41029455
:1084A00003950C9B002B01D01E605F60029803991E
:1084B00007B0F0BD0022002302920393BFE7B61974
:1084C0007F41D6E70023002402930394E9E7427832
:1084D000037812021A438378C0781B041343000602
:1084E00018437047F0B543025A0A85B044004F0064
:1084F00003924A02240EC50F3F0E500A01909B09B9
:10850000C90F9209E01B8D4200D096E0002836DDAD
:10851000002F13D1002A07D0461E012802D10124C2
:108520009B181EE0FF2810D1DB08FF2861D1002B2B
:108530005FD08022D203FF2013435AE0FF2C00D1EA
:108540003FE180210600C9040A4301211B2E07DCFC
:108550002020801B11008240F140501E82411143B7
:108560005B185A0100D413E1601CFE2C00D1D8E046
:10857000012297491A405B080B4013435BE0002837
:1085800020D0381B002C08D1002B04D0441E012819
:10859000C5D0FF2808D11300C6E7FF2F00D109E19D
:1085A00080210400C9040B4301211B2C07DC20207F
:1085B000001B19008340E140581E834119433C00D1
:1085C0008B18CEE7FE21601C084230D1002C1BD155
:1085D000002B00D1ECE0002A00D1E0E09A188021C5
:1085E0001000C9040840D3080A4202D00120794A89
:1085F0001340FF22C005D2055B0210405B0A1843FE
:10860000ED07284305B0F0BD002B00D1D4E0002ACF
:1086100000D1D2E080210398C903884203D3019896
:10862000884200D21300DB080193029580E0FF2806
:1086300077D09B185B080400AAE0002827DD002FF4
:108640001DD1002A00D16FE7461E012802D19B1AD6
:1086500001240EE0FF2800D166E701211B2E07DC74
:108660002020801B11008240F140501E82411143A6
:108670005B1A5A0100D48BE09B019E096FE0FF2C2E
:1086800000D19EE08021C90406000A43E5E70028E6
:1086900024D0381B002C0BD1002B07D0441E0128FE
:1086A00002D10D00D31AD3E7FF2808D10D0072E7DD
:1086B000FF2F00D183E08024E40423430400012041
:1086C0001B2C07DC18002025E0402C1BA3405C1E5F
:1086D000A34118433C000D00131ACAE7671CFE268D
:1086E000BC46374002976746374233D1002C1AD137
:1086F000002B06D11D00002A00D17AE70D00019B56
:1087000077E7002A4BD09C1A660106D50D00D31AD4
:108710000020834200D16CE78DE7231E00D003E7E1
:108720000500002365E7002B05D1002A4BD00291FC
:10873000019B029DFDE6002A3FD08020039CC003E0
:10874000844200D26FE7019C844200D36BE71300A0
:108750000D0068E79E1A770114D50D00D61A300077
:10876000F7F70AFE33000538834084420DDC2022EF
:10877000001B0130121A19009340C1405A1E934148
:108780000B43C5E7002ECBD0E9E7134A241A134068
:108790005A0704D00F221A40042A00D004335A0189
:1087A0000FD5601CFE2CBCD00A4ADB08134020E722
:1087B0001300ADE73800EEE61300FF20B4E6380002
:1087C00074E72000B0E68023DB030193B0E7C046E6
:1087D000FFFFFF7DFFFF7F1FFFFFFFFBF0B5C30F14
:1087E00085B0440245000391640A2D0E01932ED0FA
:1087F000FF2D39D08023E400DB047F3D1C4302952C
:108800000027039B5D025E00DB0F6D0A360E0393AB
:1088100030D0FF2E3BD08023ED00DB041D4333001E
:108820007F3B00210398019A42400298D2B2C31ABA
:10883000B800084301380E2842D8F7F733FD6CA87A
:108840007EA89DA87E6C6C9D7E2E2E2E7200012728
:108850000294002CD5D02000F7F78EFD773F431F00
:108860009C403B1A0293CBE703270295002CC8D10A
:10887000013FC6E72B000121002DD3D02800F7F7D8
:108880007BFD431F9D4076235B421B1AC9E73300E3
:108890000321002DC6D10139C4E73900019A02290C
:1088A00039D0032900D170E00025280001291ED10C
:1088B0006D026D0AC0052843D207104305B0F0BD14
:1088C00064016D01AC4228D31A200121641B0126EA
:1088D000270049006400002F01DBA54201D8641B7A
:1088E000314301380028F3D1601E84410C43180045
:1088F0007F30002824DD610704D00F2121400429A6
:1089000000D00434210103D58033180023490C40E2
:10891000E508FE28CCDD00250DE01B200021013BF1
:10892000D5E78023DB031C4201D01D4229D08025DE
:10893000019AED032543FF20BAE72C00039AAEE726
:1089400001210025091A28001B29B1DC9E332500CE
:108950009C40CD40631E9C4125436B0704D00F23F0
:108960002B40042B00D0043580232800DB04184062
:108970001D420FD1ED089BE7002380240193E403FF
:10898000D5E7039B2C000193D1E70192CFE70025A7
:1089900028008DE7002501208AE7C046FFFFFFF78A
:1089A00070B54B00440245004E02C20F640A01201C
:1089B0002D0E760A1B0EC90FFF2D06D1002C13D1E8
:1089C000FF2B11D1002E06D00EE0FF2B0CD09D42C4
:1089D0000AD1B44208D100208A4205D00130002DCE
:1089E00002D12000431E984170BD30B542024500BF
:1089F0004C02C30F4800520A2D0E640A000EC90F24
:108A0000FF2D01D1002A19D1FF2801D1002C15D149
:108A1000002D20D1002813D1002A1ED1002C21D0F6
:108A2000012000291ED102381CE08542F8DBA24259
:108A30000CD80020A24215D20130F2E7022008E053
:108A4000002AEDD099420AD18542EEDD01200029AD
:108A500008D0404206E00028F4D1002CF2D10120D9
:108A6000002BF6D130BD30B5420245004C02C30F99
:108A70004800520A2D0E640A000EC90FFF2D01D1C5
:108A8000002A19D1FF2801D1002C15D1002D20D1A9
:108A9000002813D1002A1ED1002C21D0012000294A
:108AA0001ED102381CE08542F8DBA2420CD800201F
:108AB000A24215D20130F2E7022011E0002AEDD0E7
:108AC00099420AD18542EEDD0120002908D04042BA
:108AD00006E00028F4D1002CF2D10120002BF6D1C1
:108AE00030BD0000F0B5C30F85B0470244000391CC
:108AF0007F0A240E02930AD0FF2C71D080227F3C83
:108B000026000023FF00D204174301930CE0012349
:108B10003E1E019308D03800F7F72EFC7626431F3F
:108B20009F407642361A0194039B5C025D00DB0F86
:108B3000640A2D0E03935AD0FF2D64D080232800A1
:108B4000E400DB041C437F38002301998619880068
:108B5000721C18430A2800DD7EE00299039D6940DB
:108B60000291022855DC0138012864D9B9B20D0000
:108B70003B0C200CA4B2654341435C4343430919B9
:108B80001F002B0C5B189C4202D9802149027F18E0
:108B90001904ADB24D19AC01611E8C411B0CAD0E18
:108BA000DB192C439B011C431B0167D50123610882
:108BB0001C400C4310007F30002861DD630704D0A7
:108BC0000F232340042B00D00434230103D580322B
:108BD00010003F4B1C40E108FE2834DD00214BE033
:108BE000032326000193002F9ED1013B8DE7200037
:108BF0000123002CA9D0F7F7BFFB431F9C4076232D
:108C00005B42181AA0E728000323002C9DD1013BEA
:108C10009BE701218140A6200D00C00005400142D4
:108C20001ED190208000014246D1B938FF38014260
:108C30009CD003990291022BD0D0032B42D000216B
:108C40000800012BB6D1029B4902490AC00508431E
:108C5000DB07184305B0F0BD0F2804D00B28E8D07F
:108C60003C00019BE7E78023DB031F4201D01C424D
:108C700026D08021C9033943FF20E4E7320099E779
:108C8000012300211B1A08001B2BDCDC9E32210073
:108C90009440D940631E9C4121434B0704D00F23CD
:108CA0000B40042B00D0043180230800DB04184063
:108CB000194209D1C908C6E780270295FF03D8E702
:108CC000039B02932700D4E700210120BBE7C046A5
:108CD000FFFFFFF7F0B543025A0A85B04F02440088
:108CE00002924E007A0A9446C50F0092240E9B0908
:108CF000360EC80FD200FF2E02D10100002A01D18A
:108D000001214140A01BA94200D093E0002836DD9C
:108D1000002E13D1002A07D0461E012802D10124BB
:108D20009B181EE0FF2810D1DB08FF285ED1002B26
:108D30005CD08022D203FF20134357E0FF2C00D1E8
:108D40003DE180210600C9040A4301211B2E07DCF6
:108D50002020801B11008240F140501E82411143AF
:108D60005B185A0100D411E1601CFE2C00D1D5E043
:108D7000012296491A405B080B40134358E0002833
:108D800020D0301B002C08D1002B04D0441E012819
:108D9000C5D0FF2808D11300C6E7FF2E00D107E198
:108DA00080210400C9040B4301211B2C07DC202077
:108DB000001B19008340E140581E834119433400D1
:108DC0008B18CEE7FE21601C08422DD1002C18D153
:108DD000002B00D1EAE0002A00D1DEE09A18200042
:108DE000D308520102D50120794A1340FF22C00561
:108DF000D2055B0210405B0A1843ED07284305B01B
:108E0000F0BD002B00D1D5E0002A00D1D3E08021B5
:108E10000298C903884203D30098884200D2130005
:108E2000DB089C46019580E0FF2877D09B185B0803
:108E30000400ABE0002827DD002E1DD1002A00D160
:108E400072E7461E012802D19B1A01240EE0FF287A
:108E500000D169E701211B2E07DC2020801B1100B7
:108E60008240F140501E824111435B1A5A0100D4E6
:108E70008CE09B019E096FE0FF2C00D19FE08021D8
:108E8000C90406000A43E5E7002824D0301B002C63
:108E90000BD1002B07D0441E012802D10D00D31A9C
:108EA000D3E7FF2808D10D0075E7FF2E00D184E03D
:108EB0008024E4042343040001201B2C07DC180059
:108EC0002025E0402C1BA3405C1EA3411843340026
:108ED0000D00131ACAE7FE27661C03963E40019652
:108EE000039E3E4233D1002C1AD1002B06D11D0027
:108EF000002A00D17AE70D00009B77E7002A4CD0CA
:108F00009E1A770106D50D00D31A0020834200D1A6
:108F10006CE78DE7331E00D006E72500002365E7E8
:108F2000002B05D1002A4CD001916346019D00E73A
:108F3000002A40D08020029CC003844200D26FE708
:108F4000009C844200D36BE713000D0068E79E1A73
:108F5000770114D50D00D61A3000F7F70DFA33005B
:108F60000538834084420EDC2022001B0130121A97
:108F700019009340C1405A1E93410B43C5E7002E90
:108F8000EAD10500CAE7134A241A13405A0704D04D
:108F90000F221A40042A00D004335A010FD5601C56
:108FA000FE2CBBD00A4ADB0813401FE71300ACE7D6
:108FB0003000F0E61300FF20B6E6300073E7200033
:108FC000B2E68023DB039C46AFE7C046FFFFFF7D90
:108FD000FFFF7F1FFFFFFFFB42024B0240004900E3
:108FE000520A5B0A090E000EFF2802D1FE38002A41
:108FF00005D10020FF2902D11800431E9841704777
:1090000041024300C20F490A00201B0E7E2B03DDE4
:109010009D2B02DD084BD0187047802000040843C8
:10902000952B05DD963B9840002AF5D04042F3E7AA
:109030009621CB1AD840F7E7FFFFFF7F70B50300FA
:109040000400051E0ED0C21785185540C40F280015
:10905000F7F792F99E231B1A962B0ADC08282BD0CF
:10906000083885406D026D0AD8052843E40720437F
:1090700070BD992B1BDD020029001B3291400A00B4
:10908000511E8A410521091ACD4015430B4A2A4039
:1090900069070FD00F210D40042D0BD00432D508E5
:1090A000510107D59F23064A1B1A1540DAE7421FD4
:1090B0009540EBE7D508D5E79623D3E7FFFFFFFB05
:1090C000FFFF7F1F002310B50400984209D0F7F777
:1090D00053F99E231B1A962B08DC082829D0083840
:1090E00084406402D805640A204310BD992B1BDD1F
:1090F000020021001B3291400A00511E8A410521C5
:10910000091ACC4014430C4A224061070FD00F21AA
:109110000C40042C0BD00432D408510107D59F23F6
:10912000064A1B1A1440DCE7421F9440EBE7D408C0
:10913000D7E79623D5E7C046FFFFFFFBFFFF7F1F62
:10914000F7B5DF0FBC460D034C001E03C90F00919D
:109150006D0A410F760A570F294337435D00009E81
:10916000640D6D0DC000D200631B664500D02EE17A
:10917000002B00DC7AE0002D3CD13D0015431ED0D1
:109180005D1E012B18D1821882428041C9194042CC
:10919000091810000A0200D402E1BA4A01339342CE
:1091A00000D18AE2B84C42080C40012101400A4338
:1091B000E00710436108F3E0B24EB34222D14C07FE
:1091C000CA08B049C00804438B4206D121001143AC
:1091D00000D175E2802109030A432000AB4C1B0536
:1091E00012032340120B1343009AD20713431900B2
:1091F00003B0F0BDA34DAC4200D1DDE180252D04CC
:109200002F431D00382D2CDC1F2D19DC20233E00A0
:109210005B1B9E40B44616000193EE4063461E431E
:10922000019BEF409A4013005A1E934133431B1891
:109230008342804179184042091818002300A9E7A9
:109240002B003E00203BDE400023202D03D0403386
:109250005B1B9F403B0013435A1E9341334300273F
:10926000E5E73B0013435A1E9341F8E7002B50D02B
:109270002B1B002C12D10C0004430CD05C1E012BC4
:1092800006D1801890429241C9195242891881E74B
:109290007C4EB3420AD13900100090E7794CA542C8
:1092A00000D104E28024240421431C00382C2BDC50
:1092B0001F2C18DC20230E001B1B9E40B44606000A
:1092C0000193E64063461E43019BE1409840030042
:1092D000581E83413343981890429241C919524213
:1092E0002B00891856E723000E00203BDE400023A8
:1092F000202C03D040331B1B99400B000343591E05
:109300008B4133430021E6E70B000343591E8B4199
:10931000F8E75F4D631C2B4234D10B000343002C54
:1093200014D1002B00D1BDE13B00134300D11EE15D
:10933000821882428041C919404209180B0200D4A8
:10934000B1E1514B10001940012338E7002B00D147
:10935000ADE13C004B4B144300D130E74B07C00854
:109360001843CB08802109030B4206D0FC080C42AD
:1093700003D12300D0087F073843410FDB00194396
:10938000C00019E13F4CA34200D196E1821882420D
:109390008041CF1940423F18F8075208104379081E
:1093A000420709D00F220240042A05D0021D824242
:1093B00080414042091810000A0200D4FFE6314AF9
:1093C0000133934200D178E12F4A1140F7E6002B98
:1093D00060DD002D36D13D00154300D1EFE65D1E66
:1093E000012B0DD1821A90428041C91B4042091ABB
:1093F00010000A02D4D549021C004D0A019008E170
:10940000204EB34200D1DAE6382D35DC1F2D22DCA8
:1094100020233E005B1B9E40B44616000193EE40A5
:1094200063461E43019BEF409A4013005A1E93412E
:109430003343C31A98428041C91B4042091A18009D
:109440002300D6E70F4DAC4200D1B5E080252D04B6
:109450002F431D00D8E72B003E00203BDE400023B9
:10946000202D03D040335B1B9F403B0013435A1E0B
:10947000934133430027DCE73B0013435A1E9341DB
:10948000F8E7C046FF070000FFFF7FFF0000F07F06
:10949000FE070000002B54D02B1B002C15D10C0014
:1094A00004430FD05C1E012B09D1101A8242924155
:1094B0006346791A52420093891A012399E7814E33
:1094C000B3420AD161460091E5E67E4CA54200D147
:1094D000EBE08024240421431C00382C2CDC1F2CBE
:1094E00019DC20230E001B1B9E4000933300060056
:1094F000E6401E43009BE14098400300581E834114
:109500003343D01A82429241791A5242891A6246F2
:109510002B0000926DE723000E00203BDE4000236D
:10952000202C03D040331B1B99400B000343591ED2
:109530008B4133430021E4E70B000343591E8B4169
:10954000F8E7614E651C354250D10E003D000643E0
:109550001543002C28D1002E0FD1190018000093BC
:10956000002D00D12BE63900100063460093030064
:109570000B4300D19EE0002312E7002DF7D0851A9F
:10958000A842B641CC1B7642A41B260206D5101A6F
:1095900082429241791A5242891AE6E72800204312
:1095A0005CD021002800E2E7002E07D1002D7CD1FD
:1095B000802118000093C903424B00E6414B002D67
:1095C00000D1FCE54B07C0081843CB0880210903F4
:1095D0000B4200D1D1E6FC080C4200D0CDE6D00809
:1095E00062467F07230038430092C6E6851A01953C
:1095F000A842AD416D422E00CD1BAD1B2E022AD5D7
:10960000131A9A429241019363467F1A5242BD1A3D
:109610000093002D25D02800F6F7AEFE0300083B8E
:10962000202201990198D21A9D40D14098402943A7
:109630009C4233DC1B1B5A1C1F2A1EDC20230D00FE
:109640009B1A040098409D40D440431E98412543F6
:10965000D14028438BE701982843DAD101000090DC
:10966000ADE50198F6F788FE030018331F2BD7DD10
:109670000199083881402800DAE70C001F3BDC40E4
:109680000023202A03D040339B1A99400B00034348
:109690005A1E934120000021184368E70B4AE31A41
:1096A00011407DE63900100061E763460093390000
:1096B000100081E71900180081E5002108007EE50F
:1096C0000A008AE5FF070000FE070000FFFF7FFF9A
:1096D000F0B589B0009201930D034B00CA0F06004C
:1096E00004002D0B5B0D039245D0644A93426BD06E
:1096F000420FED001543802212042A430292604A71
:10970000C4009F180026019B019A1D03D20F5B0025
:1097100000982D0B5B0D069266D0584A934200D1FB
:1097200089E0ED005649420F2A4380255B189C468C
:109730002D041543C2000021069B03985840C3B274
:1097400005936346B0000843FB1A013804930E28C2
:1097500000D999E0F6F7B0FD8E002D02D3012D025D
:109760001E022D02D3018E008E001E02D3017E0048
:109770007E007E00C5012B00034302932CD0002DF8
:1097800015D02800F6F7F8FD010003000B391D2263
:10979000521A31001800D140083885400A002A4387
:1097A000350085400292374F2C00FF1AAAE7F6F7E2
:1097B000E3FD01000300153120331C29E7DD3200F1
:1097C000083882400292EEE702002A43029207D153
:1097D00014001F00022696E7029C0126270092E74C
:1097E0001F00032602958EE7009A2A432AD0002DF7
:1097F00015D02800F6F7C0FD010002000B391D232B
:1098000010005B1A009908388540D9402943009D13
:1098100085401C4B9B1A9C462A000D008BE7F6F7EF
:10982000ABFD01000200153120321C29E7DD009953
:1098300008388140EDE7009A2A4307D115009C467D
:10984000022179E715009446012175E702009C4644
:10985000032171E73100039B0593022900D1ACE19C
:10986000032900D1A2E1012900D001E10024230055
:10987000220026E100231C00004A22E1FF0700002D
:1098800001FCFFFF0DFCFFFF029B9D4204D300D0B3
:1098900022E1A24200D91FE1029BE607D907630833
:1098A00019430C00029B5B08029313022D02170E52
:1098B00000932B0C2F4306930699BBB20298039397
:1098C000F6F78AFCBBB243430A04210C050011439E
:1098D0008B4207D9C919013D8F4203D88B4201D968
:1098E000851EC919C81A0699F6F776FCBAB2424322
:1098F0000904A4B203000C43A24207D9E419013BB6
:10990000A74203D8A24201D9831EE4192D041D43A6
:10991000A41A009B009A1B0C12040393120CABB206
:1099200007925A4307980292039A290C48435343DB
:109930005143029A1B18120C94466344984202D970
:10994000802252028918029A180C12041B04120C6D
:1099500040189A18844203D302951ED196421CD215
:109960006B1E0293009BF6189E429B415B42DB19E3
:10997000E418A74203D310D1009BB3420DD8A042F4
:1099800002D80AD1B24208D9AB1E0293009BF61846
:109990009E429B415B42DB19E418B51AAE42B641C8
:1099A000201A7642801B874200D1ADE00699F6F777
:1099B00013FCBBB243430A04290C040011438B423D
:1099C00007D9C919013C8F4203D88B4201D9841EA3
:1099D000C919C81A0699F6F7FFFBBBB2434309043D
:1099E000ADB202000D43AB4207D9ED19013AAF42C7
:1099F00003D8AB4201D9821EED19ED1A2304039E50
:109A00001343079907981C0C9AB251436043724361
:109A1000744312180E0CB218904202D980204002F2
:109A20002418100C09041204090C0019511885425D
:109A300004D31C00854219D1002919D07D195C1E60
:109A4000BD420ED3854203D310D1009A8A420AD276
:109A50009C1E009B5A009A429B415B42DB19ED1809
:109A60000092854202D1009B994201D001231C4300
:109A7000049B554A9A18002A49DD63070BD00F232F
:109A80002340042B07D0231DA342A4410299644222
:109A900009191C000291029BDB0108D54B4B029A6D
:109AA0001A408023DB009C460292049A6244484B91
:109AB0009A4200DD81E0029BE4085B071C43029BA5
:109AC000DB081B0312051B0B1343059A2000D2076A
:109AD0001343190009B0F0BD049B0026013B049319
:109AE000E3E6802302991B03194201D01D4258D09E
:109AF0008023029A1B031343039A0592BCE6069B3C
:109B0000140005930295A8E601246442B0E7012100
:109B1000891A382900DDA9E61F2926DC2D4A049B75
:109B20009446634420009C40029AC8409A40230017
:109B30000243581E83411A43029B1400CB40620724
:109B400009D00F222240042A05D0221DA242A4419E
:109B500064421B19140080211A0009040A400B42B8
:109B60002ED1E1085C070C43AAE71F235B429B1A36
:109B7000029ADA400023202906D01749049B8C461C
:109B80000299634499400B001C43631E9C410023CF
:109B90001443D4E700231C00039380231B03029388
:109BA000A6E7069B140003930295A1E7059B039388
:109BB0009EE700231C001A0083E7002423005BE6D5
:109BC000002301221C007CE7FF030000FFFFFFFED3
:109BD000FE0700001E0400003E040000F0B58BB03C
:109BE000009201930D034B00CA0F06002D0B5B0D75
:109BF000039200D111E1CE4A934200D135E1ED004C
:109C0000420F2A4380252D041543CA4AC4009B18DD
:109C10001F0000230293019B00981E035A00DB0FD4
:109C2000360B520D049300D12EE1C14B9A4200D164
:109C300050E1430FF60033438026BE4936041E43ED
:109C4000C30050180022C1190691013100910299F8
:109C5000880010430A2800DD76E10399049F7940CB
:109C60000391022800DD44E10138012800D853E1C6
:109C7000190C9BB202911900220CA4B2514320008E
:109C80008C46029F029958435143674305916744AC
:109C9000010CC91904908C4505D9802040028446E6
:109CA000059F67440597080C84466846008A0904A6
:109CB00009180991310CB6B2049130003100049FAB
:109CC000614350437C437A4324180F0C3C19A04253
:109CD00002D9802040021218200C8218240489B274
:109CE000079262180892089962468C46290CADB218
:109CF0002800029F58436F434B4362449446029CA2
:109D0000FF18020CD2194C43934202D980235B0204
:109D1000E418130C1B1902932B0080B212041218C2
:109D20000498734345434E434143A8191D0C2D1815
:109D3000AE4202D9802040020918059F0898674466
:109D40008742B641BF189742924128049BB2C0187F
:109D5000079B7642C01853420493029B84199C4689
:109D6000A4446346049AB442A4419B18079A6442EF
:109D700090428041029A4042044394458041049AB3
:109D80002D0C934292414042524210436419099A69
:109D900024186418790211434A1E9141FF0DDE0D0B
:109DA000640239435B0226430B43E40100D4DEE046
:109DB00001215A080B401A43F307CE401343009A7F
:109DC0005D495218002A00DCD4E0590709D00F2160
:109DD0001940042905D0191D99429B415B42F61890
:109DE0000B00F10106D58021C9008C46534A16406C
:109DF000009A624452498A4200DD07E17407DB0899
:109E00001C43F60813053603039A360B3343D20777
:109E10001343200019000BB0F0BD2C0004432BD0DD
:109E2000002D16D02800F6F7A7FA040002000B3C1C
:109E30001D2330001B1B1100D84008398D40030042
:109E40002B4335008D403F492C008A1A17001D0016
:109E5000DFE6F6F791FA04000200153420321C2CDC
:109E6000E6DD330008388340EDE704002C4307D1DA
:109E70001F0025000223CDE6250027000123C9E6A7
:109E80001F0004000323C5E6009B334329D0002EA6
:109E900014D03000F6F770FA010003000B391D22D0
:109EA0001800521A009908388640D1403143009E6C
:109EB00086402448C01A33000E00C3E6F6F75CFA69
:109EC00001000300153120331C29E8DD0099083812
:109ED0008140EEE7009B334307D110001E000222B1
:109EE000B1E61E0018000122ADE6030010000322B7
:109EF000A9E601218140A6200F00C00007400142D1
:109F000026D190208000014276D1B938FF38014235
:109F100000D1ADE604990391022A77D0032A72D0CA
:109F2000012A00D04BE70026340032006AE7C04621
:109F3000FF07000001FCFFFFFF030000FFFFFFFE23
:109F4000FE0700000DFCFFFF0F2805D00B28E1D015
:109F50002E002300029ADFE780221203154201D06F
:109F600016424ED0802636032E432C4A4AE7069AE4
:109F7000009224E70120801A3828D4DC1F2827DC2F
:109F80002749009A8C461C0062443100934091405E
:109F9000C4401A002143531E9A410B00C64013438C
:109FA0005A0709D00F221A40042A05D01A1D9A42D6
:109FB0009B415B42F61813008021300009040840E1
:109FC0000E4226D17407DB0802001C43F60819E78D
:109FD0001F2149428A1A3100D1400022202805D091
:109FE0001048009A844662449640320013435A1E39
:109FF000934100260B43D3E780253C0003972D03B4
:10A00000B0E7049A039235001C00ABE70026340049
:10A01000ABE7002601223400F4E6C046FF0700004B
:10A020001E0400003E040000F0B585B002920393C8
:10A03000CB0F0D030193039B4C006D0A410F1F03CF
:10A040002943DE0F5D00029B7F0A5B0F029A3B43B0
:10A05000BD4F640DC0006D0DD200BD4203D11F0085
:10A06000B446174302D101277740BC46019E671BC7
:10A07000B44500D02DE1002F00DC7AE0002D3CD16A
:10A080001D0015431ED07D1E012F18D1821882425B
:10A090008041C9184042091810000B0200D401E1A8
:10A0A000A94B01379F4200D185E20122A74B024014
:10A0B000194043081343C80718434908F2E0A24E69
:10A0C000B74222D14A07CB089F49C00802438F42BA
:10A0D00006D11100194300D170E2802109030B431E
:10A0E00010009B4A3F051B0317401B0B1F43019B9E
:10A0F000DB071F43390005B0F0BD934DAC4200D1E2
:10A10000D8E180252D042B433D00382D2CDC1F2D5C
:10A1100019DC20261F00761BB740BC4617000296AC
:10A12000EF4066463743029EEB40B2401600721E77
:10A1300096413E43361886428041591840420918DC
:10A1400027003000A9E72E001F00203EF740002620
:10A15000202D03D04036761BB3401E001643731EDD
:10A160009E413E430023E5E713431E00731E9E41BC
:10A17000F8E7002F50D02F1B002C12D10C00044305
:10A180000CD07C1E012F06D1801890429241C91834
:10A190005242891881E76C4EB7420AD1190010006B
:10A1A00090E7694CA54200D1FEE1802424042143BC
:10A1B0003C00382C2BDC1F2C18DC20260F00361B13
:10A1C000B740BC4607000296E74066463743029E0A
:10A1D000E140B0400600701E86413E43B0189042F8
:10A1E0009241C91852422F00891856E726000F00E5
:10A1F000203EF7400026202C03D04036361BB140CD
:10A200000E000643711E8E413E430021E6E70143E6
:10A210000E00711E8E41F8E74E4D671C2F4233D160
:10A220000D000543002C14D1002D00D1B7E11C0016
:10A23000144300D119E1821882428041C91840427A
:10A2400009180B0200D4ABE1404B10000127194064
:10A2500038E7002D00D1A7E11C00144300D129E10B
:10A260004C07C00820438024C9082403214206D09B
:10A27000DD08254203D12900D0085B071843CA0036
:10A28000410F1143C00015E12F4CA74200D192E1CC
:10A29000821882428041CB1840421B18D8075208CE
:10A2A00010435908430709D00F230340042B05D05E
:10A2B000031D834280414042091818000B0200D45C
:10A2C00000E7214B01379F4200D174E11F4B194039
:10A2D000F8E6002F5FDD002D3ED11D00154300D1B3
:10A2E000F0E67D1E012F0DD1821A90428041C91ADD
:10A2F0004042091A10000B02D4D549023C004D0A15
:10A30000029003E1104EB74200D1DBE6382D3DDC70
:10A310001F2D2ADC20261F00761BB740BC461700E5
:10A320000296EF4066463743029EEB40B24016006D
:10A33000721E96413E43861BB0428041C91A40427C
:10A34000091A27003000D6E7FF070000FFFF7FFF54
:10A350000000F07FFE070000994DAC4200D1A9E05B
:10A3600080252D042B433D00D0E72E001F00203E0A
:10A37000F7400026202D03D04036761BB3401E0048
:10A380001643731E9E413E430023D4E713431E0031
:10A39000731E9E41F8E7002F51D02F1B002C14D1C3
:10A3A0000C0004430ED07C1E012F08D1101A8242EB
:10A3B0009241591A5242891A634601939BE7804E93
:10A3C000B7420AD161460191E8E67D4CA54200D131
:10A3D000E8E08024240421433C00382C2ADC1F2C94
:10A3E00017DC20260F00361BB74001963E00070001
:10A3F000E7403743019EE140B0400600701E8641B1
:10A400003E43901B82429241591A52422F00891AB0
:10A41000D2E726000F00203EF7400026202C03D074
:10A420004036361BB1400E000643711E8E413E433E
:10A430000021E6E701430E00711E8E41F8E7614EF0
:10A44000651C35424FD11D000E0015430643002CFC
:10A4500028D1002E0FD1210020000194002D00D121
:10A4600030E6190010006346019303000B4300D14E
:10A470009DE0002716E7002DF7D0851AA842B641C7
:10A48000CC1A7642A41B260206D5101A82429241AB
:10A49000591A5242891AE6E7280020435BD021006E
:10A4A0002800E2E7002E07D1002D7BD18021380063
:10A4B0000197C903424F05E6002DFBD04C07C008A9
:10A4C00020438024C9082403214208D0DD08254206
:10A4D00005D15B07D0081843634629000193CB00E0
:10A4E000410F1943CEE6851A0295A842AD416D424F
:10A4F0002E00CD1AAD1B2E022AD5101A824292418F
:10A500005B1A52429D1A634602900193002D25D09A
:10A510002800F5F731FF0838070020230299029838
:10A52000DB1BBD40D940B8402943BC4233DC3F1B54
:10A530007A1C1F2A1EDC20230D009B1A0400984061
:10A540009D40D440431E98412543D14028438CE789
:10A5500002982843DAD101000190B3E50298F5F79B
:10A560000BFF070018371F2FD7DD029908388140ED
:10A570002800DAE70C001F3FFC400023202A03D00C
:10A5800040339B1A99400B0003435A1E934120000D
:10A590000021184369E70C4BE71B194082E61900BC
:10A5A000100062E7614601911900100082E719006E
:10A5B00018001F0086E50021080083E50B008FE5E9
:10A5C000FF070000FE070000FFFF7FFF0B0070B5D4
:10A5D000114E0C0349000200240B0020490DDD0F31
:10A5E000B14204DD0D48814202DD0D4BE81870BD1B
:10A5F0008020400320430B4C641A1F2C08DC0A4EB9
:10A60000E240891988401043002DF0D04042EEE727
:10A61000064B5B1AD840F7E7FE0300001D0400005C
:10A62000FFFFFF7F33040000EDFBFFFF130400007A
:10A63000FE2270B54400240E4302611C5D0AC60F61
:10A6400011420DD0E0229200A4181B0B6D071B03D2
:10A650001B0B2405F6071C4334432800210070BD62
:10A66000002C18D12300002DF1D02800F5F784FE2E
:10A670000A280ADC0B232A001B1ADA401300020006
:10A6800015329540094C241AE1E703000B3B9D402D
:10A690002B002500F6E7002D06D01A0B80231B03A4
:10A6A0006D071343024CD2E72B00FBE78903000040
:10A6B000FF0700000A03F0B5520A4B00460F5B0D7E
:10A6C0001643304A5D1CCC0FC700154241D02E4ABC
:10A6D0009D18FE2D54DC002D32DC2A0017324BDB96
:10A6E0008021090431431E26761B1F2E16DC274AC3
:10A6F0009B183A009F409940781E8741F2400F43D3
:10A700003A430023510739D00F211140042935D095
:10A710000432510132D50133002228E00222080020
:10A720005242521BD04002000020202E03D0184875
:10A730001B18994008003843431E98410243E0E744
:10A740008201531E9A41F6007F0F32432B003A4399
:10A75000D8E73A003243002B03D1002A07D0012268
:10A76000D6E7FF23002A02D08022D2033243D80545
:10A770001043E4072043F0BD0023F0E7D208F6E7DA
:10A78000FF23C9E7FE07000080FCFFFF82FCFFFFFC
:10A79000A2FCFFFFF0B50F0087B006000490F80F91
:10A7A00003901803000B5C000290600D0190D80F1D
:10A7B000844618480D0349002D0B490D059281422E
:10A7C00007D12C00012034431FD1019C8C421CD1A5
:10A7D00002E0019C844204D1029802430120002A35
:10A7E00013D1019B012099420FD1029B9D420CD1B4
:10A7F000049B059A934208D1039B634507D0002927
:10A8000003D128003043431E984107B0F0BD00201B
:10A81000FBE7C046FF070000F0B587B0009001914C
:10A8200000990198049101992C4F0903090B8C465A
:10A830000199C50F4900490D1C0358000391059269
:10A84000240B400DDE0FB94203D1674600990F4338
:10A8500035D12249884202D1270017432FD1002742
:10A860000399B94205D16146009F0F4339004F4219
:10A870004F41002825D12243002F06D0002A2AD09C
:10A880000120002E27D1023825E0002A1BD101200B
:10A89000002D20D040421EE0039B8342F0DBA44504
:10A8A000F5D808D1049B059A9342F0D8049B059AE9
:10A8B000002093420FD20120002D0CD1E3E70220AB
:10A8C000E8E7002FDCD1AE42E1D1039B8342E3DD18
:10A8D0000120002EDED107B0F0BDC046FF0700000A
:10A8E000F0B587B000900191009901980491019909
:10A8F0002C4F0903090B8C460199C50F4900490DDE
:10A900001C03580003910592240B400DDE0FB94241
:10A9100003D1674600990F4335D12249884202D1BD
:10A92000270017432FD100270399B94205D161466B
:10A93000009F0F4339004F424F41002825D1224349
:10A94000002F06D0002A2AD00120002E27D102385D
:10A9500025E0002A1BD10120002D20D040421EE01E
:10A96000039B8342F0DBA445F5D808D1049B059AEC
:10A970009342F0D8049B059A002093420FD2012005
:10A98000002D0CD1E3E7022009E0002FDCD1AE421C
:10A99000E1D1039B8342E3DD0120002EDED107B02D
:10A9A000F0BDC046FF0700000EB48123F0B50026BD
:10A9B0009CB021AD02AC9B0080CDA3811B96029080
:10A9C0000690F5F703FD0B4B03900B9301230790C3
:10A9D00009485B42E3813A002B00210000680F9692
:10A9E0001496019500F0BEFB1CB0F0BC08BC03B08F
:10A9F0001847C046FDA90410882A0020002070478F
:10AA000070B50600140008001A009AB0002C05DA90
:10AA10008B230120336040421AB070BD8223694607
:10AA200000259B008B81199500900490AC4200D0CA
:10AA3000651E01235B42CB8130001E9B8D604D6102
:10AA400000F030FA431C01DA8B233360002CE3D092
:10AA50000022009B1A70DFE713B5044C009313002B
:10AA60000A0001002068FFF7CBFF16BD882A0020EE
:10AA700030B500240139A24201D1002005E0035D78
:10AA800001340D5DAB42F6D0581B30BD10B5884285
:10AA900002D98B18984208D300239A4207D0CC5C85
:10AAA000C4540133F9E78B5C8354013AFBD210BDE7
:10AAB00003008218934200D1704719700133F9E7FF
:10AAC000F0B50022040003270A4EA35CF05C384076
:10AAD000012800D12033885C355C3D40012D00D138
:10AAE00020301D1A834203D101320028EDD1F0BD80
:10AAF0002800FCE77D3F0610C9B20378002B04D084
:10AB00008B4200D170470130F7E74B42594149422F
:10AB10000840F7E7030030B51D00002A06D00C7886
:10AB2000013A01332C700131002CF5D100219A1823
:10AB3000934200D130BD19700133F9E70300411889
:10AB40008B4202D01A78002A01D1181A70470133BB
:10AB5000F6E770B50024CDB2C9B2A14206D12900F2
:10AB6000FFF7CAFF040006E01C00581C2900FFF78D
:10AB7000C3FF031EF8D1200070BD0A7830B5002A4B
:10AB80000CD130BD9A4208D10123CC5C002CF8D006
:10AB9000C55CA54201D10133F7E701300378002BF2
:10ABA000F0D11800EDE70000014B18687047C0466F
:10ABB000882A00207047704710B500F00AF810BDD1
:10ABC00010B5FFF763FF10BD10B5002200F08EFF37
:10ABD00010BD002310B59A4200D110BDCC5CC45406
:10ABE0000133F8E770B505000C1E10D0043C236853
:10ABF000002B00DAE418280000F0E0F81D4A136882
:10AC0000002B05D163601460280000F0DFF870BDF0
:10AC1000A34208D9206821188B42F3D119685B68D8
:10AC200009182160EEE71A005B68002B01D0A342EF
:10AC3000F9D911685018A0420BD120680918501892
:10AC400011608342E0D118685B684118116053605D
:10AC5000DAE7A04202D90C232B60D5E7206821183F
:10AC60008B4203D119685B680918216063605460E6
:10AC7000CAE7C046B424002070B50F4E0D003168FD
:10AC80000400002902D100F01FFF306029002000DD
:10AC900000F01AFF431C03D101256D42280070BD4E
:10ACA0000323C51C9D43A842F8D0291A200000F0B8
:10ACB0000BFF0130F2D1EFE7B0240020F7B50322FB
:10ACC000CB1C9343083305001F000C2B34D20C27F8
:10ACD000B94233D8280000F071F8374E33681C00B1
:10ACE000002C2FD139002800FFF7C6FF0400431CB9
:10ACF0005FD134680094009B002B4AD1002C52D0C5
:10AD000023682800E3180099019300F0DDFE019B01
:10AD1000834248D123682800FF1A3900FFF7ACFFAF
:10AD2000013040D02368DB19236033685A68002A59
:10AD300033D1009B336019E0002BC9DA0C232B6060
:10AD40000020FEBD2168C91B20D40B290AD9E219B5
:10AD50002760A34204D1326063681160536005E04C
:10AD60005A60F9E76268A3420ED13260280000F011
:10AD70002DF8200007220B30231D9043C21A984261
:10AD8000DFD01B1AA350DCE75A60EFE723006468AA
:10AD9000A6E7009C63680093ADE71A005B68A342D6
:10ADA000FBD10023DAE70C2328002B6000F00EF81B
:10ADB000C6E70760DAE7C046B424002010B50248B1
:10ADC000FFF7F8FE10BDC046AC24002010B50248C5
:10ADD000FFF7F1FE10BDC046AC240020F0B58E6830
:10ADE00085B01F000C00330002900392BE4254D87D
:10ADF0000C22885E9022D20010422CD003220969D6
:10AE000023685B1A019363695343019ADD0FED18C0
:10AE10007B1C6D109B182A00AB4201D91D001A0043
:10AE2000400527D511000298FFF748FF061E2AD0DB
:10AE3000019A2169FFF7CDFEA289194B1A408023A0
:10AE40001343A381019B2661F618266065613E00CD
:10AE5000ED1A3B00A5601F003A0003992068FFF738
:10AE600015FE0020A3689B1BA3602368DB192360E9
:10AE700005B0F0BD029800F04BFE061EE2D121693C
:10AE80000298FFF7AFFE0C230120029A40421360A4
:10AE9000A28934331343A381EAE73E00DCE7C046CE
:10AEA0007FFBFFFFF0B59FB002901C008B890E0066
:10AEB00015001B0611D50B69002B0ED14021FFF7A1
:10AEC000FDFE30603061002805D10C23029A13602A
:10AED00001204042D4E0402373610023292102AACB
:10AEE00052180B9320331370013102AA10335218F9
:10AEF000137005942C002378002B01D0252B48D10A
:10AF0000671BAC420BD03B002A0031000298FFF7D0
:10AF100065FF013000D1AEE00B9BDB190B9323786A
:10AF2000002B00D1A7E001225321002352420792B7
:10AF300002AA5218651C06930993089313701C9378
:10AF4000554F29780522380000F0D7FD6C1C069972
:10AF500006AB00281FD1CA0604D55327202202A819
:10AF6000C01902700A0704D553272B2202A8C01962
:10AF700002702A782A2A15D02C0000200A27DA68C5
:10AF80002178651C3039092950D9002811D009923F
:10AF90000FE00134AFE70123C01B83400B432500C2
:10AFA0000693CDE7059A101D12680590002A37DB3D
:10AFB000DA6022782E2A0CD162782A2A3BD1059AAF
:10AFC0000234111D12680591002A01DA0122524251
:10AFD0005A60324D03222800217800F08EFD06AF22
:10AFE000002806D04023401B8340069A01341343B7
:10AFF0000693217806222A48651C397600F07DFDEB
:10B0000000283FD0274B002B29D10722059B07336F
:10B010009343083305930B9B03995B180B9369E7E4
:10B020005242DA6002220A430692C2E77A432C00B7
:10B0300001205218A4E700220A205A6011001300D0
:10B0400001342278651C303A092A03D9002BC0D07C
:10B050000791BEE741432C0001238918F1E705AAB7
:10B06000009239003200104B029800E000BF0390BC
:10B07000039B0133CFD1B3890B985B0600D527E73B
:10B080001FB0F0BD05AA009239003200064B0298AD
:10B0900000F03AFAEBE7C0467D4006108340061008
:10B0A0008740061000000000DDAD041070B51400EC
:10B0B0004B1C03D101256D42280070BD93892022CD
:10B0C0009343626BA381CEB26368CDB2002A10D0E5
:10B0D000A26B9A4207DD2368013B23601E70636800
:10B0E00001336360E8E7210000F0B0FC0028F2D0F3
:10B0F000E0E721692268002907D0914205D2511E5C
:10B100000878A84201D12160EAE723642300443390
:10B1100063630323A36323004633E2631E7023604B
:10B120000123DEE710B50C00496B00290ED0230087
:10B130004433994201D0FFF755FD0020236C606332
:10B140006360834202D0E36B236010BD236901205A
:10B1500023600023A289636020331343A38140420C
:10B16000F3E70000F0B5AA4C0D000021A5440190C2
:10B17000BE204891499105A94A91A64945AC400095
:10B180002150A54904302150049313780293002BD9
:10B1900000D13BE1A14E0820F15C0823571C0B4075
:10B1A00001421CD06B68002B10DD08212B681A7837
:10B1B000B25C0A4201D13A00E7E722690133013269
:10B1C00022616A682B60013A6A60EBE7C0235B008A
:10B1D0002900E358019898470028E6D0EBE7029948
:10B1E000252962D1A360236053782A2B02D11A3B10
:10B1F0002360971C3E000A223178771C0B00303BFD
:10B20000092B1FD9864B03221800039300F075FC0D
:10B21000002807D0039B3E00C01A01238340226808
:10B22000134323603378771C782B06D8572B10D81C
:10B23000252B3AD034D8002B55D00323A3610733F4
:10B24000636077E0A3683E005343303B5B18A36024
:10B25000D2E7180058382028EFD8F5F7BFF84B0090
:10B26000EEFFEEFF6000EEFFEEFFEEFFEEFFEEFF03
:10B27000EEFFEEFF89005E00240024002400EEFFB4
:10B280005500EEFFEEFFEEFFEEFF91005900470084
:10B29000EEFFEEFF8F00EEFF5E00EEFFEEFF4B00D5
:10B2A000453B022BC9D8052335E06B68002B0EDD2A
:10B2B0002B6802991A788A4200D0A7E001336A68A5
:10B2C0002B602369013A01336A60236173E7C0236D
:10B2D0005B002900E358019898470028E8D0489877
:10B2E000002800D08AE0012040428BE02022216823
:10B2F0000A4322608022216892000A4322601022C1
:10B3000046926E2B06D801E000234693032302E009
:10B310000823469304234B930CE00A22F0E73900FC
:10B3200005A800F059FB402322680700134323605F
:10B330000123A3616B68002B31DD23685B0608D411
:10B34000C02676002B6835491A788A5C08210A42A3
:10B350002ED14B9B022B3DDC2A002100019804AB2F
:10B3600000F0DEF9012851D0022800D023E7B6E72B
:10B3700040232268134323600023DAE70223CAE74D
:10B380002268D30600D516E7049B2169181D049096
:10B390001B68D60701D519800DE719600BE7C0239C
:10B3A0005B002900E358019898470028C5D096E72C
:10B3B0002269013222616A68013A6A60002A02DD6C
:10B3C00001332B60BEE72900A35901989847002854
:10B3D000B8D084E7042B06DC2A002100019804ABD6
:10B3E00000F0FEF9BEE70F4B002B00D1E3E62A0088
:10B3F0002100019804AB00E000BFB3E7AB895B0616
:10B4000000D570E7A7239B009D44F0BD4898F9E75D
:10B4100064FDFFFFADB0041025B104107D3F0610A0
:10B420008340061000000000F7B5160001938A68FB
:10B430000B690C000090934200DA13002200336085
:10B4400043321278002A01D00133336023689B060F
:10B4500002D53368023333602268062315001D408D
:10B460001A4227D0230043331B785A1E9341226887
:10B47000920630D4220001990098089D4332A847D3
:10B48000013025D00622236800251340042B05D166
:10B490003368E568ED1AEB43DB171D40A3682269AA
:10B4A000934201DD9B1AED180026B54220D1002001
:10B4B00010E00135E36832689B1AAB42D2DD22000E
:10B4C000012301990098089F1932B8470130F0D143
:10B4D00001204042FEBD3020E118433108702100B8
:10B4E0005A1C45310978A218433202331170C1E762
:10B4F0002200012301990098089F1A32B8470130B1
:10B50000E6D00136D1E70000F0B58BB006920A0014
:10B5100043320793059003920A7E0C00109B782A11
:10B5200009D8622A0BD8002A00D1BAE07A490491DE
:10B53000582A00D18EE0250042352A7022E0100002
:10B5400063381528F7D8F4F749FF16001F00F6FFF7
:10B55000F6FFF6FFF6FF1F00F6FFF6FFF6FFF6FF19
:10B560009F0036007E00F6FFF6FFB000F6FF3600C3
:10B57000F6FFF6FF820025001A684235111D19609A
:10B5800013682B7001239EE018680968021D0D06E0
:10B590000BD506681A60002E03DA2D23039A764233
:10B5A00013705D4B0A27049318E006681A60490679
:10B5B000F1D536B2EFE70868196840C9050602D42C
:10B5C000400600D5B6B21960534B0A2704936F2A80
:10B5D00000D1023F2300002243331A706368A36046
:10B5E000002B06DB04212268039D8A43226033433B
:10B5F0000CD0039D30003900F4F7EEFD049B013DB3
:10B600005B5C2B70330006009F42F3D9082F09D1F1
:10B610002368DB0706D5626823699A4202DC30237F
:10B62000013D2B70039B5B1B2361079B2100009353
:10B630000598069B09AAFFF7F7FE013048D10120C3
:10B6400040420BB0F0BD202209680A4322607822F4
:10B6500032490491210045310A701968226840C9B5
:10B66000100602D4500600D5B6B21960D30702D531
:10B67000202313432360002E01D01027AAE72022A5
:10B68000236893432360F8E71A680D68101D496921
:10B69000186013682E0601D5196002E06D06FBD50F
:10B6A00019800023039D2361BFE71A68111D1960EB
:10B6B000156800212800626800F01FFA002801D0F8
:10B6C000401B6060636823610023039A1370ACE73A
:10B6D0002A00236906990598079DA8470130AED036
:10B6E00023689B0715D4099BE0689842A9DA1800E3
:10B6F000A7E72200012306990598079E1932B04753
:10B7000001309CD00135E368099A9B1AAB42F0DC0A
:10B71000E9E70025F7E7C0468E4006109F40061077
:10B72000F7B515008A680C000190002A04D18A69D7
:10B73000002A17D10132A2602268D20603D41A6807
:10B74000111D196017680026A069002816D001286D
:10B750000BD12B6862691B78D35C002B0ED1002EB5
:10B760003BD029E001225242E5E7022824D12B6890
:10B770001A4A1B78D35C082213421DD11022236879
:10B780000136134203D12B681B783B7001372A68BE
:10B790006B6801322A60A268013B013A6B60A260CB
:10B7A000002A09D0002BCFDCC0235B002900E3581E
:10B7B000019898470028C7D022681023110019402B
:10B7C0001A4206D1E3680133E360A369002B00D07D
:10B7D0003970002023699B192361FEBD7D3F06104F
:10B7E000F0B58BB00193764B1600049007AAA1CB5D
:10B7F000A1C2744A8B690C000592032B01D1724BD4
:10B800000593AE220020A3685200591E0390914276
:10B8100005D95E3BFF3B03935E23FF33A360230008
:10B820001C330093D023002722681B01134323609D
:10B83000009B0293336807A81978BB0002221858AE
:10B8400000F05BF9002829D0012F5DD16368002B3F
:10B8500006D1083322686360F933FF331343236052
:10B8600023685A4A13402360A3685A1EA260002B23
:10B8700014D033685A1C32601B78029A13707368B4
:10B88000551C013B7360002B07DCC0235B003100BB
:10B89000E3580498984700287DD102950137032F7B
:10B8A000C8D16368002B01D10A336360002748497F
:10B8B0006069C91A00F090F8029DA368206802939D
:10B8C000002B3FD0316863690A789B5C002B39D02C
:10B8D000302A28D180231B01184224D0039B013732
:10B8E000002B05D01A00029B013A01330392A3609A
:10B8F0007368013B7360002B1CDD336801333360D8
:10B90000A368013BA360D8E7022FADD1C0238021FB
:10B910002268DB00134089008B42C2D11023636090
:10B92000F03313439FE72B4B034023600B782B70BE
:10B930000135DDE7C0235B003100E35804989847E8
:10B940000028DDD02368DB050ED5009B9D4207D97A
:10B95000BE23013D5B0032002978E35804989847E4
:10B96000009B01209D4228D0216810230A001A4024
:10B9700019421BD12A70636800990498059EB0474C
:10B98000019B21681B681A1D8E0606D501990A6065
:10B990001B68186007E00027D4E7CE07F6D50199A9
:10B9A0000A601B681880E3680133E3600020009B95
:10B9B000ED1A2369ED195B1923610BB0F0BDC04688
:10B9C000641D06108DBD041085BC0410FFFAFFFF36
:10B9D000C0400610FFF6FFFF70B50B7804005E2B29
:10B9E00019D04D1C00212200601CFF301170013263
:10B9F0008242FBD1681E002B26D001264E40280033
:10BA0000E6540178451C2D2909D05D291BD0002959
:10BA10001AD00B00F3E74B788D1C0121E3E7427845
:10BA20005D2AF6D09342F4DC1900023001316654ED
:10BA30008A42FBDC934203DB00220133D318E0E7A8
:10BA4000D21A013AF9E7280070BD00000B00F7B5E3
:10BA50004D6B44330C009D421CD18026F600310012
:10BA6000FFF72CF9002802D101204042FEBD23003F
:10BA70006063A66346331A78104BC25423004533E3
:10BA80001A780F4BC2542A780E4BC254C01820604B
:10BA90000020EBE78E6B290073001A00019300F081
:10BAA00037F8051EE0D08719010032003800FFF793
:10BAB00090F8019B27606563A363E9E7FF0300003B
:10BAC000FE030000FD030000002370B5064D0400D6
:10BAD00008002B60F7F70EFC431C03D12B68002BEA
:10BAE00000D0236070BDC046A82400200B0010B514
:10BAF00011001A00FEF7DCFF10BDC9B28218904297
:10BB000001D10020704703788B42FBD00130F6E76B
:10BB1000F7B506000C001500002905D11100FFF74C
:10BB2000CDF804002000FEBD002A03D1FFF75AF82B
:10BB30002C00F7E700F02EF90700854202D84308F1
:10BB4000AB42EFD329003000FFF7B8F8019000288E
:10BB500001D1019CE6E72A00BD4200D93A0021004C
:10BB60000198FFF736F821003000FFF73BF8F0E7C7
:10BB7000F0B585B017001E0003900191242B23D847
:10BB80000C00012B20D03D4B08229C46230061462F
:10BB90001D780134485D010011401042F6D12D2D71
:10BBA00019D125789C1C0123009310223300934364
:10BBB0001DD1302D15D1202123788B43582B10D146
:10BBC00065780234102612E0FEF7EEFF16230360BC
:10BBD000002005B0F0BD00912B2DE6D125789C1CEE
:10BBE000E3E7002EEED10A36302D00D1023E244A82
:10BBF000009B94466344310018000293F4F7ECFA7A
:10BC00000022844610002B00303B092B11D81D0068
:10BC1000AE421DDD531C09D001225242844505D39A
:10BC200001D1A94211DB0122704328182578013483
:10BC3000E9E72B00413B192B01D8373DE8E72B0002
:10BC4000613B192B04D8573DE2E701225242EDE750
:10BC5000531C08D12223039A02981360002FB8D0F6
:10BC6000631E019307E0009B002B00D04042002F91
:10BC7000AFD0002AF4D1019B3B60AAE77D3F0610BC
:10BC8000FFFFFF7F10B5FFF773FF10BDF0B51E007B
:10BC90003D4B17000C009C46082285B00390009194
:10BCA000230061461D780134485D010011401042B7
:10BCB000F6D12D2D12D125789C1C01230293102240
:10BCC0003300934316D1302D0ED1202123788B439E
:10BCD000582B09D16578023410260BE002912B2DE8
:10BCE000EDD125789C1CEAE7002EF5D10A36302DDF
:10BCF00000D1023E012031004042F4F731FA0190B8
:10BD0000012031004042F4F767FA002318002A00AE
:10BD1000303A092A12D81500AE421EDD5A1C0AD04C
:10BD20000123019A5B42824205D301D1A94211DB72
:10BD300001237043281825780134E8E72A00413AA6
:10BD4000192A01D8373DE7E72A00613A192A04D8B1
:10BD5000573DE1E701235B42EDE75A1C07D1222260
:10BD6000039918000A60002F09D105B0F0BD029AAE
:10BD7000002A00D04042002FF7D0002B01D0631ED4
:10BD80000093009B3B60F0E77D3F061010B5FFF786
:10BD90007DFF10BD0B1F1B68181F002B01DA0B580D
:10BDA000C018704770B5041C00F048FA211C051C2F
:10BDB000201CFDF711F9002810D1201C00F076F8A6
:10BDC000FE218905F4F73AFA002807D0FEF7ECFEC9
:10BDD00021230360024800F0EDF8051C281C70BD0B
:10BDE0009C1D061070B5041C00F08AFB051C201C6D
:10BDF00000F0D8F800280BD00D49201CF4F71EFAEB
:10BE0000002807D10B49201CF4F704FA002808D1B8
:10BE1000281C70BDFEF7C8FEFF252223ED05036038
:10BE2000F6E7FEF7C1FE222300250360F0E7C046D7
:10BE30001772B142B5F1CFC210B51B4A430082B0B0
:10BE40005B08934218D9FF22D205934204D3011C08
:10BE5000FCF740FF02B010BD694600F075FC0323FB
:10BE6000019903400098012B11D0022B08D0002B20
:10BE700015D100F0A3F8EDE7002100F09FF8E9E705
:10BE800000F09CF880231B069C466044E2E70122F8
:10BE900000F05CF980231B069C466044DAE701222F
:10BEA00000F054F9D6E7C046D80F493F400040089B
:10BEB0007047C046F8B506000F0014001D0000F0E2
:10BEC0003DF8002802D129002000F8BD20002900FB
:10BED00000F034F8002807D022002B003000390091
:10BEE000F4F736FA002802D034003D00EBE72600D4
:10BEF0002F0034003D00E6E7F8B506000F001400FF
:10BF00001D0000F01BF8002802D129002000F8BD18
:10BF10002000290000F012F8002807D022002B0092
:10BF200030003900F4F700FA002802D034003D0058
:10BF3000EBE726002F0034003D00E6E70B00010090
:10BF400030B5020083B019431ED0802109068B4210
:10BF500016D01148590049080D181048854215D9C6
:10BF6000802503206D03AB4208D3802424061C19CE
:10BF7000AC4203D30A4C0020A14209D003B030BD2B
:10BF8000431E98410230F9E70220F7E70420F5E765
:10BF900050425041F2E7C0460000F0FFFFFFDF7F54
:10BFA0000000F07FFF234000DB05400898428041FD
:10BFB00040427047004870470000C07FF8B54746D0
:10BFC000CE46C823460080B5051C0F1C76089B058D
:10BFD0009E4248D2FDF714F8002800D19FE0291CAA
:10BFE000281CFCF77FFD4F49041CFCF77BFD4E49E4
:10BFF000FCF778FA211CFCF775FD4C49FCF76AFE4A
:10C00000211CFCF76FFD4A49FCF76CFA211CFCF778
:10C0100069FD4849FCF75EFE211CFCF763FD4649BB
:10C02000FCF760FA211CFCF75DFD8046FC21201C1A
:10C030008905FCF757FD4146061C201CFCF752FD04
:10C04000391C041C281CFCF74DFD011C201CFCF7AE
:10C0500041FE011C301CFCF73DFE011CFE2080054A
:10C06000FCF738FE53E0011CFCF73CFD2D49041C95
:10C07000FCF738FD2C49FCF735FA211CFCF732FDA2
:10C080002A49FCF727FE211CFCF72CFD2849FCF768
:10C0900029FA211CFCF726FD2649FCF71BFE211C72
:10C0A000FCF720FD2449FCF71DFA211CFCF71AFDC2
:10C0B000224B80469E42B9D9214B9E422BD8FF236A
:10C0C0001B069C46FE206644311C8005FCF702FEE0
:10C0D0008146FC21201C8905FCF704FD311CFCF77E
:10C0E000F9FD4146061C201CFCF7FCFC391C041C15
:10C0F000281CFCF7F7FC011C201CFCF7EBFD011CC5
:10C10000301CFCF7E7FD011C4846FCF7E3FDC0BC12
:10C11000B946B046F8BD0B4B0B4E9946D9E7FE2009
:10C120008005F4E74ED747ADF6740F317CF29334B7
:10C13000010DD037610BB63AABAA2A3D9999993EC9
:10C140000000483F0000383F0000903EF8B54746E9
:10C15000CE4680B51700C8224300041C0E1C5B08A5
:10C160009205934205D2FCF74BFF0300201C002BE5
:10C1700032D0211C201CFCF7B5FC051C011C201C26
:10C18000FCF7B0FC27498046281CFCF7ABFC26498D
:10C19000FCF7A0FD291CFCF7A5FC2449FCF7A2F93B
:10C1A000291CFCF79FFC2249FCF794FD291CFCF795
:10C1B00099FC2049FCF796F98146002F10D1011C0B
:10C1C000281CFCF78FFC1C49FCF784FD4146FCF75A
:10C1D00089FC211CFCF786F9C0BCB946B046F8BD05
:10C1E000FC21301C8905FCF77DFC4946071C4046B4
:10C1F000FCF778FC011C381CFCF76CFD291CFCF7D3
:10C2000071FC311CFCF766FD0B49051C4046FCF730
:10C2100069FC011C281CFCF765F9011C201CFCF7BB
:10C2200059FDD9E7D3C92E2F342FD7321BEF38361B
:10C23000010D50398988083CABAA2A3EFE22F8B588
:10C2400043000100041C5B089205934211D00AD8F8
:10C25000FC229205934211D28C229205934200D97E
:10C260007EE0984804E0FCF735FD011CFCF7B6FAC7
:10C27000F8BD0020002CFBDC9348F9E7002800DA29
:10C28000C1E0FE208005FCF725FDFC218905FCF7B7
:10C2900029FC041C00F0F6FB8C49061C050B201C35
:10C2A000FCF720FC8A49FCF71DF9211CFCF71AFC5D
:10C2B0008849FCF70FFD211CFCF714FC8649FCF7AC
:10C2C00011F9211CFCF70EFC8449FCF703FD211C2D
:10C2D000FCF708FC8249FCF705F9211CFCF702FC7D
:10C2E0008049071C201CFCF7FDFB7F49FCF7F2FC92
:10C2F000211CFCF7F7FB7D49FCF7F4F8211CFCF747
:10C30000F1FB7B49FCF7E6FC211CFCF7EBFBFE2173
:10C310008905FCF7E7F8011C381CFCF75FFA311CB3
:10C32000FCF7E0FB2D03071C291C281CFCF7DAFB9B
:10C33000011C201CFCF7CEFC291C041C301CFCF743
:10C34000D1F8011C201CFCF749FA011C381CFCF731
:10C35000C9F8291CFCF7C6F8011CFCF7C3F887E7ED
:10C36000FCF7C0FB5949051CFCF7BCFB5849FCF71E
:10C37000B9F8291CFCF7B6FB5649FCF7ABFC291CA5
:10C38000FCF7B0FB5449FCF7ADF8291CFCF7AAFBFD
:10C390005249FCF79FFC291CFCF7A4FB5049FCF711
:10C3A000A1F8291CFCF79EFB4E49061C281CFCF733
:10C3B00099FB4D49FCF78EFC291CFCF793FB4B497C
:10C3C000FCF790F8291CFCF78DFB4949FCF782FC2F
:10C3D000291CFCF787FBFE218905FCF783F8011C6B
:10C3E000301CFCF7FBF9211CFCF77CFB011C4148CD
:10C3F000FCF770FC011C201CFCF76CFC011C3E4887
:10C40000FCF768FC34E7FE218905FCF76BF8FC219A
:10C410008905FCF767FB2D49041CFCF763FB2C49DD
:10C42000FCF760F8211CFCF75DFB2A49FCF752FC85
:10C43000211CFCF757FB2849FCF754F8211CFCF79A
:10C4400051FB2649FCF746FC211CFCF74BFB244919
:10C45000FCF748F8211CFCF745FB2249051C201C71
:10C46000FCF740FB2049FCF735FC211CFCF73AFBAC
:10C470001E49FCF737F8211CFCF734FB1C49FCF77C
:10C4800029FC211CFCF72EFBFE218905FCF72AF86C
:10C49000061C201C00F0F6FA311C041C281CFCF7BA
:10C4A0009DF9211CFCF71EFB1249FCF713FC211C13
:10C4B000FCF718F8011CFCF715F8011C0F48FCF7F5
:10C4C00009FCD5E6DB0FC93FDB0F494008EF113807
:10C4D000047F4F3A4611243DA80A4E3E90B0A63E36
:10C4E000ABAA2A3E2EC69D3D6133303F2D570140F9
:10C4F00039D119406821A233DA0FC93FDA0F494018
:10C50000F0B5FF22D6464F46464643000100C0B56F
:10C51000041C5B08D20593426AD8C60F934200D12F
:10C52000C3E0794A904200DDB3E0002800DAB4E0CD
:10C53000764A934263D9764A934200D9C1E0754B5B
:10C54000B500E958201CFCF7C5FB734B071CEB58E2
:10C55000012598467540AD1B4146381CFCF7BAFBD7
:10C56000011C041CFCF7BEFA6C49061CFCF7BAFA65
:10C570006B49FCF7AFFB311CFCF7B4FA6949FBF7D8
:10C58000B1FF311CFCF7AEFA6749FCF7A3FB311C85
:10C59000FCF7A8FA6549FBF7A5FF311CFCF7A2FAE6
:10C5A000011C201CFCF796FB011C8246061C201C6B
:10C5B000FCF798FA8146002D54D08020311CC0052C
:10C5C000FCF788FB011C4846FCF708F9011C4046B3
:10C5D000FCF780FB391CFCF77DFB011CFE2080056D
:10C5E000FCF778FB2B007D3363DBED05281801E0B9
:10C5F000FBF778FFE0BCBA46B146A846F0BDD022B2
:10C600009205934209D24A49201CFBF76BFFFE2199
:10C610008905F3F713FE002870D1211C201CFCF7BC
:10C6200061FA3E49051CFCF75DFA3D49FCF752FBF7
:10C63000291CFCF757FA3B49FBF754FF291CFCF770
:10C6400051FA3949FCF746FB291CFCF74BFA3749EC
:10C65000FBF748FF291CFCF745FA011C201CFCF7DE
:10C6600039FB82465146201CFCF73CFA8021051C10
:10C67000C9055046FCF72EFB011C281CFCF7AEF840
:10C68000211CFCF727FB011CFE208005FCF722FB88
:10C69000B0E7002000F0F0F9ACE7264A934200D85A
:10C6A00046E7002000F0E2F9A4E7002EA2D0002027
:10C6B000A0E7D8216435ED0528180905FCF712FA22
:10C6C00098E71D49201CFCF70DFA1C4BB600F158E9
:10C6D000FBF708FFFCF794FC0500FCF7AFFC1849DA
:10C6E000061CFCF7FFF9011C201CFCF7F3FA1549A6
:10C6F000071C301CFCF7F6F980462DE7FE21201CB4
:10C700008905FBF7EFFE75E71772B1421872B13E6B
:10C710009115853FD4400610CC4006104CBB3133F8
:10C720000EEADD3555B38A38610B363BABAA2A3E9B
:10C73000CAF24971B5F1CF423BAAB83FDC400610BE
:10C740008071313FD1F71737F0B545464E46DE468A
:10C750005746E0B5AB4B45000E00804689B0041C3F
:10C760006D089D4200D874E0A74B9D4222D8A74D8A
:10C77000A7490540002800DC1DE1FCF7ABFAA54BFA
:10C78000041C9D4200D170E0A349FCF7A3FA011CF0
:10C79000051C201CFCF79EFA9F49FCF79BFA012719
:10C7A00035607060380009B0F0BCBB46B246A9469F
:10C7B000A046F0BD994B9D4267D9FF23DB059D4202
:10C7C0004CD2EC15863CE705EF1B381CFCF718FC37
:10C7D000FCF734FC011C0590381CFCF77BFA872120
:10C7E000C905FCF77FF98146FCF70AFCFCF726FC3B
:10C7F000011C0690071C4846FCF76CFA8721C90506
:10C80000FCF770F90021079005ADF3F7FDFC002857
:10C8100000D1CEE00021381CF3F7F6FC434243413F
:10C8200001337F4A31000192022228000092220047
:10C8300000F09EF943460700002BB3DA802212066F
:10C84000944633684742634433607368634473605B
:10C85000A8E70023002708604B60A3E7011CFCF752
:10C8600039FA0027706030609CE76E49FCF732FAB5
:10C870006D49041CFCF72EFA011C051C201CFCF75A
:10C8800029FA6949FCF726FA89E7FFF70FFB6749A0
:10C890008146FCF727F9FC218905FBF723FEFCF70D
:10C8A000AFFB0700FCF7CAFB59498346FCF71AF9AE
:10C8B000011C4846FCF70EFA574982465846FCF7D9
:10C8C00011F9011C02905046FCF704FA81461F2F13
:10C8D00020DC574A791E8900564B8A5823409342E0
:10C8E00018D04B46494633605046FCF7F3F902999D
:10C8F000FCF7F0F943467060002B00DB52E7802321
:10C900001B064B44336080231B069C4660447060CA
:10C910007F4247E74B46FF24DB0DED152340EB1A22
:10C92000082BDEDD3F495846FCF7DCF88146011C48
:10C930005046FCF7CFF9011C03905046FCF7CAF9AA
:10C940004946FCF7C7F9814637495846FCF7CAF80B
:10C950004946FCF7BFF9039B0290011C181C9A463C
:10C96000FCF7B8F9C30D1C4081462D1B192DB8DD0D
:10C9700031495846FCF7B6F8039D041C011C281CDD
:10C98000FCF7A8F9011C8246281CFCF7A3F9211C1E
:10C99000FCF7A0F92949041C5846FCF7A3F8211C10
:10C9A000FCF798F9011C02905046FCF793F9814678
:10C9B00097E7032335E7FBF795FD164B071C9D42D0
:10C9C0000FD01549FBF78EFD011C041C381CFCF729
:10C9D00081F91149FBF786FD0127346070607F42C1
:10C9E000E0E61049FBF77EFD0F49051CFBF77AFDD9
:10C9F000011C041C281CFCF76DF90B49FBF772FDA8
:10CA0000EAE7C046D80F493FE3CB1640F0FFFF7F6F
:10CA1000800FC93FD00FC93F43443537800F49438A
:10CA2000644106100044353708A3852E84F9223F5F
:10CA3000E440061000FFFF7F00A3852E32318D24D5
:10CA400070B50D00041CFEF7AFF80560201C70BD2A
:10CA500010B50B1C002802D080231B06CB18181C15
:10CA6000FCF740F82221FFF7EBFF10BD802110B545
:10CA70004905FFF7EDFF10BDE02110B5C905FFF72F
:10CA8000E7FF10BDF0B5FF21C6464300020000B528
:10CA9000041C5B08C9058B4251D2002B4CD00028E6
:10CAA00056DBC315014208D180210023090452003E
:10CAB0001C0001330A42FAD0634280241E00520255
:10CAC000520A24047F3E1443DB073FD580221921FC
:10CAD00000270025761064005204A8182300A04205
:10CAE00002DC8518231ABF1801395C00520800299E
:10CAF000F3D1002B19D01C4C1C4D206829682368E9
:10CB00009846FCF7E7F8011C4046F3F78DFB002838
:10CB10000BD020682968FBF7E5FC2468011C201C69
:10CB2000F3F778FB00281AD00237FC239B059C46BC
:10CB30007F106744F005C01980BCB846F0BD011CE9
:10CB4000FBF7D0FF211CFBF7CDFCF5E76400BDE748
:10CB5000011CFCF7BFF8011CFBF740FEECE70123CA
:10CB600001379F43E1E7C046804406107C4406102D
:10CB7000F0B5DE4657464E464546E0B5DFB0039079
:10CB800018000B9168990893D94B14000D928A00F4
:10CB9000D1580300013B8B4622000293231D00DA8B
:10CBA000C8E20723033AD1170B409B18DB1006930A
:10CBB0000133DB000C930C9A0D9B9B1A0493069A8D
:10CBC000029BD41A5A46D6180ED40136699F22AD5C
:10CBD00036190020002C03DBA300F858FCF72EFACE
:10CBE000013401C5B442F4D15B464AAD002B1ADBD7
:10CBF000029B22A9884699469F00089BB8445B4443
:10CC00000593039B00219C462A0040464B4604376F
:10CC10006744029C002C00DBC4E1059C013302C286
:10CC20000430A342F5D15B460DAA9B00D2180A92AC
:10CC30000EAA9446699A083B63449446089A09935D
:10CC4000069B9600039A9B00634494465A46DA4634
:10CC50009B466644059206955346069A9B00D45817
:10CC600001935346002B26DDA24BB14653449B0053
:10CC7000D7180EAB90461E00EE21201C8905FBF74D
:10CC800031FFFCF7BDF9FCF7D9F98721C905051C6F
:10CC9000FBF728FF011C201CFCF71CF8FCF7B0F97F
:10CCA000396801C6281CFBF71DFC3B00041C043F2F
:10CCB0009845E1D14E46049F201C390000F028FB26
:10CCC000F8218905051CFBF70DFF00F083FB82218D
:10CCD000C905FBF707FF011C281CFBF7FBFF051C20
:10CCE000FCF78EF98146FCF7A9F9011C281CFBF71B
:10CCF000F1FF8046002F78DD53465A1E92000EAB9E
:10CD0000985808210300C91B0B4199448B400EA978
:10CD1000C31A8B5007211800C91B0841079000282F
:10CD200000DDCEE000214046F3F76EFA00286FD018
:10CD3000059B9A450FDD0EAA944600226D4B0A987A
:10CD400053449B0063441968043B0A438342FAD16D
:10CD5000002A00D049E1012353449846059B0EAABE
:10CD6000013B9B00D358002B00D019E10122099B05
:10CD70001968043B01320029FAD0524491460699C1
:10CD8000089B8C4653449B0022ADEA18019B6344E8
:10CD90009A464346904601935A46019B9B00D058C1
:10CDA000FCF74CF943461860029B002B1BDB454601
:10CDB0000027039C296801CCFBF794FE011C381C5A
:10CDC000FBF790FB043D071CB442F3D10422534609
:10CDD00094465F60019BE04401330193E2444B457C
:10CDE000DADDCA4638E70027F0E7049B002B00D1C4
:10CDF000BBE0FC218905F3F72BFA002800D09EE167
:10CE00000023002140460793F3F7FEF900288FD155
:10CE10004B460893059B0D9A9B460C9B4046991ADE
:10CE2000069D00F075FA8721C9055746041CF3F7E3
:10CE30000FFA002800D11BE2EE21201C8905FBF728
:10CE400051FEFCF7DDF8FCF7F9F88721C905061C4F
:10CE5000FBF748FE011C201CFBF73CFFFCF7D0F859
:10CE6000019A0EAB9850049B3C000833301C04938D
:10CE7000FCF7C6F80134A7000EABD851FE20049988
:10CE8000800500F045FA002C00DBD4E0689B022B03
:10CE900000DD23E2002B00DD28E2689B0020002B50
:10CEA00005D1079B002B00D0F7E10B9B18600720F2
:10CEB000089B18405FB0F0BCBB46B246A946A046EE
:10CEC000F0BD01218C465146E144002900DCF4E12B
:10CED0000EAB1800002152460E9D002D3ED092460A
:10CEE00080225200521B02605446FF2007E0C046D9
:10CEF000B0440610FFFFFF3F1A68821A1A60013122
:10CF000004338C42F8DCA2460125049B002B0DDD86
:10CF1000012B00D104E1022B08D15346013B9B00B9
:10CF20000EAAD1583F220A400EA9CA50079B022BD5
:10CF300000D0F7E6FE2041468005FBF7CBFE804699
:10CF4000002D00D1EEE6FE200499800500F0E0F906
:10CF5000011C4046FBF7BEFE8046E3E60131043388
:10CF60008A4240DD18001D68B7E75346013B0EAA10
:10CF70009B00D358DA1107927F2B00DCD2E6012305
:10CF80009C465346E144002BA2DC079B022B00D0B9
:10CF9000C8E6FE2041468005FBF79CFE8046C1E6C0
:10CFA000C146ECE699469046AA4601900025019EAE
:10CFB000039C316801CCFBF795FD011C281CFBF795
:10CFC00091FA043E051CBC42F3D1434601C3984686
:10CFD000019B0433019301239C46059BE144994541
:10CFE000E4D155461FE692468FE74A4653460892DB
:10CFF000059A5C1E19009346A300049A0EA8C35814
:10D00000083A069D0492002B0DD10B00BE498C46B8
:10D01000634484469B0063441968043B013C083A1E
:10D020000029F9D00492FE200499800500F070F9DF
:10D03000002C00DA2AE7A3000EAA1E009446EF187F
:10D040003D00A04603936644041C3068FBF7F6FFDE
:10D05000211CFBF747FDEE2128608905201CFBF70A
:10D0600041FD0EAA3300041C043E043D9A42ECD15B
:10D0700036AB994602930023444698465A464B469F
:10D0800041460194002A00DA91E099469F4BCB4635
:10D090008846B9469A461700049443460024B84689
:10D0A000002500261F000EE04B461959534618591B
:10D0B000FBF718FD011C281CFBF714FA0136051CB0
:10D0C0000434B04501DBB742EEDA3B0047469846F0
:10D0D0005B4620C39B4601239C46053BE0449C469F
:10D0E000019BE144013B01D30193D6E7049C689B7B
:10D0F000022B65DC002B2CDC00D0D8E6029B002044
:10D100009C46039E66443168FBF7ECF9029A3300B3
:10D11000043E9A42F7D1079B002B00D1C5E6BCE044
:10D120005346013B9B000EAAD1587F220A400EA90C
:10D13000CA50FBE608230C93002306933BE501232A
:10D140009C46013307935346E144002B00DDBFE6C4
:10D150001FE7029B00259C46039E369F6644281CC1
:10D160003168FBF7BFF9029A3300043E9A42F7D1C7
:10D17000079B051C002B00D082E0011C381CFBF72C
:10D18000A9FD0B9B1D60002C0ED0012537AE02CEF1
:10D190000135FBF7A7F9AC42F9DA079B002B03D066
:10D1A00080231B069C4660440B9B58607FE6002052
:10D1B00001C301980131043F013898D3019061E720
:10D1C000689B032B00D072E6002C00D18CE0029B00
:10D1D00003991A008C4662449C460D1F6544904694
:10D1E0002E00A946A24617683368381C191C9B46B6
:10D1F000FBF778F93C1C011C071C5846FBF76AFD3D
:10D20000211CFBF76FF9029B350070603760043E0C
:10D21000AB42E9D154464D46012C65D043461C68CB
:10D220002F68201C391CFBF75DF9261C011C041C0F
:10D23000381CFBF74FFD311CFBF754F9029B2E0005
:10D2400068602C60043DAB42EAD14446002021686E
:10D25000043CFBF747F9A642F9D1029B0799369A9D
:10D260005B6800291ED10B990A604B6088601EE63E
:10D27000201CFBF7C5FE019A0EAB3C009850D2E68D
:10D2800080230B9A1B06C318011C1360381CFBF784
:10D2900021FD002C00D078E782E780231B069C4606
:10D2A000604402E6802109068C460B99624463447F
:10D2B00060440A604B608860F9E5049901290BD04D
:10D2C000022900D061E63F210B400EA98B50079B3D
:10D2D000022B00D026E55CE67F21F5E736AB029312
:10D2E000689B032B00D0E2E50020B6E7079B369849
:10D2F000002B04D080230B9A1B06136050E70023F9
:10D300000B9A136050E7C046FEFFFF3F84440610AF
:10D31000420070B5031C0C0006005508002A1AD004
:10D32000FF21C9058D4217D2014219D19821C905A3
:10D33000FBF7D8FB204A031C94422CDB42001F4918
:10D34000120E0600193A8C420EDD1D48002B1DDB23
:10D350001B49FBF7C7FB70BD011CFBF7C3F8FAE7DD
:10D360001649120E8C42F0DC1119FE29EDDC002961
:10D3700015DC0A00163217DB1931C805CC21114B18
:10D3800089051E403043FBF7ADFBE4E70C490E482E
:10D39000FBF7A8FBDFE70D49FBF7A4FBDBE7094838
:10D3A000C90530400843D6E70848002B00DA084892
:10D3B0000649FBF797FBCEE7B03CFFFF50C30000E8
:10D3C000CAF24971FFFF7F80CAF249F16042A20DA3
:10D3D0006042A28DF0B5C64644006708240E7F3C2B
:10D3E000060000B5051C162C1CDC8046002C22DB38
:10D3F0001A4F2741074211D01949FBF773F8002152
:10D40000F2F71CFF002809D0002D04DA80231B044A
:10D4100023419846A8444346BB431E00301C80BCB1
:10D42000B846F0BDFF23DB059F42F7D3011CFBF795
:10D4300059F8061CF2E70A49FBF754F80021F2F705
:10D44000FDFE0028EAD0002D01DB0026E6E7002FD4
:10D4500002D180263606E1E7024EDFE7FFFF7F00BC
:10D46000CAF24971000080BF10B50FF0E9FB10BD92
:10D4700010B50CF0C9FF10BD10B50CF0CFFE10BDFB
:10D4800008B500226B461A700346FA2268460DF072
:10D490005DFA08BD7CB5069D079C002805D086076F
:10D4A00005D1460703D4060701D442207CBD0029DC
:10D4B00003D0012901D00229F7D10095019400F091
:10D4C00041FB7CBDFFB583B003980C9D1E461446FE
:10D4D0000F46002804D0012802D0422007B0F0BD3A
:10D4E000002F01D0012FF8D1E81F0A28F5D20D989E
:10D4F0001028F2D8A842F0D30E98002801D00128B5
:10D50000EBD114490F988842E7D81098002801D031
:10D510000128E2D1F6F7D0FB012804D020463043A1
:10D5200005D01120DAE7022CD7D8012ED5D86846CD
:10D530000399017047708472C67285700D99C1702D
:10D540000E9901720F9801906846109941720FF080
:10D55000C7FDC3E73F420F0010B5042801D94220A0
:10D5600010BD0FF0D1FD10BD10B500F07BFC040024
:10D5700002D101200AF0CCFE204610BD10B5002BD0
:10D5800003D0032B01D0422010BD00F081FC10BD60
:10D5900010B50DF033FD10BD10B50AF049FF10BDF8
:10D5A00070B51C4613460D46012C03D0022C03D047
:10D5B000422070BD022200E010221946F6F77AF9E7
:10D5C0002C70002070BDF0B587B01C460B46054698
:10D5D00000A9023101A80C9F0D9EFFF7E1FF002872
:10D5E0000ED16846058084828775C6750E990176CE
:10D5F0000F994176109981766946119801F0A4FC43
:10D6000007B0F0BD70B586B014461D460A46034605
:10D610006946881C0A9EFFF7C3FF002804D1012C2D
:10D6200004D0022C02D0422006B070BD23462A4608
:10D630006946304601F0D2FEF6E710B500221146E9
:10D6400001F07CFF10BD10B502F0C4F910BD38B573
:10D650006D46049C2A806B8023466A4602F070FC6B
:10D6600038BDF0B585B084460AA8F0C86846858103
:10D67000C68103A8019002970094604602F094FCD2
:10D6800005B0F0BD10B503F0DDF910BD10B503F025
:10D69000FBF910BD10B503F011FE1D4C41212068AF
:10D6A00049014118097F00290DD1A0300079C00738
:10D6B00005D100F0B7FB02F025F80DF0D5FB03F023
:10D6C0001DFB10F019FD00F001F920680146403102
:10D6D0000A78C9798A4319D13E21095C002915D1FC
:10D6E0000C490A88120711D50922D2061269497A13
:10D6F000836AC90059181123DB01C018806A801A97
:10D7000000020012814201DA0CF020FB10BD000083
:10D7100004250020C000002010B5837F01220024D2
:10D7200092024168082B03D94224914202D310E0AF
:10D73000914201D242240CE0014634220648F6F719
:10D74000B9F800F083F8002801DA482401E000F07D
:10D750002DF9204610BD0000E00200203EB5174D17
:10D7600015482968827F0846A0310A73002460307A
:10D77000047644768476E122C27680220277022201
:10D780004277302008704C7002AA01A96846FAF767
:10D79000A3FD68460078A22201016846007A891C30
:10D7A00000020143684600790003014328681152D2
:10D7B000A03004713EBD0000E002002004250020DE
:10D7C00070B503F061FD0BF0EDFC0AF057FA11F0B3
:10D7D0007BFA03F03DFF1A4C1A4920681A4D401895
:10D7E000811013202A68C0011018C162616889087D
:10D7F0000163A168890841630FF062F929681F205D
:10D800008001228B08188280628B0F23C280DB018B
:10D81000A28BCB18DA87628C0280224620321278E3
:10D8200082703D22520100208918087300F088FAA6
:10D8300003F074FA03F0FAF910F0E4FC70BD000094
:10D84000E00200200000FCEF0425002070B5002558
:10D85000ED43F6F71BFA01282ED0002318490322C6
:10D86000888BFF24401E10438A7F593462438218FC
:10D87000088B282460431218488B30246043121808
:10D880000846203040782C24604310180D4A1818A0
:10D8900084184869A0420DD10B4884420AD90D6909
:10D8A000F6F7F4F9C1B2284608F07EFE08F0B8FF9A
:10D8B000401B251A284670BDFF23B533CEE7000074
:10D8C000E002002089190000B8090000F8B52C4FCB
:10D8D0003C68206E5C34401C002814D00025294888
:10D8E0000023C07B00283ED00926F6062648002DDE
:10D8F0001CD000210A460B464169521C994204D1B2
:10D90000002902D004E00125E9E7204B9A42F2D336
:10D910002160006960603069A1680002090E000A98
:10D9200009060143A16000F033F81DE03169A268E7
:10D930000902090A150E08D0018BC90712D04169E6
:10D94000216000696060E37210E0881A00027D23A4
:10D9500000121B03984205DD100E00060843A0606C
:10D9600000F016F8F8BD6360002DFBD003CC0CF07E
:10D9700013F9FA200CF000F939688862F8BD00004C
:10D980000425002000030020000010488813000038
:10D990000449002008610448012100686030C17119
:10D9A000704700000000104804250020F8B5062646
:10D9B000324840250560324800270780A905092024
:10D9C000C00641602F4A9160016801602E48032122
:10D9D00004694269601E08433946401CF5F76EFF32
:10D9E000F6F754F9C1B2204608F0DEFD08F018FF42
:10D9F00008F022FFF6F716F9244917208881244CF5
:10DA00002068421901465770FA2088622820107059
:10DA1000F6F7EEF8012805D1206810224030017891
:10DA200011430170F6F748F9012805D120688022DA
:10DA3000403001781143017020680146403002787F
:10DA4000324302700020C0430866F5F779FFFFF704
:10DA500085FEFFF7B5FE2068012120300177072100
:10DA60004177012002F0EEFF06F032FCFFF72EFFB7
:10DA700002488038056002210160F8BD80E100E0C5
:10DA8000C000002040000048E002002000001048D4
:10DA90000425002038B5184A14682246BA32AE343C
:10DAA000A378DD0701D001290AD05B070CD5012935
:10DAB0000AD0217949070BD5E17A002905D007E082
:10DAC000E07880210843E07038BD0121E172508088
:10DAD00020794106090FF7D078210840694608707F
:10DAE000002048706A460221422000F063FB207942
:10DAF00087210840207138BD0425002038B5104822
:10DB0000002104680846AE3407F0F4FD6946487009
:10DB10002079C10704D001216A4611708843207121
:10DB2000C0B2810705D502216A461170FD21084067
:10DB3000207102216A46084600F03CFB38BD000017
:10DB400004250020FFB50C4678A103C995B00191CA
:10DB50000090002108A801730321C902684641868C
:10DB6000012108A8734E017435681746AE3513F0CD
:10DB700091F9002808D17049306840180AF064FC17
:10DB8000A878002802D0462019B0F0BD0BA815993E
:10DB9000F6F740F80028F7D1072010A90871012CEA
:10DBA00005D0022C0AD0002C0ED04220ECE708A8A9
:10DBB000017B1020014308A8017305E011A90BA8FF
:10DBC000F6F70EF80028DFD110A8027901230CA97E
:10DBD000284601F003FC00287ED10222294618982D
:10DBE000F5F768FE2988684681811521490201827E
:10DBF0000784012686734E2108A881700024C47012
:10DC0000067107214171867103A902A801F09CF9F0
:10DC1000002861D1022202A91E98F5F74BFE082FB9
:10DC200002D26846478502E0082069464885694671
:10DC30000C850B4628880AAA098902F081F9002878
:10DC40006DD13E49684601820227078408A8847185
:10DC500003A902A801F078F9002860D1022202A9E4
:10DC60001F98F5F727FE68460470694644704F8593
:10DC70000B4628880AAA098902F062F900284ED1C9
:10DC800008A8007BC00723D02C496846C91C018224
:10DC90000821018408A88770047103A902A801F073
:10DCA00053F900283BD1FF216846C1718171C170D1
:10DCB0008170417001704471047169460820488583
:10DCC0000B4628880AAA098902F03AF9002826D1C9
:10DCD00008A8007B800600E021E022D5298868465C
:10DCE00081811649A53101820684867308A8877050
:10DCF000C470047107214171847103A902A801F065
:10DD000023F900280BD169460E700C854E850B4611
:10DD100028880AAA098902F013F9002801D04720AF
:10DD200032E708A8007BA87000202DE7626C7565BB
:10DD30006E7267210425002033070000012A0000CD
:10DD4000034800210068AE30C17081707047000048
:10DD50000425002070B50D4B1C68AE342379DD0618
:10DD600012D45B0710D533280ED1E07A02280BD1EC
:10DD70000420107000205070C9B2022000F01AFA7E
:10DD80002079FB210840207170BD0000042500208F
:10DD900038B50246174801240068AE30022A1FD069
:10DDA000052A03D0072A07D00B2A20D10846097973
:10DDB0004088FFF76FFE1AE000790024020600D5C4
:10DDC0000124820703D1C20601D480060FD508467C
:10DDD00000216A461170694600F0D4F8044606E056
:10DDE0008178490703D50179FB2211400171204652
:10DDF00038BD00000425002010B509480468AE3481
:10DE0000E07880070BD500200BF044F8022000F0EA
:10DE1000A9F9E07801210843FD210840E07010BD18
:10DE2000042500201FB50E480468AE34E0780106D2
:10DE300012D5A178C9070CD0800708D504206946FF
:10DE40000873684603F014FB022000F08BF90020F1
:10DE5000E0704006400EE070F5F7E0FE1FBD0000E8
:10DE600004250020002000B58DB00A900B9008908A
:10DE70000990059006900790049000900190029000
:10DE8000034602460146039000F0B2F80DB000BD13
:10DE900010B514468CB000220B9206920A9208929A
:10DEA00009920592079204920292019303920B4603
:10DEB000024600940021052000F09AF80CB010BD35
:10DEC0000949B22209681423525CBA311A4208D0B7
:10DED000498800050905090D000D814201D1012085
:10DEE00070470020704700000425002002780907D1
:10DEF000090F0A43027000207047000030B50E4839
:10DF000085B005682C46AE352879BA34400711D55E
:10DF1000E87A01280ED11521490268464180012185
:10DF2000017060886B46054A00F0A4FA002801D110
:10DF30000220E87205B030BD04250020FFFF00007C
:10DF40007CB50446E1200D46800005F067FF0BA17B
:10DF500003C900900191684603F038F801200BF0E6
:10DF6000F1FE002801D047207CBD20782021084305
:10DF700020700920287000207CBD00001F020000D6
:10DF80000000000030B5194B047A1B68C268AE333C
:10DF90001B799D06AD0F04D10078042801D0002024
:10DFA0000EE0012030BD155C002D0BD0401C80B26E
:10DFB000155C012D08D01518203DED7F281880B282
:10DFC000A042F0D3087830BD401CDD07012480B2A8
:10DFD000002D02D0105CC00703E09B07F2D5105C57
:10DFE00080070028EED00C70ECE70000042500202C
:10DFF000FFB595B00E46054620210CA8FCF7E4FDC0
:10E0000000200490564800270468681EAE34042897
:10E0100002D8A078C0070BD0062D02D0002D0AD060
:10E0200002E0A078800703D5E0784006800E0AD091
:10E03000462019B0F0BDA0788007F9D0E0784006FE
:10E04000800EF5D00FE0002D0DD0012D20D0022D37
:10E0500028D0062D33D0032D33D0042D37D0002EF9
:10E060003BD04220E5E700200AF014FF0028E0D171
:10E07000E078800708D5042069460873684603F0F5
:10E08000F7F9022000F06EF80120E0700020D0E7E0
:10E09000012EE6D0042EE4D01F980028E1D10627F7
:10E0A000042008E0012EDCD0042EDAD01F980028CE
:10E0B000D7D105270220E0700120049010E0402015
:10E0C0000DE0022E01D0032ECBD1082007E0012E57
:10E0D00001D0042EC5D1102001E004272020E070DB
:10E0E00000230BAA19461E9809F06AFF030002D00C
:10E0F00000F0E0F832E01022002107A8F5F7DEFB7F
:10E1000007A86C46279B269A1F990FC42B463046BA
:10E11000189A179900F088F80300E9D108A8017B44
:10E12000C170259803AC049B289A29990FC422AB8F
:10E1300007CB02920091019039460CA8209B219AAE
:10E1400000F0C2F80300D3D107A80BF0BFF9030019
:10E15000CED101200AF09EFE0300C9D1184668E71F
:10E160000425002010B50446C1061148006803D5F7
:10E170001522BF210C4006E0392149014118897B55
:10E18000C90710D012222107890E08180121C902DF
:10E190004018C06C0023214610F074F8010004D030
:10E1A000204610F05BF8002010BD072010BD0000D5
:10E1B00004250020F8B5891ECDB20646A81C03210F
:10E1C0000843401C8308174817460068F10603D52A
:10E1D0001C22BF210E4008E0392149014118897BEA
:10E1E000090601D40020F8BD19223107890E08184C
:10E1F0000121C9024018C06C314610F043F80400F8
:10E200000ED03978217179786171A5712A46B91CCF
:10E21000E01DF5F74FFB2146304610F01FF8E1E70F
:10E220000720F8BD04250020F8B5204B204D1B68C1
:10E2300001265B19069CB6030093002814D004281D
:10E2400012D0022813D0032811D006252B4601280E
:10E2500010D00F4617430DD0914203D8202901D387
:10E26000B2420AD94220F8BD30256023EFE7A0254D
:10E27000F023ECE72580638001E02180628020713B
:10E280000798A071089820720998002805D00146C7
:10E29000204606220930F5F70DFB07206071009833
:10E2A0002030807B60710020F8BD00000425002034
:10E2B00058080000034881220068A030417C1140CA
:10E2C0004174704704250020F8B505463E481E46B7
:10E2D0000068079F0024AE301346002905D00222B3
:10E2E0002A7001226A70A9700324002E10D0807851
:10E2F0008006800F0CD13019401C1F2854D82E5591
:10E30000641C281932461946F5F7D4FAA019C4B28C
:10E31000002F0DD03819401C1F2845D82F55641CDC
:10E32000E4B228193A460699F5F7C4FAE019C4B2DE
:10E330006846008C00281BD06846808C002817D0C7
:10E34000601D1F2830D805202855641CE0B212211A
:10E350002954401CC4B228190646022208A9F5F720
:10E36000A9FAB01C022209A9F5F7A4FA241DE4B207
:10E370000C98002812D0E01C1F2815D80220285520
:10E38000641CE0B20A212954401CC4B268460BF058
:10E39000B9FB684600782855641CE4B20B98002845
:10E3A0000CD000191F2801D94220F8BD28190B9A5A
:10E3B0000A99F5F77FFA0B982018C4B2214628462F
:10E3C0000AF0E0FFF8BD00000425002000B500F0D1
:10E3D00009F8002805D0852201699201114200D078
:10E3E000002000BD10B50D4900050B680921090288
:10E3F0005918CA6E0021000DA0331B7B0AE04C01A6
:10E40000145B2405240D844202D14801801810BDFC
:10E41000491CC9B28B42F2D8002010BD042500204F
:10E42000FEB58C68CD88267B012E01D00020FEBD74
:10E430004126052D01D01E7019E0247C0A2C00D045
:10E440001E70002A0DD08968052268460C31F5F748
:10E4500031FA6D1E00AAA9B232200132FFF77AFC10
:10E4600005E000880A460146022000F0FDF941203F
:10E47000FEBD0000FFB589B0074646251E78102274
:10E48000991C05A8FCF798FB012E04D0022E02D09F
:10E4900042200DB0F0BD3846FFF798FF040024D0AD
:10E4A00020223946002009F0C7FB07001CD005AD2B
:10E4B00004960FCD6D460FC5394620460B9B0A9A30
:10E4C00009F043FD050004D00021384609F010FC96
:10E4D0000BE0012120694903084320610448A06141
:10E4E000384600F051FC00E064252846D1E70000E2
:10E4F000F5E4041010B5502100F001F810BDF0B59E
:10E500008BB00D4604460020694608710490E66908
:10E51000002E16D0A806800F03D02088FFF7D0FC6D
:10E52000049001AB31462046049AFFF779FF412859
:10E5300065D0E80708D021883246022000F018F99B
:10E540005DE041200BB0F0BD680705D5218832465B
:10E55000022000F0D3F852E0A80739D5F08861888E
:10E56000814205D921883246022000F08DF846E02C
:10E570002069410604D5012189020843206180E019
:10E5800021882022002009F057FB05001ED0218899
:10E590003246022000F078F8A068801C00F0D0F924
:10E5A0006188401E401886B2A06800F0C9F9024692
:10E5B00033462946204609F0A4FC284600F0E4FB37
:10E5C000A0683146801C00F0B7F954E04520B9E757
:10E5D000E80614D5F088412702280ED9B168801EBC
:10E5E0004D7B80B2854201D9012016E0002D04D078
:10E5F0002946F1F7F1FD00290FD068460771012087
:10E600002169400381432161049800282DD001AA8B
:10E6100001213120FFF79EFB2DE002900220002710
:10E6200003901EE0049800280DD0039805AB001D50
:10E6300081B22A46304609F0BFFA05AA294633209E
:10E64000FFF788FB07E003980096C2B22B462188AB
:10E65000022000F0C7F80398401980B27F1CBFB2B7
:10E66000039002988742DDD3C9E768460279218882
:10E67000022000F035F90121E06909F039FB0020A2
:10E68000E06100205EE70000F7B5064690790321BF
:10E69000401EC5B2E81C0843401C830816481746B4
:10E6A0000068F10603D52C22BF210E4008E0392175
:10E6B00049014118097C090601D40020FEBD292228
:10E6C0003107890E08180121C9024018C06C314673
:10E6D0000FF0D8FD04000DD00198A080A5712A4646
:10E6E00005213846E31D09F067FA214630460FF050
:10E6F000B5FDE2E70720FEBD04250020F7B506467C
:10E7000090790321401EC5B2E81C0843401C8308D1
:10E71000164817460068F10603D52D22BF210E408A
:10E7200006E0392149014118497CC90719D02A223C
:10E730003107890E08180121C9024018C06C314602
:10E740000FF0A0FD04000ED00198A080A5712A460C
:10E7500005213846E31D09F02FFA214630460FF017
:10E760007DFD0020FEBD0720FEBD00000425002029
:10E77000F7B5064690790321401EC5B2E81C084350
:10E78000401C8308164817460068F10603D52B2263
:10E79000BF210E4008E0392149014118097C490692
:10E7A00001D40020FEBD28223107890E081801215E
:10E7B000C9024018C06C31460FF064FD04000DD052
:10E7C0000198A080A5712A4605213846E31D09F06D
:10E7D000F3F9214630460FF041FDE2E70720FEBD88
:10E7E00004250020FFB59B1E0646DDB2681D0321EF
:10E7F0000843401C83081B4881B000681746F10697
:10E8000003D53622BF210E4009E0392149014118C4
:10E81000897C890702D4002005B0F0BD332231077E
:10E82000890E08180121C9024018C06C31460FF04A
:10E8300029FD040014D00298A0800A98234680681D
:10E840002A460830C0190079E0802572B91D0933C5
:10E850000A9809F0B1F9214630460FF0FFFCDAE7DB
:10E860000720D9E704250020F8B5044690680F4634
:10E8700001461546467B0E3102226846F5F71AF826
:10E88000A8680223057C1548E10603D53522BF217F
:10E890000C4009E03922016852018918497C0906B7
:10E8A00001D40020F8BD322221070068890E081823
:10E8B0000121C9024018C06C21460FF0E3FC0100A1
:10E8C00009D08F808E716A4612880A818D72204627
:10E8D0000FF0C4FCE5E70720F8BD00000425002088
:10E8E00070B50E4601230446C1061248154600685D
:10E8F00003D53422BF210C4006E0392149014118DB
:10E90000897CC90711D031222107890E08180121FD
:10E91000C9024018C06C21460FF0B4FC010006D0BB
:10E920008E808D7120460FF099FC002070BD07206D
:10E9300070BD0000042500200170090A4170704775
:10E9400001784078000208437047F8B5069C1F46DE
:10E9500015460646002C13D0A06802220D30F4F7AD
:10E96000A9FFE81E82B23B460721204609F014FAAF
:10E97000E580A068012E05D01D2101730020F8BD9F
:10E980004720F8BD1B21F8E7F1B5FFB001248BB09B
:10E99000600205900027CC4807970168CB48C94D15
:10E9A000081803908A980AAA0005000D05A90BF023
:10E9B000CDFE0690002872D104260AA805994218B7
:10E9C000203AD27F0B2A23D00026002004900AA8E8
:10E9D0008119022201A80291F4F76CFF6846818830
:10E9E00009AB08AA039801F0A7FC012817D0022858
:10E9F0007ED068468088854200D30546844200D98F
:10EA00002046044602988078012872D013363CE1F3
:10EA1000491E761E36040591360CCFD1D5E70898ED
:10EA20000090002F66D10099022228310298F4F755
:10EA300049FF00281ED100982030017B0298807881
:10EA4000814217D1012808D100980299022208308A
:10EA5000C91CF4F737FF002815D0029880780228E7
:10EA600008D10098029910220830C91CF4F72AFF37
:10EA7000002808D00098008DA84200D80546A04282
:10EA800000D22046044602990AA88978012907D0B5
:10EA900013360599B6B28E4204D3012707E006E18A
:10EAA000761DF6E78119022201A8F4F703FF039906
:10EAB000009808318E462FE084466946026A8B88AA
:10EAC00020300DE0918B994203D3012F7ED19942E2
:10EAD0007CD9A94200D80D46A14200D30C46126849
:10EAE0008242EFD10498002804D16046006802E019
:10EAF00015E0BFE08AE070450ED0018D994203D346
:10EB0000012F09D1994207D98D4200D30D468C427D
:10EB100000D80C46012F59D17045CDD1BAE00898E4
:10EB20000090002F72D1009902221C310298F4F754
:10EB3000C9FE00281ED100982030C1780298807844
:10EB4000814217D1012808D1009802990222083089
:10EB5000C91CF4F7B7FE00281AD002988078022862
:10EB600008D10098029910220830C91CF4F7AAFEB7
:10EB700000280DD00098808BA84200D80546A042FE
:10EB800000D22046044602988078012826D003E06F
:10EB900002988078012805D013360798B6B201286C
:10EBA0001ED021E000984A490089884216D18A98EF
:10EBB000FFF718FC0146009800F08CF80099098CCA
:10EBC0004843009989694018022200E038E0029920
:10EBD000491DF4F76FFE01200790D4E7761DDCE7AE
:10EBE000B61C0020B6B207900598864201D30127D3
:10EBF00005E00AA88119022201A8F4F75BFE039A36
:10EC00000099083209980968944630E01AE086466F
:10EC10006A46938820300DE08A8B9A4203D3012FF5
:10EC20000ED19A420CD9AA4200D81546A24200D36E
:10EC3000144609688142EFD1049800282AD102E0E5
:10EC40000120049026E07046006860450FD0028DD8
:10EC5000016A9A4203D3012F09D19A4207D99542FA
:10EC600000D31546944200D81446012FE8D16045E0
:10EC7000CDD10FE00298C078022805D10298007922
:10EC8000292801D1B61CB6B2761D0598B6B28642C7
:10EC900000D301270598811B042902D3864200D2A4
:10ECA00093E604980028FBD1A54203D906987FB0CB
:10ECB0000CB0F0BD224629468A9801F083FB0690ED
:10ECC000F5E70000FFFF00000425002064070000B6
:10ECD0000229000030B5024623239B5C0020012B53
:10ECE0001AD112890D4B9A4216D10D4A0923126886
:10ECF0001B02D318A032DB6E127B0AE045010C88A0
:10ED00005D5B24052D05240D2D0DAC4204D0401C67
:10ED1000C0B28242F2D8002030BD000002290000BB
:10ED20000425002006490922096812028918800872
:10ED3000C96E400108180188002900D100207047E1
:10ED40000425002010B50446022000F033F80D48D9
:10ED500000210268092000021018A032C36E107B47
:10ED600005E04A019A5A002A04D0491CC9B28842D7
:10ED7000F7D810BD48011C52C018026904210A438B
:10ED8000026110BD0425002010B504460146042090
:10ED900002F094FD002808D0044805490068401896
:10EDA00021463C3010F0ACF8432010BD0425002073
:10EDB0006407000004490A683D21490151180A7B93
:10EDC00002430A73704700000425002000B5113883
:10EDD000C0B2FFF7A7FF002804D001220169520545
:10EDE0001143016100BD0000F3B597B00D8848885C
:10EDF0000590081D1DC80DAE1DC68C8ACE8A087EE2
:10EE00001390C869203101900878009048780490E8
:10EE100088780390C87802900F7900F0BFFD002831
:10EE200017D10120400284425FD8B4425DD8002F40
:10EE300001D1B44259D114A9284601F0ABFA0028F7
:10EE400006D115AA1499059801F094FA002802D069
:10EE5000602019B0F0BD149D11A92846183009F0A2
:10EE600047FB10A88088002810D0284612A920301F
:10EE700009F03EFB10A8838800892A8D1818696A5A
:10EE800010188A8B904203D16120E2E74820E0E726
:10EE900015982C4B02899A4227D12322125C012A11
:10EEA00023D1006800681690139801281FD1684686
:10EEB000808E29221202801A030001F07CFD0604D4
:10EEC000180404070A18022C0FD110E0072C0CD1EB
:10EED0000DE0042C09D3E00707D1012F07D1A6428A
:10EEE00003D3042E01D3F00701D04220B1E70298EA
:10EEF0000B90039B049A0A9309920098019A0C972D
:10EF000008900696059407920DA81DC8019002A8C6
:10EF10001CC013980B4600902A461699179800F0CB
:10EF2000B1F9002895D168460649808EFF318842A4
:10EF300005D01798018800200A4601F043FA002006
:10EF400087E7000003280000F3B5A5B008881A90F1
:10EF500088780C4611901022091D13A8FBF72CFE8F
:10EF6000A08A1090A17D68460172E07D0F90207EFE
:10EF70002090677EA07E1F900020064601461290DA
:10EF800020A801810F20BB4C2390BB49206840186A
:10EF9000199000F003FD00280BD1012110984902BF
:10EFA00088425FD821A91A9801F0F4F9002802D00C
:10EFB000602027B0F0BD2198179009F03DFA1A990A
:10EFC00088420CD102A801901698009013AD0ECD86
:10EFD000119809F0F5F9002801D06320E9E76846A7
:10EFE000017A8806800F05D0012012902068A03099
:10EFF000007B4600C80703D01298401CB61C129034
:10F00000080603D51298401CB61C129017980DA93B
:10F0100018301D9009F06CFA6846129C808EA41C72
:10F02000A04237D317980EA92030019009F060FA5A
:10F030006846018F00290DD01798179A6B46406AD1
:10F040009B8E128D5918808B5118081AA04201D23C
:10F050006120AEE71798846911982568012803D0CC
:10F06000022803D04220A4E7052000E01320E0831B
:10F070002A4639460F9809F0F1F9422899D0199F8C
:10F08000E28B4037788B398B411A10981018801911
:10F09000814201DA48208CE70EA9019809F028FA8C
:10F0A0006846008F0028179802D0406A808B00E0E5
:10F0B000008D2599401C0880259801210088A08397
:10F0C000259802220088401CA8836C482081204695
:10F0D00020301790C1700021817081711998398B8F
:10F0E000406D40186946A061097A0170A0692946FF
:10F0F0001C31401CF4F7DEFB11980128A0697DD07B
:10F10000102213A9C01CF4F7D5FB2846102213A91E
:10F110000830F4F7CFFB388B133038832E46203677
:10F120001198F0701098E8831F98B07010982084A0
:10F13000109828841998398B406D4018A8610021D7
:10F14000109AF4F7BBFB398B10980818388317997D
:10F150000120087117990020487130716846007AC3
:10F16000810701D50121317101070227002902DA47
:10F17000317939433171410703D531790422114383
:10F180003171400603D530790821084330710F985A
:10F1900070712098B07121461D9809F0D2F921466E
:10F1A000019809F0AFF929461D9809F0CAF92946D6
:10F1B000019809F0A7F91298002841D068461A99D9
:10F1C0008181A18BC18107844784012408A804712F
:10F1D00022A80A9008A88473239941730F993820B4
:10F1E000014008A801730721C17300250574684612
:10F1F000007AC00708D02248694600E02BE0088268
:10F2000003A924A8FFF7F0FD6846007A8006800F66
:10F2100007D01B486946401E088203A924A8FFF7AF
:10F22000E3FD6846007A00060AD5292109026846EE
:10F23000018208A84473057303A924A8FFF7D4FD2D
:10F24000259801881298401C081882B2002001F00D
:10F25000B9F80020ADE6022213A9C01CF4F72AFB7E
:10F260002846022213A90830F4F724FB388B401DEE
:10F2700053E7000004250020640700000328000075
:10F2800003290000FFB55248524A006887B082182F
:10F29000069210AA109B0126169F9288012B04D17A
:10F2A0004D4B9A4201D1A030067B069D3446403535
:10F2B000688B2B8B7C43C31A099820300390A342A0
:10F2C00022DA48200BB0F0BD2320405C012819D180
:10F2D00008896C46208098420CD03F4C641EA042A6
:10F2E00008D0641CA04205D0641CA04202D0A41C1B
:10F2F000A04207D1384CFF3CA04201D0904201D13E
:10F300006220DFE7096801E029231B02039881429C
:10F31000DAD109981B9984691898224609F09EF859
:10F320004228CFD01C98012804D11598874201D2D9
:10F330004220C7E71598E083204620301C990590AD
:10F34000817027840A98808B401CA0831098012824
:10F3500014D02046102211A90830F4F7ABFA059911
:10F360001098C8700698298B406D4018A061298BB1
:10F37000384670430818288300250FE011A80FC8ED
:10F3800008340FC4183CEAE72846A16978430818F6
:10F39000159A1799F4F78EFA6D1CEDB2B542F3D3B6
:10F3A00005991898487105991998087105991A983E
:10F3B000887109982146183009F0C3F8214603984E
:10F3C00009F0A0F80798A18B018000207AE70000DF
:10F3D000042500206407000002290000FFB58FB05B
:10F3E00014460E78102205A8891CFBF7E5FB4F4850
:10F3F0004F490068451800F0D1FA00281ED1002CB2
:10F4000057D0012E09D16846808A4A49884204D1E2
:10F410002846A968083081424BD128461030296916
:10F420000390814209D00AA9284609F061F868468C
:10F43000018D601E0D90814202D2482013B0F0BDB4
:10F44000284608300CA9049009F052F86846008E4E
:10F45000002814D0EF680AA93846183009F048F897
:10F46000384620300CA909F043F86846398D008DE4
:10F4700009186846008E401C081887B200E0012772
:10F4800001200004C01BA04201D26120D6E72C69F4
:10F49000286801901298012802D0022803D008E0C1
:10F4A0000520C00200E024486085012E03D0022E12
:10F4B00005D04220C2E720460830022202E0204662
:10F4C0000830102205A9F4F7F5F92046314620301E
:10F4D000064601730F98214607802785039809F097
:10F4E00030F82146049809F00DF827461837E761EF
:10F4F0006662A76126620D9884B20BE028460199E6
:10F5000009F01FF83846019908F0FCFF2868641ECE
:10F51000A4B20190002CF1D10F9801880D98081821
:10F5200082B2002000F04EFF002087E70425002073
:10F53000640700000118000001280000F7B5064626
:10F5400036480F460068364982B044183046FEF708
:10F5500049FF050060D02046243000900FF0E6FC03
:10F56000002859D12869000356D500980FF098FC5F
:10F5700004464FE0A088B0424BD120223146002003
:10F5800008F05AFB060018D0A068002F017B427BD0
:10F5900015D03346049810F0A3F800200122296901
:10F5A000D2049143296100282AD0692802D030462C
:10F5B000FFF7EAFB002005B0F0BD6420FBE70A2955
:10F5C00006D00C290AD00E290ED0082912D023E02B
:10F5D00032462146284611F03FF9DFE73246214600
:10F5E000284610F073FDD9E732462146284611F02F
:10F5F00069F8D3E732462146284610F0F9FECDE7F8
:10F60000214600980FF099FC0121204608F070FB7C
:10F61000CDE72468002CADD14120CCE704250020A3
:10F6200064070000024608480849006841188868D5
:10F63000083103E0038D934202D200688842F9D179
:10F64000884200D100207047042500206407000094
:10F65000034610B50E480F49006841188868083104
:10F6600003E0148D9C4203D8104602688A42F8D108
:10F670008A420CD1018D994209D20146026A203199
:10F680008A4203D0416A898B994200D2002010BD82
:10F690000425002064070000024610B50B4812053F
:10F6A0000168092000020818C36E0020120DA03165
:10F6B000097B07E044011C5B2405240D944203D020
:10F6C000401CC0B28142F5D810BD000004250020C6
:10F6D000F7B50546174601980FF0E2FB2E050446E4
:10F6E000360D0CE0A0882568B04207D1214601986C
:10F6F0000FF023FC3946204608F0FAFA2C46002C7D
:10F70000F0D1FEBDF0B58BB0002063490290634894
:10F710000A68141872B610464030C57902231D439A
:10F72000C57162B625464035287AC0077DD00920CC
:10F73000000210180026C76E49E071017A5A002AAB
:10F7400043D0C919069109694A021ED48A0226D5F6
:10F75000022104910699012309880905090D0391E5
:10F76000392149014118097C89070ED5D902083091
:10F7700040182322C06C02210EF084FD010004D049
:10F78000039A8A8004980EF069FD0698008800901C
:10F79000069800F085F800980DF0E6FA15E04807A5
:10F7A00013D5069800880005000D0DF06EFA0028AC
:10F7B00005D1069800880005000DFFF7E5F80699C9
:10F7C00004200969814306980161761CF6B232482B
:10F7D000AC210068095CB142AFD800F01BFF2046A5
:10F7E000243006460FF0A2FB012802D0012000F0D1
:10F7F00015FE204618300FF099FB012802D000209A
:10F8000000F00CFE3C3420460FF090FB01280FD096
:10F8100002A920460FF0B3FB0420029902F04EF833
:10F820000028F0D02046029900E032E00FF055FBAE
:10F83000287A00062DD530460FF078FB012828D114
:10F84000002008F0D5F9A98B23314909491CC9B218
:10F85000F0F7C2FC00281CD00F4D04462868012395
:10F86000D9020830401842263822C06C31460EF0CA
:10F8700009FD01000DD000228A80CC8030460EF0B8
:10F88000EDFC3D212A68490151180A7B8020824302
:10F890000A730BB0F0BD00000425002064070000CF
:10F8A000F0B504463B483C49006885B04518218ABC
:10F8B000890419D502210491392149014118897C13
:10F8C000412627880123C9070ED0D90208304018E5
:10F8D0003122C06C02210EF0D5FC010004D08F80D3
:10F8E0008E7104980EF0BAFC294620880122183146
:10F8F000FFF7EEFE2946208801223031FFF7E8FEAF
:10F900002946208801222431FFF7E2FE294620887B
:10F9100000223C31FFF7DCFE20880005000DFFF7D8
:10F92000BBFE8500294611316846017301F0A0FD38
:10F93000294612316846017301F09AFD29461331B8
:10F940006846017301F094FD68461435057301F0B3
:10F950008FFD208800F03CFA208801050D48090D34
:10F9600002681320C0011018028A914201D10021BF
:10F970000182E069002802D0012108F0B9F92022B3
:10F9800000212046A568F3F799FF1720A560608045
:10F9900005B0F0BD042500206407000010B50B4839
:10F9A0000B49006844184034207AC00709D0002071
:10F9B00008F01EF9217A890701D5002803D000201C
:10F9C00010BD472010BD642010BD0000042500209C
:10F9D00064070000F0B55FA099B000685E4915901B
:10F9E0005E4A08688418092212028218D26E2546DF
:10F9F000403514922A7AD20702D0622019B0F0BDA5
:10FA0000AA8B01235B029A4201D9AB8303E0172A38
:10FA100001D21722AA83149AA0301392067B0DE01C
:10FA2000761EF6B2139871010F18B8680F90384619
:10FA300020220021F3F742FF0F98B860002EEFD18B
:10FA400020460830E0606460A060246008301390B5
:10FA500060612061FF22002108300FF036FA204655
:10FA6000FF22002124300FF030FA2046AA7F002127
:10FA700030300FF02AFA2046FF2200213C300FF0F0
:10FA800024FA00222A7210461721334B05E0149EF7
:10FA90004701BE19401C7180C0B21E68A036367B7B
:10FAA0008642F4D8002028832F8C688C002614907E
:10FAB00008E02820E16C70430918204608F022FD78
:10FAC000761CB6B2BE42F4D3002608E03020216D89
:10FAD00070430918139808F015FD761CB6B21498F7
:10FAE0008642F3D30120FFF765F9012468460470CC
:10FAF0001B4941802346042269460CA8FFF76EFC8F
:10FB0000002822D16846018E81821649018304268D
:10FB100006858475202108A881720024C4720473AC
:10FB200007214173847305A90DA8FFF70DFA00287A
:10FB30000BD1684604874687818E15AB0EAA008ECE
:10FB400000F0FEF9002800D158E700202872472075
:10FB500054E700000000FFFF0425002064070000B8
:10FB600001180000052A0000F8B5044683480E4637
:10FB70000068834947184820C05DC0076FD0B0882F
:10FB8000FEF730FC0546012C02D0002C68D0F3E0D3
:10FB9000002D04D02869410703D54520F8BD012177
:10FBA000C7E0B268F188147B0029F0D062060AD55C
:10FBB00068888842F3D3D22C01D0522CEFD138463A
:10FBC0003146183048E0A106890E1E2949D81E2C5E
:10FBD00020D101071ED508218843286129880120EA
:10FBE00008F078FC0121304608F082F863480123D0
:10FBF0000068D9020830401842242D883922C06C90
:10FC000021460EF03FFB010003D08D8020460EF010
:10FC100025FBB1E0E1070BD01D2C1AD01B2C18D00E
:10FC2000410533D4012189020843EE612861A3E034
:10FC3000C00606D52B4602220321422000F07EFE9C
:10FC4000ADE72988002008F033FC29691020014322
:10FC500029613846314624300FF052F98CE015E026
:10FC600016E029882022002007F0E6FF05000DD0CD
:10FC70000121304608F03CF82B46002221460620A0
:10FC80000FF02EFD2846FFF77FF875E04120F8BD04
:10FC9000B068047B1D2C3CD01B2C43D00021304687
:10FCA00008F026F8002D67D0032C46D0052C44D050
:10FCB000072C42D0092C40D00B2C3ED00D2C3CD030
:10FCC0000F2C3AD0112C38D0132C36D0172C34D01E
:10FCD000192C32D0012C30D0022C35D0042C33D04A
:10FCE000062C31D0082C2FD00A2C2DD00C2C2BD048
:10FCF0000E2C29D0102C27D0122C25D0162C23D036
:10FD0000182C21D0522C1FD0D22C1DD01E2C2FD01D
:10FD100032E0002D03D02988012008F0C9FB3146CC
:10FD2000022001E03146012000F052FD002823D0DE
:10FD30000021304607F0DCFF1EE0296910208143D6
:10FD400029612988002015E028694021884328611D
:10FD5000010511D5FF2101310843286129880220BE
:10FD600008F0A6FB01202969C0028143296103E054
:10FD70002988032008F0AEFB0020F8BD04250020F0
:10FD80006407000010B5104A104B1268D2184032B8
:10FD9000127AD20706D002280AD0052804D00B28F0
:10FDA00010D101E0412010BD4888FEF7CBFF09E0EB
:10FDB0004888FEF717FB002804D00122016992054C
:10FDC00011430161002010BD0425002064070000DC
:10FDD000F1B5FFB085B0472001900020694608804A
:10FDE00053485449006847188498FEF7FBFA02907C
:10FDF000002874D0B96808374FE0684600880D467F
:10FE000004AC20186B460222283100F0C5FD68467C
:10FE10000088294620186B4601222C3100F0BCFDD9
:10FE20002E462036307B69460128098804A809D06F
:10FE300040186B4610222946083100F0ADFD0190B4
:10FE40002C6A27E040186B460222F4E769460988CD
:10FE500004A8401821466B4602221C3100F09CFD8C
:10FE60006946098804A8401821466B4601222331BF
:10FE700000F092FD2320005D69460128098804A84E
:10FE800030D0401821466B461022083100F084FD26
:10FE900001902468B442D9D12968B942ADD1019802
:10FEA00000281CD16846008881070AD0224A011D1B
:10FEB00011406A4611800A1A04A908180B21F3F7A9
:10FEC000FDFC029800880CF0E0FE002807D1849821
:10FED00069460005000D04AA09880AF06FFB7FB08F
:10FEE00006B0F0BD401821466B460222083100F0F2
:10FEF00053FD0190208911498842CAD120460299B8
:10FF0000FEF7E8FE4000A16903906A4609181288CE
:10FF100004A880186B46022200F03EFD0190A16902
:10FF20000398022208180021F3F7C8FCB1E700008B
:10FF30000425002064070000FCFF000002290000E7
:10FF4000F0B5074617480E4600683D2149014018A4
:10FF5000007B85B01D461446C00706D003A938466D
:10FF600000F018FA00280AD102E0472005B0F0BDE1
:10FF700004AA3046039900F0FDF9002801D0602062
:10FF8000F4E70499228860880968002A00D0088C68
:10FF900032466E4631C603233946002000F004F88D
:10FFA000E4E7000004250020FFB5002099B0239A63
:10FFB0000B90129005461490064615901C46DB489F
:10FFC0000B460068DA49229F4118039100210891ED
:10FFD00009915188069111880A913D2149014018E3
:10FFE000007BC00706D00FA9184600F0D3F90028FF
:10FFF0000AD102E047201DB0F0BD10AA0F991B984E
:020000041005E5
:1000000000F0B8F9002801D06020F4E71998002822
:1000100003D0600701D5012000E000201390A00765
:10002000800F1C90109817902030C078012840D184
:100030001798C04B01899942F9D11798069904681D
:100040000A98228C4118914233D8204620301690CD
:100050008078012816D0E08B04901798806900788A
:100060008006800F7ED0039840301890007A800779
:1000700078D51C980028F5D0AE4F0F99FF37203166
:10008000206814E0BA4214D3B942DDD80497E4E7FB
:100090000389A84A934203D12322125C012A08D083
:1000A000BB4203D12322125C012A03D0006888429C
:1000B000EED134E105900028FBD09C48092102686C
:1000C00009025118C96E0027009162E07801009979
:1000D0000390085A01055AD01999002901D0884285
:1000E00055D105997A008B69511C595C9A5C0902BB
:1000F000891889B20D91890749D0022205990FF01C
:100100006DFB002804D01998002840D0652072E7C4
:10011000002008A9C8551C98C00718D017988069F6
:100120000078C00613D50D98C00710D00120C8551F
:100130000543009A039880184088159A904206D982
:100140001590009A0398105A0005000D14901C9801
:1001500080071CD5179880690078800617D50D9800
:10016000800700E083E012D50220CA5D0543024308
:10017000CA5500990398401840881599884206D9B5
:10018000159000990398085A0005000D14907F1CE3
:10019000FFB266480068A030037BBB4296D8002DB2
:1001A00065D01898007A00065FD46048016809207D
:1001B00000020818C16E00201BE042018E5A36056D
:1001C00015D0AE070BD556183669B7070DD408AF52
:1001D0003F5CBF0703D5360701D546200BE7EE0786
:1001E00005D05218127CD20701D0432003E7401CEF
:1001F000C0B28342E1D81598C01E86B204988642E8
:1002000000D90646A8070FD520220020149907F030
:1002100013FD129000287DD0F01C82B200211298AC
:1002200000F0F4F8002811D1E80720D020220020A7
:10023000149907F001FD0B90002807D0F01C82B242
:1002400000210B9800F0E2F8002810D08020FEF783
:10025000B1FD1298002802D0002107F049FD0B984B
:10026000002802D0002107F043FD6420C3E6A16905
:100270000A98069A08182499F3F71CFB16988078B8
:10028000012801D10498E083002D46D0274B092096
:10029000196800020818C16E002008AA0CE043018A
:1002A000CF5A3F0506D05F18BC463B69175C3B43FD
:1002B00067463B61401CC0B21C4B1B68A0331B7BD4
:1002C0008342ECD8A8070DD512980090F01C82B29A
:1002D00021461C310220A369FEF737FB0220129948
:1002E00000F076FAE80718D00B980090F61C21462B
:1002F000B2B21C310120A369FEF727FB1398002836
:1003000005D00B988021C07C08430B99C87401204C
:100310000B9900E005E000F05BFA00206BE642205C
:1003200069E68020FEF746FD9FE7000004250020D7
:100330006407000003280000F0B58468083015E069
:10034000258D8D4203D1146018600120F0BD264632
:100350001C602036256A06E0AF8B8F4202D1022056
:100360001560F0BD2D68B542F6D124688442E7D10E
:100370000020F0BD10B50B6A203106E09C8B844252
:1003800002D10020136010BD1B688B42F6D14120C2
:1003900010BD000010B5094A094B1268D2189368C5
:1003A000083206E01C8D844202D100200B6010BD93
:1003B0001B689342F6D1412010BD000004250020A7
:1003C0006407000030B50F4B0F4D1B6804465B19E6
:1003D00040331B7A412085B09B0710D56B4699812D
:1003E000DA81002018820420588203AA04A96D46ED
:1003F00007C502231A4601212046FFF7D5FD05B0A7
:1004000030BD0000042500206407000010B5121D57
:10041000806892B207F08AFC10BD0000F0B57B49FD
:100420007B4A096885B08E18012806D030461830FE
:1004300000900EF035FD0446E5E030462430039090
:100440000EF02EFD0546BAE0A8682F68007B0290EA
:10045000A888FDF7C7FF040073D021882022002060
:1004600007F0EAFB019000286CD0E8886188884298
:1004700004D900220420019B029920E0462000902C
:1004800002980E284ED00ADC801E030000F093FA7A
:100490000B1C13221329132F133813411300162892
:1004A0005AD004DC102846D0122804D14BE018287A
:1004B0005BD01D2872D000220620019B02990FF00C
:1004C0000FF9002000905CE029462046019A0FF0C9
:1004D00013FA4FE02A4621463046019B0FF03EFCBE
:1004E00048E029462046019A0FF040FB42E020698F
:1004F000000353D429462046019A0FF079FF39E0D2
:10050000206900034AD429462046019A10F0A4F934
:1005100030E02069000341D429462046019A0FF0BB
:10052000D5FD27E02069000338D429462046019AEA
:1005300010F0C8F81EE029462046019A0FF066FE2A
:1005400018E033E03EE02069800327D429462046A6
:10055000019A10F0ACFA0DE0206980031ED4294600
:100560002046019A0FF0F6FC04E029462046019A45
:100570000FF01CFA0090452810D069280ED04628AC
:100580000CD0012120690906884320610198FEF7FB
:10059000FBFB0098002809D010E0FFE7002101983C
:1005A00007F0A6FB009845280CD0F2E729460398EF
:1005B0000EF0C3FC0121284607F09AFB3D46002DB2
:1005C00000D041E705B0F0BDA0682668077BA08891
:1005D000FDF708FF05000DD0522F01D0D22F06D114
:1005E000286940030ED42146284610F0CAF928692C
:1005F000400307D4214600980EF09FFC01212046BD
:1006000007F076FB3446002CDED1DBE70425002022
:1006100064070000F0B55848584A016885B08A1848
:1006200004920922120289180027CD6E95E07E01FE
:10063000A85B00287BD070190090C06900284BD0BF
:1006400000990969CA0532D54A0530D58068012468
:10065000A402007BA143009A1D28116139D01B28F8
:1006600037D0009A927B824202D0012802D030E03B
:10067000012806D10098C0698068407B401C8242F6
:1006800069D1C80509D5A95B022007F023FF0098AE
:10069000FF22016901329143016100988169884715
:1006A000452816D1009801692143016111E001211B
:1006B00007F01EFB00980021C1610098012201692A
:1006C000920291430161022211464220009B00F0F8
:1006D00035F9A85B00283ED00498243001900EF034
:1006E000DFFB044635E020680390A068AB5B017B2C
:1006F000A0881A05120D904201D11D2904D0904204
:1007000026D11B2932D023E000990969CA040FD4ED
:1007100001221203009811430161A95B032007F035
:10072000C7FEA95B2246022000F078F808E012E03C
:100730006946088102AB02220321422000F0FEF844
:10074000214601980EF0F9FB0121204607F0D0FA6E
:10075000039C002CC7D17F1CFFB207480068A03063
:10076000007BB84200D962E705B0F0BD22461946C9
:10077000022000F09BF8E3E7042500206407000056
:10078000F0B5944600220A806346104C1A60092393
:1007900022681B028646D2184120D26E00230FE049
:1007A0005D01AD182F697646374207D06F880E88F5
:1007B000B74203D90F806046056000205B1CDBB2A6
:1007C0002568A0352D7B9D42EAD8F0BD0425002088
:1007D0007CB50C4605466A4601A9FFF7D1FF002803
:1007E00001D041207CBD6846E1888088814200D9E3
:1007F000E08000980088A0802046FEF7C5FA0098A7
:10080000012D07D0016908221143022291430161A1
:1008100000207CBD016949084900F8E7F7B50646A4
:1008200090799168C01E82B01746C5B20222684610
:100830000D31F3F73FF8681D03210843401C83087E
:100840001948F10603D53222BF210E400AE03922B1
:10085000016852018918497C890602D4002005B03C
:10086000F0BD2F2231070068890E08180121C90246
:100870004018C06C31460DF005FD040011D00398FE
:10088000A08068460088E080234625722A4607211A
:100890003846093307F090F9214630460DF0DEFC6A
:1008A000DCE70720DBE7000004250020F7B506465B
:1008B00090799168C01E82B01746C5B20222684680
:1008C0000D31F2F7F7FF681D03210843401C830830
:1008D0001948F10603D53322BF210E400AE0392220
:1008E000016852018918497C490602D4002005B0EC
:1008F000F0BD302231070068890E08180121C902B5
:100900004018C06C31460DF0BDFC040011D00398B6
:10091000A08068460088E080234625722A46072189
:100920003846093307F048F9214630460DF096FC69
:10093000DCE70720DBE7000004250020FFB50546C3
:10094000012381B016460F46C00603D52422BF20DE
:10095000054000E021220F4928070968800E401851
:100960000121C9024018C06C29460DF08BFC04001F
:100970000DD0277166713246A01D0499F2F79AFFD7
:10098000214628460DF06AFC002005B0F0BD072086
:10099000FBE700000425002010B51C88A418A4B2B1
:1009A0001C8001235B029C4203D8F2F783FF0020E6
:1009B00010BD412010BD30B47446641E2578641CFF
:1009C000AB4200D21D46635D5B00E31830BC1847A4
:1009D000F7B5164600241CE000981149001940188C
:1009E00081080198890000194278057812021543A0
:1009F0008278C07812040006024309481543404239
:100A00000F1829463846F2F779FF3868854204D135
:100A1000241DB442E0D30020FEBDFB20FEBD00003B
:100A20000000FCEFF0B50E460746002407E03D1934
:100A300000F0CEF82870000A6870A41CE4B2B4423A
:100A4000F5D3F0BD10B5012818D8072916D80C4ADF
:100A5000126813462033187759778007C906000EAD
:100A6000090E01430020074BA03204E08401E41882
:100A7000A172401CC0B2147B8442F7D8002010BD84
:100A80000425002000010020F0B54F4F04463868CF
:100A900085B078300D461646002C10D0062C14D0A8
:100AA000082C0FD0182C0DD0282C0ED02A2C0CD0AE
:100AB0002C2C0DD02E2C0ED0D02C47D048E0062D5B
:100AC0000FD045E0102D0CD042E0022D09D03FE0C0
:100AD000012D06D03CE0062D3AD171798909032910
:100AE0006FD100192A463146F2F7E4FE2C2C26D1AC
:100AF0003078002823D0F3F7C9F8012822D01B2032
:100B00001F304009401C41004118012007F05EF8E9
:100B1000F3F7BCF8012817D01B201F304009410013
:100B200041182A484078401AC01EC1B2002007F080
:100B30004DF83868F92240300178114001700020EA
:100B400005B0F0BDFB20DBE7FB20E6E7012D04D07C
:100B5000F3F79CF8012804D005E010780DF03CFA7A
:100B6000EEE7D12C02D02F2C1ED02AE0082D28D160
:100B7000022231466846F2F79DFE0222B11C01A80E
:100B8000F2F798FE0222311D02A8F2F793FE02222C
:100B9000B11D03A8F2F78EFE684683890289818819
:100BA0000088F3F767F8CBE7012D0AD130780028E9
:100BB00007D0082805D24922396852018918887659
:100BC000BDE71220BCE70000042500200003002040
:100BD00000210B200007026852070DD5026804238C
:100BE0009A430260026808231A43026004E0491C29
:100BF000052901DD0020704742689207F7D541685A
:100C0000C907FCD0806880B2704710B5FFF7E0FFDD
:100C10000446FFF7DDFF0004201810BD02490968F3
:100C20006831C880002070470425002010B50448B2
:100C3000044B006804220021C018F2F73FFE10BDEB
:100C4000042500203907000004E003780B70401CE5
:100C5000491C521E002AF8D1704700003EB50B48CF
:100C600001AA0468694602A8683400F01FF8002849
:100C70000BD06846007AE18801228240114204D0FC
:100C800069460978019AF0F7F7FF3EBD0425002078
:100C90000548002100686830017141710268D2087E
:100CA000D2000260C18070470425002070B5144650
:100CB0000D4A136872B668331A79002A01D00125EB
:100CC00000E0002500221A715A7902701878400756
:100CD000400F087018684001000A00F0F5FB206022
:100CE00062B6284670BD00000425002003E00870AD
:100CF000000A491C521E002AF9D1704710B5F2F7BC
:100D00004BFFF2F7C5FFF2F7C1FF012801D1F2F75F
:100D1000A9FFF2F77BFF04F05FFA10BD70B5184C25
:100D2000072120680902411800260E77154B4E77DF
:100D30000622FF21C018F2F7C1FD392520686D0198
:100D40004019067120214171F2F7A0FF012814D04B
:100D50001F2021680B4B491988712068093307222D
:100D60000021C018F2F7AAFD064B206810330522B7
:100D7000FF21C018F2F7A2FD70BD5F20E9E7000077
:100D8000042500201E070000F0B5574D07202968F4
:100D900000020818007F91B080076FD5F2F7E4FDDC
:100DA00001286CD1002406F03BFE0646F2F7E2FD76
:100DB000012800D1032430007ED0392702267F018C
:100DC000012802D002287CD13BE069460220F2F7DC
:100DD000A1FE032008A9F2F79DFE002C06D1F921FF
:100DE0002868C90041180120F2F794FE2868A42160
:100DF000095CC90701D0002100E010210E436946BB
:100E000011231091F10603D50922BF210E4007E0FE
:100E1000C1194A79920654D58979090651D5072214
:100E20003107890E09180120C0020818C06C31462C
:100E30000DF028FA070044D0381D3C71402210996B
:100E400036E069460220F2F765FE002C04D020222D
:100E5000FF216846F2F732FD2868A421095CC90722
:100E600001D0002100E010210E43694609230891BA
:100E7000F10605D50A22BF210E4009E029E030E045
:100E8000C1194A7992061CD5C979C90719D0082217
:100E90003107890E09180120C0020818C06C3146BC
:100EA0000DF0F0F907000CD03C71381D0899202294
:100EB000401CF2F7FFFC00E003E0394630460DF03D
:100EC000CDF90720296800020818017FFD22114092
:100ED000017772B6286880224030C1791143C17110
:100EE00062B611B0F0BD00000425002010B500234B
:100EF000F2F77AFE10BD0000F1B51D4C0725206801
:100F00002D024119097F002690B0890701D53A26A4
:100F10002BE0F927FF00C219202100200DF0DDF899
:100F2000002801D01F2620E0402268461099F2F7E1
:100F3000C1FC2068022341190A7FC0191A430A77AD
:100F4000694606F077FD002807D020681226401970
:100F5000017FFD221140017707E072B62068403022
:100F6000C1794906490EC17162B6304611B0F0BD73
:100F7000042500200A4610B50146002005F0C6FAF7
:100F800010BD10B501460022412005F0BFFA10BD8A
:100F900010B50D4807210068090241180A7F002496
:100FA00093070DD402231A430A7772B64030C179F1
:100FB0004906490EC17162B606F064FD002800D0F2
:100FC0003A24204610BD00000425002070B50546D7
:100FD000002440782646022801D0042803D1F2F7E5
:100FE00007FE00280DD0084839210068490103197F
:100FF0002A5D5B18641CE4B29A71082CF7D3304662
:1010000070BD1126FBE700000425002010B50A463C
:101010001F2801D9122010BD0146104608F06EFBB2
:1010200010BD0000FEB5064602200190B088009079
:10103000B5790321681D0843401C83081348022129
:1010400000688C0208300019377B1122C06C0DF04B
:1010500019F9040017D00098A0800020A771E07152
:101060000146234625812A4630460A3306F0A4FD70
:10107000214601980DF0F2F800240121304606F0D7
:1010800037FE2046FEBD0724FBE7000004250020B4
:10109000F8B5074685880E4810220068D40108304C
:1010A0000226001901233146C06C0DF0EBF8010057
:1010B0000CD08D8001220024CA8030460DF0CEF87D
:1010C0000021384606F014FE2046F8BD0724FBE751
:1010D0000425002070B58AB01D461646002804D0AD
:1010E000012802D012200AB070BD6A4610706C460A
:1010F0000622601CF2F7DEFB10223146E01DF2F7FB
:10110000D9FB05A8102229460330F2F7D3FB684625
:1011100002F01CFDE7E710B502F006FE10BD00006E
:10112000074A914202DC5242914200DA1146FF2204
:10113000993251430A1251180A145118081870476D
:10114000FFFF4F00401AC010810040180012704786
:1011500010B50920C00600690002000A00F0B4F9C9
:1011600010BD70B50D460446FFF7F2FF2946FFF7A4
:10117000D7FF0146204600F001F870BD1FB56A4652
:101180003A3010736846029100F038F9002800D018
:10119000012004B010BD70471FB569463A3008738E
:1011A000684600F065F91FBD30B5EFF3108172B6E7
:1011B0000922D2061269FF25821A120214120C4A61
:1011C00091351368AC4208DC0122120690431A469E
:1011D0004032D479DF252C40D471C2010724D209D2
:1011E00024021B19DA65034A906081F3108830BD30
:1011F000042500204000004810B50300FFF7DBFB8A
:101200003A332D2D2D1E2130332A2A2A2A2A2A2A22
:101210002A2A242424242424242424242424242482
:10122000242424242424242424242424242424247E
:10123000242424272727272727272733FCF7DCFD0B
:1012400010BD06F0ADFF10BDFDF7C0FD10BD00F0F4
:101250005BFB10BD0BF056FC10BD0BF0E5FE10BDA6
:10126000F2F7C8FC10BD3A38C0B20428FAD2FFF732
:1012700092FF10BD0348DF2200684030C179114061
:10128000C17170470425002070B50B481D2100680E
:10129000890144182646646008362460E66000250B
:1012A000A660206929014118304607F02BF96D1C12
:1012B000EDB20B2DF5D370BD04250020F0B500264E
:1012C00093B0701E0E9042481D2100688901441899
:1012D0000920C0060069374605022D0A72B6A069CA
:1012E0002146281A0002000A223108F0AFFC616989
:1012F000A56140186061364800684030C1798A06AF
:1013000063D420221143C17162B6256814E0A86835
:101310006169401A00280ADCBA0001A8761C8550D1
:101320007F1CF6B2FFB2287BFFF766FF03E00E9941
:10133000884200D20E902D68A542E8D120460830A0
:1013400000250C901830129018E0AF0001A8761E0E
:10135000C159F6B2204607F0F4F801A8C1590C981B
:1013600007F0D0F801A8C059007B3A2804D212989F
:1013700012990078401E08706D1CEDB2002EE4D169
:101380002068A04217D03D256D04284608F056FC81
:1013900001460E98814201D8284601E008F0ECFB96
:1013A000A169081800020121000A09064018FFF788
:1013B000FBFE13B0F0BD72B6002005490722096894
:1013C00012028918C8650349886062B6F1E7000017
:1013D000042500204000004810B504460920C0063E
:1013E00000690002000A00F06FF8A168FFF798FE9C
:1013F000A060204600F002F810BD0000F8B51B4DBB
:1014000006461D21286889014418317B481E3E2864
:1014100001D34220F8BD2046A2680830824205D0A0
:101420003A2905D22021095D072901D36420F8BD9E
:10143000694607F079F8102231460098F2F73AFA37
:101440002046009907F05EF80098007B3A2803D206
:1014500020342078401C207072B62868DF2240308B
:10146000C1791140C17162B60020F8BD0425002089
:1014700070B5144E1D22316892018D182C681DE044
:10148000017B227B914218D12146284607F059F86A
:1014900028462146083007F035F8207B3A2803D249
:1014A00020352878401E287072B63068DF22403020
:1014B000C1791140C17162B670BD2468AC42DFD100
:1014C00070BD00000425002010B507491D220968E1
:1014D00092018C18A169401A0002000A08F0AEFBC4
:1014E0006169081810BD00000425002070B50E4683
:1014F000054601462022002006F09EFB040023D072
:10150000284600F06BF8050027D02879B04224D196
:10151000A87880071FD4A06801210173A06800216A
:101520004673A06802268673A068C173A068017420
:10153000A06841740620E0802146052000F0BEF935
:10154000002803D0412509E064250BE0A87830434A
:10155000A870002506E0462500E04225002120462F
:1015600006F0C6FB284670BD7CB514460D46002823
:101570001ED1052D02D00B2D07D011E06279217903
:101580006088A31D0BF0F4FC0AE021461231881F8D
:1015900001910090627921796088A31D0BF0FFFC16
:1015A00021462846FEF7EEFB2146284600F0B4FA15
:1015B0007CBD70B505460C46002000F00FF80028F1
:1015C0000BD02905090D018000218170002C01D16B
:1015D0000821817001210171C17070BD30B50246D2
:1015E0000A4801230068DB020021C318A030047BF5
:1015F00007E0586B0D0140190588954204D0491C3D
:10160000C9B28C42F5D8002030BD0000042500206E
:1016100030B50A49012309680246DB020020CB18D5
:10162000A031097B07E05C6B0501641924889442B2
:1016300003D0401CC0B28142F5D830BD0425002043
:101640008068017A407A0002081880B27047000072
:1016500070B50023134A1DE00125ED024019190160
:10166000466B0024C81C345410684019466B081D92
:10167000345410684019406B445210684019466B4E
:1016800008460830345210680C314019406B5B1C1E
:101690004450DBB21068AC21095C9942DCD80020D0
:1016A00070BD00000425002010B5024688680C4675
:1016B000817AC07A0002081881B2E088001FE080B9
:1016C000042909D005290CD006290FD00121204674
:1016D00006F00EFB002010BD21461046FEF744FA2E
:1016E00008E02146104600F03FF903E0214610468D
:1016F0000BF02AFA0028EED0E188091DE18010BD28
:10170000F3B581B00D4600268888FFF767FF070014
:1017100056D0287B3C46083400900228F86833D025
:10172000002845D0E888002810D021884018208063
:10173000284606F057FA01466068806805F0D8F838
:101740000120616806F00EFA0020E8802088042855
:1017500028D36068FFF774FF001D218880B28142A2
:1017600026D881421BD16168C88061680198FFF763
:101770009BFF0146002000290ED06168A94201D1DB
:101780006060208045261FE0002801D04526DDE767
:101790006560E8882080D9E7606020800BE0452EF6
:1017A00006D008E0452E06D1384600F0C7F90BE018
:1017B000384600F0C3F9002E06D10098012803D165
:1017C0000121284606F094FA3046FEBD024610B5C7
:1017D0000020002A05D0012A02D11046FFF790FF11
:1017E00010BD1046FFF760FF10BD70B50546801EA6
:1017F0000C460300FFF7DFF80A0C1D1D06170B0B44
:101800000B0B060B0A4620782946FFF7ADFE70BD8C
:101810002846FEF7B7FA60880BF0F2FA2146284610
:1018200000F07AF970BD4A890888A11C0BF0E0FB32
:1018300070BD6288097828460BF002FB70BD00007D
:10184000F0B585B0FFF7E4FE1B4D04462868A030D4
:10185000007BA0422DD92046323069460873684685
:10186000FFF706FE01262868F6028019426B002168
:1018700024011153286827468019426BE01C11543B
:1018800028680C378019426B201D11542868801974
:10189000406BC05900280CD0012106F029FA2968B4
:1018A00000208919496BC85129688919496B083486
:1018B000085305B0F0BD00000425002010B50C460B
:1018C0000146042805D0052903D0062901D050205F
:1018D00010BDA068A2790272E088020AA068427274
:1018E000A0688172A068090AC172E088001DE080CA
:1018F0000220207320460DF015FA0028E8D0E08879
:10190000001FE080412010BDF8B5323801060220EA
:10191000144E009001253068ED020C0D421939215A
:101920004901526B4118C97B175B012349070CD54C
:10193000083040191E220221C06C0CF0A3FC0100EB
:1019400003D08F8000980CF089FC31680020491981
:101950004A6B211D505431684919496BE41C0855E4
:10196000F8BD000004250020F0B50D468DB0002123
:101970000A91A96800280F7B02D0012822D0C3E079
:10198000A888FFF745FE624E04463068A030007B11
:10199000A04215D9122F08D15E480290204632305D
:1019A000694608736846FFF717FD01203168C002D9
:1019B0000818406B210140188178FD221140817088
:1019C00000219EE0A888FFF723FE06465048AC227F
:1019D0000168525CB24218D90120C0020818406B5D
:1019E00032018418A278100710D5122F10D1500799
:1019F00010D4A9882A46422000F0CEF8A07804210D
:101A00000843A070A868407B207179E0132F0AD0AA
:101A1000012F41D0A868417BA888FFF767FD0A9095
:101A200000286DD070E0A868E778437BBB4267D19F
:101A3000520765D5027C407C01230002101887B252
:101A400042200490A8880690392040010818C07BE5
:101A500080070FD5D802083108181D22C06C0499E0
:101A60000CF010FC010005D0069A8A80CF80049803
:101A70000CF0F4FBA078FB210840A070E078401C3B
:101A80000006000EE07001D10120E0706846323699
:101A90000673FFF7EDFC33E0100731D4A868E17856
:101AA000407B88422CD150072AD5FB200240A270EF
:101AB000E078401C0006000EE07001D10120E070CB
:101AC000684632360673FFF7D3FC114820220068BF
:101AD0009101083040184224AE880223C06C214690
:101AE0000CF0D0FB01000BD0A868437B877BC07B48
:101AF0008E80000238188B71088120460CF0AEFBF6
:101B00000121284606F0F4F80A980DB0F0BD000057
:101B1000042500203075000010B5022809D00528E2
:101B200001D00B2808D1084609794088FFF741FD0C
:101B300002E04888FFF784FE002010BDF8B5054696
:101B4000807810210843A870422000901148C901F4
:101B5000006801270830401802263B462122C06C4D
:101B600000990CF08FFB04000AD027716671324691
:101B70002946A01DF1F79EFE214600980CF06EFB51
:101B8000E868002805D0012106F0B2F80020E860DE
:101B90002881F8BD04250020F7B504230446C106BA
:101BA00022481546006803D52222BF210C4006E0DA
:101BB000392149014118C97BC90732D01F222107A9
:101BC000890E08180121C9024018C06C21460CF08A
:101BD00059FB010027D0AA68081D577BD57B937B52
:101BE000BE462D025F19557C137C2D025E19D57CF3
:101BF000937CBC462D025D19577D137D3F02DB1996
:101C0000977DD27D1202BA18019F078077468770B0
:101C100067468780C68005814381828120460CF01B
:101C20001DFB0020FEBD0720FEBD00000425002096
:101C3000FFB50746464881B000880D464549092250
:101C40000968120240078A18400F926E60235843B9
:101C5000141841480E18F2F719F8002822D0142D54
:101C600004D0152D20D0072D59D05CE021460398D3
:101C700003F0FFFA0121206989040843214640311D
:101C80002061087F022210430877820609D5627915
:101C9000520852006271DF2210400877002F4ED1A7
:101CA00051E0012005B0F0BD25464035287FC00732
:101CB000F7D02146039803F0DCFA204603F0B0FA8F
:101CC000002825D0A888E988884200D30846E88102
:101CD000698AA88A814200D2084668832A8AE98AEA
:101CE0008A4200D2114629836A882889824200D21A
:101CF0001046C9080E3989B26881884200D3084667
:101D0000A8810498006801214906084304990860E5
:101D1000287F400840002877002F10D113E0039857
:101D2000C078142802D0002005B0F0BD4034207FD8
:101D300004214008400008432077002F03D00820EA
:101D4000C036F073ADE70820C036B073A9E70000D5
:101D5000C00000200425002058080000F8B509261E
:101D6000F60631687A487B4A816013687A4A9D1882
:101D70000022027042708261C261027142718271FE
:101D8000764A1288F4145207520F82701C19602789
:101D9000A46E5743E719724C92011219C760026191
:101DA000BA78C27057077F0F8803800F7ED16B4AC5
:101DB000188E50806B48664C01409013814204D1CC
:101DC000FFF758FAA0683060F8BD05F021FE002842
:101DD00007D160480088503081B201200004081803
:101DE000F0605C49002009684031C871E168C8733F
:101DF0005D49B80008588047A068002806DA05F059
:101E000007FE002802D1A07803F036FC012F04D091
:101E1000022F19D0052F17D03FE0A068C0013CD594
:101E200005F0F6FD002838D1A0684003287E05D4CF
:101E3000022832D06079002809D02EE0022806D08E
:101E4000A079012803D028E02078012825D148482E
:101E500046490160232141606421684601706A4659
:101E60001078401E1070F068C00302D5107800286A
:101E7000F5D110783E4882B2012000041018F060BD
:101E80006846017069460878401E0870F068C00313
:101E900002D508780028F5D10878206900902946F5
:101EA000A369E268E06903F081FE00E033E02946BF
:101EB0002369E268E0690FF081F8207801282AD1CF
:101EC000E068006A002826D00068002823D0002798
:101ED000C17C0568C9091CD0E268116A814208D139
:101EE0000B6813620F60E1680A6A002A0ED14F6224
:101EF0000CE00A68824203D0114612688242FBD18C
:101F00000D60E268536A834200D15162002105F0FE
:101F1000EFFE2800DCD10E4C2089000401D5FFF72C
:101F2000A9F9A2681349D00306D50A48022400681B
:101F30004018836B23438363900306D5054804232D
:101F400000684018816B194381633260F8BD00005E
:101F5000B82400200425002058080000C0000020FC
:101F6000CC0000200080FBFFE024002002230102BF
:101F7000D824002000080000CA6802608A68426015
:101F80004A6882600968C16070470000F8B50C4675
:101F9000CA88098A4030521A8089102695B2A84210
:101FA00005D20546E07C4006400EE07403E0206860
:101FB000002800D10026002904D1207B800701D50C
:101FC000022000E00120CF060643FF0EE81982B28E
:101FD0000E48A1690368092000021818406F001D0F
:101FE00004F08FFC60610948A574016809200002B3
:101FF0000818416FB81C0E540448016809200002FB
:102000000818406FFF1CC555F8BD000004250020CE
:1020100018B40168184ACB6813608C6801235460B7
:102020004C6894600968D1604168144ACC681460B7
:102030008C6854604C6894600968D16064216A4679
:1020400011700922D2066C462178491E217051690F
:10205000C90402D421780029F5D122782270084AD7
:102060008168D4680C6094684C6054688C60126815
:10207000CA60037318BC7047180000482800004865
:102080003800004803480249C16003494161704774
:1020900031330510E02400206D240510F0B5EF4821
:1020A000EF49006895B04418EE4941180391EE4994
:1020B0008968CA017ED54A03EB4909697BD4C8897E
:1020C0000122520780184088851888898018408826
:1020D00006A9871828780607360F284606F00CFC54
:1020E000E1488068002867DA022012AB032E02D094
:1020F000052E69D07AE1DC4EF178C9065CD5012164
:102100007171D6490968E031097C002921D008A9FC
:10211000087003980C90099510A80E900A970B93DD
:102120000D940846F1F734FD30713079012843D021
:1021300001200006B0613069018A20468030026AC1
:102140001180018C30690182817A80221143817271
:102150004CE104A9284606F0C5FBA81C01460A78F4
:102160006B7910464A78120210438A78C9781204B3
:10217000104309060843297800024906C90F08439D
:102180001946AB792A7A1B021943EB7912061B0414
:1021900019431143090202F055F90499226891424A
:1021A000C3D1059962689142BFD1012806D0F07869
:1021B000400602E049E19FE088E002D5002030714E
:1021C000B6E70120307111E1A749C97809077DD52B
:1021D000012600210922D2065160A0490968E03198
:1021E000097C00292ED008A9087003980C90099545
:1021F00010A80E900A970B930D940846F1F7C8FCAF
:1022000001469948017110A8F1F728FD01286DD009
:10221000954E3079012869D03069009006AB21468F
:102220002846F26806F072FB8C49002009682031CC
:10223000C8742046C030C17BB278914246D1082193
:10224000C173D3E00027089704A92846099706F030
:1022500049FBA81C01460A7810464A78120210432E
:102260008A78C978120410430906084329780002C5
:102270004906C90F084308906A79297A1046AA7955
:10228000090612021043EA791204104308430002BF
:10229000000A099008A8F1F7E1FC012800D1002606
:1022A00009980102089802F0CDF801466E48012213
:1022B0000271049A23689A4216D1059A63689A4279
:1022C00012D1012904D0C178090600E08EE00BD5B7
:1022D000C178890607D50699A268914204D1079969
:1022E000E268914200D10771002E91D1A420015BD8
:1022F0005D480069018279E05B4A8B89A021095B16
:1023000089B28B4201D101219171232149014118E8
:102310008979524D012969D1112189014218927D93
:10232000FF2A63D037214A431218FF324132039407
:10233000507B002836D11321C9012E6813787618F6
:10234000B76806462A36BB552E68521C7618B76801
:1023500006465236BB552E687618B76806467A365A
:10236000BB552E687618B7680646A236401CC0B228
:10237000BB550628E1D328684022401881682031E7
:102380000B7A13430B72816840310B7C13430B743F
:10239000816860310B7E13430B768068A030017832
:1023A000114301700398007E012819D1112128687A
:1023B00089014118897D372251430918FF202F30A8
:1023C000405C00280CD10398FF31406B4831083045
:1023D00001F0AEFB03988022406B0178114301703D
:1023E00023212A6800204901511888711E48036979
:1023F000997A090629D51D8A22468032918C89B2A4
:102400008D4222D12F21158A095DD972002109231D
:10241000DB065960FF23691E5533994200D81182AB
:10242000002D04D101218161807804F051FF0B4817
:102430004921006849014018407E002802D001204F
:1024400007F034FD01200CF0B1FD0748806840031F
:1024500002D5204606F00EF915B0F0BD0425002087
:10246000580800003C090000B8240020F0B5FF48DF
:10247000FF49006801254418FD21C9004318FD49A2
:10248000ED0308468A68C06883B0AA4204D0856A12
:10249000AE7AEE273E40AE72D70100260125002F0E
:1024A00052DA570336D4570104D50922D2065660B2
:1024B0000D7021E0570012D5C278521E1206120E7E
:1024C000C27003D10922D20656600D7042791706F8
:1024D00012D55206520E4271826942610CE0E64FFB
:1024E0003A4203D022221555826942610279C270B4
:1024F00042795206520E42710927FF06DB6B3A6998
:102500009A1A130201221B0AD20593421CD90D709C
:102510007E6019E00A699389012252079B185B8843
:102520009A18436B93420AD19278142A07D1024633
:1025300040321346127FDF273A402A431A7701229E
:102540000369D20393430361CA498B68590213D5C7
:10255000C8490A69978901225207BF187F88BA18AB
:102560004A61416B914207D191780D2904D1012232
:102570000169120491430161002B6FDAB4210959FA
:102580004A8801214907BB4F5118F9610921C90641
:102590004969C90DC90707D009207D70C00646608A
:1025A0003D70B648B861E4E0008A80040AD5F1F7CE
:1025B0006DFB01282FD01C22F9694878024201D016
:1025C000001F4870AB49C869C96802788B6A5F8888
:1025D00001235B07FB181B781343DB0604D4A54BD0
:1025E0001D700923DB065E60D243920715D008698F
:1025F000A04FC00377D5F1F749FB012874D01F2005
:10260000F969497808426ED009207D70C00646609D
:102610003D709A48ACE0FC22CEE7877843783A4692
:102620009C461A2F72D2964B9A5CFF2A6ED0624556
:102630006CD1042F13D0052F16D0062F2BD0022FCC
:1026400032D00D2F37D00A69D3033BD589480921F1
:102650004570C9064E600570884931E089E0894AB5
:1026600008691043086184E0824908690670467170
:10267000467086718670C671C670067280220271BD
:102680004672C96801230A695B021A430A61C17D67
:102690000822114334E041230A699B029A430A61EC
:1026A0000121744889030BE0496B72480D60C068D2
:1026B000272141715DE06F4801228169D2051143F4
:1026C000816156E00B2F10D00E2F1BD0092F1ED08A
:1026D0000C2F20D002466C4B39460020F1F7C6FA89
:1026E000002846D12CE03BE038E0684B61481A43B3
:1026F0000523DB029A430A610069C17DF72211407C
:10270000C17536E0102002430A6132E020E0012169
:1027100009035848D4E797070423002F07DA554FD9
:10272000BB6102239A430823CE273B5500E01A439E
:102730002A430A610522C01C2C31FEF785FA18E0F5
:102740004C480822C068016911430161C77110E05B
:102750000869082210430861CF710AE0FF204FE7A3
:102760002146FB683A69F8690EF022FDB969084311
:10277000B861404AD0681169076A8B89012149070D
:102780005B1800935B88591800235161019392688C
:1027900011239B041A421ED153011CD4436B8B425C
:1027A00001D0012300E000230293884201D00123DD
:1027B00000E000239C46002F0DD0029B002B0AD086
:1027C0006346002B07D0FB7CDB0904D03B68002B61
:1027D00001D001230193520202D4019A002A72D03F
:1027E0004279930701D5002F17D052085200436B4E
:1027F0008B422BD14271D2060BD51E4A557009224D
:10280000D20656601B4A224B157092691A43194B27
:102810009A618978152903D04AE02A434271E6E794
:10282000014640318C460A46097FFD231940117745
:102830000A073DD50F4A012392695B061A430D4BE7
:102840009A61F72211406246117731E081422FD020
:102850003A8ABB7C0021D2183A827A69BA61BE7486
:102860003A8AFB889A4217D2FB7C13E004250020A9
:1028700058080000B82400200000408008801000A4
:10288000BC44061000010100D02400208054010047
:1028900008800100DB0902D03F68202104E0D20655
:1028A00002D1BA691268BA619F4A9369194391616A
:1028B00001690291002101914179C90704D09A4927
:1028C000406B48612EE048E0002F06D00CF0D8FAAB
:1028D000002802D1029840050FD59348C168416194
:1028E0008068002802DB1120088000E00D800122B2
:1028F0000869D2031043086114E0012001908B495C
:10290000387C096809221202C0068918C00E496F76
:10291000801C854A40185061009948803946D0682B
:10292000FFF734FB804F8121F86889010069084274
:102930000AD0F1F7ABF901280AD01F22796948784B
:10294000024201D0001D48700198002802D004E026
:10295000FF22F3E70099B88A4880734F21463B690C
:10296000FA68F86905F0FEFD387801287ED13B460B
:10297000D8681B69417980229A7203894022125AD1
:102980005B1C0381234620339F785200002F02D125
:102990004769BF1A476100269E70836A9E7A112795
:1029A0003E439E722646604BC036B77B9B789F4263
:1029B00009D173899A1A728105D55B4A5C4F5570AB
:1029C00093693B4393614369574A002B04DC55707C
:1029D000584F93693B4393618B060AD54B0705D447
:1029E0005570554B91691943916102E0FB231940E1
:1029F00041710179C1708179C90742D027464037BA
:102A0000798E0089081A012180B2C903884205D352
:102A100045484A4A45708169114331E0002830D168
:102A2000474800884007400F04F02CFC00903E48C7
:102A30004022C0688179490849008171317A49088A
:102A4000490031729C21095B1152FA8D798D120572
:102A5000120C944682898A4205D18369634502D16A
:102A6000009A002A07D0304A402600E05AE09369D5
:102A70003343936101E00822B2738181F98D09012A
:102A8000816129482F4FC1688A79930728D5762319
:102A90001B5B0E899B1B01269BB2F603B34205D339
:102AA0004570264A8169114381611CE0002B17D1D2
:102AB000FD231A408A7180220169125921310A705E
:102AC000130A4B70130C8B70120ECA7060340169BC
:102AD000A27E20314A710122816952051143816130
:102AE0004178002912D0C068002181700920C006F9
:102AF0004160134800884007400F04F0E9FB0B4891
:102B00000168C819407E002806D108E0074801681E
:102B1000C819407E002802D0012007F0C7F9012023
:102B20000CF044FA03B0F0BDB824002004250020C6
:102B30000880400008800400088002000880080027
:102B4000C000002020090000F0B5FF4885B00168F2
:102B5000FE480C18FE4EB168C8017DD52046803075
:102B60000090806B827AEE231A40827230464A03CC
:102B70000125C068002A42DB4A0105D50020092151
:102B8000C9064860357036E04A0012D5C178491E42
:102B90000906090EC17003D10922D20651603570B1
:102BA00041790A0627D54906490E4171816941617B
:102BB00021E0E84A11420AD02246203295704902AB
:102BC00002D50321917000E095708169416101791E
:102BD0002246C17040329179002908D00921C906E6
:102BE0008968A16400210223E1649377A16541799A
:102BF0004906490E417100204621085543E03169DC
:102C00008A890121490752185288436B521893420E
:102C100013D19378142B03D09278042A08D00CE0B7
:102C2000034640331A7FDF273A402A431A7704E0ED
:102C3000012302699B021A430261806A408840189E
:102C40007D210078095D0843C00606D400200921D3
:102C50003570C906486010E07CE2606D06F08CFFBC
:102C600001460920C0060269236DD21A1202120A17
:102C7000914202D2357000214160F0680122016961
:102C8000D20391430161B168480213D5306980894C
:102C9000012252078018408880187061F268536BD7
:102CA000834207D180780D2804D1412310699B020B
:102CB00098431061002948DA0098806B4188012010
:102CC0004007A34F0818F8610920C0064069C00DED
:102CD000C00707D0002009217D70C90648603D70FB
:102CE0009D48F3E0F86841210069490108420AD093
:102CF000F0F7CCFF012829D01C22F86941780A425C
:102D000001D0091F4170F8697D2201781155C9432E
:102D100089071DD0F8680069C00370D5F0F7B6FFC9
:102D200001286DD01F20F9694978084267D000203A
:102D300009217D70C90648603D708748B861F86810
:102D40000121026909048A430261C0E0FC22D4E740
:102D5000867841781A2E76D2804A925DFF2A72D008
:102D60008A4270D1022E15D0F9684A79D2065BD416
:102D7000062E16D00A69D30328D5002209237D70B8
:102D8000DB065A603D70744ABA6101200A6900048A
:102D900082435CE0F868406B0560F9682320487165
:102DA00095E00122B86992031043B8616C4A086942
:102DB000104015225202104308612046C030C17BEA
:102DC000BA78914230D10821C17380E0002E18D02A
:102DD000012E2AD0032E2DD00A2E35D00B2E38D01E
:102DE000082E39D0092E3AD00C2E3BD002465D4B2E
:102DF00031460120F0F73AFF002868D14BE05DE052
:102E00005AE00A463E46214605F0F5FEF069817912
:102E1000C079000208435449400240185349896A66
:102E2000814200D80846606551E00A46214605F017
:102E3000CBFE4CE0BB6980263343412000040243B3
:102E4000BB610A6143E028E08920C00105E00A6116
:102E50003DE047480240FAE710200243F7E701212E
:102E6000090327E03B4697070426002F08DA9F69ED
:102E700037439F6102239A430823CF26335502E04C
:102E8000D30700D132432A430A610522C01C2C31EA
:102E9000FDF7DAFE1BE0072E06D0F868082201696C
:102EA00011430161C67112E0F969C9780E290ED18A
:102EB00001218906B9610AE0FF2034E72146FB6859
:102EC0003A69F8690EF074F9B9690843B861204BA2
:102ED000D8681969066A0F8A01225207BF1801973C
:102EE0007F88BA1800275A6102979B681127BF0490
:102EF0003B421ED15F011CD4476B974201D0012792
:102F000000E000270397904201D0012700E000274E
:102F1000BC46002E0DD0039F002F0AD06746002F1D
:102F200007D0F77CFF0904D03768002F01D00127B4
:102F300002975B0202D4029B002B78D043799F0753
:102F400001D5002E20D015E00425002058080000EF
:102F5000B82400200000408008001000BC44061087
:102F6000DFFBFEFFD02400209AFDFFFFE0020020DF
:102F7000BFFFFEFF5B085B00476B974243D1437185
:102F80009378042B05D016E02B431F462F4347713F
:102F9000F2E72346C033DF7B082F05D1DC4FBF7833
:102FA000DF737D277F029F81D94B01279B69FF0635
:102FB0003B43D74FBB614379DB060CD5D44B092784
:102FC0005D700023FF067B60D14BD24F1D709B6963
:102FD0003B43CF4FBB619278152A32D10746403729
:102FE0003A7FFD231A40BC463A77130729D5C84BD0
:102FF00001279B697F063B43C54FBB61F7231A40FE
:1030000063461A771DE082421BD0338AB77C0022C8
:10301000DB1933827369B361B274338AF788BB42B8
:1030200002D2F77CFF0903D03668202205E068E071
:10303000DB0602D1B3691B68B361B54B9F693A43A4
:103040009A6142790027D20717D0B14A436B536186
:103050009A78052A3BD1026920231A430261002095
:1030600008704871487088718870C871C87008729B
:10307000087148728020487229E0002E0AD00BF0B7
:10308000FFFE002806D1A2483322C1685201096917
:10309000114209D09E490122C86848610580016932
:1030A000D2031143016112E09B4A317C126809236B
:1030B0001B02C906D218C90E526F0127891C891834
:1030C0004161019A51803146C068FEF75FFF904E22
:1030D0002121F0688901006908420AD0F0F7D6FD85
:1030E000012809D01F2271694878024201D0001DD1
:1030F0004870002F02D004E0FF22F4E70199B08A63
:103100004880834EF26810694106890F13D080060B
:103110003178C00F012902D0B16849031CD50028BD
:1031200004D03069C17D0823194303E03069C17DB3
:10313000F7231940C17521463369F06905F012FA89
:10314000307801280BD000997448896B0322091D3F
:10315000FDF7CCFD05B0F0BD0028E7D1E1E76C48F4
:103160000121C26800695379C67A01962026365C2F
:1031700000278772204620300290807803281CD1D7
:1031800097796348002F18D19F06BF0F15D1624F62
:103190003F682037FF7C002F0FD1176A002F0CD11A
:1031A000CF273F5D8078874207D09089411C7043CC
:1031B000019E89B2801980B201904020805A168900
:1031C000400048437118118102998978002902D181
:1031D0005169091A51610099896B8E7A11273E4312
:1031E0008E7226464A49C036F77B89788F420AD1CB
:1031F000B189091AB1810FD54549494F4D708E6982
:103200003E438E6108E056694149002E04DC4D7052
:10321000444F8E693E438E61990605D53C49424E26
:103220004D708B6933438B6111792746D1704037DC
:10323000BD71E16C80B20818E0649079FB21084010
:10324000334E9071C00717D0B88E1189401A0121F2
:1032500080B2C903884205D375703449B069084308
:10326000B06109E0002807D101230021204605F0C4
:103270001FFAB1690843B061F06881798A0723D5E4
:103280003A8F0389D21A521C012392B2DB039A426D
:1032900005D375702549B0690843B06114E0002A70
:1032A00012D1FD22114081713069009921304968A5
:1032B00001700A0A42700A0C8270090EC1706034F3
:1032C0003069E17E20304171019806F039FC3169A6
:1032D000C8720298002787707078002802D0B078F2
:1032E00003F0F6FF0C4C582120680D544921490188
:1032F0004018407E002802D0012006F0D7FD0120B2
:103300000BF054FE20684030077605B0F0BD000099
:10331000B82400200800010004250020FA00300035
:1033200008804000080004000800020008000800AF
:10333000F0B599B001200E90FD48FE490068FF4E9F
:103340004518FD21C9004418FB4947180121109177
:1033500000210F910497F949B2680969D30116D584
:10336000530314D5B8680A8A80B282420DD1009105
:10337000386A00232946F2680DF0C6FFC035A87BE5
:10338000B178884201D10820A87319B0F0BD002A95
:103390007EDACA8901235B07D2185288D6182A46DA
:1033A00020320D92D278022A73D033781B071B0F7C
:1033B0001193012A05D1022B03D0012B01D0042B3C
:1033C00054D101220F9200228A72FA684A82FA6866
:1033D000927AE36B94460922D20612699A1A130272
:1033E00001221B0AD205934238D900220923DB06A9
:1033F0005A60049A9446D268927A49235B01C018B5
:103400000790807E00280BD060460123C0681A43D5
:103410008272C87A84462438C0B2032806D006E0F7
:10342000112002436046C06882721CE00020079AA7
:103430000123927E83401A42049209D1401CC0B2FB
:10344000032800D100200123049A83401A4202D0AD
:103450002530C0B284466046C87204E06046EE2162
:103460000840F9688872284605F004F9B048F02150
:103470000068095C002905D1232149014118097A16
:10348000002922D01321C90140188068002101E0E1
:103490006AE22CE16A461173059016A8069004961C
:1034A00014A809900797089503A8F0F771FBA349A2
:1034B0000871A248007901287ED0119804280D983F
:1034C000C0787AD0012879D0FBE030780AA90007CB
:1034D000000F0990304605F00FFA04A9304605F0B8
:1034E00001FAB01C01460A7810464A7812021043CD
:1034F0008A78C9781204104309060843317800021B
:103500004906C90F084306907279317A1046B2799C
:10351000090612021043F279120410430843000214
:10352000000A01020790069800F08CFF0146834ACA
:10353000002010710998032804D0052802D0012822
:1035400004D00BE07D4A0120107107E004982A683E
:103550009042F7D105986A689042F3D10D980079AE
:10356000002804D0002902D174490120087109986B
:1035700004289ED16E4801681320C0010818806895
:10358000082142181378194653781B02194393787F
:10359000D2781B041943120611430B020178C01C98
:1035A000C9090B43082141180A7810464A781202CB
:1035B00010438A78120402E0ACE192E010E0C9788E
:1035C00010430906084300020699000A994203D1F4
:1035D0000799814200D16CE7584901200871C0E188
:1035E0000AA9304605F088F9514813230168DB0128
:1035F000C81880680B9A0178D2034906D20F490E89
:10360000D201114301704A4806220168C818816836
:103610000AA80831FDF718FB4548F0210068095C4D
:10362000012905D0232149014118097A002927D011
:1036300011239B01C118097DFF2921D03722514355
:103640000918FF314131497B012919D01321C901E2
:1036500040188068402302781A43027034481122CF
:103660000068920182184118127D37235A431018BE
:103670008968FF3006224130891CFDF7E5FA20E019
:103680001323DB01C0188068BF22017811406A68EB
:10369000D203D20F92011143017025480168C81866
:1036A000816828688870020ACA70020C0A71000ECC
:1036B00048711F480168C8188168A8888871000A85
:1036C000C87101211D48890281610D98C0780128C7
:1036D0007ED1119802287BD0012879D0002010904B
:1036E000A0E0012875D1C1021448816139E1F021BF
:1036F000095C002905D1232149014018007A0028DE
:103700001ED00120694608730020059016A8069077
:10371000049614A809900797089503A8F0F738FABB
:103720000649087114A8F0F799FA012878D079E0D1
:1037300004250020580800003C090000B82400209F
:10374000307806A90207120F3046139205F0D4F81C
:1037500004A9304605F0C6F8B01C01460A781046A8
:103760004A78120210438A78C97812041043090675
:103770000843317800024906C90F0843089072795E
:10378000317A1046B279090612021043F279120416
:10379000104308430002000A01020990089800F053
:1037A00051FE844638697969AB4B00221A71139A2D
:1037B000032A15D0042A13D0052A11D0022A0FD0CB
:1037C000062A0DD00D9A1279002A0CD0604601E02D
:1037D00028E02BE000280CD0139801280CD017E02B
:1037E00001221A71EEE7069A824202D107988842B6
:1037F000F2D001201871EFE704982968884203D1BC
:1038000005986968884203D001201871A9E007E093
:10381000187901287ED008A8F0F720FA012801D1F4
:1038200000200E908C480079012874D00D98C07843
:10383000022870D10E9800286DD0B86886490969B1
:103840000882386A0590801C04900920C006216C0B
:103850008068081A0002071280480068806A039096
:10386000874209DAA06906F087F9C719208C401C45
:10387000208403988742F5DB384606F0DFF9C00163
:10388000040C059880210078744A430630785B0E5A
:103890004000084003430598F02103701068095C5C
:1038A000012905D0232149014118097A00293BD07B
:1038B0001121890147187F7DFF2F19D037225743E7
:1038C0003818FF304130407B012811D0402003439D
:1038D00005980370614800684118497D51430818F4
:1038E0000599FF3006224130891CFDF7ADF91BE038
:1038F0000498296801700A0A42700A0C8270090E45
:10390000C1700499A8880871000A48710598BF2100
:10391000007801E025E021E008406968C903C90F8B
:1039200089010843059908700AA9304604F0E4FFAC
:1039300005980A9901720A0A42720A0C8272090EEB
:10394000C1720B990173090A41738475210AC1750B
:103950000A9828610B98686119B0F0BD109800288A
:10396000FAD00F98002845D13B4800210269917296
:10397000F8685082F868817A0920C006E36B06690E
:103980009B1B1E020123360ADB059E4238D900210B
:1039900041603248036832481818C168897A49265C
:1039A00076019B199E7E002E0AD00126C068314305
:1039B0008172D07A01462439C9B2032905D005E0C5
:1039C0001122C0681143817211E000219B7E3746AD
:1039D0008E40334208D1491CC9B2032900D10021CD
:1039E0003E468E40334201D02531C8B2D0722846BF
:1039F00004F040FE0925ED066868002804D011E0B7
:103A0000EE200140F868DEE71448016849204001D3
:103A10000818407E002802D0012006F047FA012055
:103A20000BF0C4FA206C29690126401A0002000A32
:103A3000F605B04290D3A06906F09EF8216C4018BC
:103A40002064218C491C21842969401A0002000A43
:103A5000B042F0D219B0F0BDB824002004250020F7
:103A60003C0900000A480B49006840180921C906B2
:103A70000A69026500228030406A82720868002864
:103A800004DA0548C1680889401C088170470000B5
:103A90000425002058080000B824002010B516485E
:103AA000164900684418A4200059817A4908490041
:103AB0008172F0F7EBF8012814D0FF20013006F0F6
:103AC0005BF8216D40180002000A206501214906BB
:103AD00040180921C90648600948C1680889401C86
:103AE000088110BDE06C06F047F8216D4018000217
:103AF000000A2065EAE700000425002058080000BD
:103B0000B824002010B500200921C90648600748E4
:103B10004921006849014018407E002802D0012058
:103B200006F0C4F901200BF041FA10BD0425002075
:103B30000A7802704B7843708A788270CA78C270B3
:103B40000B7903714A79427170470000F0B58DB06E
:103B50000026574D0446069607960896099628684B
:103B6000E030007C012803D101F0FCFA012811D0DB
:103B700029680020E0314874E01D0B94029017344E
:103B8000059400200B9900F083F90646FF2804D025
:103B9000002003E00C200DB0F0BD07200A9028683B
:103BA000F100444A0918891803912F21490140184E
:103BB0000C9070087F285BD000F024FB0746F009CA
:103BC00003D07F1E7606FFB2760E37202968784331
:103BD00044180398FF34C77103201B340B9900F07D
:103BE00027FB01460020FF22A070E2702670FF290B
:103BF00006D00122A270E170CA000C995118CF7151
:103C000026460121203671750746B075102206A997
:103C10000298EFF757FE00280BD01022201D0299C2
:103C2000EFF748FE21462C31201D01F05FF8277583
:103C300001E001202075102206A90598EFF742FE49
:103C400000280DD020461530102205990390EFF77B
:103C500031FE21462531039801F048F8F77401E060
:103C60000120F0746178012000F020FAFF206070DC
:103C7000104E0024F836371F0EE0E10008188119B5
:103C80000022029801F018F8002803D121460220F2
:103C900000F00CFA641CE4B22868C1190978A1424A
:103CA000EBD829680120E03148740A9873E70000D6
:103CB000042500206C040000F1B5194D002128688E
:103CC000E03041740320009900F0E2F80127044637
:103CD000FF281ED000263046009900F0A9FAFF28E0
:103CE0000DD0C10028680F4A09188918CA793723EE
:103CF0005A431018FF301B308770C470C8792A6887
:103D0000E100891840062F22400E52018918C8711F
:103D100000E007262868E03047743046F8BD000010
:103D2000042500206C04000070B5274C0025206895
:103D30000126E0304574007C012803D101F012FA1D
:103D400001283CD0214B20687822FF21C018EFF7D2
:103D5000B5FD1E4B2068F8337822FF21C018EFF71D
:103D6000ADFD9D232068DB007822FF21C018EFF70E
:103D7000A5FD23212068490141180D722721490121
:103D800041180D712B21490141180D70F4210D5876
:103D9000FF300F4A00211B30EFF790FD2068FF2114
:103DA0000246E03213469174112292018218117674
:103DB00051769176803045675E74002070BD206832
:103DC000E03046740C2070BD042500206C04000017
:103DD0003903000010B5084C2F2320685B01F8223E
:103DE000FF21C018EFF76AFD172221680020920119
:103DF0008918087710BD00000425002010B504467E
:103E000001F0B0F9002801D00C2010BD0248006874
:103E1000E0300474002010BD0425002010B564219A
:103E2000064C4843216880314867FDF791F92168C5
:103E3000803188670020C86710BD0000042500207D
:103E400010B504460146042000F0F2F9FF2801D025
:103E5000012010BD2146042000F01AF8002010BDFA
:103E600010B50146042000F0E3F90146FF2802D016
:103E7000042000F01BF910BD00B50146042000F03D
:103E8000D7F9FF2801D0012000BD002000BD0000AF
:103E9000F3B505007F4883B0006808D0012D0DD030
:103EA000022D0ED0042D1BD02F2149010AE07A49A2
:103EB0008D22411801910F21D20020E09D21C900DF
:103EC00000E0764941180191032D0BD0042D0CD050
:103ED0000F21012D0BD0022D0CD0042D03D10CE0AD
:103EE0006F49EFE71F216F4A09E00821F1E76E4AA9
:103EF000801805E02B22520101E0DB22D20080185D
:103F0000009004788C4207D1002D15D0032D13D0DA
:103F1000042D11D0012D0FD08C4201D1022D0DD0D6
:103F200000262846049900F083F90290FF2807D064
:103F3000FE26002D7ED0AAE0FF26A8E0FC26F0E7B2
:103F4000FE2E78D0022D10D1FC2E0ED15148019AB0
:103F50000068FF300130417ECB009A18D27942765A
:103F6000022000F0A3F8641EE4B2002C3DD00198BA
:103F7000E1000F183E46083E04990720401E0B5CE6
:103F8000325C9A1A0BD0002A0BDD0198E100081868
:103F900007220499EFF78EFC261E26D02BE000287E
:103FA000ECD1384607223146EFF784FCF079F871FE
:103FB000002D03D0032D01D0012D12D1F079C14382
:103FC00049060ED037214843324909684018FF306E
:103FD0001B30002D02D0012D17D0C01C0178491CC8
:103FE0000170641E2406240EC1D107220499019891
:103FF000EFF760FC00260098022D08D000780099A9
:10400000401C0870002D3DD041E0401CE6E70178DF
:10401000002921D00198CA001018C01D0278521C36
:10402000D2B2A24200D902700838491EF6D10098D7
:10403000007801E028E022E000280DD01548006853
:10404000FF300130417EA14201D3491C4176017EFF
:10405000A14201D3491C01760E480168FF310131AC
:10406000097ECA0001995118CC710068FF300130F7
:104070000476009800990078401C087007E0002D35
:1040800002D004E0FE2E02D1029E8020064330467C
:1040900005B0F0BD042500206C040000640500009C
:1040A000DC060000DC050000E4040000F0B50400BC
:1040B0004E4883B000680F4608D0012C0AD0022C6D
:1040C0000BD0042C2BD02F21490107E04849401880
:1040D000009009E09D21C90000E046494018009089
:1040E000032C1ED0042C1ED00F20FF2F5ED0401EAC
:1040F000C0B23E46019087422ED20098F1000D18C2
:104100002946083128460722EFF7D4FBE87BE871FF
:10411000002C0AD0032C08D0012C06D017E0364919
:10412000DCE71F20E1E70820DFE7C14349060ED0A6
:10413000372148432D4909684018FF301B30002CB7
:1041400002D0012C1ED0C01C0178491E0170761CC3
:104150000198F6B28642D0D3C100009807220D180C
:104160002846FF21EFF7AAFBFF20E871002C0BD0B7
:10417000012C0FD0022C11D01C48042C006832D026
:104180001E490FE0401CDFE718488D210068C90078
:10419000401808E015481A49006803E013482B212D
:1041A0000068490140180178491E0170022C18D19D
:1041B0000E480068FF300130417EB94201D9491EE6
:1041C0004176017EB94201D9491E017600980F213E
:1041D000C01D0278BA4201D9521E02700830491E31
:1041E000F7D103B0F0BDDB21C900DBE704250020D7
:1041F0006C04000064050000DC060000DC05000023
:10420000E4040000094AFF201368002137224A43D2
:10421000D218FF323B32527D002A04D0491CC9B269
:104220000F29F3D37047084670470000042500208B
:10423000F0B5234A0028126808D001280BD00228C4
:104240000CD004282FD02F235B0108E01D48121842
:10425000964604220CE09D23DB0000E01A4BD218A6
:104260009646032821D0042822D00422042821D0F5
:104270000F20844601209040C3B200265B08F0184E
:10428000C0B260450BD2C200744614190722521EF8
:104290008D5CA75CED1B0FD0002D00DD0646002BCA
:1042A000ECD1FF20F0BD094BD9E705221F20E0E744
:1042B0000322DBE70820DCE7002AE8D1F0BD00009C
:1042C000042500206C04000064050000DC060000EA
:1042D00070B5304D2E4A28680021FF301B30EFF7B3
:1042E000EDFA2868FF21F22211541122920182185E
:1042F000117651769176284AF4210A502F235B01DA
:10430000F822FF21C018EFF7D9FA244B2868782249
:10431000FF21C018EFF7D2FA204B2868F833782233
:10432000FF21C018EFF7CAFA9D232868DB00782226
:10433000FF21C018EFF7C2FA194B28684022FF216D
:10434000C018EFF7BBFA23262868760100248119EC
:104350000C722721490141180C712B214901411888
:104360000C701721890141180C771B218901401815
:104370000476FCF7EDFE29680B46803398678819B0
:104380000A4601210471E0325174DC67847170BD0A
:104390003903000004250020905F01006C04000038
:1043A000DC060000F0B4234B00281B6808D001286D
:1043B0000BD002280CD0042833D02F24640108E04D
:1043C0001D481B189C4604230CE09D24E40000E0DB
:1043D0001A4C1B199C46032825D0042826D00423F8
:1043E000042825D00F2701209840C3B200205B0885
:1043F000C418E4B2BC420FD2E50065442E686D6873
:104400002D02AA4203D8AA4206D1B14204D32046C3
:10441000B14201D1AA4202D0002BE8D1FF20F0BC6A
:104420007047074CD5E705231F27DCE70323D7E7B1
:104430000827D8E7042500206C040000640500006C
:10444000DC0600000A4610B501460320FFF7AAFF6C
:10445000FF2801D0012010BD002010BDF0B5A3B091
:1044600001780E91456881681091C76801691E91B5
:104470004169059180690024189417940090FF26E3
:1044800016941D940894A81CF4F721F829780002CA
:104490004906C90F08433860681DF4F718F8000290
:1044A000000A786028460830F4F711F829780002ED
:1044B000C9090843029028460B30F4F708F80002B7
:1044C000000A03907A681002810F012902D139781D
:1044D000012900D000211391039909028B0F012BB0
:1044E00003D1029BDBB2012B00D000231593800F78
:1044F00002D13878012800D000201B90880F03D10A
:104500000298C0B2012826D0002128780507FB4870
:104510002D0F03681846FF301B302190F8481818FB
:10452000149000200F9012900C9001201A901C9073
:104530000098426000983A680260F048006819905C
:10454000E030027C0B92002A00D0012211920B9ADB
:10455000012A02D005E00121D7E7407C002800D1E4
:1045600001240E98002811D001284ED0032D02D02E
:10457000052D00D001240598007E03287ED0022856
:104580007DD001287CD004287AD09CE0032D06D071
:10459000052D04D0042D04D0012D05D009E00124FF
:1045A00007E001200F9004E01198002801D10120BC
:1045B000129010981690801C189010980830179040
:1045C000059820300079032810D001280ED0002251
:1045D0000C92059200280BD0012809D000201A90D7
:1045E0000B98012806D0012D09D0A0E00122EFE7A9
:1045F0000120F4E7012D6FD1002900D00124159886
:10460000002801D101201290C1E0002D02D0012D1F
:1046100000D0012405982030007901280ED0002216
:104620000C921B9A002A01D0002809D00122059281
:10463000159A002A06D0012D09D019E00122EFE7D2
:104640000022F4E7012D13D10B9A012A06D00B9A10
:10465000002A0BD0159A002A08D009E02323199AC2
:104660005B01D2181279012A00D101240122129291
:10467000139A002A06D00B9A002A02E01CE019E0E7
:104680001CE006D1002801D101220F92139A002AC2
:1046900007D00B9A012A45D1002805D101201D9091
:1046A00002E00B9801283DD1012D78D100296ED070
:1046B00001246CE0052D06D1012404E013990029A2
:1046C00008D0002A06D000210F91032D05D0052D1A
:1046D00009D00FE00121F7E729E005992031497B56
:1046E000C90705D106E005992031497B890701D525
:1046F00001210C910C990591012112911099891CAD
:10470000189110990831179110991691012A07D123
:10471000012801D0042803D11B99002900D00124CD
:10472000052D29D0012D32D00E98012837D01898A8
:10473000F3F7CDFE1699000209784906C90F084320
:1047400009901898C01CF3F7C2FE0002000A0A90F4
:104750000E98012823D01798F3F7B9FE1699000296
:104760000978C90908430D901798C01CF3F7AFFEEC
:104770000002000A109020E013990029D7D00128E8
:1047800001D00428D3D101200890D0E707E001210F
:10479000199889024018C16D0991006ED7E71E98DB
:1047A00000691E9949690202CB03DB0F09041A4311
:1047B000090A000E01430D921091002C73D1139839
:1047C000002866D00B9800281CD01198002860D0D3
:1047D0007868396802020120FFF7E4FD474B014683
:1047E0009D221868D2008218FF290CD0FE293ED0E5
:1047F000C8008018C6791498F1000918072200989B
:10480000EFF758F883E0052D02D10E99022904D064
:10481000F221095CFF2913D029E00121384600F07C
:10482000B3F941087F2903D0C10014980818E1E7C3
:1048300008990598084301D0012468E0002466E047
:10484000112189014118497EFF2910D1FF3007222B
:1048500039460130EFF72EF8284800210068F2228F
:10486000115401464031CA79EF231A40CA710E999A
:10487000012904D0059C4AE001200F9047E0232144
:1048800049014018C0790228D6D20C980028F3D0EC
:10489000D2E71B98002802D00B98012804D0119869
:1048A00000280CD104E039E00020059C1C902EE08B
:1048B0002321199849014018007A002827D07868E8
:1048C000396802020020FFF76DFDFF281FD0C100EC
:1048D00014980818C6793720219970434018017D33
:1048E000002900D0012120302091807D002809D0AE
:1048F00000201F90002907D009E0000004250020B7
:104900006C0400000120F4E71F98002894D1574858
:104910000168112080010818067546751198002855
:104920004BD0FF2E0BD00898002808D04F480168C4
:10493000112080010818807DB04200D001241D980C
:1049400000280BD0FF2E09D04848016811208001B3
:104950000818807EB04201D0012447E0002C45D1E8
:10496000159800282BD0012D29D14048029A0068C3
:10497000C11DF9310B699A4205D1039A49691202A6
:1049800009028A421BD0112189014118497E1A9CD3
:10499000FF2912D1FF30072202A90930EEF78AFF62
:1049A0003248EF23016808464030C2791A40C2718C
:1049B00011220020920189184876002C16D11C98EB
:1049C000002813D00C98FF2E07D000280ED03720D7
:1049D000219970434018807806E0002806D0786856
:1049E00001023868FFF72EFD0028B5D00F98002887
:1049F0002AD00D983968884203D110987968884286
:104A000022D01198002807D11848016823204001BE
:104A10000818007A002800D00120FF2E02D020992B
:104A2000002907D000221F99002905D00021052D5B
:104A300017D103E00122F6E70121F8E7002810D0A2
:104A4000002A0ED000290CD0002C0AD11298002880
:104A50000AD002990998884203D103990A9888429A
:104A600002D0012023B0F0BD0020FBE70425002088
:104A7000F8B5FCF76DFB434C074621680A468031C8
:104A8000886FCB6F381A1818C8674B6F000B9842A5
:104A900036D30020E032C8675074107C00282BD039
:104AA0000025232676010BE03721694308180146CB
:104AB000FF31FF304031303000F018F96D1CEDB29D
:104AC00020688119097AA942EED800250BE0372128
:104AD000694308180146FF31FF3047311F3000F0AD
:104AE00005F96D1CEDB220688119097AA942EED84A
:104AF000216801208919887121680120E0314874FA
:104B00002068F8210F5072B601464031CA7910234F
:104B10001A43CA7162B60146E0310A7C002A24D0E9
:104B2000897CFF25002906D1FF30013000F02CF8E8
:104B30002068E030857411262168B6018819407E0E
:104B4000FF2813D0372250434018FF30FF31002296
:104B50003030093100F0B0F8002808D0216800207A
:104B60008919C8752068801945760020F8BD20682D
:104B700001218219FF30D175013081680161C1685E
:104B80004161EFE704250020F3B505468DB0FF2015
:104B9000454C03904549206847189D21C90040189D
:104BA000049029460220FFF743FBFF284AD100204A
:104BB00005902320216840010918097A002931D97C
:104BC000F8793721484321682A79461838490E9BDD
:104BD0000A706A7930464A70FF30AA791F308A70AD
:104BE00006AA061F01F04EFC0322691C06A8EEF778
:104BF00069FE002829D0307D012806D107223946D8
:104C00002846EEF75FFE00281FD005980837401CA5
:104C1000C0B205902320216840010818017A059848
:104C20008142CDD821680020E03148742946022015
:104C3000FFF72EF922680121E0325174FF2801D0DC
:104C4000FE20039003980FB0F0BD059803902168F3
:104C50000020E031487471780120FFF727FA1549E8
:104C60002068411809780F290CD19D23DB00782298
:104C7000FF21C018EEF722FE2722216800205201F2
:104C80008918087129460120FFF702F97070C200E7
:104C90000498F9791018C17121680120E031487435
:104CA0000398FF28BED0CDE7042500206C04000047
:104CB000D0020020E404000010B50C460B790A492C
:104CC00084B00B7063794B70A3798B7013466A467E
:104CD00001F0D8FB0322611C6846EEF7F3FD0028C3
:104CE00000D0012004B010BDD0020020F3B589B07F
:104CF0000D46FBF78AFF8002800A012189050843DF
:104D000000226B461024114601E0032A04D2D7008A
:104D10000646FE401E7000E01970521C5B1C641EAB
:104D20002406240EF1D1002304AA6946099801F053
:104D3000A9FB03226946281DEEF7BCFD032204A946
:104D4000681CEEF7B7FD012028700BB0F0BD000025
:104D5000FFB55C49964609685B4A8DB08D183922CB
:104D600052018A18944652791127169B04920C46D8
:104D7000BF010020179E9206A034CF190833002AE5
:104D80000FDA6246D27952070BD50D9A012A08D95B
:104D90007246012A05D10E9A002A02D0FA7D002A15
:104DA0000BD0F022525C012A23D13F7DFF2F20D06F
:104DB0002079C00732D0002431E03A7D0120FF2A5B
:104DC00019D06F4649C7372042435018FF30013091
:104DD000807EC00041183D480B182079C00701D0E3
:104DE000002000E01020A12108437146109A10E035
:104DF000012011B0F0BD694649C12079C00701D03A
:104E0000002000E01020A121169B084301227146DA
:104E10009B1C00F061F9002850D1E9E71024A12083
:104E2000044370460790109809903720474378183C
:104E3000FF300130807E0593C000421823480B9656
:104E40001018089018980290032213301043401C49
:104E50008308E00603D50722BF20044007E004983A
:104E60008006C5D5604680798007C1D50522200718
:104E7000800E40180121C9024018C06C214609F07B
:104E800001FA06001AD007983071099870713546FA
:104E9000371D18350622B01D0899EEF70BFD029854
:104EA0003872FD602846029A0599EEF703FD0B98CB
:104EB00038743146204609F0D1F999E7296A002073
:104EC000087095E7042500203C0900006D040000EF
:104ED000FFB595B000257C480295039500880E46E5
:104EE00079494007C00D0C314018C18901204007A5
:104EF00009184988FF230C187448372102681120CB
:104F000080011018407D1B33414389185B5C079377
:104F1000E3799B09012B04D123785B0601D5012796
:104F200000E0002723235B01D2185279012A17D908
:104F3000FF2815D01598002804D0607B800901282F
:104F400005D00DE00622FF3102A8413106E02078AD
:104F5000000605D521460622083102A8EEF7AAFC74
:104F6000002F35D017983C2800D105AE574F11209F
:104F7000396880010818407DFF2824D00622A11C32
:104F80006846EEF797FC07985149C5003868062235
:104F9000281841183046EEF78DFC386823212A186E
:104FA00049015118097B3722891CB17111218901EE
:104FB0004118497D51430818FF300622A11C483092
:104FC000EEF778FC06E00622A11C3046EEF772FCF4
:104FD000009501953D48A4210068095CC90701D0EE
:104FE000002700E0102717990C9118990B9115993B
:104FF0000991716808230902090E0A9102A9079113
:10500000694606911E9913911F9912912099803734
:105010000903090C11912199C9B20F91F90603D521
:105020000B22BF210F4009E03921490141184A797B
:10503000920635D5C979890732D509223907890EF3
:1050400008180121C9024018C06C394609F01AF944
:10505000040025D00C9921710B99E18009992172E6
:105060000A99251D617206223146A81DEEF722FC21
:10507000284606220C300799EEF71CFC284606222B
:1050800012300699EEF716FC139929831299698359
:105090001199A9830F99A9772146384609F0DEF8BE
:1050A000179800280ED170680A4CC003C10F206801
:1050B0000622816331463930EEF7FCFB2068383038
:1050C000EEF7C4FD19B0F0BDC0000020042500209B
:1050D0006D040000C4240020FFB504230546C1066A
:1050E0001F4881B00C9E006803D50C22BF210D40E3
:1050F0000CE03921490141184A79920602D5C97953
:10510000490702D4002005B0F0BD0A222907890E04
:1051100008180121C9024018C06C294609F0B2F8EC
:10512000040019D00298207103986071271D06228F
:10513000A01D0499EEF7BEFB0A9838723846062285
:1051400009300B99EEF7B6FBFE732146284609F0AD
:1051500085F8002005B0F0BD072005B0F0BD0000C7
:105160000425002010B502F009FA082803D302F044
:1051700083F9082801D2012010BD002010BD0000D5
:1051800070B5134909220968120200208B18AC225D
:10519000525C19E060249D6E44432C195C252D5D02
:1051A000ED060FD50B480818C030428A018A608985
:1051B00000F0C2F93A2804D04034207FEF210840A3
:1051C000207770BD401CC0B28242E3D870BD0000A1
:1051D0000425002058080000F8B5104E3068203033
:1051E000C57D002D19D0002409273F0210E0E907F2
:1051F0000BD0C019816E6020604308184030417F99
:10520000204600F085F8002807D06D08641CE4B241
:105210003068AC21095CA142E9D8F8BD0425002022
:1052200070B54030018942880025914200D3114673
:10523000C38A028A934200D21A46C48883889C4259
:1052400000D22346868A448AA64200D23446468942
:105250008E4200D00125C189994200D00125018BE1
:10526000914200D00125408BA04200D00125284664
:1052700070BD70B50C46054602224831C01CFBF7D4
:10528000E3FC214602225631681DFBF7DDFC214676
:1052900002224631E81DFBF7D7FC214628460222B0
:1052A00054310930FBF7D0FC403420891B211B28E6
:1052B00000D22181E28AFF204930824200D2E0827E
:1052C000E2881B2A00D2E180A18A814200D2A0821A
:1052D00070BD000070B50D460B490024884204D80B
:1052E000032102F0EDF8082801D302240AE007495F
:1052F000012209682031C97D8240114202D129462C
:1053000000F006F8204670BDFF0E000004250020C6
:10531000F8B5064624480F46006824494418092178
:1053200009024018816E602070430D18304602F06B
:1053300049F9002816D02046CF30CC3472B6027816
:105340000121B140082A02D36A7992070ED0687908
:10535000800726D4144800682030C27D0A43C275F5
:105360003A201FE02046CE30CA34E7E77A06104BD9
:105370005208D2186B6B1A603A0601D4132200E06F
:1053800012226B7913436B710670288B2080403595
:1053900005486F7700682030C27D8A43C2750020BF
:1053A00000E00C2062B6F8BD04250020580800007B
:1053B00003020200F7B50F4682B0032102F080F825
:1053C000064602F0FFF80090082E02D3022005B036
:1053D000F0BD2948294900684518092109024018EB
:1053E000816E602070430C1872B6A0784007400FA1
:1053F000052804D0022802D00C2062B6E7E76079C5
:10540000800701D03A20F8E72046403047800499D1
:105410000182017F202211430177616B18480860E7
:10542000676B204602224430F91CFBF70DFC204636
:105430000222791D5230FBF707FC20460222F91D9B
:105440004230FBF701FC3946204602220931503038
:10545000FBF7FAFB60790121084360717D20009918
:105460004002002904D0C035A881EE730020C4E7B3
:10547000C0356881AE73F9E70425002058080000A4
:105480000309140070B5032102F01AF8082801D3AB
:10549000022070BD26490922096812028918896E06
:1054A000602250430D1868796E6B800701D03A2056
:1054B00070BD2C464034E188A08800F09DF8E08162
:1054C000A18A608A00F098F860832189608800F0E2
:1054D00093F86081E18A208A00F08EF82083C0086A
:1054E0000E3881B2608900F087F8A08111483060E1
:1054F0006C6B284602224430E11CFBF7A5FB2846D2
:105500000222611D5230FBF79FFB28460222E11D5B
:105510004230FBF799FB21462846022209315030E0
:10552000FBF792FB6879012108436871002070BD88
:105530000425002003091500F7B52C4F0E462C4911
:10554000386882B0441815460321029801F0B8FF6C
:1055500000900920396800020818816E00986022C6
:1055600050430F18009802F02DF8002807D0CF20E4
:10557000005D0099082905D3022005B0F0BDCE20BA
:10558000005DF6E74037397F4A0701D51A20F4E776
:1055900032461B3AE12A05D22A46FF3A154B493AD0
:1055A0009A4201D31220E8E78A0601D4C90701D044
:1055B0000C20E2E7082801D23A20DEE7C034A08AB6
:1055C000B04200D20646E08AA84200D20546788959
:1055D000B04204D1388BA84201D10020CDE72A4641
:1055E00031460298FFF7E6FEC7E7000004250020D9
:1055F0005808000049410000884200D3084670471F
:10560000F8B51C4615460E460746EEF73FFB002848
:1056100005D004F007F9002803D00C20F8BD1120B4
:10562000F8BD1249124A0968002089183A461B3A07
:10563000E12A00D330203346FF3B0E4A493B9342D8
:1056400000D330202B461B3BE12B00D330202346D8
:10565000FF3B493B934200D3302072B6C0318F826A
:10566000CE820D834C8362B6F8BD00000425002075
:10567000580800000107000018B51C4909220968F4
:1056800012028A186023926E5843121864206B46E7
:1056900018700923DB066C462078401E2070D868FD
:1056A000C00302D520780028F5D12078086D496D17
:1056B000030C180A0002C9B20843D9B2002801D06D
:1056C0000B2901D97F200EE0062359437F3901E0E1
:1056D0004008891D1E28FBD8FF23A2335843044BE2
:1056E000C018800A4018907318BD000004250020DF
:1056F000A0460000F3B5054693488DB00168934875
:105700000F189248E4300C18FD20C00008180490CF
:10571000092000020818806E069001F02FFF06464F
:10572000E0210E98C8553046082E0AD2002D7DD1B2
:1057300072B601F0CDFD62B6304600F065FE00267F
:10574000FFE0002D72D038468030C1680291866833
:1057500042200A9009907E48089000200C9001F0A9
:10576000F3FE054605AB3246029902F007F8012127
:105770000646490405E0800805900C98401CC0B21C
:105780000C9005988842F6D80C980599800440182A
:105790000B2109054018059078684021800A0840CF
:1057A0006949C01C0A681321C90151188968087029
:1057B00065480C2102681320C001101880684170F0
:1057C0006148396802681320C00110188068801C85
:1057D00000F0E4F95C4801681320C00108188168F2
:1057E000B8888871000AC871574801681320C00141
:1057F000081841689031A16141686031396341689E
:105800003031E16140682062E16900200870216A5E
:105810000870A0696168E2685080E0680180388E95
:10582000E168626850806068018000E088E0464876
:1058300001681320C001081800892168226850807F
:10584000206801800021099B2768C81D02463B543F
:105850000A98E368985463689854059AE368081DA9
:105860001A54089A63681A54059A23681A540A98B5
:10587000491C000A0A900998C9B2000A09900598C3
:10588000000A05900898000A08900329DBD32E48E7
:105890000168492040010B18987E002815D0E16866
:1058A0006801C01C8872216868018872616888720A
:1058B000E1680320C87221680122CA726168C87257
:1058C000082D39D2002E04D03BE0E1686801133086
:1058D000E8E72049A8014018002181729B7E002B37
:1058E00028D0DF0701D0252302E09B0722D52623FD
:1058F000C37223680382E3684382174BC361174B6B
:10590000836120231A54C1756020069B6843C01828
:10591000417172B6049BAA401B7D03241A43847014
:10592000241F4481C1730498027562B6184601F0C1
:10593000C7FF06E02723DBE7002E02D1412600E067
:105940000C2630460FB0F0BD04250020580800009A
:105950002C01B000CC00002055555500D6BE898ED4
:10596000F8B51D460F4602230446C10612481646E6
:10597000006803D50322BF210C4008E0072109027B
:105980004118897F090601D40020F8BD01222107B2
:10599000890E08180121C9024018C06C214608F080
:1059A00071FC010006D00F71CE800D72204608F008
:1059B00055FCE9E70720F8BD0425002070B50E4628
:1059C00001230446C10612481546006803D5042287
:1059D000BF210C4008E0392149014118C978090666
:1059E00001D4002070BD02222107890E0818012170
:1059F000C9024018C06C214608F044FC010005D0E3
:105A00000E71CD80204608F029FCEAE7072070BD22
:105A100004250020FFB581B006460A980321133003
:105A20000843401C83081F48F106006803D507227D
:105A3000BF210E400CE03921490141184A799206F4
:105A400002D58979890702D4002005B0F0BD05226E
:105A50003107890E08180121C9024018C06C31466F
:105A600008F010FC05001AD002982871039868719C
:105A70002C462F1D18340622A81D0499EDF71AFF95
:105A80000A983872FC6020460A9A0B99EDF712FFCB
:105A90000C9838742946304608F0E0FBD4E707201C
:105AA000D3E7000004250020FFB51F460523064666
:105AB000C1061E4881B0006803D50522BF210E40F3
:105AC00009E03921490141184A79920629D5897995
:105AD000C90726D003223107890E08180121C902FF
:105AE0004018C06C314608F0CDFB04001CD0029871
:105AF00020710398E08027720A9860722046251D65
:105B000006220A300B99EDF7D5FE0C98A8810D9866
:105B1000E8810E9828820F98A8742146304608F034
:105B20009DFB002005B0F0BD0720FBE70425002009
:105B3000F8B51D460F4603230446C106164816460F
:105B4000006803D51022BF210C400BE03921490128
:105B500041184A79920602D58979490701D4002073
:105B6000F8BD0D222107890E08180121C90240182D
:105B7000C06C214608F086FB01000AD00F71CE8070
:105B80000D81069A4A81079A8A81204608F066FBB1
:105B9000E5E70720F8BD00000425002001700A0A8F
:105BA00042700A0C8270090EC1707047FFB506463C
:105BB0008DB050890690F9480921006809020A90C1
:105BC0004018806E14460C905279204640305106A1
:105BD0001D460B90002901DBE8076FD000200890DC
:105BE0000B9800880190A089A1698446A07840079D
:105BF000400F05282FD003282DD001200990BF2069
:105C0000024062710E9FEA07384640301037002A82
:105C100009D03C21089100210E9F069101918183BA
:105C20008C468180083739220A9B52019B185A7989
:105C3000920612D5DA7992070FD58088019B6246C9
:105C400001920390009302913946069B089A0998A5
:105C5000EDF7A6FF32E00020D0E700790903090C38
:105C60006246019B02930392049105907868019724
:105C70000002000E00900A98A0300079C00701D001
:105C8000002000E010208030099B069A0899FFF759
:105C90000BFFE8070899C00F08430FD17868062268
:105CA000C003C10FBE480068816339463930EDF743
:105CB00001FEBB4800683830EDF7C8FF0E9F28078B
:105CC0000122C037002872DA20698446E80301D532
:105CD000162017E0A80301D5132013E0280301D5EF
:105CE00028200FE0E80201D53D200BE0680201D535
:105CF000222007E0680334D56079000601D408202B
:105D000000E03E200290B87B602148430C99401887
:105D1000A04201D10820B873F87B602148430C9958
:105D20004018A04201D10820F8739E48008843071C
:105D30009A485B0F0068014640314F7B9A40974379
:105D40004F73052261469202114220D029041ED5CC
:105D5000218A49040ED5A0300079C00703D0002065
:105D600002E01F20CEE710208030069A0299FFF74C
:105D700025FE0CE0A0300079C00701D0002000E033
:105D8000102000238030069A0299FFF7E9FD206A6F
:105D9000002801D008F0F8FF0020206260627F48F0
:105DA000A4210068095CC90702D0002501E039E0A0
:105DB00010250299069F022380350791E90603D535
:105DC0000222BF210D4006E0072109024118897F08
:105DD000C90614D500222907890E09180120C0021E
:105DE0000818C06C294608F04DFA010007D00022BF
:105DF0000A71CF80079A0A72284608F02FFA2046C7
:105E00003830EDF727FF00272761E0693D4600287D
:105E100007D0828806998A4203D1012101F068FFE8
:105E2000E76187E1680621D5A0784007400F052883
:105E300001D1A1696161002105280CD0208BA289C4
:105E40000004000D019000920B98069A03888020B0
:105E5000FFF76EFE6EE1606B438902890193009249
:105E6000C3888020069AFFF763FE6AE0680723D59F
:105E70008020049049480721006809024118C97F21
:105E80000223069F0907CCD5990240180C22C06C4A
:105E9000049908F0F7F90100C3D08F80F2788A7175
:105EA0003379727912021A430A81B379F2791202B4
:105EB0001A434A8104983BE12805800F06D00E98CA
:105EC000694631C16846EDF79DFE33E1364805422B
:105ED0003DD0E80401D5002000E01A200790069884
:105EE0000290F01C8021089005912C48392100680F
:105EF000490141184A79032392061AD5897909077D
:105F000017D50121C90240180E22C06C059908F06E
:105F1000B9F9019000280CD0079901710299C1804C
:105F2000082208300899EDF7C5FC0199059808F09A
:105F300095F9A0784007400F052802D0022803D029
:105F4000F8E00820B873F5E00820F873F2E0680480
:105F50002CD5208A4004114800680CD5A030007967
:105F6000C00701D0002000E0102000218030069AF8
:105F7000FFF724FD0CE0A0300079C00701D000201D
:105F800000E01020012300218030069AFFF7E8FC92
:105F9000A0784007400F0528D3D0CBE0042500208F
:105FA000C4240020C00000200010000428021ED5D8
:105FB000208A00051AD59348F1780068A03000794E
:105FC000C00701D0002000E0102000238030069A96
:105FD000FFF7C6FCA0784007400F052801D1082034
:105FE000B87343212069890288432061A2E00E9999
:105FF0002A06803184480191002A26DA02A9334614
:1060000007910D337F4900930968169F09180822EC
:10601000F01C2637FAF718FEF17A307B08220002CE
:1060200008430199C88307990098FAF70DFE009B71
:106030000422184639460830FAF706FE01980299FC
:10604000C16301980399016474E029013CD56D494D
:10605000A4220968525CD20701D0002700E0102773
:106060000818039001980323C08B80370590F80629
:1060700003D50622BF20074009E039204001081857
:106080004279920656D58079C00653D50422380746
:10609000800E41180120C0020818C06C394608F073
:1060A000F1F80190002845D0001D0290069901806A
:1060B00002980822801C0399EDF7FCFB02980599D1
:1060C00041813846019933E0A80200D539E7A8019B
:1060D00030D5802001900B98069F408902900B9844
:1060E0003921008B07900B984901C08906900B98C5
:1060F0000323408B04904348006841184A79920674
:1061000018D58979490615D50121C90240180622FA
:10611000C06C019908F0B6F801000BD08F80029A8C
:10612000CA80079A0A81069A4A81049A8A8101984C
:1061300008F094F8A8060AD5206A016821620021B7
:106140000160226A002A00D1616208F01DFEE806A3
:106150001AD5EDF79BFD012852D01F277078B11C8E
:106160000740E0693A46806800F0EFFBE069C780CD
:10617000E069002707603078E1698007800F0873C5
:10618000E06908F0B1FDE761E80137D51698C189EB
:106190000120400709184988081801784906CD0FE1
:1061A00006A902F0A9FBA1200090A67B0698089002
:1061B0000798099013483921006849014118497E20
:1061C0000223C9071AD09902001D40180F22C06C83
:1061D000009908F057F8040010D02671271D65714A
:1061E000042208A9A01DEDF765FB042209A9B81D2A
:1061F000EDF760FB2146009808F030F811B0F0BDD3
:10620000FF27ABE7042500209C090000F0B58FB004
:10621000076841680A917949794A096800898918AB
:106220000B910121099100210891400514D50B988B
:106230008469C6692078617B05072D0F89090129CA
:1062400003D1C00901D0012000E000200890022DF8
:106250000CD9062D08D109E00B983C6B066A207812
:1062600005072D0F042D01D000200990E079800949
:10627000012804D12078400601D5012100E0002149
:1062800060480170E020C05D00283DD001208646B6
:10629000002084463078132100901DE000200D90EE
:1062A00042182318B25C9B789A4201D001220D92C9
:1062B000401CC0B20628F3D37046002804D00D98C5
:1062C000002801D0012000E000208646891F60469A
:1062D000401CC0B2C9B2844600988445DED37046E3
:1062E00000287AD00098401CC0B2042800D90420AD
:1062F00030701222711CF01DFAF7A6FC31460622FE
:106300001331A01CFAF7A0FC062D02D0022D02D0FA
:1063100002E0022500E0032520784006C00F04902B
:10632000012D0AD06078801FC606F60E3348F02192
:106330000068095C012914D02FE000266946204638
:1063400002F0D0FA2D480068E030007C0028EDD142
:106350000098396888424FD10198796888424BD1BA
:106360001BE01121890141180A7DFF2A15D025491A
:106370000B78012B01D102234B7037235A4312189B
:10638000FF320132927E4978D20010182322520146
:106390008018007B4018C0B20490099800282BD0C8
:1063A0000A982037807B02960094019038792A461B
:1063B000049B0899EDF706FC00281DD10A98214698
:1063C000807B029008310D48009601910068A03052
:1063D0000079C00702D0002001E00DE01020A121CB
:1063E0000843A31C2946049AFFF714FB002803D096
:1063F0000B980021006A01700FB0F0BD0425002049
:106400003C09000000250020F8B51B4E31880446E9
:1064100009070820090F0443A1422CD1174D002180
:10642000286881631121C90140180921C906806AC1
:106430000969471A642003F09FFB717AC90040186C
:106440002968896A4018381A00020121000AC90522
:10645000884202D2002008F0A9FD09492868328844
:106460001207120FA24206D1826B8A4203D2826BBC
:10647000521C8263F3E7F8BDC00000200425002011
:106480000071020030B50D461C49144609681C4ACB
:1064900091B089180922D206096D1269891A194A20
:1064A00009021288090A12070AD5002B08D1164AD8
:1064B000FF39914204D32246294609F0B5F81AE083
:1064C0000146102204A8EDF7F5F91022294608A884
:1064D000EDF7F0F904A8009008A801900CA802902C
:1064E0000020694608736846FBF792FD10220CA94C
:1064F0002046EDF7DFF9002011B030BD0425002063
:1065000058080000C000002002FF7F00F8B51446C4
:106510000A4605460121104600F0D2FF0146082830
:1065200001D30220F8BD1C4809220068120280181D
:10653000826E602048431018184A89018B18426BFC
:10654000002D07D0164972B643799B070DD062B66D
:106550003A20F8BD00215F18665C2037BE73491CE5
:10656000C9B21029F7D30F49EDE711604179012233
:1065700011434171002D09D00748492200680821C4
:1065800052018018C17162B60020F8BD0122016974
:10659000520411430161F6E704250020CC000020DD
:1065A00003020D0603010500F3B581B0984A0121ED
:1065B00001A800F036F9974C04222060432101A87D
:1065C00000F02FF901272168FF02C919086404228D
:1065D000432101A800F025F921680422C919486463
:1065E000FF21843101A800F01CF921688A4DC919E6
:1065F0008864A97F0C2201A80B3100F012F9132145
:106600002268C9015118C860A97F202201A800F0A2
:1066100008F90926216836028919C867A97F10225E
:1066200001A800F0FEF813212268C9015118086082
:106630002822052101A800F0F4F813212268C901DD
:10664000511888603022052101A800F0EAF81321D2
:106650002268C90151184860FA10012101A800F010
:10666000E0F813212268C90151184861A97F60220E
:1066700001A800F0D6F82168202289198866A97F30
:1066800001A800F0CEF821688919C866AA8B0121FB
:1066900001A800F0C6F80F212268C90151188863CB
:1066A000298B282201A800F0BCF80F212268C9011B
:1066B00051180863698B302201A800F0B2F80F214D
:1066C0002268C901511848630C22012101A800F079
:1066D000A8F821680C2289194866012101A800F058
:1066E000A0F8216828228919496E88602846203040
:1066F0000090417801A800F094F8216804228919DB
:10670000496E896888600098417801A8491C00F0AA
:1067100088F8216810228919496E89684860A97F24
:1067200001A800F07EF821680222C9194863A97FF8
:1067300001A800F076F821680222C919C860A97F73
:1067400001A800F06EF821680222C9190861A97F2A
:1067500001A800F066F821680222C9194861A97FE2
:1067600001A800F05EF821680122C9198861A97F9B
:1067700001A8491C00F055F821681022C9190863C6
:106780000B2101A800F04DF8072221681202891898
:1067900008650422802101A800F043F821688919C6
:1067A0000867029ADC204243012101A8443200F02C
:1067B00038F8216889194867029AD8204243012194
:1067C00001A82C3200F02DF82168F0228919886781
:1067D000012101A800F025F8104C7C222060A97F3F
:1067E00001A800F01EF821680822C867032101A84B
:1067F00000F017F82168282280310860012101A8E3
:1068000000F00FF82168803148600198FEBD00005B
:10681000B809000004250020E00200200C2500201B
:10682000704710B5034600680324401E20435143BF
:10683000401C4118196010BDF0B52B4813240268A4
:10684000E4011019C0681121C901034651180C3325
:10685000CB670923054688671B021835D1180D60E0
:106860000C354D600C358D600C35CD600C350D61EF
:106870000C35CD630C350D640C354D64783088646F
:1068800000201419D21811E0D16F45014D19602173
:1068900041430F46966E3437F5510C254543E66863
:1068A000843575192831966E401C75500F498D7FBF
:1068B0008542E9D80C4A002014681322D201A51899
:1068C000E31807E02C680601A61944010834DF6EBE
:1068D000401C3E518C7F8442F4D80348C96800684C
:1068E00080188161F0BD000004250020E002002036
:1068F0000268002A03D010461268002AFBD101600A
:10690000704770B50C461F21521E0A430546521CA3
:10691000002011044E0D17D0214608316A1A28466E
:10692000002A01DD082A03DB2022F4F749F904E0FC
:10693000082208C9521E08C0FBD120352046761E09
:1069400024683604360CE7D170BDF8B504460D4610
:10695000501E1F210843401C00041646470D1ED040
:10696000204608302946421A002A01DD082A03DBA6
:106970002022F4F725F904E0082208C9521E08C0B5
:10698000FBD12035202E01D2304600E02020A0800F
:10699000301A7F1E24683F0486B23F0CE0D1F8BD58
:1069A00070B50C4605460AE021462846A288083103
:1069B0000830ECF77FFFA088A8802D682468002DA0
:1069C00001D0002CF0D1254301D0472070BD00201C
:1069D00070BDFFB581B01D466946002A09D0002868
:1069E0000CD08488944204D8121B12040068120C44
:1069F000F5D10A80040001D000261FE0184605B03A
:106A0000F0BD6846A1880088814213D9091A8FB267
:106A1000AF4200D32F460299201889193A46083010
:106A2000ECF750FF0028EAD1F01986B20020694641
:106A3000088002E0401A694608802468B54201D9FE
:106A4000002CDED1A81B05B0F0BD002959D0F3B54C
:106A50008FB00C46A088202813D0002C14D00294AC
:106A600002980068029000282ED08688014632469F
:106A7000083106A8ECF71EFF0027A088202805D0C3
:106A800007E02468002CE5D111B0F0BD2468002097
:106A9000A080002EE4D080B22021091A8DB2AE422F
:106AA00000D235462246083206A98018C9192A465E
:106AB000ECF700FF701B86B2781987B2A0884019E6
:106AC000A080002ED9D1CBE720680028DCD000219F
:106AD00021600F9972B60A78002A03D04B689200A1
:106AE0009A581060002383800A78521CD2B20A7030
:106AF0004C689200A05000680028F4D162B611B032
:106B0000F0BD7047491EC904090E72B602788A4268
:106B10000CD9511AC9B24A1ED3B203704268880018
:106B20001058990052580021116000E0002062B610
:106B300070470021002804D0491C0068C9B2002811
:106B4000FAD1084670470021002804D0491C00688B
:106B5000C9B20028FAD14801704770B441780029C1
:106B60002DD08668002E2AD00025057041682A465F
:106B70000D60417800291FD928215143891900232C
:106B80000B60002913D072B60378002B03D0446841
:106B90009B00E35819608D8003785B1CDBB20370A7
:106BA00044689B00E15009680029F4D162B6521C88
:106BB0004178D2B29142DFD870BC0020704770BCDF
:106BC00047207047F8B51D460E466B46002A09D08F
:106BD000002824D08488944204D8121B1204006830
:106BE000120CF5D11A80040019D014E06846A1886F
:106BF0000088091A8FB2AF4200D32F4621183A46B7
:106C000030460831ECF756FEF619E81B85B22468C9
:106C1000002069460880002D03D0002CE6D14120D9
:106C2000F8BD0020F8BD002917D072B60278002AFE
:106C300003D0436892009A58116010B400238B80EF
:106C40000278521CD2B2027044689200A1500968C6
:106C50000029F4D162B610BC7047704730B40024EC
:106C60000B1E22D02034A4B294421AD30A68002A00
:106C700035D072B60378002B03D044689B00E358EC
:106C80001A600024948003785B1CDBB203704568B3
:106C90009B00EA501268002AF4D162B60020086016
:106CA0001DE00B4609680029DCD1111B491EC904EF
:106CB0000A0E72B6017891420CD9891AC9B24A1EDD
:106CC000D2B2027040688900920041588258002078
:106CD000106000E0002162B61960002902D030BCCB
:106CE0000020704730BC47207047FFB5044650096C
:106CF000000681B01F46000E06D0002C23D0401E97
:106D000024680006000EF8D1D606F60E17E0202003
:106D1000851BBD4200D33D46A0192A460830029982
:106D2000ECF7C8FD0298711940190290781B87B2E0
:106D3000A088884201D2A819A08024680026002FCC
:106D400004D0002CE3D1412005B0F0BD002005B0F7
:106D5000F0BD0000FFB58FB01A9E0F9800F0D8FC70
:106D60009249FD200A68C000151810463630844646
:106D70000F98082822D0044601200346A3403A2455
:106D8000645D27073F0F0446BC40234364462478D4
:106D90002407240FA0400343287D984311D068683E
:106DA0000190012000240C90A86CA0320690127B68
:106DB0002746805CA44696460D9430E0822013B0AE
:106DC000F0BD1198189B02681298006810180022F4
:106DD00040081A80400A119B40021860129B1860FC
:106DE0001B9B1A80724A80183268824201D8104672
:106DF00000E03060800930600868A030017B0F98A7
:106E000000F006FCCDE06A6A4100AB6A525A595A5A
:106E100051188901614500D98C460699085C864560
:106E2000F1D16348129940420968019A6044029185
:106E3000914202D81099C90701D0144632E0119945
:106E400009680691814200D908460A9010460299C5
:106E5000E9F7C2F9089006990198E9F7BDF9401CD5
:106E600009900898002800D10120099906908842CD
:106E70000D9815D8002815D106990198E9F7ACF9B5
:106E8000C1050AD10A99884207D30299814204D3E5
:106E90000446012106980D910C900698401CE4E7E9
:106EA000002803D011992046096804E0842086E771
:106EB00000197F1CBFB28142FAD80299814204D2E4
:106EC0001099890701D4852079E7119903AA0860F0
:106ED0001298046031683F20491E0143491C204636
:106EE000316000F0A3FB00280AD00EE030687F0874
:106EF000400830601999490819910599814204D2D6
:106F00001098400701D5002FF0D1059831688842CC
:106F100008D93F20491E0143491C03AA204631607D
:106F200000F084FB0599199881423CD3084603215F
:106F30000902884237D30C980890401E0990684691
:106F4000017B0F9800F064FB72B61849AA6C0868C0
:106F5000A030007B105C12E0EB6A41009C465A5A5C
:106F6000089B5A4363465A522B6B9C465A5A089BBD
:106F70005A43099BD21863465A52A96C085C0B49C4
:106F80000968A031097B8142E6D16C6062B6049841
:106F90008002010C1B9801800598800930601898C8
:106FA000078000200BE7862009E700000425002069
:106FB0009AFDFFFFF1B5B04AFD211068C90090B0FD
:106FC00041180491AD4904464518C0340146363194
:106FD0000D9100210291AA49497AC9000C91816A58
:106FE0000B91049920310E91897E079108297DD259
:106FF000092109024018816E174607986022504304
:1070000008180890079881019D480C3008180A90CC
:10701000C07A2E4640360990B08B02F001FE3968E6
:107020004031098E401880B20390E96C039802F059
:1070300095FDE96C09020F1AB07F02F01FFE3818A7
:1070400002F09AFDA96C41180C98081A0002000A77
:1070500001901099411A0B98081A00020121000AA8
:10706000C90588427ED2049801994163099802F0CB
:1070700067FD0A99C8720D980078C143090706D0C8
:1070800041070798490F4007400F81422BD10E98C6
:107090000821807E08430D990870A86C2060E86C78
:1070A00060600198A0600298E060A86D2061686D42
:1070B0006061B08B2083B07FA07628466030017875
:1070C000E176B18CA183318DE183B18D2184318E44
:1070D0006184B18EA184318FE184C17E2820015565
:1070E00084204059E0620D98007800E07CE0079928
:1070F00042074907520F490F8A4261D0F7210840E1
:107100000D995D4F08704007400F079009203968BE
:1071100000020818816E07986022504308180490F6
:107120000798810156480C3008180A90C07A0990D7
:10713000208B02F075FD39684031098E401880B20D
:1071400003906168039802F009FD616809020F1A53
:10715000A07E02F093FD381802F00EFD2168411860
:107160000C9800E042E0081A070210983F0A391A0A
:107170000B98081A00020121000AC905884258D25A
:10718000A760099802F0DCFC0A99C8720198089976
:10719000C01B00024979000A9022114210D101213E
:1071A000C90588420AD30498C17B0898C07B401C5B
:1071B000814203D804984079C00601D502F07AFFD5
:1071C000E96C039802F0CFFC0446B07F02F05EFD4C
:1071D000A96D201840180721090508438035A96BBF
:1071E0000322091DF9F782FD11B0F0BD0898403067
:1071F000008841000A98203002780998101880B25F
:1072000009900898089A0089401C108108984069E4
:10721000421A089842610898C07BFF2802D2089A57
:10722000401CD073E86C4018E86407980AF00AF82C
:10723000FBE604984030008841000A98203002782C
:107240000998101880B209900498049A0089401C8B
:10725000108104984069421A049842610498C07BE6
:10726000FF2802D2049A401CD07360684018606006
:10727000079809F0E7FF64E704250020580800009C
:10728000C000002010B51149FD220968D2008918FC
:107290004C688B6842009C4204D1086B4C8A805A2F
:1072A000A04201D0012000E000204B608B688B6180
:1072B0004C6A8B89A3528C6ACB89A3520C6B4B8A84
:1072C000A3520B8AC96A8B5210BD0000042500200E
:1072D000F1B56749674A086882B082180092FD22BA
:1072E000D2008618AC22155C04460346029AC034CC
:1072F000363395427ED9092109024018174660218C
:10730000806E4F430025B91C4554029800F05AF98D
:1073100000280CD15648BF1D01680920000208183A
:10732000806EC05D002802D00098C030057272B631
:107330004F48029D0768012039462031CA7DA84088
:107340008243CA75317D81433175197808077AD433
:107350004A070298520F82427CD030462030827E0B
:107360005507029A6D0F954276D181760F201870DD
:10737000404AA0687063BD18A86D2169A9652061A5
:10738000686D6169696560612146284618315C3025
:1073900000F0FEFA3748A37E5E3039180A780B7089
:1073A000A276A86C2168A9642060E86C6168E96431
:1073B00060603048E37E603039180A780B702146EF
:1073C0002846E2761C31643000F0E2FA2146284675
:1073D0001E31683000F0DCFA2146284620316C303E
:1073E00000F0D6FA214628462231703000F0D0FA5B
:1073F000214600E03AE028462431743000F0C8FA13
:10740000214628462631783000F0C2FA19488035E6
:107410007B303918204628300A7803780B700270C8
:107420001448E26A8430381801680260E16207217A
:10743000E06809050843A96B0322091DF9F756FC0A
:107440000AE000E006E03A20805D41070298490F1B
:10745000814201D10F2018702036B07E410702987A
:10746000490F814201D10F20B07662B6FEBD000007
:10747000042500205808000070B51048092402684F
:10748000FD20C0001018037D2402082000211419DB
:10749000A032157B0EE0DA0709D060224A43A66EBF
:1074A000921CB25C5207520F012A00D108465B08B9
:1074B000491CC9B28D42EED870BD000004250020E1
:1074C000F8B507461F4809260568FD20C0002C189E
:1074D0002846363036023F0584463F0DAE19237DDF
:1074E00008200022A0350097B6462D7B0EE0DE076F
:1074F00009D07646B66E60275743F6197689009F05
:10750000B74200D110465B08521CD2B29542EED869
:107510002034A27E1207120F824202D1CB0700D183
:107520000820824207D062461278130707D4520718
:10753000520F824203D1C90700D10820F8BD890744
:10754000FBD5F8BD0425002010B50B4800210368C9
:10755000FD20C0001818027D0820A0331B7B05E029
:10756000D40700D108465208491CC9B28B4201D940
:107570000828F5D010BD00000425002070B5104883
:1075800009240268FD20C00011180B7D2402082088
:1075900000211519A032127B0EE060244C43AE6E20
:1075A000A41C345D6407640F032C02D1DC0700D0F7
:1075B00008465B08491CC9B28A42EED870BD00007B
:1075C000042500200B49FD220968D2008A182032C8
:1075D000927E36311207120F824206D009780A07CE
:1075E00005D44907490F814201D10120704700208D
:1075F00070470000042500200448FD210068C900F0
:107600004118A030007B896C085470470425002085
:1076100010B5054AFD231268DB00D218936C5C5C40
:107620001C54926C505410BD04250020F7B5074639
:1076300015462D48FD220168D2008E188AB000221E
:10764000AF6007920292A031097B6A4611712970DE
:107650000168B26CA031097B545C23E0706A610060
:10766000405A80010090B06A405A0299800104900B
:107670000098411A0520C0010391814201D3081AE4
:10768000039005AB2A4601A90B9800F02FF8049946
:10769000009841180520C00108180290684604713E
:1076A000B06C045D10480068A030007BA042D5D1CA
:1076B0000298391A0520C0010391814201D20020AD
:1076C00000E0081A039005AB2A4601A90B9800F0C8
:1076D0000DF8A868381A03D00B99A9600DB0F0BD59
:1076E00005AC0ECC0EC5F9E704250020F0B58C687A
:1076F0009D68A54203D860C92746E0C30839A04267
:1077000004D89068A04201D90BC90BC2F0BD00009B
:10771000F1B5194BFD211868C900024636324118EF
:107720009646A030027B886C805C0C462034A446D0
:107730001BE08D6C2C5C009EB04212D06646B67E7B
:107740003607360F86420CD07646367877077F0F9D
:10775000874201D1360704D501260F7D86403E427F
:1077600001D1AC5400E0024620461C68A034247BC2
:107770008442DED1F8BD000004250020F0B50746A4
:1077800021488BB000681E46FD2309910025089111
:10779000DB006946C4188D82900807920D83082F7C
:1077A0000FD006A907AA05AB00930292039101909E
:1077B00008AB09AA07213846FFF7CCFA010002D02E
:1077C0001EE082211CE008986060A0616A46636A3E
:1077D000128B78001A52A36A079A1A52E26A15525B
:1077E0006A46236B928A1A5207980C2801D2832189
:1077F00002E0102800D91020044A5043800830606D
:1078000008460BB0F0BD0000042500207102000006
:10781000FFB5294E074689B0FD213068C9004518DB
:10782000264905AB07AA06A86C4607910FC40CAB06
:107830000BAA01213846FFF78DFA0090002838D1B5
:107840000C98686069466A6A898A78001152AA6A47
:1078500007991152EA6A0021115269462A6B098B75
:10786000115209203268000212183C466023926EC1
:107870005C430021631DD15432680A991218926E3C
:10788000A31CD154326800211218926EC9430833E8
:10789000D152326800211018806E0F34015572B633
:1078A000297D0120B8400843287562B6084600F0DB
:1078B00007F800980DB0F0BD0425002070170000F7
:1078C000F8B52F4F0546FD203E68C00034182D48FE
:1078D000301800902C48363602F04EF92B494A7A7F
:1078E000D2008018002D36D031784A078E463A21D2
:1078F000095D520F4B075B0F94469A4206D10E0763
:10790000360F0122B2402E4696430DD09C4521D021
:107910000B0701211B0F0A469A4073461B071B0FDA
:1079200099400A43954315D10921C90609691122D5
:10793000081800020021000A616420603968D20141
:107940008918896A401A00020012002802DC00200F
:1079500007F02CFBF8BD48220A80110609690025B2
:10796000081800020099000A08656564206028462E
:1079700007F01CFB386868304571F9F76FF9F8BDFE
:10798000042500205808000066020000C000002006
:1079900002880B8803800A80704700000B48FD2195
:1079A0000068C90040180A490988C36A4907028C5F
:1079B000090F5A52036BC28B5A52836A428C5A5235
:1079C000436A828B5A5281694160704704250020C6
:1079D000C000002070B50C460B4E81000B48326889
:1079E0000D1801232032D37721462846EBF786FF76
:1079F00028680021844201D1084600E0FB2032685B
:107A00002032D17770BD0000042500200000041052
:107A1000024800682030C07F704700000425002025
:107A2000034900280A7801D00020087010467047EA
:107A30000825002070B5124C0E462178012500293A
:107A40001BD101460120EBF7A5FF607031460220F3
:107A5000EBF7A0FF617840186070314620310320B9
:107A6000EBF798FF617840180006000E607004D1B3
:107A7000EBF770FF022020700025284670BD000043
:107A80000825002070B5184D90B02878002802D045
:107A9000012010B070BD6E460024F9F7B6F8A100C1
:107AA000641C7050082CF8DB69460120EBF772FF6C
:107AB0000128F1D020220D496846F3F77DF80B49E3
:107AC0002022203108A8F3F777F869460220EBF767
:107AD00061FF08A90320EBF75DFFEBF73BFF0120F7
:107AE00028700020D5E7000008250020D8440610A3
:107AF00070B5124A092312681B02D2180123526E74
:107B000083435B00491E41249B184909491CC9B2A3
:107B100072B615798D420ED31E785B78AD19EDB231
:107B20005B18AB4207D84000135C00245B18135469
:107B30001079401A107162B6204670BD04250020ED
:107B400070B50D0004460AD0002C08D0A968A068C2
:107B5000FEF726FF002801D1E988E18070BD4120B1
:107B600070BD0000F3B50F461248092100680902F4
:107B70004018BE68446E81B03046FEF7DAFF054615
:107B8000F888401E4009401CC0B2A84211D23146BC
:107B9000A068FEF75AFF3046FEF7CBFF281A72B6F0
:107BA00001994900625C121A625421790818207107
:107BB00062B6FEBD0425002010B51C4613460A46D9
:107BC00080682146FEF7FEFF10BD0000044A09232D
:107BD00012681B02D218526E400080184170704724
:107BE000042500200022816808380260084670479A
:107BF0000D490922096812028918496E72B60122DC
:107C0000824350004218084B095C09201B6800029F
:107C10001818406E527800798A4202D9511A401AD7
:107C2000C0B262B6704700000425002010B580681D
:107C3000FEF77FFF10BD0000F8B50D460E49092381
:107C400009681B02C9184E6E1F21521E0A431D32BD
:107C500097B200243946FFF74BFF00280AD1394676
:107C6000B068FEF74FFF044608340068A0600020AB
:107C7000E074A5802046F8BD0425002070B51748A3
:107C80000921006809024018446E042200212046A0
:107C9000EBF714FE124D688C23304009401CC1B232
:107CA0000020FFF793FF688CA97F23304009801CD8
:107CB0004843401CC1B20120FFF788FF284620300E
:107CC000A16840784870A068FEF747FFA06872B6C8
:107CD000007862B62071002070BD000004250020ED
:107CE000E002002010B58068FEF773FE10BD0000B2
:107CF000F8B50E460C49092209681202891808389D
:107D000007464C6EFEF715FF05463946A068FEF79C
:107D10008AFF72B67100605C401B60542079401984
:107D2000207162B6F8BD000004250020F7B50746B3
:107D300018480921006809024018446E412016467F
:107D4000002F11D03846FEF7FEFE0546B0420CD299
:107D5000301A81B20198FFF7CBFE002804D13246D9
:107D60003946A068FEF77AFFFEBD32463946A06864
:107D7000FEF774FF6D1E761E69097209891A72B6C4
:107D8000019A5200A35C5B1AA35422795118217105
:107D900062B6FEBD0425002010B51C4613460A46F7
:107DA00080682146FEF7A1FF10BDFFB5C8880025F9
:107DB000401E83B00E4687B2012427E0B06802223D
:107DC000083001196846091DEBF774FD6846008804
:107DD000F7F73EFC01001DD068460A8D00888242FC
:107DE00012D001AAF8F7C6FA00280DD10199262071
:107DF000405C400708D506986A00101802221C3122
:107E0000EBF758FD6D1CADB2A41CA4B2BC42D5D397
:107E10000C98058007B0F0BDFFB5074683B0002081
:107E200000900D98F7F714FC069905460C31019166
:107E3000002826D00837BD4223D0288D0E998842CD
:107E40001FD80D99884213D30E99884210D829461D
:107E500002222A310198EBF72DFD10220C99069889
:107E6000EBF730FD002809D0298D0E98814208D00B
:107E70002E462C6A2036B4423FD140E005980021BE
:107E8000018007B0F0BDA18B0D98814234D30E98CC
:107E9000814234D8204620300290C078012808D092
:107EA0002046083010220C99EBF70CFD002808D072
:107EB00022E02146022208310198EBF7FBFC0698EC
:107EC000F0E702988079400716D50098002801D184
:107ED000E08B0090E18B814211D10598022200884D
:107EE00041000498081821461C31EBF7E3FC059883
:107EF00005990088401C08802468B442C3D12D68CD
:107F000099E77FB50546684600890C4600281AD0D7
:107F1000A0680C210173A068022202A90D30EBF7C2
:107F2000C9FCA068022203A90F30EBF7C3FC0520AF
:107F3000E080212128698901084328610D20A87368
:107F4000002004B070BD4220FBE77FB505466846BF
:107F500000890C9E0C46002816D069468989884203
:107F600012D8A06808210173A068022202A90D306E
:107F7000EBF7A0FCA068022203A90F30EBF79AFCF4
:107F8000012E04D0022E0AD0422004B070BDA06899
:107F9000022208A91130EBF78DFC072006E008ABA0
:107FA000102209212046FFF7F7FE1520E08021214D
:107FB00028698901084328610920A8730020E4E7A3
:107FC000FFB5074673480D4604688FB0AE34A178FC
:107FD0001E46C80602D5E078C0067DD4880607D5BF
:107FE000E0788006800F03D0022F01D0002E73D0DE
:107FF0008806800F06D0022F08D0032F06D0002E4F
:108000006AD003E0012F01D0002FF8D1880603D4F5
:10801000002D01D0012D5FD1002E06D1302001406E
:10802000384600F018FE002856D11199002008703B
:10803000A17889068A0F7DD00CA908A801F054F810
:1080400007900DA90AA801F08DF80690079800285E
:1080500002D00698002801D1012E58D1022F04A881
:1080600007D000F0CBF8002E3CD00798002803D0B2
:1080700012E004F019FCF6E7464F47483B68062239
:1080800008A91818EBF71EFC0028386808D0403003
:10809000417E4908490041760698002805D014E041
:1080A0004030417E01221143F5E73A4F3A483B68A0
:1080B00006220AA91818EBF705FC002838680CD02E
:1080C0004030417EFD22114041760798002809D0BA
:1080D0000698002806D01AE043E04030417E022294
:1080E0001143F1E72B48062203682B4804A918180E
:1080F000EBF7E0FB052069460873002E02D1084625
:10810000F9F7B6F9254802906846F9F765F9A078BD
:10811000800611D51198032101702079C10603D57D
:10812000002D01D0022D1CD1800605D5012D03D0D4
:10813000032D00E018E014D1A078C00627D51199CE
:10814000012008702079C10601D5002D09D18106D2
:1081500001D5012D05D1000619D5002D17D0012D0F
:1081600015D0422013B0F0BD012F01D1002E03D055
:10817000890F314309D00AE0064806220368064801
:10818000611D1818EBF796FB01201199087000206B
:10819000E8E700000425002033070000A0BB0D0025
:1081A0003EB5FFF769F90446FFF7E8F9082C01D15D
:1081B000082813D00A480B4900680622411868466F
:1081C000EBF778FB68464079400601D5022000E0D5
:1081D0000320012302AA0021FFF7F2FE3EBD0000AA
:1081E000042500203307000003480068AE30807883
:1081F0008006800F7047000004250020F8B5204E4F
:1082000004463568AE35F8F7E3FC2070000A60706C
:10821000F8F7DEFCA070000AE070F8F7D9FCC2B2F3
:108220008004830E2271002163710846275C401C84
:108230007918C0B289B20628F8D30029E3D0207893
:10824000FF280CD16078FF2809D1A078FF2806D13B
:10825000E078FF2803D1FF2A01D1FF2BD3D00622DB
:10826000691D2046EBF72EFB0028CCD03168062292
:1082700020467831EBF726FB0028C4D0F8BD00007B
:1082800004250020F0B5064600208DB00D46002ADA
:1082900003D0F8F740FF002806D1002E03D0002DB0
:1082A00004D0002428E000200DB0F0BD4220FBE700
:1082B000E000001B295C471908467F1C009100F074
:1082C0001EF80028F0D103AA3946009802F046F9BA
:1082D000002804D01022002103A8EBF7EFFA07A82A
:1082E00004F07AF907AB03AA39460098F8F7F2FED2
:1082F0000028D9D1641CE4B2B442D9D3D4E7002118
:10830000012802D0002800D047210846704700000D
:1083100070B592B00646202221A101A8F2F74CFCCC
:10832000202109A8F2F750FC0A21684601700024B8
:108330002546694601A800F0F7FE6846027801A9C3
:1083400009A8EBF7B7FA01A824E0015D491CC9B2FE
:10835000914223D803195B78B34214D16B461A7843
:10836000521A6118C9B24118D2B209A81A7040193C
:10837000EBF7A0FA6B4618782818C1B209A801F0EB
:1083800001F812B070BD521A6B461A706218691863
:10839000D4B2CDB269460A78002AD6D11F20F0E7C0
:1083A00002FF0102010403028FFC00000000000034
:1083B00000000000000000000000000000000000BD
:1083C0000FB410B5079C01282DD168468089174944
:1083D000884210D103A80FC800F04CF800281DD126
:1083E00002F0D0F8FA281ED001281CD92078F321F9
:1083F0000840207017E00D49491C884208D0C91E6A
:10840000884205D0491C884202D0C91C88420AD142
:1084100003AC0FCC00F02EF8002800D0632010BC75
:1084200008BC04B018470020F9E70000022A000049
:1084300010B5FCF74FFF10BD02480068AE30008851
:10844000704700000425002010B503490622096882
:10845000B331EBF72FFA10BD042500202423184276
:1084600004D0C81F092803D82032D17100207047DA
:10847000422070471FB582B00024FFF7DDFF694638
:10848000F7F788FF009A6846116A0089203209E0F0
:1084900023235B5C012B04D10B89834201D1641C33
:1084A000E4B209689142F3D1204606B010BD000045
:1084B0001FB50446064802900846F7F7EDF880001D
:1084C00000196946113008736846F8F785FF1FBD2B
:1084D000307500001FB504460846F7F7DDF8800048
:1084E00000196946113008736846F8F7C1FF1FBDCF
:1084F000026800230B80824203D09BB212685B1C8F
:10850000F8E77047086042684A604268116041605D
:108510007047026804E08A4201D101207047126866
:108520008242F8D10020704702680A601268026037
:108530000A68126850600A68002010600968486084
:10854000704700B50B46FFF7E4FF002808D003CBC7
:10855000083B086003CB41600020083B186058606E
:1085600000BD0000FFB515691E46A8032E3689B070
:108570001C461746002833DA102269463046F8F7C1
:1085800063FB0924E4060398A0610298E061019866
:10859000206200986062354801681320C001081805
:1085A000816AA162406AE0620A988030016C2163AE
:1085B000C06B606300F069F8A06B0390E06B029001
:1085C0002B480168019140680090102231466846AE
:1085D000F8F73AFB0120400485433D610DB0F0BD42
:1085E000E8053CD505A80146009010223046F8F772
:1085F0002BFBFF20013085434120800205433D6174
:108600000998082201A9C01CF8F71EFB0998214609
:1086100004222A310B30F8F717FB154805A9283832
:10862000F9F7AAFC0924E4060298A0620198E06226
:10863000786B082203A90D30F8F706FB0498206335
:108640000398606300F021F8094905A80839F9F793
:1086500093FC102231460098F8F7F6FABEE7A07AAC
:108660000006BBD40A9800F005F8B7E704250020FF
:108670004000004810B504468034606C002803D0E8
:10868000F9F7C6FC0020606410BD08B56420694697
:1086900008700921C9066A461078401E10704869A2
:1086A000C00402D410780028F5D1107808BD00006D
:1086B000FFB582B000230193059B012B30D04B8C7A
:1086C000224D1C010B8C9C46CB7E6B438D8BAE46A2
:1086D000CD8B1646403697690096A74206D19689FB
:1086E000664503D1009E3688AE4201D040260196F1
:1086F00096790427760876003E439671946154611A
:1087000064469481009A1580059A012A17D00B615E
:1087100070464A68400010184860019806B0F0BDE5
:10872000034640331D461B8E084E1C01AB8D9C46F4
:1087300060231B5C7343AE8C2D8DB646C9E7836501
:108740007146C26C49005118C164E6E7E2040000BA
:1087500070B5044616460D46084600F02AFA206019
:10876000281D00F021FA31044018606070BD00003F
:10877000FEB539490922096812028A18936E6022EF
:1087800042439C18354A80018D1835492289461884
:108790004020005B2021895D521C228140006269DB
:1087A000002700B2101A6061F07A4018C0B2252884
:1087B00000D32538F072A079C0072ED0284640306B
:1087C0000090408E2189401A0004000C25D12448D5
:1087D0000C3800884007400FFEF754FD8446A0790E
:1087E00040084000A0712846C030017A490849007D
:1087F00001720099A3894A8DC98D0905090C93421C
:1088000005D1A3698B4202D16346002B01D04027DA
:1088100001E008238373A281A161A079800719D5A3
:108820007620405B2189401A0004000C12D180217F
:10883000495960350091A97E0191A179FD2211402D
:10884000A1713146684605222131F8F7FDF9012072
:10885000400507433846FEBD0425002058080000A7
:10886000CC000020F8B501461B480922006812021E
:108870008218936E60224A439E18184A0024851875
:10888000174A88018718B0784007400F052802D0A2
:10889000012805D010E00846EBF7B0F904460BE0DC
:1088A0002A468032108A002802D0401E108203E03F
:1088B00001240846FEF70CFDF07BFF2801D2401C86
:1088C000F073002C06D0234632462946002000973C
:1088D000FDF76CF9F8BD00000425002058080000E1
:1088E000CC00002010B50B460178CA0901460831BA
:1088F0001846FFF72DFF10BD10B50B46017849064D
:10890000CA0F811C1846FFF723FF10BDFFB50D46A7
:1089100007468DB000200921C906169E14464860FE
:1089200038460E3000F045F90790B97CF87C020219
:10893000387D0004104308430990787D069038463E
:10894000163000F031F90A903846183000F02CF952
:108950000B9038461A3000F027F90C9038461C303E
:1089600000F022F9039038461E3020370090F87846
:10897000C106C90E47090920C00608918068A8648D
:1089800000203146E8642131052202910098F8F771
:108990005BF90221E170002022225055E0730B9810
:1089A0000C225043606100203122105503980123AE
:1089B0000001A061284621714030039083710B981B
:1089C0007149400240187149896A814200D20846C3
:1089D0000021686521810C98A081204640300B9AC7
:1089E00002800A9A01235200921CEA64039A978338
:1089F000039A9780A17121612380A26A1280A26AE2
:108A0000548001771B27FF21478049312B46018283
:108A1000C0331A8A1B2A02D15A8A8A4201D01022F4
:108A200002771A8B8280C780078147818781C7813F
:108A30005A8B42828182C18201834183288C5449AE
:108A4000401C80B2884202D94942401880B26081FD
:108A50002884C7200190A16AC87205220299009853
:108A6000F8F7F2F80020F072218D3182F075079846
:108A7000B0610998F061202108988855EBF706F954
:108A80008021012800D1B175422002900590414813
:108A900004902F461098404B803700283AD0B86B8E
:108AA0000080B96B0198C872388F708210983B496A
:108AB0000068286110984068686106984843FF3054
:108AC000F530A86503990120887718881946344A3B
:108AD000400712684123400F5B01D2189070607903
:108AE000C022104360710020B072A078C008C0009E
:108AF000801CA070BA6B1B2090720888A16A40018C
:108B0000083088720020C0433882B96B0322C91D27
:108B1000029825E0786B00807A6B0198D072B88E4D
:108B200070826079C02210436071B172A0781D4DCF
:108B3000C008C000401DA07018884101A06A19310A
:108B40008172796B0A208872FEF728FF796B032205
:108B5000C91D0298F8F7CAF8796B03222846091D47
:108B6000F8F7C4F8012006F021FAA16A0322C91D12
:108B70000598F8F7BBF8A16A0322091D0498F8F7D5
:108B8000B5F811B0F0BD00009AFDFFFFE002002033
:108B9000FF0E0000FA003000C0000020E2040000D8
:108BA000042500202C01B000017840780002084321
:108BB00070470178427813028278C0781204000668
:108BC000104318430843704770B5054616460C46D7
:108BD000C01CFFF7EEFF84210851E9797B20015585
:108BE00028460830FFF7E0FF40342087B0790221A3
:108BF0000843B07170BD70B50C460546C178602061
:108C000001551646281DFFF7CFFF4034A084A81D4C
:108C1000FFF7CAFF208528460830FFF7C5FFA0856B
:108C200028460A30FFF7C0FF208628460C30FFF7A1
:108C3000BBFFA086B07901210843B07170BD024628
:108C400000200146535C002B00D00120491CC9B212
:108C50000629F7D37047FEB50F4606460024FEF7F7
:108C60008DFC0546FEF708FC082D01D3082811D21B
:108C700002A9684600F020FA002F684606D0407925
:108C8000400601D5022102E0032100E0017AB14251
:108C900000D041242046FEBDFFB507468DB0002020
:108CA0000890079077481E460168774815460C18CB
:108CB0002320400108184771C271002B01D0002108
:108CC00001710E9800287DD0FFF7B9FF002879D0F8
:108CD000002E03D020342079012873D0FF24002EE9
:108CE00007D0022D02D0032D02D002E0002500E0C3
:108CF000012564486549006840180B90022F01D097
:108D0000032F6AD1684605700622401C0E99EAF7C7
:108D1000D1FD69460020FBF78BFAFF2803D00B99A1
:108D2000C2005118CC7911239B015649002E14D052
:108D30000968CA189476232300225B01C9180A71B6
:108D4000FF284AD0372044434E48FF2100682F3186
:108D50002018095C002904D015E00A68D1188C7528
:108D6000EEE70146FF31FF3047311F30EAF70CFFD5
:108D70004448062200682118FF3105A84831EAF767
:108D800099FD012007903F49FF2208684E322018C4
:108D9000125C002A1CD10146FF31FF3040313030D7
:108DA000EAF7F2FE3748062200682118FF3103A8CF
:108DB0004131EAF77FFD01200890002E08D0012103
:108DC000304800E018E002682320400110180171CB
:108DD0000798002801D0002E0AD0324629460E9866
:108DE00000F05EFC0898002806D0012103A815E0D9
:108DF0003246012105A8F3E7002F06D0012F1AD033
:108E0000022F02D0032F07D115E01E480622016869
:108E100068467831EAF74EFD0021684600F05CFCB8
:108E20000124A402002F10D0012F16D0022F0CD045
:108E3000032F24D111E013480622016814480918B1
:108E40006846EAF737FD0121E7E70E480068816FC1
:108E5000041909027B30E1650CE00A4805680C48FA
:108E60002818EFF734FB00022C19401CE065084875
:108E7000C01C2818EFF72BFB0002000A2066002018
:108E800011B0F0BD04250020580800006C0400005B
:108E900033070000F0B5824D04468249286885B04A
:108EA00040180190FEF7E8FA002C7DD008280DD379
:108EB0004220074603907C4800240290FEF744FBC2
:108EC0000090082004900098082802D30C2005B0D8
:108ED000F0BD00F0A1FB00F091FA00987349800109
:108EE000421813212868C9014018818801988030F0
:108EF000036BC0315980016B09800021C943018295
:108F00000021456ACB1DEF54856AEF54C56AEF54C2
:108F1000056AEF54066B039DF554039B3F0A1B0A39
:108F20000393466A029D0B1DF554866AF554C66A82
:108F3000F554066AF554066BF554029B491C1B0A4E
:108F4000C9B202930329DCD3009911234907090E02
:108F5000456A0B43AB72856AAB72C56AAB72019B03
:108F60001D7E0223022D0BD1456AAE7A1E43AE72DE
:108F7000856AAE7A1E43AE72C56AAE7A1E43AE7281
:108F8000466A0127F772866AF772C66AF772194352
:108F9000036B9972036A9972036B0321D972016A98
:108FA000CF7200210B4600E04EE0535455186B7110
:108FB000491CC9B20529F6D3802595720199203143
:108FC000CE7BD672868C1682068E5682384E96617D
:108FD000384ED6613E462027BE54D375019A127E84
:108FE000002A04D0012A04D0062A12D110E0182445
:108FF0000FE00322836828245202934209D1C368F8
:10900000934206D100220492FF225632028200E0EF
:109010001024497B002904D0012904D0022906D15B
:1090200003E0C02102E02C4301E040210C430499FD
:10903000C2680902806853184218E108C900491C37
:109040000098FEF7E5FB42E772B608280CD209212A
:109050002A68090251188B6E60214143891C5C5CAF
:109060006407640F012C01D062B616E0F024A45C02
:10907000002C04D01126FF24B60192199475002209
:109080005A543F212A68490151180B7F012282401E
:1090900093430B7762B600F0F7FB002017E7000060
:1090A00004250020580800008100B000CC000020FA
:1090B000D6BE898E5555550070B5044608480D46F4
:1090C0000068084946182046316800F0A3FB726822
:1090D0002271100A6071100C2870002070BD000011
:1090E000042500205808000070B50D460446FEF720
:1090F000C3F9082801D31F2070BD09480949006839
:1091000040180022416B931CC95CA154521C062AD2
:10911000F8DB406B00784006C00F2870002070BD5F
:10912000042500205808000030B50C4A0C4B12688A
:10913000D218936A2032147B1F2C02D900200870A9
:1091400030BD002205E01D780570521C401CD2B2D3
:109150005B1CA242F7D30C7030BD00000425002038
:1091600058080000F8B50C460546FEF707FA08282F
:1091700001D31F20F8BD0A4E13273068FF01C01924
:10918000806806222946801CF7F75EFD3068C0190A
:10919000806800784006C00F20700020F8BD0000F5
:1091A00004250020F8B55E4B5E481E68002230188A
:1091B00001462031027613240D460A73E401311969
:1091C0008E68FF27283686638968493750314163A6
:1091D000083181620721A973416B524E0A70456BB9
:1091E000062169701B68FB2519198C687834C463E3
:1091F00089680824A03101640146C0314A720A72AC
:10920000CC738C731B240C824F828D82103ECE82D5
:109210000D834E838C83CF8343495A65196513238D
:109220003F4C0146DB012668B518F618B768603573
:1092300016462D7E2A36BD552668F618B76816469E
:109240005236BD552668F618B76816467A36BD55AB
:109250002668F618B7681646A236BD550D70521C22
:10926000D2B2491C062ADED300230B70826B062182
:109270005170426B517002468032536119469361BE
:109280001BE009252D025B1960254D439F6E2B467F
:10929000264E0A33FE52092327681B02FB189F6ED5
:1092A0002B4600262033FE50092327681B02FB189B
:1092B00024359B6E491C5E51C9B22368AC25ED5C18
:1092C0008D42DED8002501219583C90201845564B1
:1092D0000920216800020918896F936B891C598045
:1092E00021680818806F516B801C48801048818D60
:1092F00020684030018600F0D1FC3F212068490100
:10930000411841220D775201082180188170FAF727
:1093100061FDFEF771F920682030C574F8BD0000CA
:109320000425002058080000862E0000FFFF0000E2
:10933000E002002010B5044680880321FEF7C0F843
:10934000022172B6082815D20D4A136809221202AA
:109350009A186023926E5843831CD35C002B09D06B
:10936000002110182160016A002906D0416A0C60B2
:109370004521446262B6084610BD0462F8E7000069
:109380000425002070B51B4A1B4B1268D418E36BF0
:109390000833A3621F2901D9302070BD0022656BFC
:1093A000E66BAD5CB554521CD2B2082AF7D300224A
:1093B00005E00578521C1D70401CD2B25B1C8A422D
:1093C000F7D32C200155E06B891D4170FEF754F84E
:1093D000217E01290CD008280AD2616BE06BE16381
:1093E00060638034616A4880A16A4880E16A48808D
:1093F000002070BD042500205808000030B5314819
:10940000314900684018416B037E0A781B079209B6
:1094100092011B0F1A430A70C16B037E0A781B0767
:10942000920992011B0F1A430A70816B0A78920904
:109430009201121D0A70016C0A7892099201121DA4
:109440000A700021024620320BE0836A456B5C5CA7
:109450000B460833EC54846AC56B645C491CEC54BD
:1094600089B2137B8B4201D91F29EED3017E0129DA
:1094700007D0D9B2426B891D5170416B08318162AE
:1094800030BD0346C26B1033083281688262446B80
:109490000C22627000221546446B08356155197024
:1094A000090A5B1C032A00D1C168521CD2B2062AE9
:1094B000F1D3406B02785206520EC9010A43027082
:1094C00030BD00000425002058080000F8B5504FBA
:1094D0000646504938684518FDF7CEFF082812D1D6
:1094E000FEF74CF8082803D02320405D02280AD05C
:1094F000386834462030807D0934000700283079F0
:1095000003DB032803D00C20F8BD012804D020463B
:10951000FFF795FB002806D0327AF0790023214628
:10952000FFF7BAFB0BE00023F0791A461946FFF764
:10953000B3FB11223968FF209201891888752C46E7
:109540008034216A288F48803079012821D03088E2
:109550000002A06070880002E0600020C04320820A
:10956000307902281CD003281CD004281CD00128E4
:109570001AD0052800D3FF20287628462030B1795C
:10958000417371790346817327200022CE070FD0E3
:1095900011E003204002A060E060FF205630DEE7CB
:1095A0000620E9E70220E7E701200021B171E3E7A7
:1095B0004908401CC0B2521CD2B2022AE6D3052987
:1095C00002D1801CC0B20321272801D9C01EC0B21D
:1095D000666A228D3280A66AA28D3280E66AA28CEB
:1095E0003280666AAA8E7280A66AAA8E7280AA8E5D
:1095F000E56A6A80D873032902D0012904D005E006
:10960000A16AA08C088001E0606A00800020F8BD9B
:109610000425002058080000FEB51F481F490068B7
:109620004718694601A8FFF747FDBE6B7D6BFC6BD1
:109630003B6C72B6002001AA811C175C6F54175C4A
:109640007754175C6754175C401C5F540628F3DBA3
:10965000694609782A78BF20C9070240490E0A43A3
:109660002A70694609783278C9070240490E0A43D0
:109670003270694609782278C9070240490E0A43C8
:1096800022701A78694602400878C007400E0243EB
:109690001A7062B60020FEBD0425002058080000A4
:1096A000034610B50A48002A006806D0094A801807
:1096B00072B60A461946103006E0064AE43A8018A7
:1096C00072B60A461946083000F094F862B610BD2A
:1096D000042500203C090000034610B50548064A51
:1096E0000068801872B60A46194600F083F862B620
:1096F000002010BD0425002058080000F0B5144AD1
:10970000144B1268D3181A6C154608321F2901D958
:109710003020F0BD00249E6B1F6C365D3E55641CEE
:10972000E4B2082CF7D3002405E00678641C167018
:10973000401CE4B2521C8C42F7D3186C891D417056
:10974000986B9D6318648033186A45800020F0BDD3
:109750000425002058080000FEB511481149006892
:1097600006224618104941186846EAF7A3F8012274
:109770006946304600F03EF8B56BF46B736B366C9F
:1097800000206A46811C175C5F54175C6F54175C9D
:109790006754175C401C77540628F3DB0020FEBD9D
:1097A0000425002058080000330700007CB50E4C4B
:1097B0000E492068062245180D4941186846EAF707
:1097C00079F8296A06226846891CF7F73DFA1321C1
:1097D0002068C9014018816806226846891CF7F78D
:1097E00033FA00207CBD0000042500203C09000065
:1097F0003307000070B5054616460C46084600F0D3
:1098000037F8286021796079000208433104401854
:10981000686070BD01700A0A42700A0C8270090EFD
:10982000C170704770B51148092402683F2040019B
:109830001018037F002024021419A0320146157B62
:1098400010E0DA070BD06022A66E4A43B218927875
:109850005207520F052A01D0022A00D101205B08CD
:10986000491CC9B28D42ECD870BD0000042500200F
:109870000178427813028278C078120400061043FF
:109880001843084370470000F8B51B4E3188044662
:1098900009070820090F0443A1422CD1174D0021CC
:1098A000286881631121C90140180921C906806A0D
:1098B0000969471A642000F05FF9717AC9004018FD
:1098C0002968896A4018381A00020121000AC9056E
:1098D000884202D2002005F069FB094928683288D5
:1098E0001207120FA24206D1826B8A4203D2826B08
:1098F000521C8263F3E7F8BDC0000020042500205D
:109900000071020070B50F4D0F49286841184030B2
:10991000407B002814D0C031897B082910D1002455
:1099200002E04008641CE4B2C107FAD0204600F00F
:109930007BF8286801224030417BA240914341736B
:1099400070BD00000425002058080000FFB5334812
:109950000E460068324987B045181F461446304607
:1099600000F0B2F80190301D00F0AEF800902078C1
:10997000617802AE0C02044302210798FDF7A0FDB6
:1099800000213A783270491CC9B2761C7F1C10291C
:10999000F7D3082802D302200BB0F0BDC035A97B55
:1099A000082901D20C20F7E71C4909220968120294
:1099B00089188A6E60214143511872B64A7992071C
:1099C00002D062B63A20E7E77D2252026A81A8738C
:1099D0004A6B144810600869020504D548790122D1
:1099E0001043487103E001221203104308614A6BDF
:1099F000019850604A6B009890604A6B0298D06062
:109A00004A6B039810614A6B049850614A6B059841
:109A10009061486BC46162B60020BDE70425002058
:109A20005808000003010A007CB502462348244977
:109A3000006845180921090241188B6E60215143C5
:109A40005C1800210091019172B6A1784907490F75
:109A5000052901D062B67CBD2946C0318A737D22BA
:109A600052024A8162B6052269464830F7F7ECF89F
:109A70008020009941517A2101984855A0890622F9
:109A8000218950430930081886B2616B0D4808607F
:109A9000606B05228660616B6846C91CF7F7D4F8D5
:109AA00060790121084360714035EE86A07902217A
:109AB000C006C00E0843A0717CBD00000425002034
:109AC00058080000030801000178427813028278E8
:109AD000C078120400061043184308437047000082
:109AE00010B5064801680648406A002803D02022C5
:109AF000F7F7AAF810BD0020087010BD042500205B
:109B0000E002002010B504460448807A8006400F29
:109B100000F006F82070002010BD000000010020B9
:109B20000CB505A206CA00917F210192082801D236
:109B30006946095608460CBDF2F5F8FBFE0204081A
:109B4000054925224143090C5143401A80B225287A
:109B500000D32538C0B27047EB06000089084143A6
:109B6000880A401C70474143080A292109014843DB
:109B7000C00A401C704700000649C20B0968400437
:109B8000096A400CCB0958435143000A0818203099
:109B9000800970470425002070B51A4A1A4CD37BFF
:109BA0002268002B11D01A4E184B8009CDB25843B1
:109BB00075430B0A2D0A734310355B19154D803020
:109BC0005B09000A6943090C04E0192312481B04CD
:109BD000FF21E931114D11866980536210620948F5
:109BE0002038008EFFF7C8FFE914884200D3481ED2
:109BF00040052168000E203108752988090700D426
:109C0000687270BD00030020042500205307000087
:109C1000F6BC080055050000C2F52800C000002071
:109C20001FB5054C40071ECC03946C460EC4000FB4
:109C30006946085A04B010BD1845061008B5002141
:109C40006A461180694600F001F808BD10B50A4A5D
:109C5000830B12688004526A800C140A60435A43D2
:109C60008009101800228A5E821A10464030C0090E
:109C7000C3019A1A0A8010BD04250020032802D0CF
:109C80006320C0437047662070470000012801D060
:109C900001487047002070477A03000070B5274ADA
:109CA000002110680346403041760176492040018A
:109CB0001818417681760F202033987513230846B3
:109CC000DB0114680546E4186468303521541468D3
:109CD000E4186468615514683035E41864686155A7
:109CE0001468E418656804469034401CC0B22955D5
:109CF0002D28E6D31068C3185C6809231B02C3181B
:109D0000DC65254630359D6590345C65FF23483021
:109D1000037043708370C3701F23037112684D205A
:109D20008154074801800921417105238371C17164
:109D300003724281FFF7D4FE70BD000004250020AD
:109D4000C000002010B5FAF759F810BDFEB5524812
:109D50000088602341075148490F0268092000022A
:109D60001018826E59435418A27825695207520F71
:109D7000216A0092022A01D0052A20D12A0404D4A3
:109D80006279920701D1002919D0A66A444A2B04AE
:109D900043D563799B0715D0676B77800120C0039B
:109DA00085432561E9F772FF012809D01F217878E2
:109DB000014204D0218A890401D5001D7870FEBDBE
:109DC000FF21F4E70029FAD01542F8D10A7C406F50
:109DD000D206D20E921C1718B8B20190708020469D
:109DE000F8F7D4F80120C0038543256105110098D8
:109DF000052800D1AD00E9F749FF01280BD01F214C
:109E00007878014204D02169294201D0001D787080
:109E100001987080FEBDFF21F2E7708801235B0787
:109E2000C01863799C469B0704D0636B834201D0C2
:109E3000012700E00027666B864202D02388834218
:109E400012D1002912D015420ED1012300290ED0C3
:109E500086420CD02488844209D00968002906D0A3
:109E6000154204D1012103E00023EFE70023002184
:109E700062469206920F03D00022002F06D101E025
:109E80000122FAE70B43C5D0002AC3D00178102283
:109E900011430170FEBD0000C00000200425002019
:109EA000600600004101401880097047F0B57E4C03
:109EB00005467E49206891B04018089000200D901A
:109EC00072B606F0BBFF002801D1002D07D07648FE
:109ED00000250168492040010818467EDFE062B68F
:109EE0000D9811B0F0BDF0077ED07149A80140185F
:109EF0000E906D480168092000020818816E6020EC
:109F000068430C18A178206A4907490F02294BD1F0
:109F1000A179490748D4002846D04020005B400082
:109F200009900002FFF728FE039000200F905E4882
:109F300036210068095C0A070AD44907490FA9427B
:109F400006D1012180300F91416C0191806C06E0B7
:109F50000899C96C01910121C9024018C06900909B
:109F6000FF205F30FFF708FE51490C39497AC900DC
:109F700041180098411A0398081A07900E980B216F
:109F800041562030059100780A90002002902089E7
:109F900006900920C00601690798401A07020120AF
:109FA0003F0AC00587422AD36CE001200D90079933
:109FB0000398081A079002990398081802900999C3
:109FC0000198401A01906169099808186061059923
:109FD0000A98081A40B205900698401E80B2069072
:109FE0000598002804DA00E056E0253040B20590DC
:109FF0000920C00601690798401A07023F0A642039
:10A00000FFF7BAFD2A490C39497AC9004118264898
:10A010000068806A0818B84207D20120C00587424C
:10A0200003D2099901988842BFD802990098401A32
:10A0300001020D98090A00280CD01B481122006863
:10A04000D2018018806A081A00020012002801DD7F
:10A0500000200D900F98002806D01348019A006840
:10A0600080304264816408E0089A0198D0640E4808
:10A0700002680120C0021018C1610E990598C872CB
:10A0800006982081084801220168492040010818EB
:10A09000417EAA40914341766D1CEDB27608002EB8
:10A0A00000D020E71BE7000004250020580800002E
:10A0B000CC000020F8B54C4D4C4928684418264681
:10A0C0004036B08BFFF7ACFD29684031098E40184F
:10A0D00080B2E16CFFF747FD0746B07FFFF7D6FD82
:10A0E000A16D3818411807200005014300913F4A2F
:10A0F0002968363A8818363100F084F841212868FA
:10A100004901421891784B07014620318E7D5B0F43
:10A1100037093F013B4393707207520F8A75334AE8
:10A12000A8313C3A801800F068F82868A16CC0306B
:10A130000268A26401602868E16CC4300268E264CD
:10A14000016028680099CC221150D030A16D0268BE
:10A15000A26501602868616DD430026862650160A3
:10A16000296820465C30D83100F042F82968204642
:10A170005E30DA3100F046F8296820466030DB3185
:10A1800000F040F8296820466430DC3100F030F8F7
:10A19000296820466830DE3100F02AF82968204618
:10A1A0006C30E03100F024F8296820467030E2314C
:10A1B00000F01EF8296820467430E43100F018F8E9
:10A1C000296820467830E63100F012F829682046E8
:10A1D0007B30E83100F016F8296820468430EC31F5
:10A1E00000F00BF8F8BD000004250020580800001E
:10A1F00002880B8803800A80704702680B6803603E
:10A200000A60704702780B7803700A70704710B5C7
:10A21000C001000CE9F75AFB002010BDF0B51E4844
:10A2200013210068C901401897B000240C27142698
:10A23000C56AF9F7CFFD0FA802301490284600F048
:10A240001DFDFC2820D16946284600F005FD684622
:10A250004078C007149804D0EEF739F90002401C8A
:10A2600002E0EEF734F90002159010A80130EEF785
:10A270002EF90002000A169015A8F9F71DFD002816
:10A2800002D0472017B0F0BD641CAD19E4B2BC4247
:10A29000D4D30020F6E70000042500200FB4F0B569
:10A2A000584F13203968C001081897B0C66A0FA824
:10A2B000023000241590703014901BE0304600F0FE
:10A2C000DDFC0546FC2809D0FE2D18D0002810D052
:10A2D000FA2017B0F0BC08BC04B0184769463046F5
:10A2E00000F0BAFC062215991498E9F7EBFA002859
:10A2F0001BD014362046641CE4B20C28DED318A808
:10A30000407C0009E5D00C2C76D972B600F06AFBCF
:10A3100062B613203968C0010818C66A304600F0DA
:10A32000ADFCFE2868D01436F8E7502269461CA818
:10A33000E9F7C8FA0028CCD0304600F073FC0AE0F8
:10A340001436304600F09AFC0546FC2803D0002D58
:10A3500001D0FE2DBCD12046641CE4B20C2801D2F1
:10A36000FE2DEDD118A8C17C6846C0788142C6D1C7
:10A3700018A8407CC0060ED468464078C0060AD5AE
:10A3800002222DA811A9E9F795FA18A9487C1021F5
:10A39000084318A9487418A8407C800615D468465C
:10A3A0004078800611D523A807A910220230023177
:10A3B000E9F780FA062215991498E9F77BFA18A9AB
:10A3C000487C2021084318A9487418A8407C4006FE
:10A3D00095D468464078400691D527A80BA910224D
:10A3E00002300231E9F766FA18A9487C4021084397
:10A3F00018A9487483E7FFE701221CA9304600F042
:10A4000047FC66E70425002010B5064813210068C4
:10A41000C9014018C06AC001000CE9F757FA0020D2
:10A4200010BD000004250020F7B521481321006865
:10A43000C901401898B0C66A002511A814460C2717
:10A44000149515901CE0304600F018FCFC2802D052
:10A4500000281AD113E06946304600F0FDFB68463B
:10A460004078C0060BD516AA1999159802F0E2F9A2
:10A47000022216A81899E9F725FA002808D0143600
:10A4800028466D1CEDB2B842DDD341201BB0F0BDB3
:10A490006946204600F0EEF805482346006821464C
:10A4A0002A3314AA2031803002F070F80020EDE742
:10A4B00004250020F8B5074627480E4600681321FA
:10A4C000C9014018C56A1446002E18D0012E06D1C5
:10A4D0007879010601D5410611D480090FD0787929
:10A4E000400637D526461E36284600F0C7FBFC2816
:10A4F00024D0FE282ED000282AD0FA20F8BD2046ED
:10A500003E300090284600F0B9FBFC2805D0FE281C
:10A5100020D00028F1D11435F4E72146284600F078
:10A520009BFB6078C007C00FB042F4D106223946C9
:10A530000098E9F7C7F90028E0D0ECE72146284663
:10A5400000F08AFB3146384602F0D5F90028D5D014
:10A550001435C9E75C20F8BD0425002030B50B4652
:10A5600095B0154601466A461846FFF7A3FF04005A
:10A5700005D107A9102228460231E9F79BF92046A8
:10A5800015B030BD70B50C4813210068C9014018E2
:10A590001426C56A0024284600F070FBFC2805D06C
:10A5A000FE2807D0002803D0FA2070BD641CE4B256
:10A5B000AD19F0E7204670BD04250020F7B596B030
:10A5C00017465E2602F0F6FB04004FD06078C50700
:10A5D000ED0F1ED0002D05D0E0798109032918D098
:10A5E000800916D0E079400610D521481321006873
:10A5F000C901401807AEC56A0236284600F03EFB86
:10A60000FC280CD0FE2801D0002812D0472019B019
:10A61000F0BD0622A11C14A8E9F74CF912E0694626
:10A62000284600F019FB3146A01C02F064F900280E
:10A6300001D01435E1E70FA9062214A80231E9F789
:10A6400039F900253B4614A92846179A00F0A0F8CE
:10A6500006465D280AD172B600F0C4F962B63B46E0
:10A6600014A92846179A00F093F806463046CEE71C
:10A670000425002070B5044601200D46A076C97857
:10A6800021776978090603D5617F1022114361772C
:10A690006A78617F60231A40114361776978C9063F
:10A6A00002D5A17F0143A177E86C6061A86C2946BF
:10A6B00020610E31204610220E463A30E9F7FAF8B2
:10A6C0002946204610221E315430E9F7F3F8294676
:10A6D000204610222E316430E9F7ECF82946204656
:10A6E000022244312030E9F7E5F820460822A91D6E
:10A6F0004A30E9F7DFF820460222291D5230E9F7F7
:10A70000D9F86878800704D52089012149030843D6
:10A7100020816878400704D52089012189030843F6
:10A7200020816878000704D520890121C9030843E6
:10A730002081A878010706D5E07220461022314614
:10A740002A30E9F7B7F8F120A07270BD70B594B067
:10A7500015460E466C4602F02DFB002816D04178B7
:10A760002246C907C90F801CFFF7A4FE002802D0AB
:10A770005C2014B070BD684640780FA9C007C00FB8
:10A780002B463246023100F0DFF9F2E74020F0E7D5
:10A79000FFB585B00D4600F039FA044600270C20BD
:10A7A000029060E0204600F069FA0646FE2861D07B
:10A7B000FC2E04D0002E02D0FA2009B0F0BD2046B5
:10A7C00000F040FA84465F49A000401800686A46DD
:10A7D000030A1370030C5370000E9070641CA000E9
:10A7E00040180068D070030A1371000C5071641C8B
:10A7F000A000401800680390FC2E0AD105998C45F2
:10A8000006D1062229466846E9F75CF8002804D0FC
:10A81000039880080419641C25E00799039888426E
:10A8200019D10622FF216846E9F748F8002635E0ED
:10A83000641C4448A10008180168684600F0CAF882
:10A840000898042280196946E9F73CF8002824D0CA
:10A85000B008241A641EA41E204600F0E3F90398F1
:10A8600080080419E41C384602997F1C884299D359
:10A870008F4210D8344801681320C0010818026BB9
:10A88000C16A406B8918401E091807980C3080086F
:10A890000019814206D25D208FE7361D039886425B
:10A8A000C6D34DE005986946C007C00F001F087069
:10A8B0002878487068788870A878C8700099000671
:10A8C0000902090A01432046FDF784F8002831D126
:10A8D000E978684601702979417069798170FF21B2
:10A8E000C1700098641C0102FF20090A00060143A0
:10A8F0002046FDF76FF800281CD1641C20460799FC
:10A90000FDF768F8002815D1079800258107890F01
:10A910000E18641C12E0089840190746EDF7D7FDA1
:10A920000102F878090A000601432046FDF752F8B3
:10A93000002801D0FB2040E7641C2D1DB542EAD35E
:10A9400000203AE70000041004250020FFB597B06E
:10A950000C201590142014901D4800250068132128
:10A96000C9014018C66A1F462C461D70304600F0CB
:10A9700085F9FC280DD0FE2806D014986D1C3618D9
:10A980001598EDB28542F1D31798047000201BB0E2
:10A99000F0BD6946304600F05FF91999E01D884224
:10A9A00001D96420F3E7684640780622C107189869
:10A9B000C90F0155641C1898A4B20FA900190231DF
:10A9C000E8F778FFA41D3878A4B2401C3870D4E7AB
:10A9D0000425002001700A0A42700A0C8270090ED8
:10A9E000C1707047F0B5FFB0FFB085B00020009097
:10A9F00001900290534E039013203168C001081853
:10AA00000025C76A04952C460595384600F036F9AE
:10AA1000FC280ED0FE2812D000280CD0132031685C
:10AA2000C0010818C06AFFF7F2FB7FB07FB005B025
:10AA3000F0BD641CE4B26D1C14370C2DE5D3254623
:10AA4000042C00D90424281BC0B206903D480027DE
:10AA500001681320C0010818C66A0CE0304600F0F7
:10AA60000DF9FC2806D10698002816D0401EC0B269
:10AA700006907F1C1436AF42F0D3324D132628685F
:10AA8000F6018019C06AC001000CE8F71FFF2868B2
:10AA9000801900263546C76A4FE00499502041438B
:10AAA000B3A8081801460890304600F0D5F85521A3
:10AAB0000598C9000A1A04986946800007900A5050
:10AAC000059A09A98B1869464218089801464078EA
:10AAD0003E31C007C00F00F037F8002807D00799B3
:10AAE00000206A4650500498401C0490C1E7079823
:10AAF00069460958059808180590F4E7502029463A
:10AB00004143B3A8091800223846049100F0C0F868
:10AB1000A9006846059142581437002A08D009A8B0
:10AB20000499831948783E31C007C00FFFF730FE03
:10AB300005986946085886196D1CA542DED3002089
:10AB400073E7000004250020FFB585B000F05EF833
:10AB5000044607980026006803900C2002902046C7
:10AB600000F08CF80546FE2835D0FC2D04D0002DD1
:10AB700002D0FA2009B0F0BD204600F063F8224967
:10AB8000A200521813686A461F0A17701F0C5770EC
:10AB90001B0E9370641CA200521813686A46D3708F
:10ABA0001F0A17711B0C5371641CA20051180F6807
:10ABB000FC2D09D10599884206D1062268460699DE
:10ABC000E8F780FE002808D0B80804190298641C31
:10ABD000761C8642C3D35C20CCE70398874201D918
:10ABE0004820C7E707980025074E076008E0641C67
:10ABF000A0008019016808984019FFF7EBFE2D1D91
:10AC0000BD42F4D30020B5E70000041004480168F9
:10AC10001320C0010818C16A006B081870470000B3
:10AC200004250020810010B505480C182068010A91
:10AC300009022046E8F762FE2068002010BD0000EF
:10AC4000000004100349800040180068C007C00FCE
:10AC50007047000000000410F8B5074F0E46044688
:10AC60000025A000C01901687019FFF7B3FE641C2D
:10AC70002D1D502DF5D3F8BD0000041003498000B0
:10AC8000401800680006400E4000704700000410A5
:10AC9000F7B5002450260546002A20D000270920B9
:10ACA000C006016942685201520F032A0ED0426861
:10ACB0005201520F0AD04068401A0002000AFEF703
:10ACC000BDFF01461048814209D803E0FF20F5305E
:10ACD00003F0ECF97D20C0007F1C8742DFDB019888
:10ACE0000019077841780B028178C0780A040106C0
:10ACF0001143194339432846FCF76CFE241D6D1C93
:10AD0000B442ECD30020FEBDCC040000F7B584B003
:10AD1000072116460191009102F04CF8040004D07E
:10AD20007420005DC00724D102E0402007B0F0BDD0
:10AD3000A01C02F0F3FD00281DD0002E02D0A07B45
:10AD4000000616D4A27BD00613D4464D2868817D18
:10AD50004B081943C90702D0817E490709D4002155
:10AD60000291D109C901A173A27A002A08D0F12A5F
:10AD700003D04620DAE75920D8E7059AD2071ED03B
:10AD8000807EC043800721D0208920220105090D43
:10AD90000020FCF751FF07001AD0A020A072E07E2F
:10ADA0002F210840E0760598800703D5A07B20215D
:10ADB0000843A0732868002E0CD0417B0EE00120D0
:10ADC0000143A1732046E8F731FFAFE73820ADE734
:10ADD0006420ABE78030007B4007C10F2868827D8C
:10ADE00053081A43D207C37DD20F007B00F093F9BA
:10ADF0000646204602F030FC01990098009101902F
:10AE0000227E33460121384600F092F92146384629
:10AE100001F0A0FB002802D04120029086E72968BB
:10AE2000887EC243920701D0401C88762046542277
:10AE300000212030E8F742FD304618210840E0723A
:10AE4000A07EF10700D002210843A076E07E7107C2
:10AE5000C90F0843E07628688030C672A120A0722E
:10AE6000029863E70C250020F0B593B0002006900F
:10AE700072B65F4D042128684030C2790A43C2711E
:10AE800062B6E8F711FF00265A4F73E03868C16FC9
:10AE90007C2070430C186BD02089002868D0617B1F
:10AEA000C9075FD00005000D21462A31019010220C
:10AEB00011910CA8E8F7FEFC07A9204600F006FB5C
:10AEC00000283CD00198F6F75CF80B90207B8007B7
:10AED0000CD0019802F012FB0246474B00210120E2
:10AEE00002F0DEF8207B00090001207302200490AC
:10AEF00001980390032002903921286849014118E4
:10AF0000897B0123890712D5D90208304018132202
:10AF1000C06C022103F0B6F9010008D0039A8A80C0
:10AF2000029A00238A71CB71049803F097F90B9869
:10AF30003A280AD0607B40084000607312E007A9FD
:10AF40000198F6F717F80B90F1E710220CA9119869
:10AF5000E8F7B0FC72B62868FB224030C179114096
:10AF6000C17162B6A07A002802D0204600F064F9D0
:10AF7000761CF6B22868A030007BB04286D830E05C
:10AF800006A9386803F0FBFF0698808801F012FFDD
:10AF9000010022D006988268127B052A05D08B7AA0
:10AFA000102B05D9F12B03D00BE002F0EDFB14E0E0
:10AFB00074235B5CDB0702D0012A0ED101E00B2A6F
:10AFC0000BD101F075F9002807D0FD2805D00699AE
:10AFD000386803F082FF13B0F0BD01210698FCF73A
:10AFE00087FE386803F0A2FF0028C9D0F3E700000D
:10AFF000042500200C2500203075000070B501F0FC
:10B00000D9FE040007D07420005DC0070AD0207B61
:10B01000800707D101E0402070BDA07A002803D04E
:10B02000F12801D0462070BD1A4E3068807EC043A2
:10B0300080072BD0208920220105090D0020FCF774
:10B04000FBFD050024D00220E880A8680B210173D5
:10B050003068817DC37D4A081143CA07417B007B6C
:10B06000D20FC007C00F00F056F80146306880309C
:10B070000173A86841732146284601F06BFA002845
:10B08000D1D1217B01221143217370BD382070BDC5
:10B09000642070BD0C25002070B50E4602230446C6
:10B0A000C10612481546006803D51E22BF210C4078
:10B0B00008E0392149014118C97B890601D40020E3
:10B0C00070BD1B222107890E08180121C9024018F2
:10B0D000C06C214603F0D6F8010005D08E802046D2
:10B0E0008D6003F0BBF8EAE7072070BD042500205F
:10B0F00001700A0A42700A0C8270090EC170704712
:10B100000178427813028278C07812040006104356
:10B11000184308437047C007C907C00F490F0843C9
:10B12000D107090F0843D907C90E0843704700002B
:10B13000F0B50724059E069DC4808468D20721735C
:10B14000084C81682468D20F277E4F7381688A7308
:10B150008168CB738168E27B0A7481684E74806871
:10B160008574F0BD0C2500200146896800204A7BCB
:10B17000042A05D88A7B012A02D8CA7B920701D506
:10B180000A207047044A097C1268927B914201D3DD
:10B190001029F6D9062070470C250020F0B587B09D
:10B1A00004461C2222496846EFF706FD227E032151
:10B1B000D04383071F48002B006804D0E37A1D07A3
:10B1C00005D5D50701D0E1771CE09207FBD4E27EDC
:10B1D00005252A4212D0627E057E960096196F469A
:10B1E000F619AD5DE577002D0CD11B0708D4012AB7
:10B1F00002D1027E012A01D0022202E0012200E0F7
:10B200000422E277407BC007C00F02D0E07F012814
:10B2100006D0E07A000709D5E07F022804D005E0D7
:10B22000E177472007B0F0BD0020E0730020F9E788
:10B23000284506100C250020F0B50446807A2646E5
:10B24000603695B0102820D0D1287BD0D22879D074
:10B25000D32877D0D42875D0D52873D0F02875D0CE
:10B26000FE2877D0A2287FD0B2287DD0B42868D01D
:10B27000BF28204677D0E8F7DDFCE07A000702D54A
:10B280002046E8F747FD15B0F0BD60786A46C10773
:10B29000C90FA01CFFF70EF90227474D00282AD03E
:10B2A000FCF7A2FF002824D0307DC00721D0FFF793
:10B2B00069F9FA281DD000281BD0E079400618D57E
:10B2C000022014903921286849014118C97B268938
:10B2D000012309070DD5DD02083040191A2239462D
:10B2E000C06C02F0CFFF010003D08E80149802F0F2
:10B2F000B5FF00204AE069462046FFF7BBF92089E8
:10B300000104BAD5022114910605392128684901A2
:10B310004118897B360D01230907AED5DD020830BF
:10B32000401915223946C06C02F0ACFF0100A4D0D0
:10B330008E80149802F092FF9FE703E006E009E098
:10B3400012E027E0204600F041F996E7204602F09F
:10B35000DFF992E7307D00068FD57C220021204660
:10B36000E8F7ACFA89E724E0E07A000704D5204644
:10B37000E8F7CCFC002880D0E07F022802D1E07EF4
:10B38000C006D9D5307DC00702D0B420A07274E7C2
:10B39000A420FBE7204610216430F5F743FBE07A58
:10B3A000000703D52046E8F799FC66E7B521A172AE
:10B3B00063E702F035F960E70425002010B5742139
:10B3C000095CC9070BD1817AA42909D0AC2916D010
:10B3D000AF2904D1417F002914D0D021817210BD42
:10B3E000044610215430F5F71DFBE07A0007204693
:10B3F00002D5E8F76FFC10BD00F0A8FC10BDE8F71F
:10B4000015FC10BD02F00CF910BD10B50146807A94
:10B41000A92802D1002000F059FC10BD10B5044647
:10B42000807AAA280BD0BA2809D0B92810D0742065
:10B43000005DC00702D12046E8F704FC10BD20469D
:10B4400002F032FD0028F9D0012300220B210DE08B
:10B45000E07F0428F2D1E07E410602D5BA20A07236
:10B4600010BD0006FCD5012300220C21204602F06D
:10B4700096F910BD70B504461348002502684021B6
:10B4800028463C3202F029FE002804D002F05EFD7E
:10B4900002F08AFB0DE0E07A4106890F03290AD009
:10B4A0007421095DC90708D0400602D5204602F084
:10B4B0008BFC284670BD0125FBE78106F9D49B2152
:10B4C0000840E072F2E700000C250020FEB50446BB
:10B4D0000020009025462646A07A2A3532360F46AF
:10B4E000BC2821D0F12810D1E07A00071CD42046D6
:10B4F000203001AA2946029001F09CF9022231462F
:10B5000001A8E8F7DFF9002806D022462946304690
:10B51000FEF78AFF4120FEBD09482B4600686A46B7
:10B520000299803001F032F8102200213846E8F705
:10B53000C5F9227F29463846E8F7BCF90020FEBD50
:10B540000425002010B58268527B4A768268927B7F
:10B55000012A03D10A7E02231A430A761A4B826813
:10B560001B68D27B80331A728468647C5C72846846
:10B57000A47C9C728B7ED407E40F23438B76CB7E16
:10B58000042422401343CB768268127C0A7774220B
:10B59000525CD20712D08B7F0522DC08E4008C7746
:10B5A00083689B7C5B075B0F23438B778068083045
:10B5B000801800794007400F487710BD8368062245
:10B5C0005B7C5B075B0FF0E70C250020F0B58DB0CE
:10B5D000002705460797008920220105090D3846F6
:10B5E000FCF72AFB04006DD02E466036307DC10684
:10B5F000284620300290002906DB0221F5F712FAD6
:10B60000307D102108433075A87A2E462236D12885
:10B6100008D0D2281AD0D3282CD0D42835D0D52879
:10B6200052D047E008213046F5F7FCF92C4803AB2F
:10B63000006807AA0299803000F0A8FFA0680621E0
:10B6400001731120E0802A7F03AB1CE00B20E08017
:10B65000A0680721017307AA3146029801F0EAF8B1
:10B6600007AB022205212046FCF796FB0822334651
:10B6700007211CE01120E080A0680821017308A8C0
:10B6800000F0AAFF29E0052111E069460F7108A921
:10B6900001A801F081FF0820E0800921A0680622AE
:10B6A00001736946A0680979417308AB11462046C9
:10B6B000FCF772FB2946204600F04CFF002801D120
:10B6C000DD20A8720DB0F0BD1120E080A0680A2135
:10B6D000017308A9284600F06DFF08AB1022D2E7DD
:10B6E00004250020F0B599B016460D4604463C22CC
:10B6F00000216846E8F7E2F81022294604A8E8F796
:10B70000D9F8E07F464D022802D0032806D00BE08E
:10B71000286801696846FFF7EBFC05E029681022FC
:10B7200068461C31E8F7C6F8012108A801702A68AC
:10B73000117E4170207EC107C90F08A88170114693
:10B740008031CB7AC370D27B027107224271827141
:10B750000222C271627E0272207E8007C20F08A898
:10B7600042720A7A8272227FC2724A7A0273897A9C
:10B7700041730F30471E05463946FDF79DFC607842
:10B780000622C107C90F08A841751630A11C1790E1
:10B79000E8F790F811A807220130F91FE8F78AF8B6
:10B7A0000FAC0722A01C08A9E8F784F80122601C4E
:10B7B000E11FE8F77FF8012239460FA8E8F77AF889
:10B7C0000020694613AF0A18127C235C5A403A5491
:10B7D000401CC0B21028F6D3324639466846F5F709
:10B7E00085FB102200210FA8E8F768F806222946F9
:10B7F000A01DE8F75FF806220FA81799E8F75AF896
:10B800000021705C625C50407854491CC9B2102918
:10B81000F7D3324613A96846F5F768FB19B0F0BDB7
:10B820000C250020F0B599B016460D4604463C2282
:10B8300000216846E8F742F81022294604A8E8F7F4
:10B8400039F8E07F4A4D022802D0032806D00BE0E9
:10B85000286801696846FFF74BFC05E0296810225B
:10B8600068461C31E8F726F8012108A80170617EBE
:10B870004170207E8007C10F08A881702A68114698
:10B8800080310B7AC370237F03714B7A43718B7ABB
:10B8900083710223C371137E0372207EC307DB0F03
:10B8A00008A84372C97A8172D17BC172607F410757
:10B8B000490F08A80173A07F4107490F08A84173E9
:10B8C0001630471E05463946FDF7F6FB607806221E
:10B8D000C107C90F08A881730F30A11C1790E7F7A3
:10B8E000E9FF11A809A9072201300331E7F7E2FFB8
:10B8F0000FAC0722A01C08A9E7F7DCFF012239469C
:10B90000601CE7F7D7FF01220FA8F91FE7F7D2FF66
:10B910000020694613AF0A18127C235C5A403A543F
:10B92000401CC0B21028F6D3324639466846F5F7B7
:10B93000DDFA102200210FA8E7F7C0FF0622A01DA4
:10B940001799E7F7B7FF062229460FA8E7F7B2FFD6
:10B950000020315C225C51403954401CC0B2102898
:10B96000F7D3324613A96846F5F7C0FA19B0F0BD0F
:10B970000C2500207FB5AC218172817B05468A07AA
:10B980002A350446002A09DA102200216846E7F722
:10B9900095FF69462B460A46AD250FE0C80701D141
:10B9A000480719D521464A312246E07A523200072B
:10B9B00001D52B4601E023463A33AE252089000508
:10B9C000000DFDF7C3FF00280BD03A2801D00C284A
:10B9D00000D1002004B070BDC808C000A07346208C
:10B9E000F8E7A17BCA0703D010221143A173F12508
:10B9F000C9B2C908C900A173A572EBE7F8B502681E
:10BA000041689268FD20137B0E2B13D1CB7ADB06A5
:10BA100010D5CB7F022B0DD14B7E022B0AD1742384
:10BA20005B5CDB078B7A06D0B22B0AD0B42B08D034
:10BA3000B52B06D0F8BDA22B03D0A42B01D0A52B8B
:10BA4000F8D10889392105050D4849010068022609
:10BA50004118C97B2D0D547B012349060ED50221C7
:10BA60008F020830C0191C22C06C02F00BFC0100D0
:10BA700004D08D808C71304602F0F0FB0020F8BDC0
:10BA80000425002010B5036841689A68FD20127BE8
:10BA90000B2A07D0022A0ED0032A13D0042A1ED064
:10BAA000FC2010BD8A7A002A01D0F12AF9D118466B
:10BAB00000F02EFA10BD8A7AA12AFBD1184600F0B8
:10BAC000F1F910BD8A7AA52A05D0A22A01D0A42AAC
:10BAD000F7D1FF2010BD184600F0F8F810BD8A7AA3
:10BAE000A62AFBD1184600F06BF910BDF8B5074641
:10BAF0008068FD25007B0C46012806D003285AD01B
:10BB0000042870D0FC252846F8BDA07A00280AD069
:10BB1000F12808D0FB28F6D1012300220921204674
:10BB200001F03DFE65E00026208901F0E7FC0246B9
:10BB30000021314B084601F0B3FA207BC14389074D
:10BB40000AD0810714D5012108432073207B010707
:10BB5000890F012911D00BE00C210840D4D0042812
:10BB6000F4D0082825D00C2800D10126002ECAD0F8
:10BB70002146384600F0DEFA3BE0FB210840082170
:10BB8000084320731D483921006849014118897B09
:10BB9000022489060DD502218B020830C018172215
:10BBA000C06C002302F06EFB010002D0204602F0C0
:10BBB00055FB4320F8BDA07AB5280FD0B22801D09C
:10BBC000B428A0D1C87F02289DD10D480068007E0E
:10BBD000022801D0042896D1FE2594E7384600F0CB
:10BBE000E1F906E0FFE7A07AB6288CD1384600F0EC
:10BBF00017FA054687E7000030750000042500208D
:10BC00000C25002010B5026841689368FF201B7B5B
:10BC10000C2B03D00D2B14D0FC2010BD8B7AA22B43
:10BC200001D0B22BF9D174235B5CDB07CB7A05D052
:10BC30005B06F2D4104602F085F810BD9B06F9D4DD
:10BC400010BD8B7AAB2B01D0BB2BF9D1104602F083
:10BC5000F1F810BDF8B504460025FFF79FFA472814
:10BC600003D0E07F022802D026E0E57F24E01548DB
:10BC70000068007D002821D0022000902089392111
:10BC80000605114849010068360D4118897B0123DA
:10BC900049070DD502218F020830C0191422C06C4B
:10BCA00002F0F0FA010003D08E80009802F0D6FA7C
:10BCB000E07EEF210840E0762846F8BDE07E1021C6
:10BCC0000843F8E70C25002004250020F8B50746B6
:10BCD00008890C460105090D20220020FBF7ACFF66
:10BCE00005000DD026462A36002F05D033461022F7
:10BCF00005213846FBF760FFE07F022802D009E00B
:10BD00006420F8BD2046102231466430E7F7DAFDA2
:10BD1000002814D01120E880A8680421017323466C
:10BD20005433102205212846FCF736F821462846D0
:10BD300000F010FC0028E4D1A621A172F8BD012377
:10BD40002A460821204601F02AFDF8BD30B50446F8
:10BD5000008989B00105090D20220020FBF76CFF46
:10BD6000050009D0E07A000709D5684605900494DB
:10BD700004A8E7F7B7FF08E0642009B030BD21460A
:10BD80006A4654312046FFF7ADFC1120E880A868D0
:10BD9000032101736B46102205212846FBF7FCFFA7
:10BDA0002146284600F0D6FB050007D12046102288
:10BDB00069466430E7F77EFDA520A0722846DCE7DF
:10BDC000F0B50B4693B00C466433002510220521D4
:10BDD0000993FBF7F1FEE07A00070BD504A80F905A
:10BDE0000E940EA8E7F782FF0546EB2807D1002046
:10BDF00013B0F0BD04AA20460999FFF773FC214651
:10BE00002A3110220F4604A8E7F75CFD002806D06F
:10BE100000231A460421204601F0C1FC3CE0204EDC
:10BE2000217F3068C07B814200D92077E07A00070B
:10BE300003D52046E7F75EFF2FE010220021684679
:10BE4000E7F73CFDE07F022802D0032806D00BE094
:10BE5000306801696846FFF74BF905E03168102248
:10BE600068461C31E7F726FD22460AAB5432684685
:10BE7000099900F0C5FB102200213846E7F71EFDA6
:10BE8000227F0AA93846E7F715FDA07B0221084367
:10BE9000A0732046E7F7CAFE05462846A8E700003B
:10BEA0000C2500207CB50C460646A425FFF75CF95E
:10BEB00000281BD1E07A000707D568460096019458
:10BEC000E7F704FF002811D1A225A07EFB2140083E
:10BED0004000A076E07E0840E07621463046FFF73D
:10BEE00031FB2046FFF7B6FE002808D0642805D0B5
:10BEF000014601230022204601F051FC7CBDE17F78
:10BF0000022903D1E17EC90600D4A225A5727CBD19
:10BF1000F8B50C46897A0026A039502901D80020AE
:10BF2000F8BD80681D4F457B3868807D022803D1AD
:10BF3000280701D4032024E0A07B80210843A073BC
:10BF4000208901F0DBFA02460021154B084601F07A
:10BF5000A7F8A07AF12806D1680704D52089400403
:10BF6000800F00D101263868E906C90E80300173C0
:10BF7000208900220005000D3146FEF7C7FE00288B
:10BF8000CED0A17B4906490EA1736428C8D00146D2
:10BF900001230022204601F002FCF8BD0C25002000
:10BFA0003075000070B5064608890C4601058AB058
:10BFB000090D20220020FBF73FFE050012D0002EC5
:10BFC00006D023462A33102205213046FBF7F4FD24
:10BFD000E07A000709D505A80290019401A8E7F7C7
:10BFE0008DFE08E064200AB070BD214605AA6431C8
:10BFF0002046FFF717FC1120E880A8680321017391
:10C0000005AB102205212846FBF7C6FE214628462F
:10C0100000F0A0FA0028E6D1B621A172E3E7000003
:10C02000F0B5064693B00020059008890C4601053E
:10C03000090D20220020FBF7FFFD050019D0234643
:10C0400054331022052130460293FBF7B5FDE07A08
:10C05000010720462A30019000290DDA0FA8089028
:10C0600005A8099006A80A90079407A8E7F74AFED2
:10C0700010E0642013B0F0BD0FAA20460299FFF72C
:10C08000D1FB10220FA80199E7F71CFC0590BC20FA
:10C0900069460876264605986436254F002809D05B
:10C0A00001232A460421204601F079FB0598002847
:10C0B0001BD03AE01120E880A868042101733346C0
:10C0C000102205212846FBF767FE2146284600F08E
:10C0D00041FA0028EAD16846007EA0723868217FC4
:10C0E000C07B8142E2D92077E0E7E07A00071CD4E8
:10C0F000102200210BA8E7F7E1FBE07F022802D025
:10C10000032806D00BE0386801690BA8FEF7F0FFA2
:10C1100005E0396810220BA81C31E7F7CBFB31464C
:10C120000BA8019B029A00F06BFA0020A2E7000026
:10C130000C250020F3B55D4E00253068B427807EC5
:10C1400083B0C0430C4680070ED020892022010511
:10C15000090D0020FBF770FD0290002807D0A17A9E
:10C160000020F12905D032E0082005B0F0BD6420A0
:10C17000FBE7E17E2F221140E1763168237FC97B06
:10C180008B4204D0039A9268127C8A4207D8039AA1
:10C1900092689446127C9A4203D08A4201D8607712
:10C1A00015E0617F8A0600D50225490601D50421E4
:10C1B0000D436146497CA94203D001221543A9429F
:10C1C00002D16077A07702E0204601F06BF8B02042
:10C1D000A0723168887EC243920701D0401C8876E5
:10C1E0000398FEF7C1FF039900288968CD7B4BD1E6
:10C1F0003068817D022903D12A0701D4032043E05E
:10C200004A081143CA07C37D417BD20F007BFEF76A
:10C2100082FF0646354018200540E572280705D5FF
:10C220002046E7F73DFD00282ED1B227204601F039
:10C2300013FAF00700D00220A0767007C00FE07656
:10C2400021460398FFF77EF92046FFF703FD0028FB
:10C250001AD1E07F022803D1E07EC00600D4B227C5
:10C26000A07F617F40074907400F490F009101906F
:10C27000227E334602210298FEF75AFF2146029899
:10C2800000F068F9002806D0014601232046029AF2
:10C2900001F085FA69E72189072212039143218180
:10C2A000024909688031CE72A7725EE70C25002032
:10C2B0007CB50546C87A0C46000706D56846009549
:10C2C0000194E7F72BFDFC2822D17420005DC00704
:10C2D00004D021462846FFF709FC04E06846009593
:10C2E0000194E7F7ABFCFC2812D12146284601F067
:10C2F0007DF8452803D047280BD0FC2808D1E17AE7
:10C30000FD20090704D5684600950194E7F70AFD6A
:10C310007CBDFD207CBD000038B514C8D07F02284C
:10C320000FD10848D17B0068491E03690094CB40B7
:10C33000DB070146DB0F90313C305432803300F094
:10C3400072F938BD0C25002038B514C8D17F002300
:10C35000032904D00C480229006804D00AE0AA206E
:10C360009072EB2038BDD17B0369491ECB40DB07BF
:10C37000DB0F803301463C3190306432009400F092
:10C3800052F9002038BD00000C2500201CB50446E1
:10C39000C07F042806D0AA21022820D0012800D17D
:10C3A000A1721CBD01A800901048234600682246D7
:10C3B00001466433543290313C3000F00FFAB9201A
:10C3C000A07201A8FEF79CFE0949E3F705FF20894A
:10C3D0000A460105090D0220FEF75EFE1CBDE07B4A
:10C3E0001428DDD2A420A0721CBD00000C25002062
:10C3F00040420F0010B50B4A016812688968927DAF
:10C400004068C97B022A03D10A0701D4032010BD6A
:10C410001823C27ADB4319430A40C272E7F740FC93
:10C4200010BD00000C25002010B5C17F012908D0E7
:10C43000042906D0022907D0032901D101F03CFCD0
:10C4400010BDA521817210BDC17B491CC173FFF7CE
:10C450007DFC10BD38B514C80A48D17F00230068A0
:10C46000022906D1D17B0369491ECB40DB07DB0FD4
:10C470008033014690313C306432009400F0D3F8B0
:10C4800038BD00000C250020FEB50468416802910B
:10C490008668C568BA20287000203060E17F1F4898
:10C4A00004291ED002291BD10068E77B01697A1E8E
:10C4B000D140CB07029900910146DB0F224654324E
:10C4C0003C319030803300F0AEF8214610222A3102
:10C4D0000298E7F7F7F93060142F01D2B4202870E2
:10C4E000FEBD01A90091006823460146224664333F
:10C4F00054323C31903000F071F9B920287001A815
:10C50000FEF7FEFD0649E3F767FE20890A460105AE
:10C51000090D0220FEF7C0FDFEBD00000C25002025
:10C5200040420F0010B5C17F012908D0042906D070
:10C53000022909D0032901D101F0BEFB10BD01463B
:10C540000020FFF72FFD10BDC17B491CC173B52131
:10C55000817210BD70B50D46064601460620F5F7FE
:10C56000ADF9040005D000213046FBF7C1FB2046A1
:10C5700070BD288900F0C2FF02460021024B084628
:10C5800000F08EFDF3E70000307500007FB5002459
:10C5900000940194029403940D786C4625704978B8
:10C5A00061701178A1705178E1701A466946F4F70C
:10C5B0009DFC7FBD08B50B4605A2014612680548E3
:10C5C000009200686A4620318030FFF7DFFF08BD27
:10C5D00001000000042500201CB507A10968009196
:10C5E0000346002105480191006801AA6946903080
:10C5F000FFF7CCFF1CBD0000010000000425002057
:10C600007FB5164604461D46082202A8E7F752F9F0
:10C61000082231466846E7F74DF92A466946204622
:10C62000F4F764FC7FBDF0B599B00E461C46174682
:10C6300001460123202268461E9D01F03EFD012394
:10C640002022314608A801F038FD10A8047001230B
:10C650001022394611A801F030FD15AB11AA412175
:10C66000684603F020F80123102215A9284601F09E
:10C6700024FD19B0F0BD0000FFB5A3B00F4605467C
:10C680001C46382225A16846309EEEF795FA012314
:10C69000202229460EA801F010FD16AB2D4A2021BC
:10C6A0000EA803F000F801A801231022394601303A
:10C6B00001F003FD05A8012310220130259901F0A6
:10C6C000FCFC08A8447101230622801D2C9901F06E
:10C6D000F4FC08A82D990173012306220D302E9930
:10C6E00001F0EBFC1AAB16AA3521684602F0DBFF1D
:10C6F000012310221AA92F9801F0DFFC01216846BE
:10C7000001701EAB16AA352102F0CDFF01231022C5
:10C710001EA9304601F0D1FC27B0F0BD0062746C58
:10C7200065000000000000000000000000000000A4
:10C7300000000000000000000000000000000000F9
:10C7400000000000000000000000000000000001E8
:10C750000000000041450610FFB599B004460123D2
:10C7600010226846229F259E279D01F0A6FC0123EA
:10C77000102204A81B9901F0A0FC0123102208A894
:10C780001C9901F09AFC0123032239460CA801F000
:10C7900094FC08A82399C174012306220DA82499AA
:10C7A00001F08BFC08A88676012306221B3026990F
:10C7B00001F083FC01231022214615A801F07DFC25
:10C7C00011AB15AA4121684602F06DFF012310222A
:10C7D00011A9284601F071FC1DB0F0BDF0B59DB067
:10C7E0000D461E4617460146012320226846229C1C
:10C7F00001F063FC01232022294608A801F05DFC1A
:10C8000001231022314610A801F057FC0123102209
:10C81000394614A801F051FC18AB14AA50216846FF
:10C8200002F041FF012304221BA9204601F045FC30
:10C830001DB0F0BDF0B5054691B019A000680D908F
:10C8400000200E901748144600680E4605AB0EAA4D
:10C850000DA99030FFF79AFE05A80F906F461022A1
:10C86000002101A8E7F72AF80822314601A8E7F7D6
:10C8700021F809AA01A90F98F4F738FB022209A9A7
:10C880003846E7F717F8684600782978484020705E
:10C890006846407869784840607011B0F0BD00008B
:10C8A000030000000425002010B586B0044601A84E
:10C8B000FFF792FEF4F78CF969468870000A487019
:10C8C000F4F786F969460870887840214006400EE2
:10C8D00008436946887005AA01A800F080F8032281
:10C8E00005A92046E6F7E6FF03226946E01CE6F7C5
:10C8F000E1FF06B010BD38B50B460446C11C6A46C0
:10C90000184600F06CF8032221466846E6F7DAFF85
:10C91000002800D0412038BDFFB593B014460FAABF
:10C920000BA9139800F076F81022002102A8E6F770
:10C93000C5FF002502AE06AF1DE0281D81B206AB83
:10C9400010221498FBF738F90020315C3A5C514012
:10C950003154401CC0B21028F7D306AA02A913987C
:10C96000F4F7C4FA102206A902A8E6F7A3FF1035CF
:10C97000103CADB2E4B2102CDFD827D01022002139
:10C9800006A8E6F79BFF002C08D01020001BC31957
:10C990002D1DA9B222461498FBF70EF980200F2115
:10C9A000091B78540FAC0020395C225C5140325C8A
:10C9B00051403154401CC0B21028F5D302A9169A38
:10C9C0001398F4F793FA002017B0F0BD2D1D0BACAF
:10C9D000A9B206AB10221498FBF7EEF8E3E770B5A6
:10C9E00088B016460C460546102200216846E6F738
:10C9F00065FF032221466846E6F75CFF04AA694604
:10CA00002846F4F773FA032204A93046E6F752FFEA
:10CA100008B070BDF0B589B00346002015460C463D
:10CA2000009001900290039004AA69461846F4F71A
:10CA30005DFA6846C07F8727000600286E462146BB
:10CA400004A80DDA00F025F8684607700020215C84
:10CA5000325C51402154401CC0B20F28F7D301E092
:10CA600000F017F8E07B2946000620460ED500F0BE
:10CA700010F8684607700020295C325C5140295448
:10CA8000401CC0B20F28F7D309B0F0BD00F001F888
:10CA9000FAE730B5027852000A7001221446835C2E
:10CAA00085185B061B0E8B54203DED7F2D0601D5AE
:10CAB00023438B54521CD2B20F2AF0D930BD000050
:10CAC00010B50F4CFF220021206802F0FEF920680B
:10CAD00000218176C17601224273072383731023DC
:10CAE000C37302760175016102738175C1751946C0
:10CAF0001C30F3F797FF0020E7F7CEF810BD0000D9
:10CB00000C2500207CB508380E4EC4B230687C215C
:10CB1000C06F4C430519288900230105090D012226
:10CB2000022000F077FB02206946009508716846F4
:10CB300000F016FF30687C22C06F00210019E6F774
:10CB4000BDFE7CBD0C250020F8B507460D4600262D
:10CB5000888800F02FF9040064D0012F02D0002F44
:10CB600009D062E0E88841285ED833482946006849
:10CB700002F0C6F95DE0A868007B06280BD0D5213D
:10CB800007280AD0082819D0092819D00A281CD04B
:10CB90000B281ED049E0D22006E0A07ADD2844D13F
:10CBA000A07F820702D5D320A0723EE0400701D5C6
:10CBB000A1723AE0204600F05BFB36E0D420F3E7B8
:10CBC000A07ADD2831D1A07FF0E7A07ADD28F1D06E
:10CBD0002BE0207B8107890F012926D18843022180
:10CBE0000843207315483921006849014118897BA1
:10CBF0004227C9060ED50121C90208304018162265
:10CC0000C06C0023394601F03DFB010002D03846DC
:10CC100001F024FBA07AF12807D1207B04210843EE
:10CC2000207302E0012F00D1012631462846FBF790
:10CC30005FF80020F8BD00000C250020042500202E
:10CC400000B50005000D00F0B5F8002806D0017B06
:10CC50000A07920F022A03D0462000BD402000BDE3
:10CC60000C2211430173002000BD10B50C4600F0EA
:10CC7000A1F8002807D0817A002904D0007FA042C3
:10CC800001D3002010BD5F2010BD10B594B0044644
:10CC900000F090F800281AD041786A46C907C90FF9
:10CCA000801CFDF707FC00280DD0204600F082F81C
:10CCB00000280CD0817AF12907D1807EC10704D0E9
:10CCC000800702D5002014B010BD5E20FBE7402095
:10CCD000F9E70000FFB59C46224B00241B68204961
:10CCE0000646A03381B02746204609681D7B08E030
:10CCF0007C23CC6F4343E4182389002B0DD0401CC8
:10CD0000C0B28542F4D8854227D0002F25D0032019
:10CD10002070002A03D0012002E00127F3E7002061
:10CD2000607006226146A01CE6F7C4FD2681102033
:10CD3000A07220466030029901750B994175062258
:10CD400016300A99E6F7B6FD2046042200210C3081
:10CD5000E6F7B4FD0020C043606105B0F0BD0000FF
:10CD60000C2500200425002010B5412400F022F8F5
:10CD7000002805D06030017D802211430175002418
:10CD8000204610BD10B5002400F014F800280ED085
:10CD90000089C10407D50124810401D5032402E0E0
:10CDA000410400D50524000401D408200443204692
:10CDB00010BD000070B500281BD003050F480021EE
:10CDC00000680D4A1B0DA0301268047B0FE0084676
:10CDD0007C267043D56F0830285A0005000D984214
:10CDE00003D17C225143681870BD491CC9B28C42E2
:10CDF000EDD8002070BD00000C2500200425002087
:10CE00001CB5FFF7D7FF040016D0208900F076FB91
:10CE100002460A4B0021012000F042F9208900055A
:10CE2000000D00F08DFB02206946009408716846F1
:10CE300000F096FDFE20A0721CBD000030750000C1
:10CE4000F8B507460E4600251046FFF7B3FF04006D
:10CE500071D0002E0BD120890121090308432081C4
:10CE6000E17F02290DD003290BD0042909D02089A4
:10CE70000105090D002E10D07420005DC00723D0DD
:10CE80003DE0E17A090702D50121890301E0012192
:10CE90004903084301052081090DA07ABC2806D06A
:10CEA000AD2806D0AE2806D0F12807D037E0BF2045
:10CEB00002E0AF2000E0F020A07230E0032F2ED17E
:10CEC00000231A46422028E0A07AF12817D12648EC
:10CED0003921006849014118897B422589060ED510
:10CEE0000121C902083040181722C06C00232946CE
:10CEF00001F0C8F9010002D0284601F0AFF9002086
:10CF00000125A072032F0AD10522062E00D104228A
:10CF1000208900230105090D022000F07BF974200F
:10CF2000005DC00708D0207B810700D001250009E3
:10CF3000000120730CE016E0A07BC10608D5EF21AC
:10CF40000840A073010603D54006400EA07301E01F
:10CF5000002D08D0208900F0D1FA0246034B0021B1
:10CF6000012000F09DF8F8BD042500203075000078
:10CF7000F0B585B00E4607461C46154602A804A922
:10CF8000FCF79AF86946097C02A8019100902346B3
:10CF90002A4631463846FFF79DFE05B0F0BDFFB585
:10CFA00085B015460E461C46062202A80F9F0E9914
:10CFB000E6F780FC02A8FBF742FE002806D001201D
:10CFC00069460874A80706D53B4605E002A804A9EF
:10CFD000FCF772F8F6E723466946097C02A801913E
:10CFE00000902A4631460598FFF774FE09B0F0BD5F
:10CFF00070B515460E46FFF7DDFE040013D0607BCA
:10D00000012108436073A07ABC280CD0E07A0007A5
:10D0100009D42046082231462A30E6F74BFC323448
:10D020002570280A607070BDF8B51B4EC0003168CD
:10D03000054680310A68083D515D40234906490E86
:10D040005155326819438032126800245155851FAA
:10D05000124F1AE0306880210958C26F20467C23A5
:10D0600058430090801C101849190622E6F72AFC44
:10D07000002808D13068C16F00980818817AFB2910
:10D0800001D110218172641CE4B23868A030007BA9
:10D09000A042DFD8F8BD00000C25002004250020A8
:10D0A0007FB50024002902D0012902D002E0082522
:10D0B00000E00025A9186A4611730293012809D0DF
:10D0C00000280AD11046F4F7D3F96846F4F784F93A
:10D0D000044602E01046F4F7CBF9204604B070BDD8
:10D0E00070B5054600F076FA002801D0462407E026
:10D0F0000448002400680C2229460C30E6F7DAFBCD
:10D10000204670BD0C25002030B50C4A0021136864
:10D110000B4A1268A032147B0AE07C224A43DD6F7E
:10D120000832AA5A002A01D0462030BD491CC9B293
:10D130008C42F2D81876002030BD00000C2500206B
:10D1400004250020F0B58BB00F46CE88FFF732FEE5
:10D15000050032D007A900F00FFA002802D05A20AB
:10D160000BB0F0BD083EB1B26B460C223846FAF760
:10D1700023FD6846017840780202684680780304FF
:10D180006846C07804061C43144368690C43411C7C
:10D1900001D0A0420CD2F2B203AB394607A8FFF788
:10D1A000BBFB082205A901A8E6F78CFB002801D0EB
:10D1B0000520D5E700206C61D2E74020D0E70000D1
:10D1C00070B50D4601230446C1061148006803D519
:10D1D0001822BF210C4008E0392149014118897B00
:10D1E000090701D4002070BD15222107890E0818F7
:10D1F0000121C9024018C06C214601F043F801002A
:10D2000004D08D80204601F029F8EBE7072070BD9F
:10D2100004250020F8B51D460F4601230446C1062B
:10D2200012481646006803D51622BF210C4008E0BC
:10D23000392149014118897B890701D40020F8BDB3
:10D2400013222107890E08180121C9024018C06C59
:10D25000214601F017F8010006D08F808E71CD7144
:10D26000204600F0FBFFE9E70720F8BD0425002079
:10D2700010B57421095CCA07417F07D0002902D08C
:10D28000D021817210BD00F043FA10BDC906FAD555
:10D29000817B8A06F7D5042211438173E6F7C6FC29
:10D2A00010BD000030B50446A17E0020A5B0CA071D
:10D2B00079D0890777D55022002110A8E6F7FEFA29
:10D2C000FC2110A80170417860780622C007C00FC9
:10D2D000014310A84170A11C3E30E6F7EBFA217F14
:10D2E00010A8C170607F404DC0066D4419D520461E
:10D2F0004030827C10A90A71C07C4871214611A877
:10D3000008224A310230E6F7D5FA214610223A3196
:10D310002846E6F7CFFA10A948788021084310A9DB
:10D320004870E07A010707D510A9887021461022BD
:10D330002A312846E6F7BEFAA07F052108420BD025
:10D3400021460222203121A8E6F7B4FA10A9487834
:10D350001021084310A94870607F80060CD5214633
:10D3600017A8102254310230E6F7A4FA10A9487821
:10D370002021084310A94870607F40060CD5214643
:10D380001BA8102264310230E6F794FA10A94878FD
:10D390004021084310A948702089810404D510A9B0
:10D3A0004878022105E01DE0400405D510A9487821
:10D3B0000421084310A948702089000405D510A94C
:10D3C00048780821084310A94870206922906069B4
:10D3D0002390402214A96846EDF7EEFB10AD0FCD67
:10D3E000FCF75CFF25B030BD4E0000007CB50C465C
:10D3F00081680546087B0026821F042A7BD8A27A12
:10D40000D02A01D047207CBD062808D0072809D0A3
:10D4100008281DD0092826D00A2852D06CE02346BF
:10D420003A331AE04A7B214640318A74A868234681
:10D43000807BC8744A33082207212846FAF7BCFBD0
:10D44000607F1021084360774007800F47D053E08A
:10D45000607F800750D5234654331022052128468B
:10D46000FAF7AAFB48E0607F800745D500200090CE
:10D47000062301901A4669462846FAF733FC00282D
:10D480001BD0A8680622407B6070A31C114628466A
:10D49000FAF792FB607801280BD1E0798009032824
:10D4A00007D0012300220821204600F078F9064623
:10D4B00022E0607F202108436077607F40070ED51F
:10D4C0001AE0607F400717D52346643310220521F8
:10D4D0002846FAF771FB607F40210843607774208B
:10D4E000005DC007204603D000F012F904E002E01E
:10D4F00000F096F800E0452630467CBD30B5024687
:10D500000D480068A030007B002A014612D00B4C69
:10D51000130500201B0D22680AE07C244443D56FCC
:10D5200008342C5B2405240D9C4203D0401CC0B25F
:10D530008142F2D830BD0000042500200C250020D7
:10D54000F8B50C4E0546306801F0AAFC2F050446DC
:10D550003F0D0CE0A0882568B84207D1214630680D
:10D5600001F0EBFC01212046FAF7C2FB2C46002C0F
:10D57000F0D1F8BD0C25002010B50B46417F4906BF
:10D5800007D50146102264311846E6F793F90020CA
:10D5900010BD412010BD0000024610B50B4800240C
:10D5A0000068407D1070002804D001280AD01F2494
:10D5B000204610BD08460649062209687831E6F77C
:10D5C00079F9F5E70846FAF73FFFF1E70C25002067
:10D5D0000425002030B5104A002013680F4A014688
:10D5E0001268A032147B13E07C22DD6F4A43AA1834
:10D5F0007425AD5CED07957A06D0B02D06D3EAB25E
:10D60000F02A03D8012030BDA02DF8D2491CC9B2A0
:10D610008C42E9D830BD00000C25002004250020F4
:10D62000C17A0A07817F03D4CA0701D0D12102E061
:10D630008A0702D5D32181727047490701D5D521C8
:10D64000F9E77421095CC90704D0417F490701D07B
:10D65000D021F0E7F021EEE770B504460C4862787F
:10D660000068D2078030406800254178D20F801CC6
:10D670008A420AD10622A11CE6F724F9002804D127
:10D68000207E0121084320760D46284670BD00000B
:10D690000C25002070B500241D461646002804D035
:10D6A000FFF7DAFF002802D003E0002901D042246E
:10D6B0000BE00948002E0AD0012E08D0022EF6D128
:10D6C00000688030406818302860204670BD0068CF
:10D6D000803040680830F7E70C25002070B51C4604
:10D6E0001546002908D1008920220105090D0020D6
:10D6F000FAF7A2FA010009D00220C88088680573F1
:10D70000886844730620F4F7D9F870BD642070BDB2
:10D710007CB50446008905052D0DFFF7EFFE024696
:10D72000174B00210120FFF7BBFC2046FFF7BAFD95
:10D73000E07F0026032807D1124828220068002134
:10D7400080304068E6F7BAF82046042200210C3009
:10D75000E6F7B4F868460094067100F001F9F1208C
:10D76000A07200231A4629460220FFF753FD2089A4
:10D77000010404D50105090D0220FFF721FD7CBD40
:10D78000307500000C25002010B50A46897AFB2967
:10D7900004D08068417B104600F016F810BDF8B543
:10D7A0001D4614460E460B46074605222146FFF746
:10D7B00095FF0446642801D1012D03D13146384636
:10D7C00000F002F82046F8BD7CB504460D460089FD
:10D7D000FFF794FE0246144B00210120FFF760FC86
:10D7E00020890005000DFFF7ABFE0220694600947A
:10D7F0000871684600F0B4F82046042200210C307D
:10D80000E6F75CF8E07E2F210840E076204600F045
:10D810000DF8FB20A072208902220105090D2B467C
:10D820001046FFF7F7FC7CBD30750000F8B500240A
:10D8300006460127344D0CE080300168E000801C72
:10D8400008180622B11CE6F73DF8002821D0641C18
:10D85000E4B22868417EA142EED8417E03293FD040
:10D86000491C41762868E70080300168B81C081818
:10D870000622B11CE6F71EF829688020803109686D
:10D88000641C224BC855E2B201210020FFF708FCBE
:10D89000F8BD2868E100803002688023505C18439E
:10D8A00050542A6880321268830705D5184EC30782
:10D8B00012D1384350540FE0C3070AD00223184353
:10D8C00050542A6840088032126840005054114E6B
:10D8D00002E03843104E5054641CE2B23346D3E7A2
:10D8E000002480300068E100415C4906BAD4641C21
:10D8F000E4B2032CF7D3012100243A46334608460C
:10D90000FFF7CEFBAEE700000C25002088130000D7
:10D91000580F0200C8AF0000983A000070B50F4DD4
:10D92000064600242868062280300168E000801C3A
:10D9300008183146E5F7C6FF002805D0641CE4B29C
:10D94000032CEFD3412070BD2868E10080300068CF
:10D95000405C0006F6D5002070BD00000C250020BC
:10D9600010B501686031097DCA070168897A0DD058
:10D97000B02908D3F02906D806490A68917E8B079A
:10D9800001D0491E9176E6F793F910BDA029F1D296
:10D99000F9E700000C25002070B50546008920221B
:10D9A0000105090D0020FAF747F9040018D01120ED
:10D9B000E080A0680D2101730D4810220368052145
:10D9C0002046E033FAF7E8F97420405DC00709D03B
:10D9D000BC2629462046FEF7BDFD002804D004E001
:10D9E000642070BDAB26F4E7AE72002070BD00006D
:10D9F0000C250020F7B594B00D46002708A90F723A
:10DA000004460F731022394606A8E5F757FFE07F5A
:10DA1000444E022809D13068694600690876020A36
:10DA20004A76020C8A76000EC876012D0ED0306838
:10DA3000627E014680314A72227E9207D20F8A723C
:10DA40000A7ACA72E17F032919D01EE03068017E8C
:10DA500080304172217EC907C90F8172E07F03289F
:10DA600013D12046FFF7F8FD00280ED00EAB01229F
:10DA700000212046FFF70EFE10220E9902E0102230
:10DA800001461C3106A8E5F715FF7420025D21460A
:10DA90002046D30754316430002B02D0002D0AD029
:10DAA00001E0012D07D0D3072B4307D0D30710D0B7
:10DAB000012D03D00DE00D910C9001E00C910D9023
:10DAC000012D08D0D00728430BD0D00701D0002D5E
:10DAD00007D0472722E011A80BAB0FAA0AA9009094
:10DAE00004E00FA80AAB11AA0BA90090204600F091
:10DAF0001BF808AA107B0FAA169B029211A903AC6F
:10DB00000BC4306808AA127A01468931019200914B
:10DB100006ABD0300C9A0D99FEF71EFE384617B0B2
:10DB2000F0BD00000C25002070B504466030407D3B
:10DB3000049E1D460870134621460622763118467B
:10DB4000E5F7B8FE60780622C007C00F2870A11C58
:10DB50003046E5F7AFFE70BD10B5124C20222168AB
:10DB600008463C309031E5F7ADFE002803D100F0C7
:10DB70009BF8002809D020689022817E114202D1B2
:10DB80008906890F03D0382010BD1F2010BD9030AA
:10DB9000F3F7B2F90028F9D1216810238A7E1A43DD
:10DBA0008A7610BD0C25002010B50A4C2068807EB6
:10DBB00041060DD5902108420AD1F3F7E9F9002872
:10DBC00006D12168BF22887E1040802210438876CB
:10DBD00010BD00000C25002030B50446C07A002599
:10DBE000000710D5208900F03FF8002801D0082553
:10DBF00009E0E07A01210843E07204480422006849
:10DC0000817E11438176284630BD00000C2500201E
:10DC100010B50648F9230068DB0020220249C0182D
:10DC2000E5F748FE10BD00009145061004250020D0
:10DC300010B5012813D10A4C08222068817E1143B7
:10DC40008176202207493C30E5F734FE05492068FB
:10DC5000202220315C30E5F72DFEFFF7D9FF10BD03
:10DC60000C2500205145061070B50D4A0546136875
:10DC70000C4A002012680146A032147B0DE07C2281
:10DC8000DE6F4A43B218D67AF60704D01289AA4248
:10DC900001D0012070BD491CC9B28C42EFD870BDC3
:10DCA0000C2500200425002002480068807E000723
:10DCB000C00F70470C25002070B588B004460025C1
:10DCC000FFF7CAFC1E4E012823D105AB012200211B
:10DCD0002046FFF7DFFC06AB022200212046FFF7BB
:10DCE000D9FC01A80090316800239031059A0846BC
:10DCF000FEF799FC102201A90698E5F7E3FD00283C
:10DD000007D00421012300222046FFF748FD0546E5
:10DD100010E0207EC10707D0800705D430681022AC
:10DD200000211C30E5F7CAFD7420005DC00704D057
:10DD3000B620A072284608B070BDA920F9E70000FF
:10DD40000C25002070B51E4E0D463368997E0906DD
:10DD500001D53A2432E0402205219033F9F72CFF17
:10DD6000FFF7FAFE040004D0122C1CD01F2C1ED08A
:10DD700024E0E87AC0210843E87230681149202283
:10DD80009030E5F79FFD002818D10E49306820310A
:10DD90002022B030E5F796FD00280FD1E87A042163
:10DDA0000843E8720AE0012300220B2102E001236C
:10DDB000002208212846FFF7F2FC0024204670BD0F
:10DDC0000C2500205145061070B5064600894125F6
:10DDD0000105090D20220020F9F72EFF040025D0AF
:10DDE00000214522A068F9F7A1FF05001ED14120BE
:10DDF000E080A0680C2101730D48402203680521D2
:10DE000020463C33F9F7C8FF31462046FEF7A2FB17
:10DE100005000BD1F07A20210843F072FFF744FF90
:10DE2000002803D0F07A04210843F072284670BD20
:10DE30000C25002030B589B00C466B461022052118
:10DE4000F9F7BAFE04AA00212046FFF7D3FD05002A
:10DE500006D1102204A96846E5F734FD002806D053
:10DE6000012300220B212046FFF799FC17E07420C4
:10DE7000005DC00703D02046FFF78EFD10E0207F35
:10DE800010210A1A21462A3140180021E5F716FD13
:10DE9000A07B02210843A0732046E5F7C7FE054694
:10DEA000284609B030BD0000F0B5274D044629686A
:10DEB00000208A7E93B09206920F032A38D1202246
:10DEC00007A8D031E5F7F6FC2868CF22817E2646E8
:10DED000114081766036307D11AFC0072AD00FA87F
:10DEE00005AB3A4606A900902046FFF71DFE6A469C
:10DEF0002968127E2046D0312A30039104900FA861
:10DF00006B4685C36A46137D2246214664325431EE
:10DF100007A8FEF7B1FB2A6801212046E032FFF78F
:10DF200069FD002804D1317DC90708D0BB21A17249
:10DF300013B0F0BD06AB0FAA05A90097D4E72046A1
:10DF4000FFF72AFDF4E700000C25002004480068D4
:10DF5000817E0A0602D44022114381767047000078
:10DF60000C25002070B504680579E07A00072FD5EC
:10DF70002089FFF779FEE17A49084900E172154CE2
:10DF8000002804D12168FB238A7E1A408A76216802
:10DF9000002D05D0CA7E1032CA76002804D007E0D2
:10DFA000C87E401CC87603E0887ECF221040887669
:10DFB00020680321C07E05090007000FE2F70CF975
:10DFC0004019032804D3FFF7C1FF21680020C87659
:10DFD00070BD00000C25002070B5054600242046C9
:10DFE000FFF742FE002801D0462404E0012D02D1B3
:10DFF0000120E5F751FE204670BD000070B51A4CB7
:10E0000002782368411C987EC00626D5002A05D0D8
:10E01000164800210068A030027B21E0184620222B
:10E02000D030E5F747FC20682022817E114313E0C1
:10E030007C20DD6F4843281810D00589002D0DD0B5
:10E04000C57A2D060AD5012300220B21FFF7A7FB75
:10E050002068CF22817E1140817670BD491CC9B2F3
:10E060008A42E5D870BD00000C2500200425002060
:10E0700070B50D4D0178441C2868827E5206520E00
:10E080008276002902D0FFF761FF70BDFFF70CFE1A
:10E09000002802D0FFF7BCFD70BD28684022214651
:10E0A0003C30E5F707FC70BD0C250020002101E0A5
:10E0B00000BF491C8142FBD3704770B5002407E0C4
:10E0C0000D5D002B07D0161B3618203EF577641C1B
:10E0D0009442F5D370BD0555F9E730B504460120EB
:10E0E000002306E0D55CA54201D0002030BD5B1CBA
:10E0F000DBB28B42F6D330BDFEB572B63F4D08237E
:10E10000286801464030C2791A43C27162B60020C5
:10E1100001276C46FF0282005218D219D26C528835
:10E120004300401CC0B2E2520328F4D372B6C819AF
:10E130000021866B816362B6F00702D00020E3F70E
:10E14000A1FDB00702D50120E3F79CFD700702D5C1
:10E150000220E3F797FD300702D50320E3F792FD95
:10E16000002623E00D281AD2211D254A80001258CE
:10E1700020469047002812D072B62868F722403017
:10E18000C1791140C17162B630E03A2807D21C490A
:10E19000231D8000E8390A58194620469047029806
:10E1A00029684018C019C06C218801807100684638
:10E1B000415AB00002902A688018C019C06C0288C9
:10E1C000920892001418028808348A420ED0A2786D
:10E1D00091070BD09107890F012901D1044608341A
:10E1E000A0788008C006E078CFD5BBE7761CF6B2F1
:10E1F000032EDBD3F2F732FDFEBD00000425002024
:10E200009C46061070B5F2F743FD114D01242868B5
:10E21000E4020019006C402100F0B7FC29680919DC
:10E22000C864486C402100F0B0FC296809190865F1
:10E23000886CFF21813100F0A8FC2B680822191995
:10E240004865044800211818E5F738FB70BD000048
:10E250000425002038080000704700000A464006E8
:10E2600008D5D0783A280AD2111D054B80001B58DA
:10E2700010461847907880088000801C887070478E
:10E28000B4450610FFB5044600262C4F83B09C46CB
:10E290000D46080616D572B601AB6A4661462046A1
:10E2A00000F03DFC00280BD06846818800988278F9
:10E2B00092089200827001806180012662B615E0AA
:10E2C00062B621E001AB6A466146204600F027FCB9
:10E2D000002819D0680609D4684681880098827899
:10E2E0009208920082700180618001260098AA0045
:10E2F000817840238907890F1A401143817005995D
:10E30000C170002E0ED115E00020009072B6A80654
:10E310000FD401203968C0020818816B082211430C
:10E32000816362B672B63868F7224030C179114015
:10E33000C17162B6009807B0F0BD0000042500204E
:10E340007047000010B50748392200685201801854
:10E35000007C400704D5084649880088E3F7B0FDF3
:10E3600010BD00000425002010B5064839220068C1
:10E3700052018018407CC00602D50888E3F7E8FD0A
:10E3800010BD00000425002010B5074839220068A0
:10E3900052018018007CC00605D50A46108889788D
:10E3A000121DE3F79DFD10BD0425002010B508489F
:10E3B0003922006852018018007C000706D50B4600
:10E3C000CA78188889781B1DE3F782FD10BD00000C
:10E3D0000425002008B50948392200685201801838
:10E3E000407C000708D50846C91D009183798288C2
:10E3F00041880088E3F7A4FD08BD00000425002043
:10E4000010B507483922006852018018007C0006C8
:10E4100005D50A4610888978D21CE3F779FD10BD2E
:10E420000425002010B508483922006852018018E0
:10E43000407C800706D50B46CA78188889781B1D52
:10E44000E3F776FD10BD00000425002010B5084854
:10E450003922006852018018007C800606D50B46E0
:10E46000CA78188889781B1DE3F742FD10BD0000AB
:10E470000425002010B50748392200685201801891
:10E48000407CC00705D00A4610888978D21CE3F783
:10E4900047FD10BD0425002010B50748392200684B
:10E4A00052018018007C400605D50A4610888978FC
:10E4B000D21CE3F725FD10BD0425002010B5074848
:10E4C0003922006852018018407C400705D50A4671
:10E4D00010888978D21CFFF7BFFE10BD04250020EC
:10E4E00010B506483922006852018018C07B000729
:10E4F00002D50888E3F7BEFC10BD0000042500200B
:10E5000010B506483922006852018018807B000748
:10E5100002D50888E3F786FC10BD00000425002022
:10E5200010B505483921006849014018807B8006F4
:10E5300001D5E3F787FC10BD0425002010B506487F
:10E540003922006852018018807B400603D5087884
:10E55000491CFFF7F5FE10BD0425002010B5074843
:10E560003922006852018018C07B400604D5084655
:10E5700089780088E3F794FC10BD00000425002092
:10E5800010B505483921006849014018807BC00753
:10E5900001D0E3F737FC10BD0425002010B5074873
:10E5A0003922006852018018C07B800604D50846D5
:10E5B00049680088E3F766FC10BD000004250020D0
:10E5C00010B507483922006852018018807B800707
:10E5D00005D50846CA7889780088E3F787FA10BD20
:10E5E0000425002010B50648392200685201801821
:10E5F000807B400702D50888E3F70CFC10BD0000C3
:10E600000425002010B508483922006852018018FE
:10E61000807B000606D50B468A7818784978DB1C83
:10E62000E3F720FC10BD00000425002010B50548CC
:10E630003921006849014018807BC00601D5E3F705
:10E64000F9FB10BD0425002008B5094839220068EF
:10E6500052018018007CC00708D00846083100919C
:10E66000C388828841880088E3F78CFA08BD0000DF
:10E670000425002010B5084839220068520180188E
:10E68000807C800706D50B460A79188849885B1D6F
:10E69000E3F786FC10BD00000425002010B50848F3
:10E6A0003922006852018018407C000606D50846D1
:10E6B0008B798A8889780088E3F76AFC10BD0000AE
:10E6C0000425002010B5084839220068520180183E
:10E6D000407C800606D50B460A79188849885B1D60
:10E6E000E3F73EFC10BD00000425002010B50848EB
:10E6F0003922006852018018407C400606D50B463E
:10E700000A79188849885B1DE3F732FC10BD0000C8
:10E710000425002008B50846C91D00918379828828
:10E7200041880088E3F764FC08BD000010B5074885
:10E730003922006852018018807CC00704D0084646
:10E7400089780088E3F71CFC10BD00000425002038
:10E7500010B506483922006852018018007C8007F5
:10E7600002D50888E3F7A4FB10BD000004250020B3
:10E7700010B50A4610888978121DE3F721FC10BDF8
:10E7800010B508468A8849880088E3F751FA10BD19
:10E7900010B50888E3F724FC10BD10B50846498879
:10E7A0000088E3F715FC10BD10B50B460A791888F0
:10E7B00049885B1DE3F7FCFB10BD10B50A461078D5
:10E7C0004978921CE3F744FC10BD000010B50848DE
:10E7D0003922006852018018407EC00706D00A46E0
:10E7E000002010564978921CE3F72AFC10BD000067
:10E7F0000425002008B50846002100918288817810
:10E8000000880023E3F714FC08BD00000EB50B4898
:10E810003922006852018018C07BC0070CD008461E
:10E820008B894A890989029301920091C388828861
:10E8300081780088E3F7F4FB0EBD0000042500207A
:10E8400010B507483922006852018018C07B800744
:10E8500004D5084649880088E3F7D2FB10BD0000C4
:10E860000425002010B5074839220068520180189D
:10E87000C07B400704D5088800221146E3F7C8FB97
:10E8800010BD0000042500207047000010B50748A7
:10E890000722006812028018807FC00605D508464E
:10E8A0000A7949880078E2F785FF10BD0425002029
:10E8B00010B507480722006812028018807F000602
:10E8C00005D508460A7949880078E3F7E5F910BDCF
:10E8D0000425002010B5074839220068520180182D
:10E8E000C078000604D5084649880078E3F702FAA4
:10E8F00010BD00000425002010B50748026839202B
:10E90000400110184279920605D58079800702D51A
:10E910000120E3F7FFF910BD04250020084610B5DB
:10E920000E4986B00A683921490151184A79920680
:10E9300011D58979C9070ED0847C038AC28981895F
:10E94000049401AC0EC4811D009143790279418881
:10E950000078E2F759FF06B010BD00000425002042
:10E9600008B50A4802683920400110184279920619
:10E970000BD58079400708D5084609890091C388DE
:10E98000828841880078E3F7CDF908BD042500208E
:10E9900008B50A48026839204001101842799206E9
:10E9A0000BD58079400608D5084609890091C388AF
:10E9B000828841880088E3F705FA08BD0425002015
:10E9C00010B50748026839204001101842799206B4
:10E9D00005D5C079400702D50120E3F70BFA10BD39
:10E9E00004250020084610B5104988B00A6839216E
:10E9F000490151184A79920616D5C979890713D564
:10EA0000847F838B428B018B069403AC0EC401463A
:10EA100012318A1F831D009301920291437902797A
:10EA200041880078E2F790FF08B010BD042500206F
:10EA300010B5084802683920400110184279920642
:10EA400006D5C079C00703D00878491CE3F7CAF996
:10EA500010BD00000425002010B5084802683920C8
:10EA6000400110184279920607D58079C00604D576
:10EA70004A890888891CE3F79DF910BD0425002008
:10EA800010B50848026839204001101842799206F2
:10EA900006D58079000603D50878491CE3F79AF972
:10EAA00010BD00000425002010B509480268392077
:10EAB000400110184279920608D58079000705D5E3
:10EAC0000A4610784988121DE3F76CF910BD000062
:10EAD0000425002010B50120E3F704F910BD000063
:10EAE00008B508480722006812028018C07F000796
:10EAF00007D5C88800908B888A7809880020E3F7BA
:10EB0000E9F808BD0425002008B50846891D0091D4
:10EB10008388C27881780088E3F7F4F808BDF0B5FF
:10EB20004488491CA4B2E5B2A40809B21C808EB284
:10EB300087883619BE4204D9A6B2891B6D1C09B25A
:10EB4000EDB2A4002418083414601C88AD076418C2
:10EB5000A400AD0F2C43A4B21C800388E31A9C07C9
:10EB6000A40F012C02D803D1002B01DD00230AE001
:10EB70000123002907DA11688C78A408A400641C1A
:10EB80008C70083010601846F0BD00220280428070
:10EB90008180704770B5C57804460E462846F2F766
:10EBA00024FE31462846EFF7F3F80020E070A07805
:10EBB000BF210840A070452070BD10B50446C07844
:10EBC000F2F713FE0120E070A078BF210840A0708A
:10EBD000452010BD10B50446C078F2F706FE0220AD
:10EBE000E070A078BF210840A070452010BD10B58E
:10EBF0000446C078EFF7CCF8002806D00520E07076
:10EC0000A078BF210840A070452010BD70B5C57820
:10EC100004460E462846F2F7E8FD31462846EFF74F
:10EC2000B7F80320E070A078BF210840A07045200D
:10EC300070BD0621C1708178BF22114081704520CE
:10EC4000704710B50446C078EFF7A2F8002806D048
:10EC50000A20E070A078BF210840A070452010BDB8
:10EC600070B5C57804460E462846F2F7BEFD31461B
:10EC70002846EFF78DF80920E070A078BF21084002
:10EC8000A070452070BD10B504460846E5F71AF897
:10EC90000820E070A078BF210840A070452010BD7A
:10ECA00010B5C078F2F7A1FD002010BD10B50446E4
:10ECB0000846E5F703F80720E070A078BF21084078
:10ECC000A070452010BD00000648002102684B20BE
:10ECD000400110180170417003218170C170002043
:10ECE000704700000425002070B50D4D0446012337
:10ECF0002868D902401890261A46C06C3146FFF7A2
:10ED0000C1FA010003D030464C60FFF7A7FA4B2050
:10ED10002968400109180878401C087070BD00007F
:10ED20000425002010B5044600202082A074A168AC
:10ED3000A161616120602046FAF7FCFA452801D004
:10ED4000412010BDA0880321F8F7BAFB0446F8F76C
:10ED500039FC002813D072B60A4801220168492004
:10ED600040010918487EA2401043487662B6002050
:10ED7000FBF79CF8002802D0002000F017F90020D3
:10ED800010BD00000425002070B5C17C0E4D490661
:10ED9000490EC174044601232868D9024018902600
:10EDA0000022C06C3146FFF76DFA010003D03046F7
:10EDB0004C60FFF753FA4B20296840010918487846
:10EDC000401C487070BD00000425002010B5C278BA
:10EDD0000D4C08682168A0310979C90705D0F2F700
:10EDE00021F9002806D0432010BD01461046F2F755
:10EDF000EDFCF6E772B64B212268490152181178F2
:10EE0000491E117062B610BD0425002070B503467E
:10EE10004322DC780026086810E005680660C17CA3
:10EE2000C90702D0F2F734F903E001462046F2F7B1
:10EE3000CDFC020001D043220EE028460028ECD190
:10EE4000002A09D172B6054801684B204001091813
:10EE50004878401E487062B6104670BD04250020F8
:10EE6000064801684B2040010818017880788142EB
:10EE700001D90120704700207047000004250020C0
:10EE8000064801684B20400108184178C07881424B
:10EE900001D90120704700207047000004250020A0
:10EEA0000068704710B50446007AFF280BD008466A
:10EEB000F8F7BCFEE17A627A89184018217A884214
:10EEC00001D9012010BD002010BD00230360436064
:10EED00041720272C3728372704710B504460068B3
:10EEE00008602068002800D1616008462160F8F7BA
:10EEF0009DFEE17A4018E072A07A401CA07210BD1D
:10EF000010B5044600200860206800280CD0606816
:10EF1000016008466160F8F789FEE17A4018E07206
:10EF2000A07A401CA07210BD2160F2E700680028A2
:10EF300001D0002070470120704710B504460068DA
:10EF4000884209D1026822600022026020680028FD
:10EF50000BD1626009E0104602688A42FBD10A6860
:10EF6000026062688A4200D160600846F8F75EFE7F
:10EF7000E17A081AE072A07A401EA07210BD10B5A6
:10EF8000044600680860206802682260002202606F
:10EF90002068002800D162600868F8F747FEE17A2F
:10EFA000081AE072A07A401EA07210BDF1B5FD4FA4
:10EFB000FD223868D2000146851896B0683012905C
:10EFC000092000020818806E0F90F7480E180920DB
:10EFD000C00600690990002014900824F348FAF74D
:10EFE000CBFD02900020139072B63868F7214030B4
:10EFF000C2790A40C2711298012101711298016808
:10F000004A07520F4271C9081298C900016062B6DE
:10F010001698002801D009980EE06420FAF7ACFD9C
:10F02000014609980918E248427ADE480068806A79
:10F03000101808180002000AF7F7BCFF686B05906B
:10F040003A20405D0D90082841D2012014900D987F
:10F05000602148430F9940180390D648876AD448E6
:10F06000407AC000FAF7EAFD014603984030028872
:10F0700052028918CD4A524289188F4200D239462D
:10F080007165B82189590B794A79897912021A4335
:10F090008907890B1143028B408BFF311018C33154
:10F0A0004018FAF7FFFE07465F200001FAF764FDFB
:10F0B000B84204D95F200001FAF75EFD00E038464F
:10F0C00005990918BA48407AC00008181390706D65
:10F0D000FAF752FD05994018019000200746039069
:10F0E000287D002809D10D98082806D3B0490020B2
:10F0F00008800921C906486060E168680790686C6B
:10F10000049029680998401A00020412A84800884F
:10F110004007400FF8F756FA002801D0002007E01A
:10F12000002CFBDB2046FAF789FD0499884200DABF
:10F130000490012080070824099000200B90297D6D
:10F140003AE00D9A904234D0964A12682032927D6D
:10F150001207120F82422CD0EB6A420010930C92DD
:10F160009F5A00976B6A9A5A079B92017B43D31868
:10F17000049A9C46934212DACA0710D02A6B0C9B61
:10F18000079FD25A521C93B21A467A43009F944466
:10F19000FA1892B213460092109F0C9ABB52099A29
:10F1A0006346944505D2CA0703D0009A09930446E2
:10F1B0000B924908401CC0B20029C2D10998FAF745
:10F1C000DBFC29684718A86A6100405A8001FAF7F9
:10F1D000D3FCC01903907648407A5822C100714888
:10F1E0000068125C002A744A126939D0BB1A029A6C
:10F1F00052009B1A38E0002001E0806A4018181A7B
:10F200000002000A01460A900120C005814209D38C
:10F21000082C7DD02046F9F725FB64490998401851
:10F220000490686401210A98C905884281D2082C9B
:10F230006ED00B98002835D0079948430490FAF710
:10F240009BFC296840180002000A2860696C049839
:10F25000081A686409990498081A002109901BE0AB
:10F26000029BBA1A5B08D31A169A002AC5D0C2E7C5
:10F27000EA6A480007909446105A0B9A801A04E0F4
:10F280002B6B079A401C9A5A10180028F8DB079B32
:10F290006246491CD052C9B242480068A030007B87
:10F2A0008842E5D80D9808286CD20598C01B010249
:10F2B0000120090AC005814223D30298391A139804
:10F2C000081A02020120120AC005824201D31398D3
:10F2D0000FE0019A891A0902090A814201D20198B4
:10F2E00008E001204002FAF747FC02994900791A28
:10F2F000081A01900599401A0002000AFAF79EFCCC
:10F300007065029901984018C01B0102090A00E0CB
:10F3100054E00120C005814254D202994A00039969
:10F3200052180599511A0902090A81422AD20D98E8
:10F33000602148430F994218602060434018C17B08
:10F34000D37B994201D3102100E00021C90615D4D6
:10F350008179CA0704D07221895B0289891A05E084
:10F36000890707D576218A5B0189511A491E09044C
:10F37000090C07D04079000604D423E0507990218D
:10F3800008421FD1082C21D0084909984018686408
:10F3900060200F996043401880784007400F012893
:10F3A0004BD013E00425002058080000660200003E
:10F3B000C0000020E002002000000048149800284F
:10F3C00004D003D0059F0D9C019803900398390247
:10F3D0000002000A0390090A012000918002FAF756
:10F3E000CBFB029001204002FAF7C6FB07460099CA
:10F3F0000398401A00020012002809DD0299000A51
:10F40000884200D901460291B84200D838460746E2
:10F41000082C7DD0804800884007400FA0424FD084
:10F4200060200F9960434018079080784007400F94
:10F43000052812D0022810D042E031468031032046
:10F440008A6840028242C1D0C9688142BED0F1F7C9
:10F45000BFFB4005400DC719B8E70798A101006A36
:10F4600004906D480818818B079880B2814227D09C
:10F470000498002824D004990798F2F787FD67497B
:10F4800004980A68007C09210902C0065118C00EC0
:10F49000496F801C40180490079801692120800161
:10F4A00001420DD0E4F7F2FB01283BD01F20049964
:10F4B0004978084204D0049840780499001D4870A7
:10F4C00056485549006820308474482020430880FD
:10F4D00030468030436B997ACA06D20E61010A43E6
:10F4E0009A72826B907AC006C00E084390720098A0
:10F4F000306501F0A3FC012816D048484649006851
:10F50000497A2030007D401A316DC000081800E0B3
:10F510003AE000020121000A490641180920C0060C
:10F5200041600EE0FF20C2E70121306D090641185D
:10F530000920C0064160394800682030017D364806
:10F540004172082C24D2602044430F98241872B6CC
:10F550001298A17800684907C008C000490F084305
:10F560002F4908400099C90008431299086062B603
:10F57000A0784007400F03280FD0E4F787FB01284D
:10F580000FD00398C01B19E000200921C90648606C
:10F5900021490020088017B0F0BD02990398401A55
:10F5A0000CE04034208B618B4018FF30C330FAF7F9
:10F5B00079FC874200D938460399081A0002000AEC
:10F5C000E863A88B8001FAF7D7FA29680026441867
:10F5D0001448FAF7D1FA201A0002000A28640F4CE6
:10F5E0002E8420684030407E002807D0FAF7B4F817
:10F5F00020684030417E490849004176206840300B
:10F60000407E0028C7D0FAF7D1F820684030417E0C
:10F61000FD2211404176BEE7C000002004250020F5
:10F62000070000F835020000F0B50F46B5B01546EA
:10F63000002130AA0F23445C5E1A491C94551029FE
:10F64000F9DB1022694630A802F006FA0026B40061
:10F65000E019401CE8F73BFF395D00020843032135
:10F66000891B89002CAC761C6050042EEFDB2146F0
:10F6700010236A46084602F0B9F800200326311A22
:10F680008900635C8200AB54635A52191B0A5370A1
:10F690006358401C1B0C93706158090ED1700428EC
:10F6A000EDDB35B0F0BD70B5BAB0054600200C46B4
:10F6B000009020206946087210200A9038901E465B
:10F6C000039201A802F078F82246294601A801F029
:10F6D000FBFE6A46314601A802F038F83AB070BD28
:10F6E0007FB505469868012202739A681C465173DB
:10F6F0009868022202A90E30E4F7DCF8A168052020
:10F700000D74E0807FBD70B5064608881D460C4626
:10F71000001D81B2134602223046F8F73DFB2188D6
:10F720002B46891C2180091D89B202223046F8F738
:10F7300033FB2088801C208070BDFEB500240E465F
:10F740002746056845E028680290A96802223046ED
:10F750000D31E4F7AFF83088B84209D087B23846A7
:10F76000EFF776FF014601AA3846F0F703FE019C49
:10F77000A968022268460F31E4F79CF8E888401F28
:10F7800081B22220005D002806D001280BD000287D
:10F7900011D0012814D01BE0E08B6A461288401E6D
:10F7A000904206D307E0208C6A461288401E9042A1
:10F7B00006D20720FEBD684600880818E18B03E0EA
:10F7C000684600880818218C884201D90D20FEBDAA
:10F7D000029D002DB7D100203080FEBDF8B5164641
:10F7E0000D4607460024FDF7E5FA002806D032460C
:10F7F0002946384600F030F8044604E020356879A0
:10F80000002802D00E242046F8BD2879C10701D176
:10F81000012E09D0810701D4022E03D04007F2D473
:10F82000042EF0D10324EEE70224ECE770B5154670
:10F830000646FFF7D3FF0446082D0BD1052C09D14E
:10F840003046FDF7B7FA002804D000894004800F45
:10F8500000D00024204670BD70B515460C46064603
:10F86000FDF790FA20346179012D09D00A0702D5FD
:10F870004207920F0FD0CA0625D5020709D522E00C
:10F88000CA0702D04207920F05D08A0705D50207A2
:10F8900003D4082070BD052070BD490707D5C007F7
:10F8A00009D0E1793046FDF7E0F95F2805D02079ED
:10F8B000C00704D005E00F2070BD0C2070BD0220F1
:10F8C00070BD002070BD890607D5C007F3D0E1796F
:10F8D0003046FDF7CAF95F28EFD02079810701D4BF
:10F8E000022D07D0410701D4042D03D00007E8D42E
:10F8F000082DE6D1032070BDFEB506462948144602
:10F900000068294A8518C888032806D023460022A3
:10F9100002210420FFF7E4FE42E0896802226846E3
:10F920000D31E3F7C7FF326990052ED46846018890
:10F93000172903D35C20405B172801D2172002E06F
:10F94000814200D20846708001204002024302201A
:10F950003261019013483921006849014118378804
:10F96000097C7688012349070FD5D9020830401851
:10F970002422C06C0221FEF785FC002805D0878078
:10F98000C68001460198FEF769FCA068032606734D
:10F99000A068294602225C310D30E3F78BFFE68038
:10F9A0000020FEBD0425002064070000F7B590B0DC
:10F9B00000206A460D9090826A4A6B4B126804469A
:10F9C000D218CB88022B08D0002218210420129BC9
:10F9D000FFF786FE002013B0F0BD8B6800205E7B31
:10F9E0000A900B9088883032019209900027019884
:10F9F000FFF756FA054620E028680890A98809987C
:10FA0000814219D1A968022207A80D31E3F752FFFC
:10FA1000002F01D16846878B6846808B87420BD1C7
:10FA200029460198FFF789FA002028600A980028E3
:10FA300011D00B9805600B95089D002DDCD1002F8F
:10FA4000D4D1129819218068017301211298012ED6
:10FA5000C18002D081E00A95EDE702A90AA8FFF76C
:10FA60006CFE002879D069460A891821129BFFF79D
:10FA700037FE002671E081680546022202A80D319A
:10FA8000E3F718FF012E66D168460089EFF7E0FD25
:10FA9000014668460EAA0089F0F76CFC0E9C10998E
:10FAA0002046EFF717F90D9055E02F68012E3FD152
:10FAB000002F06D0B968022205A80D31E3F7FAFE3F
:10FAC00002E0002069468882A968022204A80F315A
:10FAD000E3F7F0FEE8880D99401F80B20090208C7B
:10FAE000A269484369461018098A009A43180921F7
:10FAF0002846F8F761F82220005D012804D1684605
:10FB0000018A00980818E08368460189808A81424A
:10FB10000ED0208C0D99A269484310180021019045
:10FB200000911098E38B0188A28B022001F05EF80F
:10FB30000A9908680A90002008600A99002900D1F3
:10FB40000B9001212846F8F7D3F869460889898A7D
:10FB5000884202D13D46002DA7D10A9800288AD1BB
:10FB600039E700000425002064070000F7B5784855
:10FB70000F460068774988B04418F888072804D2EF
:10FB80000022062104200A9B2AE0B9680222684666
:10FB90000D31E3F78FFEB968022201A80F31E3F7B8
:10FBA00089FEB968022204A81131E3F783FEF888C0
:10FBB000C01F80B2039068460288808882420CD8B9
:10FBC000002A0AD00898002142880A9800F0BAF961
:10FBD000002808D045200BB0F0BD062101200A9B6B
:10FBE000FFF77EFDABE00A980721806808340173B7
:10FBF00001216846018105940088EFF729FD050081
:10FC00007CD086E06846008A0522D202904202D06B
:10FC1000521C904226D168460088814278D32946FA
:10FC20000B2208313846039BF8F75CF869466A8D69
:10FC3000098A8A426CD10399022901D0102967D11F
:10FC4000002865D12A462846296A28322030814278
:10FC500002D06B6A1C3300E0134602A90A98FFF732
:10FC600052FD55E02E462C6A2036B4424ED14FE06C
:10FC70006946A08B0988884247D3694689888842AB
:10FC800057D82320005D01283FD120460899EFF77F
:10FC900021F8218CA269414351180B223846039B5D
:10FCA000F8F720F806900898012200882146000500
:10FCB000000DFFF793FD01466A462089128A9042A3
:10FCC00023D1002921D1E28B03998A421DD10699C3
:10FCD00000291AD108996A4649881289891A042983
:10FCE00027D322461C491C32884208D12068B042E2
:10FCF00005D00089884202D02468F7E719E023463E
:10FD00001C3302A90A98FFF7FEFC2468B442AFD165
:10FD10002D68059885420CD06846298D80888142DF
:10FD200007D808986A4640881289801A042800D3A8
:10FD300068E768460089012803D90A99C88000202D
:10FD400049E76846028806210A200A9B48E7000026
:10FD5000042500206407000003280000FFB589B0D7
:10FD6000002405460794D0881646052804D00022B2
:10FD7000042108460C9B20E0B168022208A80D313E
:10FD8000E3F798FDB168022268460F31E3F792FD70
:10FD90006846028C008882420CD8002A0AD00A9851
:10FDA000002142880C9800F0CDF8002808D04520AA
:10FDB0000DB0F0BD042101200C9BFFF791FCB9E0D0
:10FDC0006846008CEFF744FC060076D008350495B1
:10FDD0000498864272D06946308D098C884230D3AF
:10FDE0006946098888422CD8002C0AD10121079144
:10FDF0000C9805218068022401730C98079980688B
:10FE000041730A984088001B042857D3079801289B
:10FE100054D1201D81B23346283302220C98F7F7C3
:10FE2000BBFFA01D81B233462A330222A41C0C98CA
:10FE3000F7F7B2FF6946A41C308D0988A4B2884246
:10FE400074D03746356A2037BD42C1D060E069467C
:10FE5000A88B098C88425AD369460988884265D89C
:10FE6000002C36D02320415D0798814260D10A984A
:10FE70004088001B042802D30799012904D01228C6
:10FE800056D30798022853D1201D81B22B461C332C
:10FE900002220C98F7F780FFA41C0798A4B201284F
:10FEA0000DD0201D81B22B46083310220C98F7F795
:10FEB00073FF2046103084B229E03DE036E0201D7B
:10FEC00081B22B46083302220C98F7F765FFA01C7D
:10FED000F1E72320415D07910C98052180680222FB
:10FEE00001730C980799806841730C9829468068C3
:10FEF0001C310E30E3F7DEFC079901290CD02B46AC
:10FF00000833102208210C98F7F746FF14242D68B7
:10FF1000BD429CD136685BE70C9829468068022276
:10FF200008311030E3F7C6FC0624F0E7002C03D0BC
:10FF30000C98C48000203BE76846028C04210A200C
:10FF40000C9B3AE710B5121D806892B2F7F7EEFEEF
:10FF500010BD0000F0B506465A480C4600685A49E4
:10FF60008DB04718E0881546052804D213460022B4
:10FF700016210420A2E0A168022208A80D31E3F7AF
:10FF800099FC6846008C002873D0EFF761FB0100F4
:10FF90006FD068460A8D008C824204D10246162139
:10FFA0002B4603208AE001AAF0F7E4F9002860D18B
:10FFB000308802220005000D0199FFF70FFC002890
:10FFC00004D069460A8C2B46162177E0384630303B
:10FFD00021460090FEF766FF012844D001982030AA
:10FFE0008079800746D53069810343D4C00141D46C
:10FFF000A168022209A80F31E3F75CFC01213069F6
:020000041006E4
:100000004904084330610220079030880690019827
:100010000321878B6846868CA0790A94401FC5B25D
:10002000E81D0843401C83082648022100688C0212
:10003000083000193522C06CFEF724F904000FD0F7
:100040000698A080E7802681A57223462A460921CA
:100050000B330A98F7F7B0FD21460798FEF7FEF834
:1000600069200DB0F0BD6846028C16212B46092090
:1000700024E01EE0E28800212846FFF763FF002805
:1000800001D04520EDE7384621462430FEF755FFE4
:1000900021462846F7F754FD21460098FEF730FF29
:1000A000A86817210173E888002802D0E88067203B
:1000B000D7E76846028C2B4616210120FFF710FB7C
:1000C0000020CEE7042500206407000070B5054637
:1000D000C88888B00C461646052804D0134600226E
:1000E0000C2104201FE0A168022204A80D31E3F7CF
:1000F000E1FB6846028A002A13D0A168022202A806
:100100000F31E3F7D7FB6846008AEFF7A1FA010049
:1001100076D068460A8D008A824207D1334602466D
:1001200020E033466FE0FFF7DBFA66E06A46F0F75F
:1001300021F9002864D1288801220005000D0099CA
:10014000FFF74CFB002804D069460A8A33460C218D
:10015000E9E700986A88C18BD31E994205D86846A2
:10016000028A33460C210B20DDE76B461B8999423E
:1001700005D26846028A0C2133460720D3E72621A0
:10018000095C49070ED529690C030BD40122D2045E
:1001900011432961828B2988022000F097FD692094
:1001A00008B070BD00213046FFF7CCFE002801D01A
:1001B0004520F5E7B0680D21017329460098EEF758
:1001C00089FD014600986A46C38B12899B1A9CB22E
:1001D0006B885B1E9BB29C4200D31C468369008CDB
:1001E000484318188318052122463046F7F7D4FDF6
:1001F000641C2004000C03D0F0800020D0E7FFE74F
:100200006846028A33460C2101208CE7F7B50020AE
:1002100092B00546089073480C460068724916462D
:100220004718E088072806D0152804D01346002276
:100230001021042045E0A168022205A80D31E3F752
:1002400039FBA168022206A80F31E3F733FB6846A9
:10025000828A008B824231D8002A2FD01022634933
:100260000DA8E3F727FBE1880CA8019007292BD004
:100270000346102209212046F7F79EFC022207A818
:1002800008370199E3F716FB6846808B0521C90200
:10029000884202D0491C88427ED16846808AEFF7A6
:1002A000C1F9040079D01298002142883046FFF746
:1002B00049FE00287ED0452015B0F0BD3346102100
:1002C0000120FFF70DFA7FE01022484909A8E3F763
:1002D000F1FAA168022211310198E3F7EBFACDE7B8
:1002E0006946608D898B884263D1002D0CD1B0683E
:1002F000112101732C20005D012810D014200890DA
:10030000B06808994173022512984088401B042860
:1003100057D30898062804D0142807D051E00620A7
:10032000EDE72C20005D012804D04AE02C20005D80
:10033000022846D1281D234681B2283302223046A6
:100340000493F7F729FDAD1C2046216A2030ADB299
:10035000814206D0281D636A81B2022230461C33D6
:1003600004E0281D81B202223046049BF7F714FDF9
:100370000898AD1C001F81B21298ADB24088401B96
:1003800080B2814200D208460390281D81B22346E4
:1003900008333046039A02E018E01DE00AE0F7F760
:1003A000FBFC0398281885B212984088401B04284B
:1003B00007D32468BC4204D06946208D098B88424B
:1003C0008ED9002D08D0F580002075E76846828A16
:1003D00010213346084674E76846828A1021334666
:1003E0000A206EE70425002064070000D0460610AE
:1003F000F7B5FFB093B007460C46002080A90390E4
:100400008883AD48AD49006802264518E088072872
:1004100006D0152804D0002208210420949B4CE02B
:10042000A168022285A80D31E3F744FAA1680222EF
:1004300086A80F31E3F73EFA80A8828A008B8242B9
:1004400038D8002A36D010229D498DA8E3F732FA19
:10045000E088072834D089AB102209212046F7F71D
:10046000ABFB3869000337D4398868460174090A40
:10047000417480A90A8B898A89A86C4607C404AC98
:100480008DAB87AA2846A11CF7F7C6FC80A8808BF5
:10049000002821D001213A69C9040A433A61400683
:1004A000020E3988A31C022000F0DCFB69207FB01B
:1004B00016B0F0BD08210120949BFFF711F9F2E07E
:1004C00010227F4989A8E3F7F5F9A16802228CA8D8
:1004D0001131E3F7EFF9C4E77A8800219498FFF728
:1004E00031FD002801D04520E1E7083580A8889536
:1004F000808AEFF7ADF8050090A8019074D0B8E0BD
:10050000294602222A310198E3F7D4F9102289A959
:100510008DA8E3F7D7F9002806D0284620300090B0
:100520002C6A84427ED1A3E00398002804D00428DA
:1005300010D0122806D0AAE02C20405D012806D059
:10054000122003902C20405D022807D09FE0042059
:10055000039003E02C20405D01287DD1301D81B245
:100560002B46283302229498F7F716FC03982B4663
:10057000801E82B2B01D81B20833B61C9498F7F782
:100580000BFC03983018801E86B271E080A9A08B06
:10059000898A884268D380A9098B884277D823202A
:1005A000005D012808D020460830102289A9E3F711
:1005B00089F9002808D057E0214602220831019825
:1005C000E3F778F98DA8F0E7388801220005000DDF
:1005D0002146FFF703F90399002915D1002804D01B
:1005E000A28B0821949B68E75FE0E18BFD2901D98C
:1005F000FF2101E0891CC9B203917988039A891E01
:10060000914201D2C9B2039179888A1B03998A4227
:100610003DDB00283BD10398E18B801E0290814294
:1006200035D100E021E0301D81B223461C33022287
:100630009498F7F7B1FB39462046EEF74BFB218C37
:10064000A26941430298531882B2B01D81B29498B6
:10065000F7F7A2FB039800E019E0301886B278881B
:10066000811B0398814212DB2468009884428DD15B
:100670002D68889885420AD080A9288D098B8842E8
:1006800005D878880399801B884200DB38E7022E62
:100690000BD9949809218068017394980399806814
:1006A00041739498C680002001E780A8828A0821BF
:1006B0000A20949B01E70000042500206407000045
:1006C000D0460610F7B5FFB085B005460024694650
:1006D0008C815F485F49006846188598C088411E34
:1006E000042902D3C043C00704D000220E210420F5
:1006F000869B44E0286900031BD403A8009004AB48
:100700003046869A8599F7F750FB6846808900281D
:100710000FD001222969D20411434006020E29613B
:10072000298804AB022000F09DFA69207FB008B050
:10073000F0BD6A8800218698FFF704FC002801D0EC
:100740004520F3E78598C088401E87B2012677E0F0
:10075000301D81B201AB02228598F7F72DFA684669
:100760008088002832D0EEF773FF01002ED0684653
:100770000A8D8088824224D1002C03D007E0FEF746
:10078000AFFF63E086980F228068012402736888B7
:10079000A04253D02C22525C012A05D0001B80B20B
:1007A000102806D3102004E0001B80B2022800D3DA
:1007B00002200090201D0B4680B208330146009AAB
:1007C00036E002AAEFF7D6FD002805D068468288F9
:1007D0000E210120869BD2E7288801220005000D0A
:1007E0000299FEF7FBFF002804D069468A880E2193
:1007F000869BC4E7002C04D186980F2180680124D1
:1008000001736888A04219D0029A001BD18B80B274
:10081000884200D30846009029461046EEF75AFA5F
:1008200002998A69098C41435318201D009A81B2AC
:100830008698F7F7B1FA0098201884B2B61CB6B2C1
:10084000BE4285D3002C01D08698C48000206DE77D
:100850000425002064070000FEB504460020029035
:10086000C8881546032804D0134600220A21042014
:1008700026E08968022268460D31E3F71BF86846D6
:100880000088002819D0EEF7E3FE010073D0684617
:100890000A8D00880B27052682421DD1A8680773A0
:1008A0002C20405C01280ED00B4608331022314624
:1008B0002846F7F771FA112059E02B4602465DE011
:1008C000FEF70EFF54E00B4608330222314628465D
:1008D000F7F762FA03204AE001AAEFF74BFD002880
:1008E00049D1208801220005000D0199FEF776FF0D
:1008F000002804D069460A882B460A21E0E70199BE
:100900002620405C40070ED5206902030BD401224B
:10091000D204104320618A8B21880220029B00F0C0
:10092000D5F96920FEBD628800212846FFF70AFB41
:10093000002801D04520FEBDA86821460773019814
:10094000EEF7C8F96188491E8AB20199CC8BA242A0
:1009500000D214468A69098C414353183146224615
:100960002846F7F719FA641C2004000C03D0E8802D
:100970000020FEBDFFE7684602882B460A210120C1
:100980009EE7F0B5044688680F460146007B0831B3
:1009900085B0522810D00F250826F888A8425CD3CD
:1009A000022203A8491DE2F785FF684680890028D6
:1009B00053D0082E03D00DE003250426EDE720696F
:1009C000400107D4208839460005000DFCF7BAFB2A
:1009D000002842D1012120698906884320616846A8
:1009E0008089EEF735FE010037D068460A8D808990
:1009F000824232D002AAEFF7BDFC00282DD1208818
:100A000032460005000D0299FEF710FF002824D1A0
:100A1000F888401B85B20298014620310A46897841
:100A2000002902D0012902D004E0C18B00E0018C32
:100A3000A94212D39179890711D521694A030ED4AD
:100A40000122920411432161E9B201970091828B46
:100A500021880323022000F061F905B0F0BD214692
:100A6000EEF738F9064602982A468169008C7043F1
:100A70000B1807213846F7F79FF8029801462031F6
:100A80008A78012A00D1C5838979C907E5D0018C0C
:100A9000826971435118002200920191C38B828BAD
:100AA00020880105090D022000F0A0F8D5E7F0B577
:100AB0000446C88887B00F461646032804D213465A
:100AC00000221221042016E0B968022205A80D3187
:100AD000E2F7F0FE6846808A002814D0EEF7B8FDF1
:100AE000010010D068460A8D808A824206D10246F3
:100AF000334612210320FEF7F3FD74E002AAEFF75C
:100B000039FC002805D06846828A1221334601202C
:100B1000F1E7208802220005000D0299FEF75EFE33
:100B2000002804D069468A8A33461221E3E7F88810
:100B3000C01E85B20298014620318A78002A02D070
:100B4000012A02D00AE0C28B00E0028CAA4205D240
:100B50006846828A122133460D20CCE789798907BD
:100B600014D521698A0311D4CA010FD40122520479
:100B700011432161E9B201970091828B21880323FF
:100B8000022000F0CBF8692007B0F0BD2146EEF757
:100B9000A1F801900298028C8169019842438B1858
:100BA0002A4607213846F7F707F802980146203110
:100BB0000A468978012900D1C583B16813230B73D4
:100BC00091790125C9070DD0018C019A83695143A0
:100BD0005918002200920191C38B828B2188022038
:100BE00000F004F8F5800020CEE70000FFB50F46C6
:100BF0000646D81D032108431D46401C830818489B
:100C000081B00068F10603D52522BF210E4006E021
:100C1000392149014118097CC9071CD0222231071A
:100C2000890E08180121C9024018C06C3146FDF731
:100C300029FB040012D0A7800399E1800A99218141
:100C4000204665810C302A460B99E2F733FE214697
:100C50003046FDF703FB002005B0F0BD0720FBE7A1
:100C600004250020FFB50F460546D01C032108438C
:100C7000401C830881B01646E80603D53A22BF20FF
:100C8000054000E03722104928070968800E401807
:100C90000121C9024018C06C2946FDF7F3FA04008F
:100CA0000FD0A7807108A171204632460830049900
:100CB000E2F700FE21462846FDF7D0FA002005B0F5
:100CC000F0BD0720FBE7000004250020F8B51D4615
:100CD0000446022316460F46C00603D53922BF201C
:100CE000044000E036220C4920070968800E4018B5
:100CF0000121C9024018C06C2146FDF7C3FA01006A
:100D000007D08F80CE800D812046FDF7A7FA002006
:100D1000F8BD0720F8BD000004250020FFB581B014
:100D20000A9E05460321701D0843401C8308174690
:100D3000E80603D53722BF20054000E034221149E0
:100D400028070968800E40180121C9024018C06CAC
:100D50002946FDF797FA040012D00298A080E78098
:100D60002672049923463246091D09330B98F6F77B
:100D700023FF21462846FDF771FA002005B0F0BD9B
:100D80000720FBE704250020F8B5294D002029683D
:100D90000A4640321378D279934348D14A6E120EF4
:100DA00045D13E22525C002A41D1431E21488D6A22
:100DB000467A1A460024F600AD190926F606376968
:100DC00000887D1907070120002F07DA1123DB01B6
:100DD000CB189C6A631B1B021B1228D407273F02F7
:100DE000C919C96DCF0103D54A1B120212121ED4B4
:100DF00001252D07002B06DA002A0ADA75600E4855
:100E0000856003200AE01120000604437460002A74
:100E100003DB29430846F0F7C7F9022004490968B3
:100E200040314A78002A02D0002048700320F8BDE3
:100E300004250020C00000204000004830B41348C2
:100E4000092203681120C0011818D206806A1169AE
:100E50000F4C411A09022588090A2D0702D430BC1B
:100E600001207047647A9B6AE400E3188B4209D240
:100E70000123DB05994205D259000843506030BC7C
:100E80000120704730BC002070470000042500207E
:100E9000C0000020F0B5454C13252668ED017019FF
:100EA00080690027416B4248AE368DB0814242D006
:100EB00006216846EFF7B6FD69464879C021084328
:100EC0006946487120680622401980692430EFF78E
:100ED0007FFD0746102105A8EFF7A4FD206810222A
:100EE0004019806905A9001DEFF772FD0743102125
:100EF00009A8EFF797FD206810224019806909A919
:100F00001430EFF765FD0146394313D120682949B4
:100F100040198069264F401880088100264808182B
:100F200039460490E2F7EAFC04980068B84201D11F
:100F3000002700E0FB27226850198069A632243080
:100F400001900620014600900020FDF7C6F8002819
:100F500002D12068A6300190701D009A0199E2F735
:100F6000A9FC22681026314600208032FDF7B5F832
:100F7000002807D020683246411989698030091D50
:100F8000E2F798FC2268314600209032FDF7A5F880
:100F9000002807D020683246411989699030143101
:100FA000E2F788FC38460DB0F0BD000004250020B3
:100FB000AAAAAAAA3400FCEF00000410FEB55079DA
:100FC00015698007566B1F461446800F0DD1A80582
:100FD0000CD5012040028543000105436C48306078
:100FE00060790121084360711561FEBD280609D5AD
:100FF0005120C0018543E80401D4402005436548E1
:10100000256198E0E80439D5EFF7FFFD0090EFF790
:10101000FCFD0190EFF7F9FD0290012000038543EC
:101020000320800205432561607901210843607136
:10103000606B39462E3110220C30EFF705FE263753
:1010400002983870010A7970010CB970000EF870BE
:1010500051483060616B0822081DC91CEFF7F4FD90
:10106000616B022208461C300B31EFF7EDFD616B1E
:101070000C2268460D31EFF7E7FDFEBD680235D55D
:10108000EFF7C3FD0190EFF7C0FD0090EFF7BDFD56
:10109000014601AA00203D1813782035AB72401C90
:1010A000C0B2521C0428F6D300983C4A00068018AF
:1010B000306000980A06000A1043706001980A0A1E
:1010C00003061A43000AB260F0603548009A0368CC
:1010D0001320C0011818426281626079012108431F
:1010E00060712069890588432061FEBD6805FCD4D4
:1010F000680716D521462031487C00280DD12948A3
:101100003060274800688030408C000430307060C8
:10111000627901200243627148740420854325618D
:10112000FEBD2807082700280BDAE079BD431E49D9
:101130000006401825613060607901210843507134
:10114000FEBDE80610D5102085432561E2F79EFD1F
:10115000164940074018306000207060B060607928
:10116000012108436071FEBD6803FCD51046E2F71B
:1011700085FD002804D020464030017F39430177A7
:1011800001208004854325616089E2F77BFDFEBD77
:101190000301060003010B0003170300130D0400F5
:1011A0000425002003060C0B0302070003090909AC
:1011B000F8B51D46144606460027E2F767FD0128EC
:1011C0000CD01F2071780840060036D00020E8615E
:1011D000FDF746FE002803D0E86907E0FF20F1E7AD
:1011E000698932460120F6F727FDE861002801D021
:1011F000102722E0E07D80214840E07510492869F1
:1012000008421AD06079401E60716079FF2814D1BD
:10121000A079401EA071A079FF280ED1E079401E70
:10122000E071E079FF2808D1207A401E2072207AF0
:10123000FF2802D1607A401E60723846F8BD000077
:1012400020280000FEB503462C48412702680920EB
:1012500000021018816E602058430C18284811466F
:101260001018284E7F019D01D219AE199278C03115
:1012700000259A420CD1024640321746928E3F8F8B
:10128000009784273F58012301977B273F5C07E0A5
:101290008A8CCF8C0097CF6A0023019728277F5C28
:1012A0000297A779FF0708D02789D21B1204120CD6
:1012B00003D12246F7F7FCF90546A079810710D53E
:1012C00022890099891A491C0904090C09D1FD21B8
:1012D000084001ABA0713146052221311846EFF7D5
:1012E000B3FC002D09D005480096016804482B4640
:1012F000091822460020F4F759FCFEBD0425002001
:1013000058080000CC000020F0B50D4689B0002739
:101310000921C9060E9E14464F60827BC17B94460C
:101320000B02017C0A04417C090611431943624601
:1013300011430491827CC17C0B02017D0904194395
:1013400011430591027E417E090211430691827E7E
:10135000C17E090211430891027F417F09021143B6
:10136000009101461E3102912030C0783146C006FE
:10137000C00E21310790052203910298EFF764FC1B
:101380002220475531200755E7730220E070069967
:101390000C22514361610099FF220901A161207172
:1013A00027810899A1812046403006990180A771C4
:1013B000276107771B21418049322B460282C033C7
:1013C0001F8A1B2F02D15F8A974201D0102707770F
:1013D0001F8B8780C180018141818181C181598BAF
:1013E00041828282C2820283428301202080A06ADD
:1013F0000080A06A4480288C2F49401C80B288421B
:1014000002D94942401880B260812884A06AC72767
:10141000C772052203990298EFF716FC0020F072BC
:10142000218D3182F0750498B0610598F06120211A
:1014300007988855E2F72AFC8021012800D1B17570
:101440004220039080350290686B0080686BC77201
:10145000A88E7082C0206071B172A078174EC0084B
:10146000C000401DA07016480088A16A40011930D4
:101470008872696B0A208872F6F790FA696B03220A
:10148000C91D0398EFF732FC696B03223046091D32
:10149000EFF72CFC0120FDF789FDA16A0322C91D8D
:1014A0000298EFF723FCA16A03220648091DEFF713
:1014B0001DFC09B0F0BD0000FF0E00002C01B000C3
:1014C000C0000020FA003000F7B592B00F460400CB
:1014D00004D0002F06D11498002803DD61204001BC
:1014E00015B0F0BD1498002804DB102804DA207928
:1014F000800601D49448F3E72079410701D481079D
:1015000002D59148401CEBE740210843207120465A
:10151000143000250F90143001901EE00026B0001A
:1015200004904019C0190390E6F7D1FF00BA010AF0
:1015300003980902C07807AA01430498761C001991
:10154000406941400498042E1150E8DB636A07A803
:10155000019A0F9900F07CFA059D284610300590FD
:1015600014998842DADB2079800620D400291EDD18
:101570000026B00004904019C0190390E6F7A7FFB9
:1015800000BA010A03980902C07807AA0143049827
:10159000761C0019406941400498042E1150E8DB84
:1015A000636A07A8019A0F9900F052FACAE0002076
:1015B0000B900C900D900E900BA9636A0846019A4F
:1015C00000F046FA0B988721C00F48430B990C9AFC
:1015D0004900D20F11430B910C990D9A4900D20F7B
:1015E00011430C910D990E9A4900D20F11430D91A0
:1015F0000E99149A49004140284610300E919042AD
:101600001CD10026B00002904019C0190490E6F7E2
:101610005EFF00BA010A04980902C0780BAB0143CF
:101620000298761C001942690298185842405140AD
:10163000029807AA1150042EE4DB79E00B98872268
:10164000C00F50430B9A0C9B5200DB0F1A430B92B6
:101650000C9A0D9B5200DB0F1A430C920D9ACB0F84
:1016600052001A430D924A00424014980E92401BB9
:101670000390C017820F0398002610188010029064
:1016800019E0B00010904019C0190490E6F71FFF50
:1016900000BA010A04980902C0780BAB0143109804
:1016A000001942691098185842405140109807AAF2
:1016B00011500298761CB042E3DCB00001190BAA6D
:1016C00049691258514007AA1150039B00211B1A67
:1016D00042199C4696460BE072465218BA5CCD0001
:1016E00018235B1B9A4007AB1D586A401A50491CCF
:1016F0008C45F1DC002909D0CD00182107AA4D1B2B
:1017000013588021A9404B40135005E007A90A58FF
:101710000123DB075A400A5007A90BAA05E0B000D5
:1017200003195B6915586B400B50761C042EF6DBD1
:10173000636A07A8019A0F9900F08AF920790421B9
:10174000084320710020CBE61D0C0000F8B51646BA
:101750000F46040009D0002E07D025468035E86DDD
:10176000401E102804D31348F8BD61204001F8BD85
:101770002079400604D4002211462046FFF7A4FE3B
:101780002079022108432071002018210CE0C217A3
:10179000920F121892089200121983075269DB0EF9
:1017A000CB1ADA403A54401CEA6D8242EFDC00204A
:1017B0003260F8BD1F0C000010B5040007D00223F2
:1017C0000022A16800F00CFA010003D00CE06120B7
:1017D000400110BD102020610020024683001B192B
:1017E000401C5A610428F9DB084610BDFFB5D90832
:1017F000490083B0891D02910368116854684B4009
:101800004168956861408468C0686C40A446D468AB
:101810001E0E60408B4CC5B2A65D655D3606354335
:1018200067460E023F04360E3F0EA65DE75D3604A6
:101830003F023E433543AE460F0EDDB2E75D665DC7
:101840003F063E4365462F0205043F0E2D0EE75D21
:10185000655D3F042D022F433E43CDB20096665D89
:1018600065462F0EE75D1D043F063E4307023F0E0F
:101870002D0EE75D655D3F042D022F433E4301962B
:101880006546EDB2070E665DE75D0D043F063E431B
:101890001F023F0EE75D2D0E645D3F0424022743C7
:1018A000029C3E43641E10320294002C63DD664CA1
:1018B00070462040430070466449C00908401B211F
:1018C00048434340704658401821C8414340704641
:1018D0001021C841434070460821C8414340106868
:1018E0005A4D43400098594F204041000098C0098C
:1018F00028401B2568434140009818254840E8418E
:10190000414000981025E841414000980825E841F1
:1019100041405068019D41400198ED0920403D4003
:1019200040001B277D436840019F05467D401827E6
:10193000FD416840019D1027FD416840019D082739
:10194000FD416840956868408446304620403F4DE0
:10195000F4092C4040001B256C4360400446744051
:101960001825EC41604010243546E54108246840C4
:10197000E64170404BE7334CC5B2665D1D0E645DB9
:10198000240626430C02250E2E4C645D65462D046C
:101990002F0E2C4D2404ED5D2D022C432643294CA3
:1019A0000096DDB2655D0E0EA45D240625436446F7
:1019B0002402260E234CA45D0604370E214E240477
:1019C000F65D360234432543AE461E4CCDB2645D0F
:1019D00065461C4E2F0EF55D2D062C4305022F0E7D
:1019E000F55D1F042E043D0E164F7F5D65463F02D8
:1019F0003E433443EEB2134DAF5D050E1148405DDA
:101A0000000607431802030E0E48C05C09040B0EC3
:101A10000C490004C95C9368090208430743106835
:101A2000009E63405168049C7040D26820607546F7
:101A300004986940416004987A4083600498C260C9
:101A400007B0F0BDE04606107F7F7F7F01010101F6
:101A500000B5FFF7CBFE00BDF7B50298860800245D
:101A60000DE00098A7003D182846E6F730FD00BAC3
:101A7000000AE978000208430199641CC851B44285
:101A8000EFDB0199029A084600F002F8FEBD000063
:101A9000F0B59208002303E09C0005590D515B1C32
:101AA0009342F9DB4D4FF81FF938042A48D0062A33
:101AB0006DD0082A43D10023CA6915022D0E140ED9
:101AC000455D045D2D062C4315042D0ED2B2455DF7
:101AD000825C2D04120215432C439D007D590A6837
:101AE0006A40544001225B1C0C62940065180C593A
:101AF000EE69521C66402E62042AF6DBCA6A150E95
:101B0000D4B2455D045D2D062C4315022D0E120442
:101B1000455D120E825C2D04120215430A692C43A6
:101B2000544005220C63940065180C59EE69521C50
:101B300066402E62082AF6DB2031072BBCDDF0BDA3
:101B40000022CB681D022D0E1C0E455D045D2D0686
:101B50002C431D042D0EDBB2455DC35C2D041B021E
:101B60001D432C4395007D590B686B405C4001235D
:101B7000521C0C619C0065180C59EE685B1C664099
:101B80002E61042BF6DB1031092ADADDF0BD0022CC
:101B9000CB681D022D0E1C0E455D045D2D062C43E9
:101BA0001D042D0EDBB2455DC35C2D041B021D43DD
:101BB0002C4395007D590B686B405C400123521CFF
:101BC0000C619C0065180C59EE685B1C66402E6128
:101BD000042BF6DB1831092ADADDF0BDE0470610E8
:101BE000F8B59E468C46002807D0002905D0590735
:101BF0008C0F002A04D1012C02D061204001F8BDD5
:101C0000416A102903D0182901D0202905D1012CBF
:101C100005D00169491E102901D31E48F8BDC260D4
:101C20000179F92319400171012C20D000210B46C4
:101C30008D002D18491C6B610429F9DB0021182740
:101C400012E0CB179B0F5B189B089B001D182B46BF
:101C5000143300938B07565CDB0EFB1A6D699E40B4
:101C60003543009B491C1D6003698B42E9DC017907
:101C7000C9070CD1614681607146C90701D0032CA8
:101C800005D10146426A28316046FFF7E5FE002093
:101C9000F8BD00001F0C0000669A0C200008A4AEDE
:101CA000EE115934207B7044669A0C200008A4AED3
:101CB000EE115934217B7044669A0C200008A4AEC2
:101CC000EE115934227B7044669A0C200008A4AEB1
:101CD000EE115934237B7044669A0C200008A4AEA0
:101CE000EE115934247B7044669A0C200008A4AE8F
:101CF000EE115934257B704404030100FFFFFFFF00
:101D0000FFFFFFFFFFFFFFFF0000000000000000DB
:101D10000000000001000000FFFFFFFF512563FCF1
:101D2000C2CAB9F3849E17A7ADFAE6BCFFFFFFFF56
:101D3000FFFFFFFF00000000FFFFFFFF00030100A7
:101D40004000000006000000023F00023E30023C5E
:101D500020023B4C023A400239B202345B02350B9E
:101D600000000000C2400610C5400610C840061022
:101D70000D0A202D2D2D2D201B5B346D426C65200E
:101D8000536D617274206C6F636B20312E322E3074
:101D90001B5B306D202D2D2D2D200D0A0000000025
:101DA000417070005465726D000000004C696768F6
:101DB00074000000426C65004170703A204E564D30
:101DC000206D656D6F7279207772697474656E200D
:101DD000776974682064656661756C742076616CDF
:101DE000756573210D0A00004170703A206F7065AF
:101DF0006E2074686520446F6F722E0D0A0000001B
:101E00004170703A20756E6C6F636B20746865204A
:101E10006C6F636B2E0D0A004170703A2043616E47
:101E2000277420756E6C6F636B20696620756E6316
:101E30006F6E6E6563746564206465766963652E94
:101E40000D0A00004170703A20626C652072616476
:101E5000696F206572726F7220210D0A0000000008
:101E60004170703A206465766963652064697363C4
:101E70006F6E6E65637465642E0D0A004170703A72
:101E80002064657669636520636F6E6E6563746553
:101E9000642E0D0A000000004170703A20646F6FDC
:101EA00072206973206F70656E2E0D0A00000000AD
:101EB0004170703A20646F6F7220697320636C6F99
:101EC00073652E0D0A0000004170703A204E564D89
:101ED000206D656D6F7279207772697474656E21FB
:101EE0000D0A0000426C653A204661696C65642009
:101EF000746F207365742050494E3A2025733A2040
:101F000025730D0A00000000426C653A20466169A5
:101F10006C656420746F2067657420626F6E646501
:101F200064206465766963653A2025730D0A0000B4
:101F3000426C653A207570646174652063686172F3
:101F40002076616C7565206572726F723A20257318
:101F50000D0A0000426C653A205365742064657672
:101F6000696365206E616D65206572726F723A20DB
:101F700025730D0A00000000426C653A20737461FD
:101F8000636B20696E69743A2025730D0A000000A6
:101F9000426C653A20696E69742064657669636590
:101FA000206572726F723A2025730D0A00000000DE
:101FB000426C653A20696E697469616C6973656425
:101FC000207769746820737563636573730D0A0005
:101FD000426C653A2061646420736572766963655A
:101FE000206572726F723A2025730D0A000000009E
:101FF000426C653A20757064617465207768697415
:10200000656C697374206572726F723A2025730D66
:102010000A000000426C653A20646973636F76655C
:102020007261626C6520696E20626F6E64206D6FF4
:1020300064652E0D0A000000426C653A20646973E5
:10204000636F76657261626C652E0D0A0000000098
:10205000426C653A206D616B6520646973636F76CD
:10206000657261626C65206572726F723A202573C9
:102070000D0A0000426C653A20636C656172207342
:10208000656375726974792064617461206261733B
:1020900065206572726F723A2025730D0A00000088
:1020A000426C653A20736563757269747920646166
:1020B0007461206261736520636C65617265640D93
:1020C0000A000000426C653A20736C6176652073EB
:1020D00065637572697479207265717565737420B2
:1020E0006572726F723A2025730D0A006863695F2A
:1020F000646973636F6E6E656374696F6E5F636F3F
:102100006D706C6574655F6576656E740D0A0000B0
:10211000095374617475733A307825780D0A00009C
:1021200009436F6E6E656374696F6E5F48616E64BC
:102130006C653A307825780D0A0000000952656117
:10214000736F6E3A307825780D0A00004D61737414
:1021500065720000536C6176650000005075626C1A
:1021600069632044657669636520416464726573C0
:102170007300000052616E646F6D20446576696380
:102180006520416464726573730000006863695F71
:102190006C655F636F6E6E656374696F6E5F636FAE
:1021A0006D706C6574655F6576656E740D0A000010
:1021B00009526F6C653A25730D0A00000950656578
:1021C000725F416464726573735F547970653A2518
:1021D000730D0A0009506565725F4164647265732E
:1021E000733A3078257825782578257825782578EC
:1021F0000D0A000009436F6E6E5F496E746572765A
:10220000616C3A2575206D730D0A000009436F6EED
:102210006E5F4C6174656E63793A307825780D0A8B
:1022200000000000095375706572766973696F6EFE
:102230005F54696D656F75743A2575206D730D0A6D
:1022400000000000094D61737465725F436C6F6339
:102250006B5F41636375726163793A25730D0A00A0
:102260006863695F6C655F656E68616E6365645F16
:10227000636F6E6E656374696F6E5F636F6D706CB4
:102280006574655F6576656E740D0A000950656555
:10229000725F416464726573735F547970653A501C
:1022A00075626C6963204465766963652041646486
:1022B000726573730D0A000009506565725F4164B1
:1022C00064726573735F547970653A52616E646FBE
:1022D0006D2044657669636520416464726573733B
:1022E0000D0A000009506565725F41646472657390
:1022F000735F547970653A5075626C696320496404
:10230000656E7469747920416464726573730D0A33
:102310000000000009506565725F41646472657376
:10232000735F547970653A52616E646F6D20285303
:10233000746174696329204964656E7469747920D5
:10234000416464726573730D0A000000094C6F6389
:10235000616C5F5265736F6C7661626C655F507221
:1023600069766174655F416464726573733A30784D
:102370002578257825782578257825780D0A000098
:1023800009506565725F5265736F6C7661626C654A
:102390005F507269766174655F41646472657373DE
:1023A0003A30782578257825782578257825780D90
:1023B0000A0000006163695F6761705F7061697244
:1023C000696E675F636F6D706C6574655F65766578
:1023D0006E740D0A00000000092053746174757357
:1023E0003A25730D0A0000000920526561736F6E73
:1023F0003A25730D0A0000006163695F67617474B8
:102400005F6174747269627574655F6D6F6469662B
:102410006965645F6576656E740D0A0009417474C0
:10242000725F48616E646C653A307825780D0A00F9
:10243000094F66667365743A25750D0A0000000041
:1024400009417474725F446174615F4C656E6774B6
:10245000683A25750D0A00006163695F67617474ED
:102460005F726561645F7065726D69745F726571DA
:102470005F6576656E740D0A000000000941747492
:102480007269627574655F48616E646C653A307834
:1024900025780D0A000000006863695F6861726456
:1024A000776172655F6572726F725F6576656E7473
:1024B0000D0A00006863695F656E63727970746904
:1024C0006F6E5F6368616E67655F6576656E740DDC
:1024D0000A0000004C696E6B204C6576656C2045E7
:1024E0006E6372797074696F6E206973204F4E202D
:1024F00077697468204145532D43434D0000000027
:1025000009456E6372797074696F6E5F456E6162C2
:102510006C65643A25730D0A000000006863695F0A
:10252000726561645F72656D6F74655F7665727305
:10253000696F6E5F696E666F726D6174696F6E5FF1
:10254000636F6D706C6574655F6576656E740D0A9A
:10255000000000006863695F6E756D6265725F6F91
:10256000665F636F6D706C657465645F7061636BEB
:102570006574735F6576656E740D0A006863695FE4
:10258000656E6372797074696F6E5F6B65795F7287
:102590006566726573685F636F6D706C6574655FA7
:1025A0006576656E740D0A006863695F72785F61B5
:1025B000636C5F646174615F6576656E740D0A00BB
:1025C0006863695F6C655F6164766572746973697D
:1025D0006E675F7265706F72745F6576656E740D9D
:1025E0000A0000006863695F6C655F636F6E6E650B
:1025F0006374696F6E5F7570646174655F636F6D3E
:10260000706C6574655F6576656E740D0A00000018
:102610006863695F6C655F726561645F72656D6F49
:1026200074655F757365645F666561747572657303
:102630005F636F6D706C6574655F6576656E740D54
:102640000A0000006863695F6C655F6C6F6E675FAE
:102650007465726D5F6B65795F72657175657374B2
:102660005F6576656E740D0A000000006863695F3F
:102670006C655F646174615F6C656E6774685F63ED
:1026800068616E67655F6576656E740D0A000000AF
:102690006863695F6C655F726561645F6C6F6361DD
:1026A0006C5F703235365F7075626C69635F6B6545
:1026B000795F636F6D706C6574655F6576656E7468
:1026C0000D0A00006863695F6C655F67656E65721F
:1026D0006174655F64686B65795F636F6D706C656D
:1026E00074655F6576656E740D0A00006863695FE6
:1026F0006C655F6469726563745F6164766572744A
:102700006973696E675F7265706F72745F65766515
:102710006E740D0A000000006163695F6761705F9D
:102720006C696D697465645F646973636F76657203
:1027300061626C655F6576656E740D0A000000006D
:102740006163695F6761705F706173735F6B657907
:102750005F7265715F6576656E740D0A000000003A
:102760006163695F6761705F617574686F72697AD0
:102770006174696F6E5F7265715F6576656E740D09
:102780000A0000006163695F6761705F736C617666
:10279000655F73656375726974795F696E69746981
:1027A000617465645F6576656E740D0A00000000F3
:1027B0006163695F6761705F626F6E645F6C6F73A6
:1027C000745F6576656E740D0A0000006163695F71
:1027D0006761705F70726F635F636F6D706C65745B
:1027E000655F6576656E740D0A0000006163695F60
:1027F0006761705F616464725F6E6F745F7265734E
:102800006F6C7665645F6576656E740D0A00000016
:102810006163695F6761705F6E756D657269635F43
:10282000636F6D70617269736F6E5F76616C7565F1
:102830005F6576656E740D0A00000000094E756DC7
:10284000657269635F56616C75653A25750D0A009E
:102850006163695F6761705F6B65797072657373DF
:102860005F6E6F74696669636174696F6E5F6576C8
:10287000656E740D0A0000006163695F67617474BE
:102880005F70726F635F74696D656F75745F657695
:10289000656E740D0A0000006163695F6174745FA6
:1028A00065786368616E67655F6D74755F72657387
:1028B000705F6576656E740D0A0000006163695F84
:1028C0006174745F66696E645F696E666F5F72657E
:1028D00073705F6576656E740D0A00006163695FF1
:1028E0006174745F66696E645F62795F7479706544
:1028F0005F76616C75655F726573705F6576656E36
:10290000740D0A006163695F6174745F726561646C
:102910005F62795F747970655F726573705F657609
:10292000656E740D0A0000006163695F6174745F15
:10293000726561645F726573705F6576656E740D54
:102940000A0000006163695F6174745F72656164AD
:102950005F626C6F625F726573705F6576656E74DF
:102960000D0A00006163695F6174745F7265616480
:102970005F6D756C7469706C655F726573705F65AF
:1029800076656E740D0A00006163695F6174745F3F
:10299000726561645F62795F67726F75705F747989
:1029A00070655F726573705F6576656E740D0A00A1
:1029B0006163695F6174745F707265706172655F95
:1029C00077726974655F726573705F6576656E7442
:1029D0000D0A00006163695F6174745F6578656307
:1029E0005F77726974655F726573705F6576656E37
:1029F000740D0A006163695F676174745F696E6476
:102A000069636174696F6E5F6576656E740D0A0047
:102A10006163695F676174745F6E6F74696669632F
:102A20006174696F6E5F6576656E740D0A000000F3
:102A30006163695F676174745F70726F635F636F16
:102A40006D706C6574655F6576656E740D0A000067
:102A50006163695F676174745F6572726F725F72E0
:102A60006573705F6576656E740D0A006163695FFA
:102A7000676174745F646973635F726561645F63E7
:102A80006861725F62795F757569645F72657370A2
:102A90005F6576656E740D0A000000006163695F12
:102AA000676174745F77726974655F7065726D6970
:102AB000745F7265715F6576656E740D0A00000063
:102AC0006163695F676174745F726561645F6D758E
:102AD0006C74695F7065726D69745F7265715F6552
:102AE00076656E740D0A00006163695F67617474D6
:102AF0005F74785F706F6F6C5F617661696C616243
:102B00006C655F6576656E740D0A00006163695FD0
:102B1000676174745F7365727665725F636F6E660A
:102B200069726D6174696F6E5F6576656E740D0AAA
:102B3000000000006163695F676174745F707265B3
:102B4000706172655F77726974655F7065726D69D7
:102B5000745F7265715F6576656E740D0A000000C2
:102B60006163695F6C326361705F636F6E6E656332
:102B700074696F6E5F7570646174655F72657370A0
:102B80005F6576656E740D0A000000006163695F21
:102B90006C326361705F70726F635F74696D656FD3
:102BA00075745F6576656E740D0A00006163695F18
:102BB0006C326361705F636F6E6E656374696F6EB4
:102BC0005F7570646174655F7265715F6576656E6F
:102BD000740D0A006163695F6C326361705F636FDB
:102BE0006D6D616E645F72656A6563745F6576655D
:102BF0006E740D0A000000006163695F68616C5FBC
:102C00007363616E5F7265715F7265706F72745F1E
:102C10006576656E740D0A006163695F68616C5F5B
:102C200066775F6572726F725F6576656E740D0AA6
:102C300000000000504153534B45595F454E5452DC
:102C4000595F4641494C4544000000004F4F425FE8
:102C50004E4F545F415641494C41424C45000000A3
:102C6000415554485F5245515F43414E4E4F545F6A
:102C700042455F4D45540000434F4E4649524D5F1B
:102C800056414C55455F4641494C454400000000C3
:102C900050414952494E475F4E4F545F5355505033
:102CA0004F52544544000000494E535546465F4537
:102CB0004E4352595054494F4E5F4B45595F53490B
:102CC0005A450000434D445F4E4F545F535550509A
:102CD0004F52544544000000554E53504543494619
:102CE0004945445F524541534F4E000056455259A5
:102CF0005F4541524C595F4E4558545F41545445CD
:102D00004D505400534D5F494E56414C49445F501D
:102D10004152414D53000000534D505F53435F44B7
:102D2000484B45595F434845434B5F4641494C45F5
:102D300044000000534D505F53435F4E554D434F89
:102D40004D50415249534F4E5F4641494C45440016
:102D5000537563636573730054696D656F757400B3
:102D600050616972696E67204661696C6564000034
:102D7000456E6372797074696F6E206661696C6507
:102D8000642C204C544B206D697373696E67206FFF
:102D90006E206C6F63616C2064657669636500000A
:102DA000456E6372797074696F6E206661696C65D7
:102DB000642C204C544B206D697373696E67206FCF
:102DC0006E20706565722064657669636500000039
:102DD000456E6372797074696F6E206E6F742073C4
:102DE0007570706F727465642062792072656D6FA2
:102DF00074652064657669636500000035303020B5
:102E000070706D003235302070706D0031353020BB
:102E100070706D003130302070706D00373520706B
:102E2000706D000035302070706D00003330207000
:102E3000706D000032302070706D00007375636338
:102E400065737300756E6B6E6F776E2068636920B3
:102E5000636F6D6D616E6400756E6B6E6F776E2063
:102E6000636F6E6E657874696F6E20696400000030
:102E70006861726477617265206661696C757265FC
:102E800000000000556E6B6E6F77206572726F7276
:102E90000000000061757468656E7469636174692F
:102EA0006F6E206661696C75726500006B657920D4
:102EB0006D697373696E67006D656D6F72792063FC
:102EC00061706163697479206578636565646564C0
:102ED00000000000636F6E6E656374696F6E20742E
:102EE000696D656F75740000636F6D6D616E642050
:102EF000646973616C6C6F7765640000756E7375DF
:102F000070706F72746564206665617475726500B7
:102F1000696E76616C69642068636920636D642002
:102F2000706172616D7300007465726D696E6174B9
:102F300065642072656D6F7465207573657200003D
:102F40007465726D696E61746564206C6F63616C29
:102F50005F686F7374000000756E73757070207217
:102F60006D7420666561747572650000756E7370AE
:102F7000656369666965640070726F636564757224
:102F8000652074696D656F7574000000696E7374F7
:102F9000616E7420706173736564000070617261AA
:102FA0006D65746572206F7574206F662072616E36
:102FB00067650000686F73742062757379207061B3
:102FC0006972696E67000000636F6E74726F6C6C7B
:102FD00065722062757379006469726563746564F3
:102FE000206164766572746973696E672074696DB7
:102FF000656F757400000000636F6E6E65637469C1
:103000006F6E20656E642077697468206D69632037
:103010006661696C75726500636F6E6E6563746975
:103020006F6E206661696C656420746F20657374CF
:1030300061626C6973680000756E6B6E6F776E20ED
:10304000636F6E6E656374696F6E20696400000063
:10305000696E76616C696420706172616D730000E5
:10306000627573790000000070656E64696E6700B8
:103070006E6F7420616C6C6F776564006572726F3F
:10308000720000006F7574206F66206D656D6F7241
:1030900079000000696E76616C6964206369640080
:1030A00064657669636520696E20626C61636B6C30
:1030B000697374006373726B206E6F7420666F7532
:1030C0006E64000069726B206E6F7420666F756E9F
:1030D00064000000646576696365206E6F74206625
:1030E0006F756E6400000000736563206462206683
:1030F000756C6C00646576696365206E6F74206220
:103100006F6E646564000000696E7375666669635E
:1031100069656E7420656E63206B657973697A6585
:1031200000000000696E76616C69642068616E64FD
:103130006C6500006F7574206F662068616E646C4A
:1031400065000000696E76616C6964206F7065725D
:103150006174696F6E000000636861726163206171
:103160006C7265616479206578697374730000001E
:10317000696E73756666696369656E7420726573DE
:103180006F7572636573000073617469736679208B
:103190007065726D697373696F6E206572726F729C
:1031A0000000000061646472657373206E6F7420A8
:1031B0007265736F6C766564000000006E6F207638
:1031C000616C696420736C6F740000007363616EDE
:1031D0002077696E646F772073686F7274000000E7
:1031E0006E657720696E74657276616C20666169C0
:1031F0006C656400696E74657276616C20746F6FC3
:10320000206C6172676500006C656E67746820668B
:1032100061696C656400000070726F66696C65209E
:10322000616C726561647920696E697469616C6949
:103230007A6564006E756C6C20706172616D00005F
:10324000466C6173682072656164206661696C65B3
:1032500064000000466C61736820777269746520B1
:103260006661696C65640000466C61736820657214
:10327000617365206661696C6564000074696D65E1
:103280006F7574004A616E20313220323032350061
:10329000312E322E300000002573202D2025730D95
:1032A0000A0000001B5B316D252D3134733A201B61
:1032B0005B306D00456E61626C65640044697361EA
:1032C000626C656400000000656E61626C65000000
:1032D0003100000064697361626C6500496E76615B
:1032E0006C696420617267756D656E742E2055730C
:1032F000652027656E61626C6527206F72202764E8
:10330000697361626C65270D0A0000004572726F77
:10331000723A20496E76616C6964206E756D6265E3
:1033200072206F6620617267756D656E7473210D12
:103330000A000000566572626F73653A2025730DAE
:103340000A000000496E76616C69642061726775DD
:103350006D656E742E20446576696365206E616DBF
:1033600065206D757374206265203120746F20258F
:10337000642063686172616374657273206C6F6E40
:10338000672E0D0A00000000446576696365206EB3
:10339000616D653A20272573270D0A002575000009
:1033A0004572726F723A20496E707574206D757334
:1033B000742062652061206E756D626572210D0A50
:1033C000000000004572726F723A2050696E206DE5
:1033D00075737420626520302D3939393939390DCA
:1033E0000A00000050696E3A20253036750D0A003B
:1033F0004272696768746E6573733A2025752E256D
:103400007525250D0A00000025752E257500000084
:103410004572726F723A20496E76616C69642069F8
:103420006E70757420666F726D6174210D0A0000F4
:103430004572726F723A204272696768746E657382
:1034400073207468726573686F6C64206D75737433
:1034500020626520302E30252520746F20313030D9
:103460002E3025250D0A00004272696768746E656A
:103470007373207468726573686F6C643A20257585
:103480002E257525250D0A004E6F2064657669632B
:103490006520626F6E646564210D0A002020202083
:1034A00020202041646472657373202020205479A9
:1034B00070650D0A00000000307825303278253024
:1034C0003278253032782530327825303278253000
:1034D00032782020202000005075626C6963000063
:1034E00052616E646F6D0000436C656172696E6756
:1034F00020626F6E64656420646576696365732E0F
:103500000D0A00005265736574696E6720636F6E03
:1035100066696720616E6420636C656172696E67BD
:1035200020626F6E64656420646576696365732EDE
:103530000D0A00001B5B316D1B5B33326D62736CD7
:103540003E1B5B306D0000001B5B44001B5B4300B7
:103550001B5B337E000000001B5B3F32356C1B5B46
:10356000730000001B5B4B00257300001B5B751B89
:103570005B3F3235680000001B5B3F32356C1B5BE4
:10358000440000001B5B731B5B4B00001B5B324A5B
:103590001B6300001B5B316D1B5B33326D62736C10
:1035A0003E1B5B306D2573000D0A25730000000083
:1035B0000D0A1B5B316D1B5B33326D62736C3E1BFE
:1035C0005B306D25730000001B5B252075440000F7
:1035D0001B5B75001B5B431B5B3F323568000000C3
:1035E00076657273696F6E0068656C70000000002C
:1035F000766572626F7365006E616D650000000034
:1036000070696E00627269006272692D74680000F0
:10361000636F6E6669670000626F6E6465640000C8
:10362000626F6E6465642D636C65617200000000FA
:103630007265736574000000746F7000272573272E
:1036400020756E6B6E6F776E20636F6D6D616E644B
:103650002120506C6561736520757365202768654E
:103660006C70272E0D0A00001B5B316D00000000FE
:103670002025397320000000202052756E6E696E7F
:10368000672020200000000020205265616479201E
:1036900020202020000000002020426C6F636B651A
:1036A0006420202000000000202053757370656E98
:1036B0006465642000000000202044656C6574652A
:1036C00064202020000000002020556E6B6E6F7774
:1036D0006E202020000000002020252D38752000BD
:1036E0002020252D31307520000000002020257578
:1036F0002E257525250000001B5B306D0D0A1B5B18
:103700004B000000205461736B204E616D652020DA
:10371000205374617465202020202020205072697D
:103720006F72697479202020537461636B20467234
:1037300065652020204350552055736167650D0A4B
:10374000000000001B5B324A000000001B5B3F32A0
:10375000356C1B5B4800000020274374726C202BE3
:1037600020432720746F20717569742E00000000BB
:103770001B5B3F3235680000446973706C617920CF
:1037800076657273696F6E20696E666F726D6174B3
:10379000696F6E732E000000446973706C6179204C
:1037A00068656C702E000000526561642F77726945
:1037B000746520766572626F7365206D6F64652E27
:1037C000203120746F20656E61626C652C20302082
:1037D0002864656661756C742920746F2064697350
:1037E00061626C652E000000526561642F7772691A
:1037F000746520646576696365206E616D65202857
:1038000064656661756C742069732027426C65205D
:10381000536D617274204C6F636B27292E0000007A
:10382000526561642F77726974652050494E206338
:103830006F6465202864656661756C742069732007
:10384000323135343236292E000000005265616471
:1038500020616D6269656E74206272696768746E5A
:103860006573732E00000000526561642F777269E2
:103870007465206461792F6E69676874207468725A
:103880006573686F6C64202864656661756C74206C
:10389000697320353025292E0000000053686F77AA
:1038A00020616C6C20636F6E666967757261746904
:1038B0006F6E2E00446973706C61792074686520A6
:1038C0006C697374206F662070616972656420642E
:1038D0006576696365732E0052656D6F766520614C
:1038E0006C6C2070616972656420646576696365DB
:1038F0007320286F7220686F6C6420746865206282
:103900006F6E6420627574746F6E20666F72206DC6
:103910006F7265207468616E2033207365636F6E0B
:103920006473292E00000000526573657420636F74
:103930006E66696775726174696F6E20746F20645A
:10394000656661756C742E0053686F7720746173BF
:103950006B732073746174652E0000004170703ABF
:10396000205265626F6F74696E67202E2E2E0D0ACD
:1039700000000000000000008249030000004842EF
:10398000426C6520536D617274204C6F636B000054
:10399000880E0410900E0410980E04101C0E0410D3
:1039A000800E0410342C06104C2C0610602C0610CF
:1039B000782C0610902C0610A82C0610C42C06108B
:1039C000D82C0610EC2C0610042D0610182D06100D
:1039D000342D0610502D0610582D0610602D06109F
:1039E000702D0610A02D0610D02D0610FC2D0610EF
:1039F000042E06100C2E0610142E06101C2E061077
:103A0000242E06102C2E0610342E06103C2E0610E6
:103A1000442E0610582E0610702E0610842E061006
:103A2000942E0610AC2E0610B82E0610D42E0610BA
:103A3000842E0610842E0610842E0610E82E061002
:103A4000842E0610842E0610842E0610842E061056
:103A5000FC2E0610102F0610282F0610842E06109C
:103A6000842E0610402F0610842E0610842E061079
:103A7000842E0610582F0610842E0610842E061051
:103A8000842E0610842E06106C2F0610842E06102D
:103A9000842E0610782F0610842E0610842E061011
:103AA000842E0610842E0610842E06108C2F0610ED
:103AB000842E0610842E0610842E0610842E0610E6
:103AC000842E0610842E0610842E06109C2F0610BD
:103AD000842E0610842E0610842E0610842E0610C6
:103AE000842E0610842E0610842E0610B42F061085
:103AF000842E0610C82F0610842E0610D82F06100C
:103B0000F82F061018300610842E061038300610D4
:103B1000743206105030061060300610842E0610E5
:103B200068300610703006107C30061084300610A5
:103B3000842E0610842E0610842E0610842E061065
:103B4000842E0610842E0610842E06109430061043
:103B5000842E0610842E0610842E0610842E061045
:103B6000842E0610842E0610842E0610842E061035
:103B7000A0300610B4300610C4300610D430061041
:103B8000E8300610F4300610083106102431061013
:103B900034310610443106105831061070310610C9
:103BA00088310610842E0610842E0610842E0610EE
:103BB000842E0610842E0610842E0610842E0610E5
:103BC000842E0610842E0610842E0610A4310610B2
:103BD000842E0610842E0610842E0610842E0610C5
:103BE000842E0610842E0610842E0610842E0610B5
:103BF000842E0610842E0610842E0610842E0610A5
:103C0000842E0610842E0610842E0610842E061094
:103C1000842E0610BC310610CC310610E03106109F
:103C2000F431061008320610842E0610842E061079
:103C3000842E0610842E0610842E0610842E061064
:103C4000842E0610842E0610842E0610842E061054
:103C5000842E0610842E0610842E0610842E061044
:103C6000842E0610842E0610842E0610842E061034
:103C7000842E0610842E0610842E0610842E061024
:103C8000842E0610842E0610842E0610842E061014
:103C9000842E0610842E0610842E0610842E061004
:103CA000842E0610842E0610842E0610842E0610F4
:103CB000842E0610842E0610842E0610842E0610E4
:103CC000842E0610842E0610842E0610842E0610D4
:103CD000842E0610842E0610842E0610842E0610C4
:103CE000842E0610842E0610842E0610842E0610B4
:103CF000842E0610842E0610842E0610842E0610A4
:103D0000842E0610842E0610842E0610842E061093
:103D1000842E0610842E0610842E0610842E061083
:103D2000842E0610842E0610842E0610842E061073
:103D3000842E0610842E0610842E0610842E061063
:103D4000842E0610842E0610842E0610842E061053
:103D5000842E0610842E0610842E0610842E061043
:103D6000842E0610842E0610842E0610842E061033
:103D7000842E0610842E0610842E0610842E061023
:103D8000842E0610842E0610842E0610842E061013
:103D9000842E0610842E0610842E0610842E061003
:103DA000842E0610842E0610842E0610842E0610F3
:103DB000842E0610842E0610842E0610842E0610E3
:103DC000842E0610842E0610842E0610183206103B
:103DD00034320610842E0610842E0610842E06100F
:103DE000842E0610842E0610842E0610842E0610B3
:103DF000842E061040320610543206106832061027
:103E0000842E0610842E06107C32061000F0071057
:103E1000000400000004000000F80710D82A002069
:103E2000A423000016000300A6000100020E1700E4
:103E300044230020FFFFFFFF64000300480100004F
:103E4000FA2D0410A22D0410682C0410602C04100C
:103E5000EA2D0410942C0410602C0410602C041023
:103E6000602C0410602C0410602C0410602C0410D2
:103E7000602C0410602C0410602C0410602C0410C2
:103E8000602C0410602C0410602C0410742C04109E
:103E9000BE300410AE300410B63004103E300410B2
:103EA000A6300410E03506105D26041078370610A1
:103EB000E83506107926041098370610F0350610FC
:103EC000AD260410A8370610F8350610492704104F
:103ED000E837061000360610C927041020380610EF
:103EE00004360610352804104C3806100836061023
:103EF000892804106838061010360610612A04104C
:103F00009C3806101836061079290410B4380610AB
:103F1000203606101D2A0410D83806103036061038
:103F20003D2A04102839061038360610A532041030
:103F300048390610DA410410FA410410B241041065
:103F40007A410410AC41041074410410064204107C
:103F50006E410410CE41041003000000747A041076
:103F6000F8790410947B04107E7A0410DA7A041035
:103F70003C7B04107E7A04107E7A041000202020FE
:103F80002020202020202828282828202020202009
:103F900020202020202020202020202020881010D9
:103FA0001010101010101010101010101004040435
:103FB00004040404040404101010101010104141F3
:103FC00041414141010101010101010101010101E1
:103FD00001010101010101011010101010104242F5
:103FE00042424242020202020202020202020202B1
:103FF0000202020202020202101010102000000051
:1040000000000000000000000000000000000000B0
:1040100000000000000000000000000000000000A0
:104020000000000000000000000000000000000090
:104030000000000000000000000000000000000080
:104040000000000000000000000000000000000070
:104050000000000000000000000000000000000060
:104060000000000000000000000000000000000050
:1040700000000000000000000000000000232D30C0
:104080002B2000686C4C0065666745464700303160
:1040900032333435363738394142434445460030AF
:1040A00031323334353637383961626364656600DE
:1040B000412D46612D66383930313233343536374B
:1040C0005D002B2D0030300078580000D1F71737F5
:1040D000D1F717B78071313F807131BF0000003FC9
:1040E000000000BF000FC93F000F494000CB9640C1
:1040F000000FC9400053FB4000CB164100ED2F419B
:10410000000F49410031624100537B41003A8A412E
:1041100000CB9641005CA34100EDAF41007EBC4165
:10412000000FC94100A0D5410031E24100C2EE417B
:104130000053FB4100F20342003A0A42008310425E
:1041400000CB164200141D42005C234200A5294208
:1041500000ED2F4200363642007E3C4200C742420C
:10416000000F4942A2000000F90000008300000097
:104170006E0000004E00000044000000150000002A
:1041800029000000FC00000027000000570000008C
:10419000D1000000F500000034000000DD00000048
:1041A000C0000000DB00000062000000950000007D
:1041B000990000003C000000430000009000000057
:1041C00041000000FE0000005100000063000000FC
:1041D000AB000000DE000000BB000000C5000000D6
:1041E00061000000B7000000240000006E00000025
:1041F0003A000000420000004D000000D200000024
:10420000E000000006000000490000002E00000051
:10421000EA00000009000000D10000009200000048
:104220001C000000FE0000001D000000EB0000006C
:104230001C000000B100000029000000A7000000E1
:104240003E000000E8000000820000003500000091
:10425000F50000002E000000BB000000440000003C
:1042600084000000E90000009C00000070000000D5
:1042700026000000B40000005F0000007E00000087
:10428000410000003900000091000000D60000004D
:1042900039000000830000005300000039000000D6
:1042A000F40000009C000000840000005F0000009B
:1042B0008B000000BD000000F90000002800000095
:1042C0003B0000001F000000F80000009700000005
:1042D000FF000000DE000000050000009800000064
:1042E0000F000000EF0000002F0000001100000090
:1042F0008B0000005A0000000A0000006D00000062
:104300001F0000006D000000360000007E0000006D
:10431000CF00000027000000CB00000009000000D3
:10432000B70000004F000000460000003F00000002
:10433000660000009E0000005F000000EA00000030
:104340002D0000007500000027000000BA000000EA
:10435000C7000000EB000000E5000000F1000000D5
:104360007B0000003D000000070000003900000055
:10437000F70000008A0000005200000092000000D8
:10438000EA0000006B000000FB0000005F0000007E
:10439000B10000001F0000008D0000005D00000063
:1043A000080000005600000003000000300000007C
:1043B00046000000FC0000007B0000006B000000D5
:1043C000AB000000F0000000CF000000BC000000C7
:1043D000200000009A000000F400000036000000F9
:1043E0001D000000A9000000E30000009100000093
:1043F000610000005E000000E60000001B000000FD
:104400000800000065000000990000008500000021
:104410005F00000014000000A00000006800000021
:10442000400000008D000000FF000000D8000000E8
:10443000800000004D000000730000002700000015
:10444000310000000600000006000000150000001A
:1044500056000000CA00000073000000A800000021
:10446000C900000060000000E20000007B000000C6
:10447000C00000008C0000006B0000006042A20D34
:104480000000803F0000C93F0000F0390000DA372B
:104490000000A2330000842E0000502B0000C22731
:1044A0000000D0220000C41F0000C61B00004417FB
:1044B0000400000007000000090000000C080217BB
:1044C0000D01010209090101060209FFFFFFFFFFBB
:1044D0000909FFFFFFFF000096C298D84539A1F4F3
:1044E000A033EB2D817D0377F240A463E5E6BCF8B1
:1044F00047422CE1F2D1176BF551BF376840B6CB7C
:10450000CE5E316B5733CE2B169E0F7C4AEBE78E77
:104510009B7F1AFEE242E34F0D0207019E006900F5
:104520004F003500200015000101020102010002C8
:104530000100020202010201010101010200020167
:10454000006C888391AAF5A53860370BDB5A60832D
:10455000BEE69D350E480103CCDBFDF4AC1191F4B1
:10456000EFB9A5F9E9A7832C5E2CBE97F2D203B070
:10457000208BD28915D08E1C742430ED8FC24563F8
:10458000765C15525ABF9A32636DEB2A65499C805E
:10459000DCBD1A3CCDA6B8995899B740EB7B60FFBB
:1045A0004A503F10D2E3B3C974385FC5A3D4F6496B
:1045B0003F0000008DE80510B1E80510D5E80510B2
:1045C0001DE9051059EA0510F9E8051091E90510F3
:1045D00081EA051031EA0510E5E90510C1E9051089
:1045E00089E80510E1EA051061E90510A9EA05105E
:1045F000CDE70510D5EA051009EB051081E505109A
:10460000C1E50510E5E5051001E505102DE60510ED
:1046100021E505103DE5051005E60510E1E405106E
:104620009DE505105DE5051041E8051065E80510FC
:104630000DE80510F5E70510BBE7051049E6051084
:1046400051E7051045E30510ADE3051089E30510BA
:104650004DE4051099E4051001E4051075E405101A
:1046600025E40510BDE40510D5E3051069E3051048
:10467000C5E60510EDE605102DE705109DE60510D1
:1046800075E60510A9E7051015E7051081E7051087
:1046900071E705109BE7051091E705100DEE051079
:1046A000CDED051095EB0510BBEB0510D5EB051016
:1046B0000DEC0510A1EC0510EFEB051033EC051027
:1046C000ADEC051087EC051061EC051043EC05100E
:1046D000FB349B5F800000800010000000000000A1
:1046E000637C777BF26B6FC53001672BFED7AB76AF
:1046F000CA82C97DFA5947F0ADD4A2AF9CA472C05A
:10470000B7FD9326363FF7CC34A5E5F171D83115C6
:1047100004C723C31896059A071280E2EB27B275E7
:1047200009832C1A1B6E5AA0523BD6B329E32F845F
:1047300053D100ED20FCB15B6ACBBE394A4C58CF57
:10474000D0EFAAFB434D338545F9027F503C9FA82B
:1047500051A3408F929D38F5BCB6DA2110FFF3D2F9
:10476000CD0C13EC5F974417C4A77E3D645D1973AD
:1047700060814FDC222A908846EEB814DE5E0BDBA7
:10478000E0323A0A4906245CC2D3AC629195E479DE
:10479000E7C8376D8DD54EA96C56F4EA657AAE0838
:1047A000BA78252E1CA6B4C6E8DD741F4BBD8B8AD3
:1047B000703EB5664803F60E613557B986C11D9E39
:1047C000E1F8981169D98E949B1E87E9CE5528DFB0
:1047D0008CA1890DBFE6426841992D0FB054BB16DC
:1047E00000000001000000020000000400000008BA
:1047F00000000010000000200000004000000080C9
:084800000000001B000000365F
:04480800F8B5C046F9
:04480C00F8B5C046F5
:08481000D43BFE7F0100000013
:10481800000000000000000000000410000000007C
:104828000000000000000000000000000000000080
:0C48380000000000000000000000000074
:104844000000000000000000000000000000000064
:104854000000000000000000000000000000000054
:104864000000000000000000053B05109D2005101D
:10487400492B0510053B0510053B0510053B0510AC
:104884009D3A0510653A0510000000000000000084
:1048940000000000000000001F02000000000000F3
:1048A4000000000000000000000000000000000004
:1048B40000000000000000000000000000000000F4
:1048C40000000000000000000000000000000000E4
:1048D40000000000000000000000000000000000D4
:1048E40000000000000000000000000000000000C4
:1048F40000000000000000000000000000000000B4
:1049040000000000000000000000000000000000A3
:104914000000000000000000000000000000000093
:104924000000000000000000000000000000000083
:104934000000000000000000000000000000000073
:104944000000000000000000000000000000000063
:104954000000000000000000000000000000000053
:104964000000000000000000000000000000000043
:104974000000000000000000000000000000000033
:104984000000000000000000000000000000000023
:104994000000000000000000000000000000000013
:1049A4000000000000000000000000000000000003
:1049B40000000000000000000000000000000000F3
:1049C40000000000000000000000000000000000E3
:1049D40000000000000000000000000000000000D3
:1049E40000000000000000000000000000000000C3
:1049F40000000000000000000000000000000000B3
:104A040000000000000000000000000000000000A2
:104A14000000000000000000000000000000000092
:104A24000000000000000000000000000000000082
:104A34000000000000000000000000000000000072
:104A44000000000000000000000000000000000062
:104A54000000000000000000000000000000000052
:104A64000000000000000000000000000000000042
:104A74000000000000000000000000000000000032
:104A84000000000000000000000000000000000022
:104A94000000000000000000000000000000000012
:104AA4000000000000000000000000000000000002
:104AB40000000000000000000000000000000000F2
:104AC40000000000000000000000000000000000E2
:104AD40000000000000000000000000000000000D2
:104AE40000000000000000000000000000000000C2
:104AF40000000000000000000000000000000000B2
:104B040000000000000000000000000000000000A1
:104B14000000000000000000000000000000000091
:104B24000000000000000000000000000000000081
:104B34000000000000000000000000000000000071
:104B44000000000000000000000000000000000061
:104B54000000000000000000000000000000000051
:104B64000000000000000000000000000000000041
:104B74000000000000000000000000000000000031
:104B84000000000000000000000000000000000021
:104B94000000000000000000000000000000000011
:104BA4000000000000000000000000000000000001
:104BB40000000000000000000000000000000000F1
:104BC40000000000000000000000000000000000E1
:104BD40000000000000000000000000000000000D1
:104BE40000000000000000000000000000000000C1
:104BF40000000000000000000000000000000000B1
:104C040000000000000000000000000000000000A0
:104C14000000000000000000000000000000000090
:104C24000000000000000000000000000000000080
:104C34000000000000000000000000000000000070
:104C44000000000000000000000000000000000060
:104C54000000000000000000000000000000000050
:104C64000000000000000000000000000000000040
:104C74000000000000000000000000000000000030
:104C84000000000000000000000000000000000020
:104C94000000000000000000000000000000000010
:104CA4000000000000000000000000000000000000
:104CB40000000000000000000000000000000000F0
:104CC40000000000000000000000000000000000E0
:104CD40000000000000000000000000000000000D0
:104CE40000000000000000000000000000000000C0
:104CF40000000000000000000000000000000000B0
:104D0400000000000000000000000000000000009F
:104D1400000000000000000000000000000000008F
:104D2400000000000000000000000000000000007F
:104D3400000000000000000000000000000000006F
:104D4400000000000000000000000000000000005F
:104D5400000000000000000000000000000000004F
:104D6400000000000000000000000000000000003F
:104D7400000000000000000000000000000000002F
:104D8400000000000000000000000000000000001F
:104D9400000000000000000000000000000000000F
:104DA40000000000000000000000000000000000FF
:104DB40000000000000000000000000000000000EF
:104DC40000000000000000000000000000000000DF
:104DD40000000000000000000000000000000000CF
:104DE40000000000000000000000000000000000BF
:104DF40000000000000000000000000000000000AF
:104E0400000000000000000001010000AAAAAAAAF4
:104E14008C2A00200000000070230020D8230020EA
:104E240040240020000000000000000000000000FA
:104E3400000000000000000000000000000000006E
:104E4400000000000000000000000000000000005E
:104E5400000000000000000000000000000000004E
:0400000510047E293C
:00000001FF
