:020000041004E6
:1000000000600020B97D0410A17C041011040410CC
:10001000AA5555AA45554C420000000000000000BA
:10002000000000000000000000000000A1660410B5
:10003000000000000000000051660410A5640410D8
:10004000C5430410A57C041000000000000000005F
:10005000A5350410A97C0410ED0F0410C17C041018
:100060000000000000000000000000000000000090
:1000700000000000C57C0410C97C0410CD7C041075
:1000800000000000AD7C0410B17C0410B57C0410AD
:10009000B97C0410BD7C0410D57C0410D17C041004
:1000A0000000000000000000000000000000000050
:1000B0000000000000000000000000000000000040
:1000C000EFF31482EFF309811C4880F31488BFF327
:1000D0006F8FF0B543464C4655465E466746F8B4CA
:1000E000174CEFF30883236006B4164C2068164CB7
:1000F0002060164C2068164C2060164C2068164C68
:100100002060164C276800202060BFF34F8F30BF5F
:1001100027600B4C246884F3088882B003BCF8BCC9
:100120009846A146AA46B346BC46F0BC04BC80F340
:10013000098881F31488BFF36F8F10470000000017
:100140000800002004ED00E06C23002024ED00E016
:100150006823002000E200E0642300200800204023
:10016000002934D00123002210B488422CD301246A
:100170002407A14204D2814202D209011B01F8E7FF
:10018000E400A14204D2814202D249005B00F8E7B8
:10019000884201D3401A1A434C08A04202D3001BE4
:1001A0005C0822438C08A04202D3001B9C08224317
:1001B000CC08A04202D3001BDC082243002803D055
:1001C0001B0901D00909E3E7100010BC704701B515
:1001D000002000F00BF802BD0029F8D003B5FFF7AE
:1001E000C1FF0EBC4243891A1847C0467047C0463B
:1001F000844608006146FFE71FB508F0FCFB0028B5
:1002000001D40021C8421FBD10B508F091FB404247
:10021000013010BD10B508F0EEFB002801DB002016
:1002200010BD012010BDC04610B508F0E4FB002849
:1002300001DD002010BD012010BDC04610B508F042
:100240009CFB002801DC002010BD012010BDC04631
:1002500010B508F092FB002801DA002010BD012043
:1002600010BDC046002B11D1002A0FD1002900D1AA
:10027000002802D00021C943080007B4024802A1A7
:100280004018029003BDC04665FFFFFF03B46846F7
:1002900001B5029808F06EF8019B9E4602B00CBCB6
:1002A0007047C04602B4714649084900095C4900DC
:1002B0008E4402BC7047C04603B4714649084000F2
:1002C0004900095A49008E4403BC7047D0400B00D6
:1002D000D1409C46203AD340184352426346934053
:1002E000184370479140030090409C46203A934049
:1002F000194352426346D340194370478446100065
:1003000062468C461900634600E0C0461FB50AF0FD
:10031000AFFA002801D40021C8421FBD10B50AF071
:1003200001FA4042013010BD10B50AF0A1FA0028D0
:1003300001DB002010BD012010BDC04610B50AF041
:1003400097FA002801DD002010BD012010BDC04635
:1003500010B50AF029FA002801DC002010BD0120A8
:1003600010BDC04610B50AF01FFA002801DA0020BF
:1003700010BD012010BDC0461C2101231B04984262
:1003800001D3000C10391B0A984201D3000A083926
:100390001B09984201D30009043902A2105C4018DD
:1003A0007047C04604030202010101010000000081
:1003B0000000000010B5002903D1FFF7DDFF203059
:1003C00002E00800FFF7D8FF10BDC0460023C25C62
:1003D0000133002AFBD1581E7047000003B4714658
:1003E000490840004900095E49008E4403BC70473B
:1003F00010B503F0AFFC054803F0D6FD00F00EF891
:1004000000F016F805F0FEFBFEE7C046CC1C061017
:10041000802010B5C00106F0B5FFFEE710B500F072
:1004200099F802F039FB01F0B1FE00F079FF10BD40
:1004300010B51B4B84B002931A4B80220193022308
:100440001949009352000023184805F065FA012469
:10045000C022174B17490293174B00940193520087
:100460000023164805F058FA8022154B15490293CF
:10047000154B0094019352000023144805F04CFAE8
:10048000134BC0220293134B1349019303235200D1
:1004900000931248002305F03FFA04B010BDC04697
:1004A0004018002040140020FC1C0610010A041013
:1004B000DC130020001D0610DC0D00209D2A041016
:1004C000780D0020081D0610780900202124041052
:1004D0001409002014030020101D0610E11604105A
:1004E00070B5040001E005F0B5FF00F01DFC182810
:1004F000F9D900F061FD7D2003F0A8F901E005F0D5
:10050000A9FF012003F0D2F90128F8D1260000F05C
:100510005FFD1C360E4D01E005F09CFF00F004FC71
:100520000028F9D000F048FD2800216803F0A6F962
:1005300001E005F08FFF012003F0B8F90128F8D1A0
:10054000043400F045FD0435B442E7D170BDC04627
:1005500000E8071030B5204C0025220083B02300AE
:10056000202150320820009504F030F8AA22AC2156
:10057000043C5200A552563AFF3A490062500C31F1
:1005800062500C316550043162501031206062506D
:10059000124C2378002B0ED12378002B0BD010485F
:1005A000FFF79EFF0F4803F0B5FC2078C0B203F0C0
:1005B000A9FC03B030BD62680B4B9A42EFD8A0682B
:1005C0000021FFF745FE0028E9D0A0680749FFF7A2
:1005D0002BFE0028E9D1E2E7A818002000E8071068
:1005E000F8380610141D06103F420F000000C842E4
:1005F000022310B588B00093094B01AA13CB13C294
:1006000013CB13C21B68694613600122054B52428B
:100610001868002304F040F8002008B010BDC04660
:10062000F8380610A4180020014B98687047C0469F
:1006300000E8071070B500218AB0051C0190FFF793
:1006400007FE00282BD01749281CFFF7EDFD0028D6
:1006500025D0154C281CA168FFF7D6FD002802D034
:1006600000200AB070BD0223029303AB45CC45C302
:1006700045CC45C3226802A91A6001220B4B5242A5
:1006800018680023CD6004F007F800F03DFB002857
:10069000E6D1042201A9043000F0A4FBE0E7012028
:1006A0004042DEE70000C84200E80710A41800201E
:1006B000014B58687047C04600E8071070B5124BF0
:1006C000050088B098421CD8104C6368834215D04E
:1006D00000F038FB002814D10223009301AB45CC75
:1006E00045C345CC45C3226869461A600122084BC0
:1006F000524218680023029503F0CEFF002008B094
:1007000070BD01204042FAE73F420F0000E80710A9
:10071000A4180020014B1878C0B2704700E80710F9
:1007200070B50F4B04001A7888B0824214D00222B0
:10073000009201AA61CB61C261CB61C21B686946AC
:1007400013600122074B5242186800230C7103F01A
:10075000A3FF200003F0D6FB002008B070BDC04608
:1007600000E80710A4180020004870470CE80710A4
:1007700030B5010089B0002815D0022300930B4B3F
:1007800001AA31CB31C231CB31C21B6804A813603E
:1007900010220AF087F90122054B69461868524277
:1007A000002303F079FF09B030BDC04600E8071010
:1007B000A418002010B503F0C1FD002805D105489C
:1007C00003F0A8FB03F0C2FD10BD034803F0A2FB39
:1007D000FAE7C0466C1D0610441D0610B223012224
:1007E00070B5AA254B4C5B005242E2506D00635D30
:1007F000DA071CD402221A4208D05621FF31615C6C
:100800000A424DD05622FF32A35470BD0822102157
:100810001A40194212D0002A5BD15B0752D5FA2246
:100820000321C820520001F0C3FC635DEAE7002207
:100830000121002001F0BCFC635DE3E75623FF3398
:10084000E35C1940002A33D000291BD005F04AFA96
:10085000B8235B00E358C01AC82813D9FA236422CE
:10086000012100205B0001F0D9FC2000B2232A4ABC
:1008700069305B00FF30E25005F054FBAA235B00B7
:10088000E35CBFE703F0E8FC244B9968FFF7CCFC7E
:10089000C822002832D00821C82001F089FCE4E7F2
:1008A000FE220221C820920501F09CFC635DA9E7AD
:1008B000002200291CD0FA200021000101F078FC60
:1008C000635D9FE70321C820154A01F08BFC635D3F
:1008D00098E703F0C1FC114B9968FFF7A5FCC8220B
:1008E000002810D00821C82001F062FC635D89E770
:1008F0000021C82001F05CFC635D83E70421C8206F
:1009000001F056FCB1E70421C82001F051FC635D01
:1009100078E7C046A4180020C8AF000000E8071020
:10092000CDCC4C3E70B5AA240A4D64002B5DDB068D
:100930000BD5094803F0EEFA03F0ECFC04222B5D22
:1009400013432B55FFF74AFF70BD044803F0E2FA4A
:10095000FAE7C046A4180020841D06109C1D06104E
:1009600070B5802006F006FD244C012814D0C02369
:100970005B00E35C002B0ED17533FF33E35801338A
:1009800004D0AA256D00635D9B0723D5BA230122FD
:100990005B005242E25070BDAA2502266D00635DE5
:1009A0001E420DD0C22301225B0052420020E250C1
:1009B00000F0EEFD635DB3436355FFF70FFFEAE719
:1009C0002000BA23962279305B00FF30E25005F018
:1009D000A9FAE0E7012000F0DBFD0222635D13438A
:1009E0006355FFF7FBFE2000C223FA2289305B002B
:1009F0005200FF30E25005F095FAC7E7A418002036
:100A0000F0B5DE46574645464E46E0B5AC2791B0B8
:100A100004229B49042000F0E5F9012003F0C4FC06
:100A200008AB9846974B984C0493984B7F000593DE
:100A3000974B0293974B0393974B0193974B0093DC
:100A4000C2235B0099464B46B226BA25E158760090
:100A50006D0045E0E359013309D0210020005931F0
:100A60005D30FF31FF3005F07DFA00287CD1A359BD
:100A7000013309D02100200065316930FF31FF309A
:100A800005F070FA002866D16359013324D0BC23E5
:100A90005B0021009A467531A2445046FF3105F0B3
:100AA00061FA002818D001235B4263518233FF337F
:100AB0009B46E35C002B5AD100F084FD5022782342
:100AC0000721002001F0AAFB1E235046635105F0C8
:100AD00029FA01235A46A3544B46E1584B1C4FD1E7
:100AE000A259E359934200D9130062599A4200D99E
:100AF0001A008A4200D90A004146206804F016F81C
:100B00000128A7D143461B78012B5BD0022B52D082
:100B1000002B9FD143461B799A46002B72D0012BA4
:100B200098D103F037FC8346002800D193E0049865
:100B300003F0F0F9524606ABDA71D91D012201200B
:100B400000F050F9AA2208215200A35C0B43A354E1
:100B5000FFF744FE7EE7012300225B4200210020D4
:100B6000A35101F025FB8FE703F008FA7FE700238C
:100B70005A46A35403F002FA4B46E1584B1CAFD03F
:100B80002100200085318930FF31FF3005F0EAF97E
:100B9000002800D157E701234A465B420020A350BA
:100BA00000F0F6FCAA2202215200A35C8B43A3545E
:100BB000FFF714FE44E709A8FFF792FC009803F042
:100BC000A9F947E743461B79012B2CD0022B1CD0F7
:100BD000002B00D03EE7029803F09CF98020C00172
:100BE00006F0D0FB20002E4B5D30FF30E35105F0C6
:100BF00099F9AA2201215200A35C0B43A354FFF7E9
:100C0000EDFD27E7FFF7ACFE24E7019803F082F93A
:100C100003F068FBAA2214215200A35C8B43A35467
:100C2000FFF7DCFD16E7039803F074F9C2230122F5
:100C30005B005242E25005F055F8B823AA22022187
:100C40005B005200E050A35C8B4310210B43A35484
:100C5000FFF7C4FDFEE6059803F05CF95A4606ABC3
:100C6000DA71D91D0122012000F0BCF8AA22082166
:100C70005200A35C8B43A354FFF7B0FDEAE6C046E5
:100C800008E807101C1E0610A4180020341E0610C9
:100C9000C81D0610001E0610E41D06104C1E06108E
:100CA000B80B0000F0B50B4B05001E680C0089B0B6
:100CB000002E0CD06F4620220021684609F0C0FEAD
:100CC00000232200694630003D7103F085FE09B023
:100CD000F0BDC046A418002030B589B00500202220
:100CE0000021684609F0ACFE6C4601230122237006
:100CF000044B6946186852420023257103F0CCFC6E
:100D000009B030BDA418002010B505F089F90028FD
:100D100006D0044B1B68181A43425841C0B210BD9C
:100D20000020FCE7341A0020BC22054B10B59C586B
:100D300010F0D2F90100200010F0C8F910BDC04633
:100D4000341A0020012300B587B0049300230293D6
:100D500010330193093B03900093012200230121EA
:100D600001200CF073FB03000020002B01D107B021
:100D700000BD044A9B009958034803F0CBF80120BA
:100D80004042F4E790390610681E0610012130B584
:100D9000114D83B004004942286E04F02DF86A46D4
:100DA00000232100D01DD3710CF02EFB00280AD1A6
:100DB0006B46DC79002300220021286E03F06CFCD6
:100DC000200003B030BD0124044B8000C15804480A
:100DD00003F0A0F86442EDE7341A002090390610C1
:100DE0008C1E0610F0B54746CE4680B504000F00B5
:100DF00015008DB0042800D976E03D4A8300D35811
:100E00003C4E9F46CC23F35A99463B4B994500D123
:100E10006AE000239846002D20D00121306E49421F
:100E200003F0EAFFC423F15A043BF05AEBB20293F9
:100E300043460193ABB2039700934A4601230CF05B
:100E4000D4FBBA27F055012C28D0A84600281BD186
:100E5000002300220021306E03F01EFC40460DB03E
:100E6000C0BCB946B046F0BDCE23F35A9946CCE794
:100E7000C623F35A9946C8E7C823F35A9946C4E7EC
:100E8000CA23F35A9946C0E71C4B8000C1581C483E
:100E900003F040F801235B429846D9E7FFF764FC72
:100EA0001021814609F012FE04AB984604001B2273
:100EB000002105A809F0C4FD124B049303F06AFA5F
:100EC000434642461871631C537117200923494653
:100ED000937168442200073409F043FE4146E0B2B2
:100EE00010F058F8F05DB0E701235B429846B5E793
:100EF00014390610341A0020FFFF00009039061044
:100F0000B41E0610042DFFFFF0B510218DB00600B1
:100F100009F0DCFD0121244D04004942286E03F054
:100F20006BFFB623EA5A023BE95AE3B2029300236D
:100F3000A4B201930396009400200CF056FBFFF737
:100F400013FC1021070009F0C1FD1B220400002141
:100F500005A809F075FD154B04AE049303F01AFAC9
:100F6000631C307117207371092322003900684413
:100F70000734B37109F0F5FD3100E0B210F00AF862
:100F8000002300220021286E03F086FBBA23EB5CCD
:100F9000002B01D10DB0F0BD054A9B0099580548C2
:100FA00002F0B8FFF6E7C046341A0020042DFFFF18
:100FB00090390610D81E0610044B10B5186E002884
:100FC00003D00121494203F017FF10BD341A00205D
:100FD000054B10B5186E002804D000230022002114
:100FE00003F05AFB10BDC046341A002010B500248F
:100FF00082B0019410F076FE6B466946DC70084BB7
:1010000001AA58680331002303F0E6FC019B002B82
:1010100003D08022034B52051A6002B010BDC046B7
:10102000341A002004ED00E0F0B5C64600B592B0D9
:10103000FFF79AFB1021050009F048FD8023504A74
:101040005B05995C08AA11704E490600595C0020A6
:1010500051704D49595C91704C49595CD170FF21D8
:10106000C900595C11714A495B5C062153710CF04F
:10107000D1FA041E04D0200012B080BCB846F0BDE6
:10108000072101200CF0C2FA041EF4D141480FF0F0
:1010900061FF041EEFD1FF200FF084FD041EEAD192
:1010A0000CF095FA041EE6D13B4F10223B1D019334
:1010B000BB1C009302213B0001200CF0AFF9041E81
:1010C000D9D1B4235B429846B8447A884346B427C2
:1010D000D95BF3B2B6B202930190002300200395CE
:1010E00000960CF082FA1E23E1226B44D2001A8093
:1010F0004146B822895A4246D05B0093002202231F
:101100000CF069FA041EB6D100200CF0E9F9041EB7
:10111000B1D1FFF7CDFA012304930F330193093BBB
:1011200003900294009301220023012101200CF07E
:101130008DF9041E9FD1FFF717FB1021070009F05E
:10114000C5FC1B22050000210BA809F079FC134BFC
:101150000AAE0A9303F01EF96B1C30712F207371D5
:1011600009232A0039006844B37109F0FAFCE81D2C
:101170003100C0B20FF00EFFBA234246D0547AE7D6
:10118000F4070000F5070000F6070000F70700006D
:10119000F907000010250020E81A0020042DFFFFA9
:1011A000F0B54E4645465746DE46E0B55A4B9FB031
:1011B00006A918000A0070C870C200680AAC106066
:1011C0001A0020001032E0CAE0C0126802601A0063
:1011D0000EA82032E0CAE0C0126802601A0012A80D
:1011E0003032E0CAE0C0126802601A0016A840322D
:1011F000E0CAE0C01268503302601AAA904661CB80
:1012000061C21B6802201360444B0122994600937F
:101210000C230CF0BBF9002806D01FB0F0BCBB4675
:10122000B246A946A046F0BDC4235B424B449B4650
:10123000C4239A465B4652469B5A38219C464B46ED
:10124000023305931023C33A049008301E00039321
:10125000029201910090220060460F3B36390CF05B
:1012600076F90028D9D15C465546645B0221A44634
:101270004C46231D0593330007240233049002904B
:101280000093604603960194113B0EAA0CF05FF99F
:101290000028C2D157465D46ED5B4F46BB1D01227B
:1012A0003821059333000490083017000292019111
:1012B0000090039628000F3B12AA36390CF047F92C
:1012C0000028AAD15946554604234D5B494602934E
:1012D0000831023B059104900093022128000396F7
:1012E0000194023316AA0CF032F9002895D15B461E
:1012F00051465C5A4B460A3305933F230193353BD5
:10130000049000934246200003960297063BC239A0
:101310000CF01DF981E7C046F41B0610F81A0020F6
:1013200030B5284C0023220083B025005032012123
:1013300000930820230003F049F92100083D68606C
:101340005C31012003F006FB28661F480CF0A8F969
:10135000BA242855002810D1FFF766FEBA251B4C89
:101360006055002814D1FFF71BFFBA2560550028EF
:101370001DD1174802F0CEFD08E0164B8000C15881
:10138000154802F0C7FD2B5D002BE5D003B030BD42
:10139000104B8000C158114802F0BCFD635D002B6A
:1013A000F4D1FFF7FDFEBA2560550028E1D0094BC6
:1013B0008000C1580A4802F0ADFD635D002BD8D013
:1013C000E4E7C0463C1A0020903D0610341A002085
:1013D000341F061090390610FC1E0610141F06104C
:1013E000541F0610F0B5C64600B5ACB06B4602A956
:1013F000D81D0CF009F81E4B04009846BA2342464B
:10140000D05400280CD01B4BA400E1581A4802F01D
:1014100081FD0020FFF760FC2CB080BCB846F0BD19
:101420006B46DF7902AD17AE002F0CD02B7801345C
:101430003370701C691C0622E4B209F092FB073578
:101440000736BC42F2D10BF0DBFFBA254346041E3F
:101450005855D8D16B46D8790028DDD0012217A97C
:1014600002F04EFB4346041E5855D5D0CBE7C0468C
:10147000341A002090390610741F0610F0B5C646C5
:10148000C226402200B53C4C88B0A35D05009343C2
:10149000A3555BB2002B52DB0CF02AF8BA23E054C0
:1014A00000280ED046280CD0344B8000C158344858
:1014B00002F030FD0020FFF70FFC08B080BCB846FA
:1014C000F0BDFFF751F91021804609F0FFFA060040
:1014D0006F461B22002101A809F0B2FA294B0093A4
:1014E00002F058FF731C7B710923320041463871AA
:1014F0000736F81DBB7109F034FBF0B269460FF0F6
:1015000049FDBA26A0550028CED1002D25D0802136
:101510000130002302228900FF300BF0F3FFA055B9
:101520000028C1D1C2224021A35C17480B43A35419
:1015300002F0F0FCBA23E05C0028BED0B4E7C02380
:101540001321E05A0BF0ECFFBA23E054002DB4D085
:101550004022A35D1343A355AFE7B421F02003233A
:101560000222C90080000BF0CDFFA05500289BD1BE
:10157000064802F0CFFCDDE7341A0020903906104F
:10158000D41F0610042DFFFF981F0610BC1F061065
:10159000012170B50A4D04004942286E03F02CFC6D
:1015A000C223EB5C5B06DB0FA34202D02000FFF7F7
:1015B00065FF286E00230022002103F06DF870BD46
:1015C000341A0020012170B5134C4942206E03F0FB
:1015D00013FC0BF011FFBA23E054002813D10F487D
:1015E00002F098FCFFF7FEFEC223E05C00254006F7
:1015F000C00FFFF743FF002300220021206E03F0FD
:101600004BF8280070BD0125054B8000C1580548E6
:1016100002F080FC6D42EEE7341A00202420061010
:1016200090390610F81F061030B5C2250223294C48
:1016300085B0605D03420AD10423034215D1012322
:1016400003421BD10823034224D105B030BD984387
:101650006055BE33E05A0BF05FFFBA23E054002818
:101660002DD1605D04230342E9D0C2259843605523
:10167000FFF7B8FE0123605D0342E3D00200C225FC
:1016800040069A43C00F6255FFF7F8FE0823605DDD
:101690000342DAD09843BA33E05402F0DDFDCC23A4
:1016A0000390E15A083BE05A03AB00930022042365
:1016B0000BF091FFC023E05A0BF083FFC5E7064B08
:1016C0008000C158054802F025FC0020FFF704FB0C
:1016D000605DC7E7341A00209039061048200610D4
:1016E00030B583B004F09CFCBA23214C2060E35C4D
:1016F000002B38D10121206E494203F07DFBFFF71A
:1017000071FE0020FFF7BAFE002300220021206EA8
:1017100002F0C2FF6B46DD1D05E000230022002120
:10172000206E02F0B9FF012229005242606803F0E6
:10173000FDF90121206E494203F05EFB2B78002B5E
:10174000EBD18020C00105F01DFE03E00BF066FF29
:10175000FFF76AFF1FF0C6FA0028F7D08020C0010B
:1017600005F014FED9E70020FFF7B6FAC2E7C0463D
:10177000341A002070B506000D0014000D4802F068
:10178000C9FB31000C4802F0C5FB29000B4802F0F0
:10179000C1FB21000A4802F0BDFBC2217F23094A98
:1017A000505C03400120034302205354FFF794FA96
:1017B00070BDC0467020061094200610A4200610AC
:1017C000C0200610341A0020F0B5DE4657464E46BB
:1017D0004546E0B50D0087B01F0010AB10CB05905B
:1017E0001B8837489B4612AB1B8816009A4613ABE2
:1017F0001B88994614AB1B78984602F08BFB059921
:10180000304802F087FB29002F4802F083FB002EAE
:101810004CD12E492E4802F07DFB002F4CD12D4992
:101820002D4802F077FB2678E378227961790296D9
:1018300066782A480196A478009402F06BFB58461B
:1018400007F008FC08F0BCFE0022254B08F08EF9DA
:1018500008F084FE234B0100180002F05BFB5146A8
:10186000214802F057FB4B46990049441F48490064
:1018700002F050FB4346072B20D81D4A9B00995885
:101880001C4802F047FBC022C2211B4B9D52585CF2
:101890003F3AFF3A024301205A54FFF71DFA07B0BE
:1018A000F0BCBB46B246A946A046F0BD1349084865
:1018B00002F030FB002FB2D01149B1E71149DFE748
:1018C0001021061094200610A4200610D020061027
:1018D00034210610E0200610402106105821061081
:1018E0000000F43F7821061090210610A821061070
:1018F00070390610C8210610341A0020D8200610AE
:10190000F8200610F81C0610F0B5DE4657464E4685
:1019100045468846E0B589B01F0015AB1B88059089
:101920009B4616AB1B884C48079317AB1B88069247
:10193000994618AB1B78129E9A46139D149C02F090
:10194000E9FA0599454802F0E5FA4146444802F0B3
:10195000E1FA069B002B67D14249434802F0DAFACC
:10196000002F67D0012F6FD0022F69D0032F6FD0C7
:101970003778F37832797179029777783B48019715
:10198000B678009602F0C6FA2E78EB782A79697953
:1019900002966E7836480196AD78009502F0BAFA54
:1019A0002578E37822796179029565783148019547
:1019B000A478009402F0AEFA584607F04BFB08F00A
:1019C000FFFD00222C4B08F0D1F808F0C7FD2B4B8F
:1019D0000100180002F09EFA0799294802F09AFACD
:1019E0004B46990049442748490002F093FA534670
:1019F000072B23D8244A9B009958244802F08AFADE
:101A00004146C022224B9952C2213F3A585CFF3ACC
:101A1000024301205A54FFF75FF909B0F0BCBB46FE
:101A2000B246A946A046F0BD1A490F4802F072FA24
:101A3000002F97D1184802F06DFA99E71749DCE7B3
:101A4000174802F067FA93E7164802F063FA8FE747
:101A5000154802F05FFA8BE7E42106109420061087
:101A6000A4200610D020061034210610582106109C
:101A7000D0220610042306100000F43F782106103F
:101A800090210610A821061070390610C8210610F2
:101A9000341A0020D820061010220610F81C061058
:101AA000682206103C2206109822061070B5050028
:101AB0001C480E00140002F02DFA29001A4802F00A
:101AC00029FA052E0BD91949194802F023FAC22325
:101AD000184AD35C40218B438231535470BD164B5E
:101AE000B200D158124802F015FA022E0FD1013C73
:101AF000E4B20B2C09D8114BA400E158104802F0B5
:101B000009FAC2230B4AD35CE4E70849F6E7C2238B
:101B1000084AD35C002EDDD15906DBD504210B43E6
:101B2000D8E7C04638230610A4200610F81C06107B
:101B30005C230610341A0020583906102839061084
:101B40006C230610F8B507000C0016001D00214894
:101B500002F0E0F93900204802F0DCF921001F48CA
:101B600002F0D8F931001E4802F0D4F929001D48CE
:101B700002F0D0F90D2C0AD80123A3401A4A1342CF
:101B800004D1072C03D10698FEF7F2FDF8BDC62359
:101B9000164AD35A01339C4215D0CA23D35A013373
:101BA0009C4209D0CE23D35A01339C42EED1069BEE
:101BB0001868FEF73FFDE9E7069B1B78012BE5D18E
:101BC000FEF7F8FDE2E7069B1B78012BDED1FEF75E
:101BD000A9FEDBE77C230610A4200610A023061034
:101BE000B4230610C4230610042A0000341A00206F
:101BF00070B506000D0014000A4802F08BF93100A0
:101C0000094802F087F92900084802F083F9210009
:101C1000074802F07FF9C2210820064B5A5C0243B4
:101C20005A5470BDDC230610A420061000240610B0
:101C3000B4230610341A0020BC21014B5A507047BF
:101C4000341A002010B5034802F064F90020FFF7B1
:101C500043F810BD1C24061070B505000C000848A0
:101C600002F058F92900074802F054F9210006480B
:101C700002F050F90549064802F04CF970BDC04623
:101C80003824061094200610A420061058240610AC
:101C90008424061010B5024802F03CF910BDC0467D
:101CA000A024061010B5024802F034F910BDC04659
:101CB000D824061010B5024802F02CF910BDC04619
:101CC0000025061010B5024802F024F9002010BDCE
:101CD0002C25061010B5024802F01CF910BDC046B4
:101CE00044250610F0B5C64600B580461C006B467C
:101CF0000F00160014481D8B02F00CF941461348E2
:101D000002F008F93900124802F004F9300007F037
:101D1000A1F908F055FC00220E4B07F027FF08F050
:101D20001DFC0D4B0100180002F0F4F821000B48D7
:101D300002F0F0F8A90049194900094802F0EAF850
:101D400080BCB846F0BDC046682506109420061039
:101D5000A42006100000F43F782106109021061000
:101D6000A821061010B5024802F0D4F810BDC046F4
:101D70009425061010B5024802F0CCF810BDC046FC
:101D8000C825061010B5024802F0C4F810BDC046C0
:101D9000F025061010B5024802F0BCF810BDC04690
:101DA0001426061010B5024802F0B4F810BDC04663
:101DB0004826061010B5024802F0ACF810BDC04627
:101DC0007026061010B5024802F0A4F810BDC046F7
:101DD0009C26061010B5024802F09CF810BDC046C3
:101DE000C426061010B5024802F094F810BDC04693
:101DF000E426061010B5024802F08CF810BDC0466B
:101E00000827061010B5024802F084F810BDC0463D
:101E10003427061010B5024802F07CF810BDC04609
:101E20005027061010B5024802F074F810BDC046E5
:101E30007027061010B50C00034802F06BF8210063
:101E4000024802F067F810BD94270610C02706105C
:101E500010B5024802F05EF810BDC046D427061047
:101E600010B5024802F056F810BDC046FC27061017
:101E700010B5024802F04EF810BDC0461C280610EE
:101E800010B5024802F046F810BDC04640280610C2
:101E900010B5024802F03EF810BDC046602806109A
:101EA00010B5024802F036F810BDC046882806106A
:101EB00010B5024802F02EF810BDC046AC2806103E
:101EC00010B5024802F026F810BDC046C82806101A
:101ED00010B5024802F01EF810BDC046E8280610F2
:101EE00010B5024802F016F810BDC0460C290610C5
:101EF00010B5024802F00EF810BDC0463429061095
:101F000010B5024802F006F810BDC0465829061068
:101F100010B5024801F0FEFF10BDC046782906103A
:101F200010B5024801F0F6FF10BDC0469429061016
:101F300010B5024801F0EEFF10BDC046B4290610EE
:101F400010B5024801F0E6FF10BDC046D4290610C6
:101F500010B5024801F0DEFF10BDC046F0290610A2
:101F600010B5024801F0D6FF10BDC046202A061069
:101F700010B5024801F0CEFF10BDC046442A06103D
:101F800010B5024801F0C6FF10BDC0466C2A06100D
:101F900010B5024801F0BEFF10BDC046902A0610E1
:101FA00010B5024801F0B6FF10BDC046B82A0610B1
:101FB00010B5024801F0AEFF10BDC046E42A06107D
:101FC00010B5024801F0A6FF10BDC046102B061048
:101FD00010B5024801F09EFF10BDC046302B061020
:101FE00010B5024801F096FF10BDC046582B0610F0
:101FF00010B5024801F08EFF10BDC0467C2B0610C4
:1020000010B5024801F086FF10BDC0469C2B06109B
:1020100070B5144C251D2100280003F0A3FF0028F3
:1020200000D170BD022328002600236003F07AFF50
:102030009C24B423413EFF3E64005B00F1583059BC
:1020400006F018FA084D305102F0C0F83059291C3A
:10205000FEF7FEF80028E4D09A2300225B003551F9
:10206000F250DEE7481C00200000C84210B5154CB5
:102070002100201D03F076FF002815D0AE23413C3F
:10208000FF3C5B00E25C002A0FD10122E254B02346
:102090005B00E2580C48203BE250083BE05002F065
:1020A00095F80A4803F03EFF10BD00220020E254DC
:1020B0000833E258243BE250083BE05002F086F837
:1020C000EFE7C046481C00200000C8424C1C00201E
:1020D000F8B5284C251D2100280003F043FF0028F7
:1020E00000D1F8BD022328002600236003F01AFF68
:1020F00003F0F8FDAC23413EFF3E5B000700F058C3
:1021000008F05EFA1C4A1D4B07F030FD00221C4B04
:1021100007F02CFD00221B4B07F0A2FA0400380048
:102120000D0006F097FF08F04BFA02000B002000AC
:10213000290007F01BFDAA235B000400F0580D00E6
:1021400008F03EFA02000B002000290006F0C0FF54
:1021500008F078FA09F038FE011CFE20800506F030
:1021600081FD094906F086FC9C235B00F05002F0DB
:102170002DF8B6E7481C0020182D4454FB211940C7
:102180000000344000408F400000484210B5074C2A
:102190000023220082B000931C212300503208202B
:1021A00002F014FA043C206002B010BD0C1B0020A9
:1021B000F0B589B001AC07000E001500002118220F
:1021C000200008F03DFC0122054B21001868524216
:1021D000002302972672079502F05EFA09B0F0BD5F
:1021E000081B0020F0B589B001AC07000E00151CDB
:1021F00000211C22200008F023FC0123012223706F
:10220000054B21001868524200230297267204955C
:1022100002F042FA09B0F0BD081B0020F0B5C64636
:1022200000B588B080460F00160000211C226846C9
:102230001D006C4608F004FC022323704346012273
:102240000193074B6946186852420023277204968F
:10225000059502F021FA08B080BCB846F0BDC04632
:10226000081B0020F8B54746CE4680B5AC27A6230C
:102270005F4E7F00F0515B00F35C0C00002B69D1D6
:102280003933FF33F058984608F09AF9A022594B99
:10229000120609F0F9FD08F0D5F908F091F9A0222D
:1022A000554B120609F0CEFD08F0CCF94346F0502C
:1022B00003F018FD8146F05908F082F94F4A504B5F
:1022C00007F054FC00224F4B07F050FC00224E4B0D
:1022D00007F0C6F9040048460D0006F0BBFE08F002
:1022E0006FF902000B002000290007F03FFC80235B
:1022F0001B06CD18434604004449F05806F036FA50
:10230000FE21890506F0AEFC09F014FD08F058F92D
:1023100002000B002000290007F04EFE374A3C4B1C
:1023200006F0D6FE08F08EF9011C041C06F01CFE17
:1023300000285BD165006D083649281C06F014FEA4
:10234000002848D13349281CFDF76EFF002842D1F0
:10235000314C40E003F0C6FC142105002000FDF7DD
:10236000FFFE06F077FE9C235B00F15806F082FB2F
:10237000294906F0FBF9041C280006F06BFE011C3D
:10238000201C06F077F808F01BF90400F0590D0046
:1023900008F016F9194A1A4B07F0E8FB0022194B0E
:1023A00007F0E4FB0022184B07F05AF902000B007B
:1023B0002000290007F0DAFB8023C0221B06C91881
:1023C000D205134B07F0F8FD0C4A114B06F080FEC6
:1023D00008F038F9041CAA239A225B00F4500F4B32
:1023E0005200B350C0BCB946B046F8BD0024F2E775
:1023F000081B002099F958409999B93F182D445469
:10240000FB2119400000344000408F40000048424A
:10241000FB210940FFFF7F7F0000C842D12004104C
:10242000F0B54546DE4657464E46674BE0B59B46FF
:10243000664BA6269A46A02389B05B0000226D4613
:102440009846634C760055E068682F7A002800D1E2
:102450008EE006F0FFFD5F4906F088F9011C5E483A
:1024600006F084F9A8235B00E050143B9946E35C36
:102470002000FA1A511E8A41591E8B411340A35560
:10248000424600234530FF30A35003F04BFDA35DCF
:10249000002B0CD14B46E35CBB4208D09C230020B0
:1024A0005B00E05001F092FE380001F0D3FD9E2366
:1024B0005B00E7542B78012B78D0022B5AD0002BED
:1024C0001ED1A86900287DD006F0C4FD414906F060
:1024D0004DF9011C404806F049F9B4235B00E05077
:1024E0005B469A225200A350A25D002A12D198475F
:1024F0004346E2582900206802F018FB0128A3D0C7
:102500009A2301225B00E3585242002BF2D0A25DD5
:10251000002AECD02700210045374131FF37380031
:10252000FF3103F01FFD0028E2D0424602233800AD
:10253000A3509C2703F0F6FCA8237F005B00E15822
:10254000E05906F08FFBE05101F040FE0023E05916
:10255000191C9946FDF768FE0028C9D04B46E35187
:102560000023A3553D33FF33E05C01F073FDBFE76B
:10257000194877E714212869FDF7F2FDB0236F6948
:102580005B00E05014213800FDF7EAFDB2235B0048
:10259000E0504346E05020004530FF3003F0C2FCDD
:1025A000AE2300225B00E25453469AE76968E8686C
:1025B000FFF758FE9A2301225B00E3585242002B9A
:1025C000A5D197E7044888E7112004106D20041076
:1025D000081B0020000020420000C84210B5034A3A
:1025E0000349044801F0E0FC002010BD0832061049
:1025F000143206101C320610F8B5094C094E27009B
:10260000094D90372168300001F0CEFCA168280008
:102610000C3401F0C9FCBC42F4D10020F8BDC04626
:10262000283E0610283206102C1F061010B501286F
:102630002DD0022826D14C681A48210008F008FA4B
:10264000002816D02100184808F002FA002810D0FF
:102650002100164808F0FCF9002805D02100144894
:1026600008F0F6F9002818D10020FEF759F81149B2
:1026700003E00120FEF754F80F49104801F094FCE4
:10268000002010BD0E4801F08FFC0120F9E7FEF795
:1026900041F80028F0D10749EFE70A4801F084FC2F
:1026A0000120EEE74C320610543206105832061064
:1026B000183206104032061038320610B8320610B2
:1026C000903206106032061030B587B004000D005D
:1026D0001122002101A808F0B3F9012C1FD0022C0F
:1026E00018D16C682000FDF771FE01380F281ED844
:1026F0001022210001A808F0D5F92000FEF738F8D3
:102700006868FEF701FC0D4801A901F04DFC0020AE
:1027100007B030BD0A4801F047FC0120F8E7FEF79A
:1027200023F81022010001A808F0BCF9EBE7102102
:10273000044801F039FC0120EAE7C0460C330610DA
:1027400090320610C832061000B583B001281AD0A6
:10275000022812D1124B486801AA190008F0ECF8BF
:10276000002815D00198FDF7A9FF002814DB019976
:102770000C4801F019FC002003E00B4801F014FCA8
:10278000012003B000BDFDF793FF01000190EFE7CA
:10279000064801F009FCF3E7054801F005FCEFE706
:1027A00020330610683306109032061024330610CA
:1027B0004833061070B501F04FFD07F001FF0E4AD7
:1027C0000E4B06F085FC07F03DFF051C06F0E0FB14
:1027D000040006F03FFC011C281C06F043FA0849DF
:1027E00006F048F905F092FD064B020021001800A2
:1027F00001F0DAFB002070BD9A9999999999A93F47
:10280000000020417433061030B50C0083B001285D
:1028100058D0022851D14D682E21280008F061F9C6
:10282000002805D04378002B02D000238370656810
:1028300000236A46009301932800274901AB08F062
:102840007BF80138012833D8019806F003FC2349AE
:1028500005F08CFF041C009806F0FCFB011C201CFA
:1028600005F008FE041CFDF7E5FE00282ED1201C13
:1028700007F0A6FE1A4A1B4B06F02AFC07F0E2FE00
:10288000051C06F085FB040006F0E4FB011C281C77
:1028900006F0E8F9114906F0EDF805F037FD124BA6
:1028A00002002100180001F07FFB002003B030BDC2
:1028B0000E4801F079FB0120F8E70D4801F074FBA8
:1028C0000120F3E7FDF7B0FE041CD0E7094801F052
:1028D0006BFB0120EAE7C0468C3306100000204164
:1028E0009A9999999999A93FEC3306109433061057
:1028F00090320610B4330610F0B5CE46474680B588
:102900009BB005A8FEF742FA061E36DD1D4801F011
:102910004BFB1D4BF50099461C4BAD1B05AC984677
:102920001B4F1C4E65190AE0012B02D1404601F0F5
:102930003BFB3000073401F037FBAC4217D0607826
:1029400023796279A1790290A0780190E0780090D3
:10295000380001F029FB2378002BE5D1484601F02F
:1029600023FB0734300001F01FFBAC42E7D100200D
:102970001BB0C0BCB946B046F0BD074801F014FB1F
:10298000F5E7C046203406105C34061064340610A7
:102990003C340610641E06100C34061010B5FEF709
:1029A00011FE054801F000FB142003F0DDF801F0F2
:1029B000E5FA002010BDC0466C34061010B5FDF7D6
:1029C00017FEFEF7FFFD054801F0EEFA142003F0B4
:1029D000CBF801F0D3FA002010BDC04688340610B1
:1029E00030B5012387B0012802D0180007B030BDF0
:1029F000FDF790FE00283BD01E491F4801F0D4FA95
:102A0000FDF756FE1D4B0100180001F0CDFAFDF751
:102A10000BFE07F0D5FD1A4A1A4B06F059FB07F0DA
:102A200011FE051C06F0B4FA040006F013FB011CAD
:102A3000281C06F017F9144906F01CF805F066FC8E
:102A4000124B02002100180001F0AEFA1122002101
:102A500001A807F0F5FFFDF787FE1022010001A88D
:102A600008F020F80A4801A901F09EFA0023BCE70B
:102A70000849C2E738320610B8320610683306102B
:102A80009A9999999999A93F00002041EC33061031
:102A90000C330610403206107047C046F0B54E4663
:102AA000DE4657464546E0B5C5B034AB9946E24BE5
:102AB000370008932EAB9846E04B0393E04B0C9302
:102AC000E04B0B93E04B0D93E04B0493E04B0A93E8
:102AD000E04B0193E04B1093E04B1193E04B0693D6
:102AE000E04B0793E04B0E93E04B0293E04B0F93C8
:102AF000E04B1D93E04B0993E04B1293E04B139393
:102B0000E04B1493E04B1593E04B1693E04B179377
:102B1000E04B1893E04B1993E04B1A93E04B1B9357
:102B2000E04B1C93E04B1E93E04B1F93E04B209334
:102B3000E04B2193E04B2C93E04B2D93E04B229301
:102B4000E04B2393E04B2493E04B2593E04B2693FB
:102B5000E04B2793E04B2893E04B2993E04B2A93DB
:102B6000E04B2B9300239B464B465A4608981A701D
:102B700001F01AFA002300259A4600260DE0DA4AF1
:102B8000934200D123E1D94A934200D125E10823A1
:102B90005E460137BB427641F6B20120404201F069
:102BA00035FA0400002E00D1F1E14346DC551B68E4
:102BB000CF4A9342E3D1002DE9D00398013D01F0C3
:102BC000F3F90120404201F021FA3E000400230005
:102BD000083BDBB2132B03D8019A9B00D3589F46C6
:102BE00053463F2B00D885E10120404201F00EFA08
:102BF0000400ECE72EAB07220021581C07F020FF51
:102C000001201B2342464042137001F0FFF90127C7
:102C10000400CAE7099801F0C7F937004B46564649
:102C20005A469B191A70002E9EDD4B4620214846BD
:102C30009A55309307F028FF002800D17EE15B46CB
:102C4000202103700130319007F01EFF002800D1D1
:102C500081E15B46202103700130329007F014FFC0
:102C6000002800D179E15B460424037001303390E1
:102C70004846149907F0ECFE002800D166E148466A
:102C8000159907F0E5FE002800D16AE1484616993B
:102C900007F0DEFE002800D165E14846179907F0ED
:102CA000D7FE002800D160E14846189907F0D0FE11
:102CB000002800D15BE14846199907F0C9FE0028B9
:102CC00000D158E148461A9907F0C2FE002800D109
:102CD0004FE148461B9907F0BBFE002800D14EE1AA
:102CE00048461C9907F0B4FE002800D145E148464B
:102CF0001E9907F0ADFE002800D144E148461F9917
:102D000007F0A6FE002800D13BE14846209907F0D5
:102D10009FFE002800D138E14946219801F044F98E
:102D200022E75346002B00D15EE70E9F05963C003C
:102D3000903726684946300007F0E7FE002803D0A8
:102D40003100029801F030F90C34BC42F1D149460F
:102D50000F98059E01F028F9554500D144E75346E8
:102D60001D98591B01F020F93EE7069801F01CF967
:102D70004946079801F018F936E7002D00D133E7EE
:102D80006B1E52461C00571E05934C44BB4205D295
:102D900029002000521B494407F040FE4B465A468A
:102DA000DB191A70109801F0FFF8119801F0FCF887
:102DB0002100049801F0F8F80A9801F0F5F80120D4
:102DC000404201F023F9BA460400059DFFE655454F
:102DD00000D3DCE60C980135F1E643461B79002B65
:102DE00000D0D4E6554500D3D1E65346681C5E1E9C
:102DF000864207D95246A91C023A521B494448440C
:102E000007F00CFE4B465A469B191A700B9801F0BE
:102E1000CBF80D9801F0C8F84B460498591901F009
:102E2000C3F80A9801F0C0F80120404201F0EEF822
:102E3000B24604003E00CAE6B8340610CC34061090
:102E4000D0340610DC340610E8340610EC340610DA
:102E5000F0340610C43D0610FC3406100835061088
:102E60001035061018350610283E06102C350610B1
:102E7000343506104C350610641E06105435061005
:102E800058350610643506106C350610743506107A
:102E90007C35061084350610883506108C350610F2
:102EA000943506109C350610A4350610B43506106E
:102EB000BC350610C0350610DD250410F9250410B8
:102EC0002D260410C926041049270410B527041024
:102ED00009280410E1290410F92804109D29041080
:102EE000BD290410253204101B5B43001B5B337E9D
:102EF0001B5B4400554532D25A1B4B466F1C591977
:102F0000D81907F08BFD012294462B004A46E24473
:102F10004B4452441C70059313005A460B981A7088
:102F200001F042F80599049801F03EF8129801F07A
:102F30003BF813983D0001F037F855E648461499E0
:102F4000012407F085FD002800D098E62C9B200086
:102F500030A9984708E602248AE6032488E66F1C15
:102F6000D1E72D9BF3E7229BF1E7239BEFE7249B1F
:102F7000EDE7269BEBE7259BE9E7289BE7E7279B07
:102F8000E5E72A9BE3E7299BE1E72B9BDFE73E0090
:102F90001DE6C04670B5037B04000D00002B0AD06F
:102FA00061682C4801F000F8237B042B4ED82A4A94
:102FB0009B00D3589F46294800F0F6FFF0E72848C9
:102FC00000F0F2FF2169274800F0EEFFA16A2648D1
:102FD00000F0EAFF002D36D0A06906F03BF8234947
:102FE00005F048FD041C280006F034F8011C201CE4
:102FF00005F0BCFB051C05F0CBFF040005F0E6FF67
:10300000011C281C05F02EFE194905F033FD05F0C2
:10301000BFFF0200174B2100180000F0C5FF164843
:1030200000F0C2FF70BD154800F0BEFFCAE71448AB
:1030300000F0BAFFC6E7134800F0B6FFC2E7124837
:1030400000F0B2FFBEE700220024E3E70F4800F0E3
:10305000ABFFB7E7F4350610143E0610EC3506104A
:103060002C3606105C360610643606100000C84286
:1030700000002041703606107C3606103C360610E3
:103080000C3606101C360610FC3506104C360610A1
:10309000F0B5CBB008AC02F02BFE0621200001AA4F
:1030A00003F09CF802AD061E2ED0029401281ED01B
:1030B00013AB6B60022841D01EAAAA60032809D076
:1030C00029AAEA60042805D034AA2A61052801D07B
:1030D0003FAA6A61A169626C701E914235D369682A
:1030E000AB688C699A69944221D3022832D14C484A
:1030F00000F05AFF0024019901CD0134FFF74AFF87
:10310000A642F8D84BB0F0BD02996A688869946904
:10311000844256D8AB689F69A74219D96B60AA60F0
:10312000B84215D20120404269600293DDE7A960F0
:1031300002996B608C69A242D7D9F5E7A169626CEC
:103140009142D4D202936C60D1E702936C60C6E7DF
:1031500001204042AB68E9689C698A6994424ED379
:103160000328C4D0EB6829699C698A6994422DD3ED
:103170000428BCD02A69696990698B698342B6D9F1
:10318000E8686A6182692961934202D91A0028615C
:10319000E960A968E8688B69934202D21300E9608C
:1031A000A8606968A8688A69934202D91A00A96070
:1031B0006860029B69689869824298D96B60029145
:1031C00095E7012002926960404288E7AC682B6174
:1031D000A369E9609A4202D91300EC60A9606968AA
:1031E000AC688A69934202D91A00A9606C60029B9C
:1031F00069689C69A242BBD96B600291B8E76C68B0
:10320000EB60A369A9609A4202D91300AC606960BF
:10321000029A69689469A342A2D96A6002919FE701
:103220008836061070B50E4800F0BEFE0D4E0E4DED
:103230000E4C300000F0B8FEFFF72AFF280000F027
:10324000B3FE200000F0B0FEFA20800000F0DEFEA9
:103250000328EED1064800F0A7FE002070BDC0464E
:10326000C8360610D0360610DC360610F4360610C6
:10327000641E061010B507F05FFC0C2303600120EC
:10328000404210BD30B50400080085B02060200029
:1032900011001A00184B1C301C6001F0FBF8099A51
:1032A0000899201D01F0F6F80325230000220021D3
:1032B00038330095012001F089F923000022606372
:1032C00000218C330095012001F080F98823002132
:1032D000E050606B01F090FD0121082004F0A4F89B
:1032E000064B03A81A8802809B78837004F08EFC3A
:1032F000002005B030BDC046741C0020541C0610D0
:1033000030B585B008AC25780191072A45D011D891
:10331000052A46D00121062A08D101AC217161712C
:10332000012B0FD0022B3AD0002B0CD001204042B1
:1033300005B030BD0321082AF8D101AC21716171BB
:10334000012BEFD10223E371002D01D0012DEDD12E
:10335000436AA5715A1E9341C2685B002372002A1A
:1033600002D0012213432372002300206372013331
:10337000A37204F0DBF8200004F0E6F8062004F065
:10338000D9F9002004F0CAF90121102004F088F9CD
:10339000012004F0CBF80020CAE70221BDE7012399
:1033A000D1E70021B9E7C046F0B5C64604000E00DB
:1033B0001700002000B5002A02D180BCB846F0BD3D
:1033C00081200021400104F06BF90021606B01F0C5
:1033D00013FD8120400104F09BF90EE0002D28D060
:1033E000E36A226A18780133E362934201D3E36906
:1033F000E362013D256304F05FF9202004F06CF9DD
:10340000256B0028EAD000239846002D11D020001B
:1034100031003A001C3001F047F8236B0500012110
:10342000002B18D18020400104F03AF928004044D4
:10343000C3E7002505E0BD4211D0705D04F03CF902
:103440000135202004F048F9A84673190028F2D06D
:103450001E007F1BDBE7202004F022F9E6E70027AF
:103460001E00D4E770B505004B1C0BD032220023A0
:103470000800002104F028FFFA2200239200FCF744
:10348000F1FE0100686B01F0B7FC0400012802D0D6
:103490000024200070BD02F0E9FF082004F01CF9B0
:1034A000002803D0002402F0EDFFF2E70023002201
:1034B0000021686B01F0F0F8F5E7C046F8B50400AC
:1034C0000F0016000020002A00D1F8BD00211030A6
:1034D00004F0E6F832003900201D01F011F8050073
:1034E000864206D822E004F0EFF878550135AE4266
:1034F0001CD9102004F0F0F80028F4D0102004F0BB
:10350000EBF8A369002817D1E2689A4214D004F0BE
:10351000DBF8236918702369A268013323619342A1
:1035200001D363682361A3690133A361102004F010
:10353000D3F8A3690028E7D0002B05D01020012183
:1035400004F0AEF82800C0E788330021E05801F00D
:1035500053FCF3E770B505000C004B1C0BD0322276
:1035600000230800002104F0AFFEFA22002392009D
:10357000FCF778FE04008826002004F0DBF8210028
:10358000A85901F039FC012804D0062004F0D2F833
:10359000A86970BD002300220021A85901F07CF821
:1035A000F3E7C0463E4B10B51C68002382B02020D4
:1035B000019304F0A3F8012813D08020400104F007
:1035C0009DF8012858D0102004F098F8012831D037
:1035D000019B002B03D08022324B52051A6002B0AF
:1035E00010BD314B1B8F9B06E7D51F3004F090F8C0
:1035F0000EE0002A14D0E36A216A18780133E362EE
:103600008B4201D3E369E362013A226304F054F888
:10361000202004F061F8226B0028EAD0002ACCD1E7
:103620000021202004F03CF880200121400104F01A
:1036300037F8C2E71C4B1B8FDB06C9D50F3004F0EF
:1036400067F80EE004F040F8236918702369A26857
:1036500001332361934201D363682361A36901337A
:10366000A361102004F038F80028EBD0882301A9CA
:10367000E05801F00FFAABE780220B4B52011B8F91
:103680001342A0D0100004F043F880200021400134
:1036900004F006F8606B01A901F0FCF993E7C0465D
:1036A000741C002004ED00E0000030400D4B70B5AC
:1036B00005000C0099420CD00B4B99420FD1802091
:1036C0000121400103F0B0FE002300202C606B605C
:1036D00070BD80200121000103F0A6FEF4E7012067
:1036E0004042F5E70000D0400000E04070B5040023
:1036F0001A480D00002682B00902814208D8FCF762
:103700002FFD80235B00984225D845430138C6B27F
:1037100029001248FCF724FD6060684604F060F858
:1037200080236D465B002B800023AB70AB80636809
:103730006946013B2068EB80EE7004F009F8012235
:103740002068002104F05EF82068012104F04EF8A2
:10375000002002B070BD1800D7E7C0460048E8015D
:1037600070B50C1C06000021201CFCF753FD00283E
:103770001CD10F49201CFCF761FD002800D00C4C27
:103780007568280005F066FC211C05F073F906F049
:1037900017FF0022074B05F063FF04F0CFFD3368ED
:1037A0002D1AADB282B29A801D8170BD0024E7E768
:1037B0000000C84200005940002203681A80704788
:1037C000002310B50160037180204000012103F047
:1037D0002BFE002010BDC04600B583B00023017150
:1037E000684603700133FF334380FE3B4170037131
:1037F00004F01EF8012004F099F8012004F082F88A
:10380000002003B000BDC04670B5050004240120AF
:1038100004F05AF8042004F097F80028FAD0013C8C
:1038200004F0D6F9002CF2D12879022104F094F8A2
:1038300070BDC04610B507F094F910BD10B507F083
:10384000FFF810BD10B507F0DBF810BD084B1A6883
:10385000084B9A420AD13F23074A40061381000CC5
:103860002E3B90611380138ADB07FCD57047C0465E
:1038700014000020CCBCECFC00001040084B1A687F
:10388000084B9A420AD13F23074A800813810C3B18
:10389000906111641380138ADB07FCD57047C04622
:1038A00014000020CCBCECFC00001040034B1B8A31
:1038B0001840431E9841C0B27047C04600001040F7
:1038C000C02380211B061A680A431A601A688A43BB
:1038D0001A607047C02301211B061A680A431A6048
:1038E0001A688A431A607047C0231B06186880074D
:1038F000C00F7047054B1B78002B05D1044B18688F
:10390000431E9841C0B270470120FCE7781C00209C
:10391000000400C0F0B5534B91B01C006A46E0CCE7
:10392000E0C2E0CCE0C260CC60C22033E0CBE0C2B9
:1039300070CB70C230CB30C2012857D002281CD0C7
:10394000032850D16A4620234C1E551E03E0013B3C
:10395000002B00D17CE0E05CEA5C861A9042F6D055
:10396000414B1A78002E00DB74E0022082433F486E
:103970001A700C1D02003E4B50E06A4620234C1E7C
:10398000551E02E0013B002B5CD0E05CEA5C861A2D
:103990009042F7D0344B1A78002E55DA012082433A
:1039A0001A700C1D4B0759D1324BCB18002B55D038
:1039B0000C684D68304B1C605D60304B8C68CD6886
:1039C0001C605D602E4B0C694D691C605D602D4B69
:1039D0008869C969186059602B4B2FE0224B1A780F
:1039E00004210A431A70012011B0F0BD1F252023C5
:1039F0004C1E6D4402E0013B002BEFD0E05CEA5C22
:103A0000861A9042F7D0184B1A78002EE8DA042074
:103A100082431E481A7002001D4B0C1D0D68056084
:103A20002068506088689060C868D060086910613C
:103A30004869506188699061C969D161002200209C
:103A40001A60D1E7084B1A7801210A431A70CAE7B5
:103A5000054B1A7802210A431A70C4E706480A4B3C
:103A60000200DBE7581C0610781C0020B40400C0DC
:103A7000D40400C074FBFF3F900400C0980400C051
:103A8000A00400C0A80400C0B00400C06C0400C0C2
:103A90008C0400C0431E10B5022B1DD8C200164B6B
:103AA00012189200D318880718D114481018081A51
:103AB000022813D91A680A605A684A609A688A60AC
:103AC000DA68CA601A690A615A694A619A698A6140
:103AD000DB69CB61002010BD0120FCE70800521A11
:103AE0002030054C8B18A44663441B780B700131C1
:103AF0008842F6D1EEE7C046480400C0490400C041
:103B000010B514F083FB10BD10B511F0B3F810BD63
:103B100010B510F067FC10BD10B510F06DFF10BDB2
:103B200070B584B06E466C466D46B68D248CAD8CF7
:103B300003960A9E01950296009411F08DF904B047
:103B400070BDC04670B584B008AC20CC0AAE2478F5
:103B5000367801940296009511F0BEF804B070BD5D
:103B600010B50AF0B1F910BD10B512F04FFC10BD40
:103B70000120704710B509F085FF10BD10B514F095
:103B8000BBFD10BD10B512F005FB10BD10B515F052
:103B90007DFE10BD10B50AF06DF910BD10B50AF02C
:103BA00071F910BD10B50EF031FA10BD10B517F057
:103BB000A5FE10BD10B517F0C5FB10BD10B517F070
:103BC00025FF10BD10B517F0E4FB10BD10B510F0C7
:103BD000FBF810BD10B510F007F910BD10B510F0CE
:103BE0000FF910BD10B511F08FFA10BD10B50DF022
:103BF000E3FF10BD10B511F0C7FC10BD10B511F0FA
:103C0000D3FA10BD10B511F001FC10BD01207047B2
:103C100010B50DF07DF810BD10B519F0B7FF10BD4F
:103C200010B519F087FF10BD10B519F06BFF10BD6E
:103C300010B51AF045F910BD0120704710B51AF003
:103C4000C5F910BD10B51AF087F910BD10B518F000
:103C500095FB10BD10B518F0ABFB10BD10B518F0FA
:103C600025FC10BD10B518F01BFB10BD10B518F0E9
:103C70002FFB10BD10B518F04DFB10BD10B518F09E
:103C8000ADFB10BD10B518F0C3FB10BD10B517F09B
:103C9000B5FB10BD10B517F085FB10BD10B517F0C2
:103CA00075FF10BD10B517F06DFE10BD70B50400A6
:103CB0000DF012FA050002F091F901281CD072B63D
:103CC00002F08CF9002812D01A4B19781A4B1A7886
:103CD000022808D0022002F02FFD184B1B78002B81
:103CE0001CD162B670BD013002F026FDF9E762B664
:103CF00003300DF015FAF5E702300DF011FA60010E
:103D0000001B800000193221C000FCF729FA0100D5
:103D100003200DF0EAF90DF095FAD0E70DF0DCF98B
:103D200029000DF0D3F91421FCF71AFA01F0E6FF8F
:103D3000D7E7C0467A1C0020791C00200C00002028
:103D4000024B1870024B19707047C0467A1C002055
:103D5000791C0020F0B5C64600B58AB004F0B6F96B
:103D6000604C0120210000F0F5FD5F4B0121E618B9
:103D70005E4B0027F050012003F056FB04A803F02F
:103D8000F3FA802304936B4604A81F7503F008FA26
:103D900080235B0104936B4604A81F7503F000FAAF
:103DA0004023062504936B4640201D7503F0EEFA70
:103DB00004A803F0F5F980206B46C0011D7504903E
:103DC00003F0E4FA04A803F0EBF9202398460493E7
:103DD0006B4620201D7503F0D9FA04A803F0E0F922
:103DE0000F2304936B460F201D7503F0CFFA04A830
:103DF00003F0D6F9102304936B4610201D7503F0D1
:103E0000C5FA04A803F0CCF980231B0104936B4688
:103E1000053D04A81D7503F0C3F980235B000493DE
:103E20006B4604A81D7503F0BBF9314B03A81A8833
:103E3000013502809B78837003F0E8FE8022002326
:103E400006A806920793089503F0ACFA8022002397
:103E5000520106A806920793089503F0A3FA84205E
:103E6000400103F0D5FA84200121400103F0C4FA97
:103E700041460191210080231E4A2439A218009155
:103E800030001D49DB00FFF7FDF92500E12100238B
:103E900008225035300000974902FFF731FA280018
:103EA0001649FFF703FC64212800FFF71FFC81215E
:103EB00060342000C905FFF783FC02212000FFF7D2
:103EC0008BFC0121802003F0AFFA0D4803F08CFE3B
:103ED00003F090FE08210820FFF732FF0AB080BCF3
:103EE000B846F0BD182A002000FBFFFFFC040000CC
:103EF000981C0610DCFBFFFF000030400000D040A3
:103F0000FD7F0700014B024A985470471825002096
:103F1000690500000FB4F0B5144B154D0024EB5C9F
:103F200083B0002B05D1200003B0F0BC08BC04B066
:103F3000184701210F4E09AFA8594942019700F0D7
:103F40005BFF80210C4C3B00089A2000490006F0E2
:103F50004BFD210002002800FFF726FA0023040091
:103F600000220021A85900F097FBDCE7690500005A
:103F700018250020FC0400007C1C002010B5074818
:103F8000FFF7C8FF012001F0EFFDBFF34F8F044B97
:103F9000044ADA60BFF34F8FFEE7C046E0380610F0
:103FA00000ED00E00400FA050FB4F0B5C6460121AB
:103FB00000B582B0124C08AE124F08CEE05949420B
:103FC0009846019600F018FF80210F4D33004246BD
:103FD0002800490006F008FD290002002000FFF734
:103FE000E3F90500002300220021E05900F054FB12
:103FF000280002B080BCB846F0BC08BC04B018472A
:1040000018250020FC0400007C1C002070B582B044
:104010006B46DD1D00230D4C010020002B70FFF7C7
:1040200099FA01210A4E4942A05900F0E5FE290003
:1040300001222000FFF742FA002300220021A059AC
:1040400000F02AFB287802B070BDC0461825002079
:10405000FC040000F0B5C646AB2600B5504CF60097
:1040600082B0A75D0500A0550F2003F08FF94D4BDE
:104070004D49E358181C984604F0F4FD06F0A0FAE8
:104080004A4A4B4B05F072FD06F0DCFA07F072FE6F
:1040900006F096FA474A484B05F068FD0022474B68
:1040A00005F064FD464B474A05F086FF06F0CAFA64
:1040B000A35D011C082B03D03B4804F0D3FD011C79
:1040C000AA23DB00E018FFF74BFB4246354BE250DA
:1040D000043BE35CBB4204D0AA23DB00E018FFF7FB
:1040E0006BFB082D58D8384BAD005B599F4601201B
:1040F00003F048F9042003F045F9022003F042F9E7
:10410000002F0FD1684603F02FF910236A46009361
:104110000B3B6846137103F043F8202003F02AF9A3
:1041200000280CD002B080BCB846F0BD012003F0DE
:1041300029F9042003F026F9002FE3D0F2E701214A
:10414000202003F027F9052001F00EFDEAE7082002
:1041500003F018F9002FD5D0E4E70021202003F068
:1041600019F9684603F000F910236A4600930A3BE8
:104170006846137103F014F8D4E7012003F002F944
:10418000002FBFD0CEE7012003F0FCF8022003F09F
:10419000F9F8002FB6D0C5E7002FC3D1B2E7C0466B
:1041A000182500205C0500000000C8429A999999E2
:1041B0009999A93FD2847F2DC91BF03F0000594037
:1041C0002BB5E53FE1C39F8BB83E061070B518498B
:1041D000041C04F047FD06F0F3F9164A164B05F0EF
:1041E000C5FC06F02FFA07F0C5FD06F0E9F9134A01
:1041F000134B05F0BBFC0022124B05F0B7FC124B31
:10420000124A05F0D9FE06F01DFAAB23104DDB0073
:10421000EB5C011C082B03D0054804F023FD011CB6
:10422000AA23DB00E818FFF79BFA0A4BEC5070BD9D
:104230000000C8429A9999999999A93FD2847F2DF3
:10424000C91BF03F000059402BB5E53FE1C39F8BF0
:10425000182500205C05000070B5202003F08AF8C6
:10426000002826D01B4C02212000FFF7B5FA2000C1
:10427000FFF7CAFA184B051C9C46AB236444DB00CD
:10428000E35C002B10D0202003F074F8002818D035
:10429000281C124904F0EEFB114904F067FA011CD6
:1042A0000E4804F0DFFC70BD0021202003F072F8FE
:1042B000EEE70121203003F06DF8052001F054FCF9
:1042C000D0E70121203003F065F8052001F04CFC17
:1042D000DEE7C046782A0020A0FAFFFF0000C842AF
:1042E0003333534010B582B06A46084B03CB03C248
:1042F000402003F04BF8684602F052FFAD22012146
:10430000034BD200995402B010BDC0469C1C06104D
:1043100018250020402310B582B06A46002400937F
:10432000002368469380947102F03AFFAD22024B5D
:10433000D2009C5402B010BD18250020AD22024BC3
:10434000D200985C7047C0461825002010B582B096
:104350006A460E4B6C4603CB03C2684602F020FF50
:10436000402003F00FF8072001F0FEFB402003F08F
:104370000DF8AD22064BD2009B5C002B01D002B0A1
:1043800010BD6846237102F00BFFF8E79C1C061075
:1043900018250020802010B5400102F0EBFF013805
:1043A00043425841C0B210BD8022012300B585B000
:1043B0005201029068460092019302F0F3FF05B0AB
:1043C00000BDC04600B5802085B003F025F8012867
:1043D00007D08020400103F01FF8012815D005B058
:1043E00000BD7F3003F014F869460020FCF75AFC4A
:1043F000009B002BEDD080228020144B52051A60C8
:10440000400103F009F80128E9D18020400102F0C1
:10441000B1FF802201235201013800920193431E13
:1044200098410290684602F0BDFF8020400102F0F2
:10443000EFFF69460120FCF735FC009B002BCED036
:104440008022024B52051A60C9E7C04604ED00E025
:1044500010B50E4803F0C8FB01F044FC952801D8C4
:10446000012010BD0A4C00212000FEF7FBFF0028B0
:10447000F6D08020400102F07DFF0128F0D0AB2370
:10448000DB00E35C002BEBD10320EAE7FD7F0700B4
:1044900018250020002382608A1801604260C160F4
:1044A000016143617047C046F0B5C64685684369FF
:1044B00004000E0000B5ED1A954200D91500E06821
:1044C00067683F1ABD420DD22A00310006F049FB51
:1044D000E2685219636928005B19E260636180BC7D
:1044E000B846F0BD3A00310006F03BFBEB1B9846A6
:1044F0001A002068F11906F034FB22684244E9E70B
:10450000F0B5C646456904000E0000B5954200D9D5
:104510001500216967687F1ABD420DD22A0030005C
:1045200006F01FFB22695219636928005B1B226198
:10453000636180BCB846F0BD3A00300006F011FB64
:10454000EB1B98461A002168F01906F00AFB226856
:104550004244E9E770B51600026C0400856B002A3E
:1045600006D1066801350020002E25D0A56370BD58
:10457000002E0ED1406806F0F4FA6368226C013513
:104580009B18A2686360934201D323686360002094
:10459000ECE7C06806F0E5FA226CE36851429B1A2A
:1045A0002268E360934202D2A3685B18E360022EA4
:1045B00007D000200135D9E7A06801F081FDA66091
:1045C000D4E7002DF5D00020D0E7C04670B582B00A
:1045D0001C006B461D7E002C0ED000280AD0002A3D
:1045E0000CD0002906D050230193019B502B3CD0C6
:1045F00072B6FEE772B6FEE772B6FEE70029F9D1A1
:1046000050230193019B502BF2D12200019B4623A2
:104610000126E6542260E0632164020C0B0C002AA0
:1046200035D1002B23D101F021FF216CE36B2268EF
:104630004B43D018A06000205B1A6260D218E26081
:10464000FF234422A0632000A3540132A35410305E
:1046500002F038F82000243002F034F801F012FFA4
:104660004C232000E55402B070BD019BCFE7844687
:104670001A1C89B20B00614680B2434389B292B2E0
:104680004A431B0CD3181B0CCDD072B6FEE7002B8F
:10469000FBD18C46EDE7C046F0B5CE46474680B527
:1046A00085B0041E88469946019200D102E1002996
:1046B00000D19DE04B46022B00D19FE001F0D6FED9
:1046C000A26BE36B9A427FD34A460023022A7BD037
:1046D00026002436019A002A00D1F5E0002B00D1F3
:1046E000E4E001F0CFFE01F0E7FA01F0BFFE442262
:1046F000A35C5BB2013301D10023A3544522A35C28
:104700005BB2013301D10023A35401F0BBFE01A928
:1047100002A801F027FC002800D0D9E001F0A6FE95
:10472000A26BE36B9A4200D16EE001F0ABFE01F0A8
:104730009DFE4523E55C6DB2002D05DC13E0013DD7
:10474000EBB26DB2002B0ED0636A002B0BD03000A1
:1047500001F074FB0028F2D0013D01F039FCEBB20E
:104760006DB2002BF0D14523FF22E25401F08AFE06
:1047700001F07CFE4423E55C6DB2002D16DD2700C0
:10478000103704E0013DEBB26DB2002B0ED023696F
:10479000002B0BD0380001F051FB0028F2D0013D76
:1047A00001F016FCEBB26DB2002BF0D14423FF22D6
:1047B000E25401F067FE01F087FA01F057FEA16BA9
:1047C000E26B0123914285D24A4641462000FFF721
:1047D000C1FE636A002B00D071E0002800D06BE0BE
:1047E00001F050FE012005B0C0BCB946B046F0BD96
:1047F000036C002B00D15DE772B6FEE7E36B012B83
:1048000000D15BE772B6FEE72700103701F03AFEF1
:104810003800019901F0C2FA01F028FE4523E55C59
:104820006DB2002D05DC13E0013DEAB26DB2002A45
:104830000ED0636A002B0BD0300001F0FFFA002885
:10484000F2D0013D01F0C4FBEAB26DB2002AF0D112
:104850004523FF22E25401F015FE01F007FE442338
:10486000E55C6DB2002D05DC13E0013DEAB26DB2EE
:10487000002A0ED02369002B0BD0380001F0DEFA9D
:104880000028F2D0013D01F0A3FBEAB26DB2002A8C
:10489000F0D14423FF22E25401F0F4FD01F014FAB8
:1048A000002800D089E701F0D5FD86E702A801F0D5
:1048B0004DFB16E772B6FEE701F0CCFD90E7200055
:1048C000243001F0BBFA88E701F0DCFD00208AE724
:1048D00001F0CCFD4523E55C6DB2002D12DD260014
:1048E000243604E0013DEAB26DB2002A0AD0636AC0
:1048F000002B07D0300001F0A1FA0028F2D001F01F
:1049000067FBEFE74523FF22E25401F0BBFD01F016
:10491000ADFD4423E55C6DB2002D12DD260010369E
:1049200004E0013DEAB26DB2002A0AD02369002BEF
:1049300007D0300001F082FA0028F2D001F048FBE5
:10494000EFE74423FF22E25401F09CFD01F0BCF9A3
:10495000002048E770B505000C0082B0002938D06F
:1049600050230193019B502B01D072B6FEE7002625
:104970004622019B01238B542160CB630E6401F01E
:1049800075FD216CE36B22684B43D0185B1A6260A3
:10499000D218E260FF234422A0602000A663A35443
:1049A0000132A354103001F08DFE2000243001F0BC
:1049B00089FE01F067FD4C230022E554002100230D
:1049C0002000A6602660E660FFF766FE200002B0C9
:1049D00070BD72B6FEE7C046F0B54F464646D646B5
:1049E0000400C0B51D000F001600002837D00029B4
:1049F00018D0022D04D1E36B012B18D072B6FEE75C
:104A000001F01EFE0021A26BE36B804689469A42AC
:104A100011D3404601F018FE4846E0BCBA46B14604
:104A2000A846F0BD036C002BE3D072B6FEE701F0A0
:104A300007FE8046A36B45239A46E35C2A005BB2DF
:104A4000994639002000A36BFFF784FD4B460133E4
:104A500007D1636A002B12D101239946D9E772B6B8
:104A6000FEE701F045F98145F6D24B467F2B04D095
:104A7000524601335BB2A354EEE772B6FEE7200064
:104A8000243001F0DBF90028E6D0002EE4D0012329
:104A90003360E1E7F0B5C64604000D0000B500281C
:104AA0001BD0036C002B01D072B6FEE70368002B0D
:104AB00015D001F0C5FDA36BE26B06009A4213D935
:104AC0004522A75C01337FB29046A3637B1C13D1C0
:104AD000636A002B1CD1012407E072B6FEE78368ED
:104AE000002BE6D072B6FEE70024300001F0ACFDEA
:104AF000200080BCB846F0BD01F0FAF88742EAD247
:104B00007F2F11D0434601377FB2E7540124ECE7F1
:104B10002000243001F092F90028DCD0002DDAD0FA
:104B2000012301242B60E0E772B6FEE7F0B54746AB
:104B3000CE4680B585B0041E8846019200D138E18A
:104B4000002900D12FE101F091FCA56B002D00D0D0
:104B500031E1019B002B00D1D0E0260002A801F03A
:104B6000F5F94427243601F08DFC01F0A5F801F099
:104B70007DFCE35D5BB2013301D10023E3554522A7
:104B8000A35C5BB2013301D10023A35401F07AFC92
:104B900001A902A801F0E6F900285AD101F066FC4B
:104BA000A36B002B00D0B1E001F06CFC24239946EC
:104BB000A1444846019901F0F1F801F057FC452362
:104BC000E55C6DB2002D05DC13E0013DEAB26DB28B
:104BD000002A0ED0636A002B0BD0484601F02EF954
:104BE0000028F2D0013D01F0F3F9EAB26DB2002ADB
:104BF000F0D14523FF22E25401F044FC01F036FCE1
:104C00004423E55C343B99466DB2A144002D05DC9C
:104C100013E0013DEAB26DB2002A0ED02369002BE9
:104C20000BD0484601F00AF90028F2D0013D01F00E
:104C3000CFF9EAB26DB2002AF0D14423FF22E25448
:104C400001F020FC01F040F800284ED101F002FCF8
:104C50004BE001F00BFC4523E55C6DB2002D05DC5B
:104C600013E0013DEAB26DB2002A0ED0636A002B58
:104C70000BD0300001F0E2F80028F2D0013D01F045
:104C8000A7F9EAB26DB2002AF0D14523FF22E2541F
:104C900001F0F8FB01F0EAFB10239946E55DA14421
:104CA0006DB2002D05DC13E0013DEAB26DB2002AC1
:104CB0000ED02369002B0BD0484601F0BFF8002826
:104CC000F2D0013D01F084F9EAB26DB2002AF0D1D0
:104CD000FF23E35501F0D6FB00F0F6FF01F0C6FB21
:104CE000A36B002B0AD001F0CDFB01F0BFFBA56B3D
:104CF000002D60D1019B002B00D034E701F0C2FBF6
:104D0000002005B0C0BCB946B046F0BD01F0BAFB0A
:104D100001F0ACFB4523E55C213B99466DB2A14413
:104D2000002D05DC13E0013DEAB26DB2002A0ED081
:104D3000636A002B0BD0484601F080F80028F2D0BF
:104D4000013D01F045F9EAB26DB2002AF0D14523E8
:104D5000FF22E25401F096FB01F088FB4423E55C5E
:104D6000343B99466DB2A144002D05DC13E0013DB2
:104D7000EAB26DB2002A0ED02369002B0BD0484650
:104D800001F05CF80028F2D0013D01F021F9EAB20F
:104D90006DB2002AF0D14423FF22E25401F072FBED
:104DA00000F092FFA1E7036C002B00D1CBE672B6B6
:104DB000FEE772B6FEE7226C002A0AD0E168A3681B
:104DC0008918E160994201D32168E160404605F00D
:104DD000C8FE2369013DA563002B03D101F052FBFE
:104DE00001208EE72000103001F028F80028F5D0CF
:104DF00001F030FBF2E7C046F0B5CE46474680B53D
:104E000085B0041E019100D1EFE0036C002B00D0AF
:104E100094E001F02BFBA36B002B00D053E1019B2E
:104E2000002B00D13EE102A801F090F800232600FB
:104E300098464427243601F025FB00F03DFF01F0A1
:104E400015FBE35D5BB2013301D10023E35545223D
:104E5000A35C5BB2013301D10023A35401F012FB28
:104E600001A902A801F07EF8002869D101F0FEFA3C
:104E7000A36B002B00D0BDE001F004FB2368002BE6
:104E800000D117E124239946A1444846019900F036
:104E900085FF01F0EBFA4523E55C6DB2002D05DCE2
:104EA00013E0013DEAB26DB2002A0ED0636A002B16
:104EB0000BD0484600F0C2FF0028F2D0013D01F0BF
:104EC00087F8EAB26DB2002AF0D14523FF22E254FE
:104ED00001F0D8FA01F0CAFA4423E55C6DB2002D66
:104EE00017DD343B9946A14404E0013DEAB26DB2BE
:104EF000002A0ED02369002B0BD0484600F09EFFFD
:104F00000028F2D0013D01F063F8EAB26DB2002A48
:104F1000F0D14423FF22E25401F0B4FA00F0D4FEB1
:104F2000002800D1B3E001F0A1FAA36B002B00D060
:104F3000C9E0019B002B00D07DE7B3E072B6FEE72D
:104F400001F094FA4523E55C6DB2002D05DC13E019
:104F5000013DEAB26DB2002A0ED0636A002B0BD07D
:104F6000300000F06BFF0028F2D0013D01F030F876
:104F7000EAB26DB2002AF0D14523FF22E25401F0DB
:104F800081FA01F073FAE55D6DB2002D17DD102393
:104F90009946A14404E0013DEAB26DB2002A0ED068
:104FA0002369002B0BD0484600F048FF0028F2D0C0
:104FB000013D01F00DF8EAB26DB2002AF0D1FF23F5
:104FC000E35501F05FFA00F07FFE01F04FFAA36BAA
:104FD000002B0CD101F056FA4346002B5AD1002089
:104FE00005B0C0BCB946B046F0BD72B6FEE701F0F0
:104FF00049FA98E701F046FA01F038FA4523E55CF2
:105000006DB2002D17DD213B9946A14404E0013D1E
:10501000EAB26DB2002A0ED0636A002B0BD048466C
:1050200000F00CFF0028F2D0013D00F0D1FFEAB201
:105030006DB2002AF0D14523FF22E25401F022FA9A
:1050400001F014FA4423E55C6DB2002D17DD343B0A
:105050009946A14404E0013DEAB26DB2002A0ED0A7
:105060002369002B0BD0484600F0E8FE0028F2D060
:10507000013D00F0ADFFEAB26DB2002AF0D1442349
:10508000FF22E25401F0FEF900F01EFE4BE701F0B2
:10509000E1F948E701F0EAF9616A002905D1A06861
:1050A00001F04CF801F0EEF999E70421236B1B683D
:1050B000C91AF4E701F0DAF9A06800F0B7FF8046FA
:1050C00001F0E0F9DEE6013BA3632368002B0FD07B
:1050D0002369002B03D101F0D5F9012080E72000DE
:1050E000103000F0ABFE0028F5D001F0B3F9F2E784
:1050F00001F06AF8A060EBE7F0B5C64600B5040021
:1051000001F0B4F9384A394E13680133136033683B
:10511000002B35D0364BE26A98461B68002B29D00D
:10512000344D35490B6801330B60A364334B196868
:10513000914200D21A6093009B189B00E9184A68BC
:105140009068A26084466746E060201D78609060A9
:10515000EA5861610132EA5001F094F943461B6854
:10516000002B04D03368DA6AE36A9A4211D380BC18
:10517000B846F0BD3368DB6A9342D1D83460CFE7DC
:1051800034601368012B07D0194BE26A9846194D19
:10519000C7E701F05FF9EAE7164D280001F092FA3F
:1051A0002800143001F08EFA2800283001F08AFA25
:1051B00028003C3001F086FA114B9846180001F0A7
:1051C00081FA104F380001F07DFA0F4801F07AFAA9
:1051D0000E4801F077FA42460D4B1A600D4BE26A19
:1051E0001F60034B98469CE710220020BC22002041
:1051F000042200206C220020F4210020082200203C
:1052000058220020442200202822002014220020BE
:10521000402200203C22002000222C4B70B51A6056
:105220000BF05AFF2A4B2B4A1B68C01A2A4B1860F6
:1052300019681068814239D8284C1B68284D1360C2
:105240002A682849930098188000085800281ED121
:10525000002A33D0501E83001E18B6008E59002E2F
:1052600031D100282AD0901E83001E18B6008E5916
:10527000002E28D1002821D0D01E83001E18B60091
:105280008E59002E1FD1043A9300002816D09B1887
:105290009B00CE18706808334068C9187060884257
:1052A0000ED0C36823602A60236870BD0B4C1E6853
:1052B0002568A96D091A8919A965BEE772B6FEE7C6
:1052C000F0687060EDE70200E1E7C046FC210020D5
:1052D000E0210020E8210020E4210020BC22002061
:1052E000082200206C220020F8B55746DE464E46C4
:1052F0004546E0B50F68002F3FD008239946CE6899
:105300008944B1454DD0284B0400984602239B4662
:10531000264B00279A46F568002D35D02B00296BC7
:1053200034336360EB6AE16123612B68256023629B
:105330006B6C6362AB6CA3602B6D6361AB6DA3613F
:1053400043461B689D4222D05B46237301F08EF8D2
:10535000AB6A534522D001F095F8296B0B78A52B49
:105360001AD100230133CA5CA52AFBD09B087668BA
:10537000A36201372C34B145CDD13800F0BCBB4617
:10538000B246A946A046F8BD43461D68C6E70023BD
:1053900023730B78A52BE4D00023E8E701232373C4
:1053A000D9E70027E9E7C046BC22002028220020D8
:1053B000F0B5DE4657464E4645465B4BE0B51A68AB
:1053C00083B0013294461A60002A5FD057490B68B7
:1053D0009C4562D3564B99461B681B68002B00D135
:1053E0009CE000239846534B534E9B46534B0191F0
:1053F0009A4639E0002159611168013911609A6AB1
:10540000002A0ED0D969186A556888604160190071
:1054100018318D4200D171E0002199621168013983
:1054200011605246D96A1268914201D95246116000
:105430008A0052189200B518686887689860DF6023
:105440007C6084605D61B3580133B3505B461B6878
:105450004246DB6A8B429B415B421A434B461B68C8
:1054600090461B68002B54D04B461B68DB68DB68FA
:105470005A6894454AD35A699868D9681C1D816056
:1054800048605068A042B5D15160B3E7284B1A6814
:105490001268002A20D072B6FEE700239846254BFA
:1054A000254E9B465B4601201B68254AD96A126837
:1054B0008B005B189B00F3589842804113005A1EE2
:1054C0009341404218434346184303B0F0BCBB46E7
:1054D000B246A946A046F0BD1A4A1968106818607D
:1054E000116019490A6801320A601A681268002AB4
:1054F00006D101230D495B420B6068E750608BE7E2
:105500001B680A49DB681B680B6060E701990A6049
:10551000C8E7019901235B420B60C3E79846054B3E
:10552000054E9B46F6E7C0460C220020F0210020E5
:1055300040220020BC2200206C22002008220020F3
:10554000FC2100203C220020F8210020F0B5DE469E
:1055500057464E464546544CE0B5236883B0013B60
:1055600023602368002B00D081E0504B1B68002B88
:105570007DD04F4B9C461B68002B00D190E04D4BDB
:105580004D4D98464D4B019499464D4B9A460023FC
:105590009B466346DB68DB68D869196A9A6A816052
:1055A0004860180056681830864200D172E05946AB
:1055B00099621168013911605A699868D96856680A
:1055C00081604860181D864262D0116801391160FF
:1055D0004146DA6A09688A4201D941460A60910067
:1055E00089188C002E1971688F689960DF60786067
:1055F00088605E612B5901332B514B461B68DB6A77
:105600009A423FD9534601221A6063461B68002B19
:10561000BFD12C4B019C1A681268002A3CD01B6831
:10562000DB681A68284B1A60284E3568002D14D0A4
:10563000012708E0FFF7BCFE002801D053461F6099
:10564000013D002D08D02368002BF3D03368013DC5
:1056500001333360002DF6D1356053461B68002BB3
:1056600005D0164B01241B6800F0F4FE00E0002476
:1056700000F008FF200003B0F0BCBB46B246A946CC
:10568000A046F0BD63461B68002B00D081E7C0E751
:1056900051609AE751608AE70B4B013A1A60C3E701
:1056A000074B9A46C0E7C046EC210020102200209C
:1056B00028220020082200206C220020BC2200208A
:1056C000FC21002040220020F021002000220020A8
:1056D000404BF0B5D6469A463F4B4F464646994614
:1056E0003E4BC0B598463E4F3E4C3F4D3E68012E66
:1056F00018D82368002B4BD12B68DB6A002B1AD0FB
:105700003A682368002B41D12B68DB6A002BF8D163
:10571000012A1DD92368002B38D12B68DB6A002BA6
:10572000EFD1F7E700F096FE2368002B32D12B680B
:10573000DB6A002BDAD13B68012B41D9012EDFD97E
:10574000D4E72368002B21D12B68DB6A002BD8D14A
:10575000534649461B6809685B1A012BF1D9434639
:1057600042461B680133136053461A684B461B6858
:105770009A422DD32368002B11D02B6800F076FEBF
:1057800043461B68002B07D172B6FEE72B68B8E7CB
:105790002B68B5E72B68A9E7FFF7D8FEA6E72B68CB
:1057A000DB6A002BEAD13B68012BE7D85346186827
:1057B0004B461B68C01A0128E0D9FEF777FADDE7EF
:1057C00053464A461B6812689B1A012BC7D8B5E797
:1057D00072B6FEE7F02100200C220020EC21002010
:1057E0006C22002008220020BC220020F8B5CE4602
:1057F000474604000D0080B5414B002830D0210001
:10580000343120686960E16A2C602961216B28626B
:10581000606CE9616862A06CA860206D6861A06D31
:10582000A861052A31D01B689C421BD02A73032A29
:105830001BD000F01BFE334BA26A9A424DD000F001
:1058400021FE216B0B78A52B4DD100230133CA5CBF
:10585000A52AFBD09B08AB62C0BCB946B046F8BDD8
:105860001C68CCE700232B73ECE7274E3368013329
:105870003360A36A002B3BD002232B7300F0F6FDAC
:105880003368002B2CD172B6FEE71A6800239442CD
:1058900021D000F0EBFD1D4B66691B68A76A984696
:1058A0001B4B1B68994600F0EDFD164B216B9F4288
:1058B00023D0464519D04E4517D0164A01239642AB
:1058C00009D1A26A0133002A05D15E33E35C013BB2
:1058D0005A1E934102332B73B4E701232B73AEE7B7
:1058E000FFF734FEA5E70023B5E702232B73A9E7F2
:1058F0006023E35C012BBFD0C0E701232B73A1E73A
:10590000BC22002028220020EC2100204022002080
:105910003C22002014220020F0B54746CE4680B538
:1059200083B098460B9B07000D0014000C9E002BC3
:105930000AD0002E06D064230193019B642B05D06E
:1059400072B6FEE772B6FEE772B6FEE76422002189
:105950003000019B05F074F80B9B02223363612336
:10596000A400F254A52122000B9805F069F8336BCE
:10597000043C1C1907239C437464002D4BD0342233
:105980002B78B354002B43D06B780132B354002BE7
:105990003ED0AB780132B354002B39D0EB780132D2
:1059A000B354002B34D02B790132B354002B2FD0B9
:1059B0006B790132B354002B2AD0AB790132B35446
:1059C000002B25D0EB790132B354002B20D02B7A59
:1059D0000132B354002B1BD06B7A0132B354002B2D
:1059E00016D0AB7A0132B354002B11D0EB7A0132CE
:1059F000B354002B0CD02B7B0132B354002B07D0B7
:105A00006B7B0132B354002B02D04223AA7BF254A9
:105A100043230022F2540A9B032B01D972B6FEE7FE
:105A2000351DF3623365280000F058FE3000183051
:105A300000F054FE04230A9A39009B1AB3614246CF
:105A400020003661766200F04BFD306000F00EFD04
:105A5000394B3A4F1A6801321A603A68002A34D03A
:105A6000374BF26A98461B68002B04D13B68DB6A0F
:105A70009A4200D33E60334C33490B6801330B60CC
:105A8000B364324B1968914200D21A6093009B189C
:105A90009B00E1184A689068B260F06045609560CC
:105AA000E25871610132E25000F0ECFC43461B68A1
:105AB000002B04D03B68DA6AF36A9A420ED33000B6
:105AC00003B0C0BCB946B046F0BD3E601B68012BB8
:105AD00007D01B4BF26A98461A4CCDE700F0BAFC8F
:105AE000EDE7184C200000F0EDFD2000143000F030
:105AF000E9FD2000283000F0E5FD20003C3000F0FA
:105B0000E1FD134B9946180000F0DCFD114A10002E
:105B1000904600F0D7FD104800F0D4FD0F4800F08B
:105B2000D1FD4A460E4B1A6042460E4B1A60044B9A
:105B3000F26A9846A0E7C04610220020BC2200204E
:105B4000042200206C220020F421002008220020E2
:105B50005822002044220020282200201422002065
:105B6000402200203C220020F0B5C64600B50400CB
:105B700082B000280CD01D4D2B6801332B602B68A0
:105B8000012B0BD072B6FEE7FFF7E0FC002801D135
:105B900000F060FC02B080BCB846F0BD144B154E5E
:105BA0001F68154BE4191B689846144B1B68306836
:105BB0000193043000F0AEFD336831685C6004315D
:105BC000A74209D9019800F08DFD00F04FFC2B6829
:105BD000002BD9D172B6FEE7404600F083FD084B9A
:105BE0001A689442F1D21C60EFE7C046EC21002015
:105BF0000C220020BC220020402200203C22002059
:105C0000F0210020642330B583B00193019B642B05
:105C100001D072B6FEE7204C642200212000019BD7
:105C200004F00EFF61230222E25480221B4DA521C5
:105C3000D2002800256304F003FFFF239B009C464D
:105C4000072365449D43164B201D6363656400F084
:105C500045FD2000183000F041FD042300221149C9
:105C60002800A3612461646200F03AFC20602000F7
:105C7000FFF742FA72B601220B4B52421A600B4BED
:105C800002321A6000220A4B1A6000F079FC094BBC
:105C90001B6803B030BDC0467C2100207C1D002065
:105CA00049444C45D1560410F02100200422002024
:105CB0000C220020DC3E0610024A136801331360F8
:105CC0007047C046EC21002010B500F0CFFB044B1C
:105CD0001B68002B01D172B6FEE7FFF737FC10BD41
:105CE000EC210020014B18687047C0460C220020B0
:105CF000014B18687047C0461022002070B5124D45
:105D0000124A2B6811681B180400994201D272B61E
:105D1000FEE712689A4203D02B681B192B6070BDF6
:105D20000B4B1B68002B01D172B6FEE7002801D196
:105D300072B6FEE700F09AFB064A013C1368013395
:105D4000136000F09FFBE7E70C220020F021002009
:105D5000EC21002000220020064B10B51B68002B10
:105D600002D1FFF725FB10BD034A00201368013361
:105D70001360F8E7EC21002000220020054B10B54D
:105D80001B68002B03D00122034B1A6010BDFFF7E4
:105D900043FAFBE7EC210020FC210020F0B5C646C9
:105DA0000C0000B5002821D01E4D2968183100F0E4
:105DB00099FC1D4B1E681D4B1F681D4B1B682868F6
:105DC0009846043000F0A6FC631C11D02B682968AB
:105DD000A4195C600431A6421FD8380000F082FC90
:105DE000144B1A68944215D21C6013E072B6FEE799
:105DF000114B29685A688A6090682968C8602968C8
:105E0000043141602968043191602A6853611A683D
:105E100001321A6080BCB846F0BD404600F062FC1A
:105E2000F8E7C046BC2200200C22002040220020BF
:105E30003C220020F021002014220020C368F0B58D
:105E4000DB68002B54D0D869196A9A6A816048606F
:105E5000180054681830844248D0002199621168B3
:105E600001391160274AD96A1268002A15D0264ADA
:105E70005468A568DC611D626860A0609A6213685E
:105E800001331360214B00201B68DB6A8B4203D275
:105E900001221F4B01301A60F0BD5A699C68D86816
:105EA0001D1DA06044605468AC4229D010680138C0
:105EB0001060184A1068884200D211608A001648A3
:105EC0005218920086187468A7689C60DF607D6035
:105ED000A5605E61835801338350104B1A681268C5
:105EE000002A07D10E4B013A1A60CBE75160B4E7A4
:105EF00072B6FEE71B68DB681A68094B1A60C1E7D7
:105F00005060D3E7EC21002028220020BC22002092
:105F1000FC210020082200206C22002040220020CA
:105F2000F021002010B5041E0AD000F09FFA054BA6
:105F30001B682360044B1B68636000F0A3FA10BD6C
:105F400072B6FEE7F82100200C220020034B1B68EC
:105F50000360034B1B6843607047C046F821002074
:105F60000C220020F0B5C64604000D0000B5002844
:105F70001CD0002918D000F079FA134A2B68116858
:105F8000581C1FD0114E60683768B84627684745CF
:105F90000ED088420CD8002301242B6000F072FA46
:105FA000200080BCB846F0BD72B6FEE772B6FEE7D0
:105FB0000F1ABB42EFD95B1A1B182B6033682360A2
:105FC000136863600024E9E70C220020F821002018
:105FD0000122014B1A607047FC2100200B4B00206E
:105FE0001B68002B03D10A4B1B68002B00D07047A5
:105FF000084B1B68002BFAD1074B084A1B68106836
:10600000013BC01A434258410130F0E728220020EA
:10601000FC21002000220020102200201422002059
:10602000014B18687047C046BC220020F8B5041E1A
:1060300021D0204DC26A2B68DB6A9A4214D2836950
:10604000002B04DB2B68D96A04235B1A836193005D
:106050009B18194E9B006269F3189A420DD02B6869
:106060000120DB6AE36205E02B68006DDB6A984281
:1060700080414042F8BD0020FCE7271D380000F0B9
:1060800049FB2B68DA6A0D4BE26219688A4200D933
:106090001A6093009B189B00F1184A689068A260F0
:1060A000E06047609760F258616101320120F25070
:1060B000E0E7C046BC2200206C220020082200201D
:1060C00070B5041E10D01A4B1B68834201D072B603
:1060D000FEE75B6D002B09D0C16A026D013B436591
:1060E000914201D0002B03D0002070BD72B6FEE7B4
:1060F000051D280000F00EFB0423226D9B1AA361EE
:106100000C4BE26219688A4200D91A6093000A496E
:106110009B189B00C81842689668A260E66075608C
:106120009560CA58606101320120CA50DDE7C0465F
:10613000BC220020082200206C22002070B5041E22
:106140000DD0436D002B01D172B6FEE7026D8A427D
:1061500000D20A00E16A914201D0012B00D070BD4B
:10616000164B1B68A34227D0A369E262002B02DB17
:1061700004239B1AA3618B00114D5B189B0062697D
:10618000EB189A42EBD1261D300000F0C3FA0D4BFC
:10619000E26A19688A4200D91A6093009B189B0032
:1061A000E9184A689068A260E06046609660EA5824
:1061B00061610132EA50D2E772B6FEE7BC220020EC
:1061C0006C22002008220020034B1868002802D00F
:1061D000436D013343657047BC220020F0B54E4645
:1061E0004546DE465746E0B5734D87B02B6891466D
:1061F000013301902B60714B1B688B4218D9002230
:106200006F4B00241A600AF067FF6E4B186000F0B5
:106210002DF92B68002B01D172B6FEE7FFF796F936
:10622000200007B0F0BCBB46B246A946A046F0BD70
:1062300044239A4600230293634B644A9846644B76
:1062400016009B464B46924404930595F36B002B36
:1062500045D0B76C574542D02C24029B00255C43A7
:10626000019B03969C46012399466444FE68002ED8
:1062700000D198E03300316B34336360F36AE1613D
:106280002361336826602362736C6362B36CA3601E
:10629000336D6361B36DA36143461B689E427BD03F
:1062A0004B46237300F0E2F8B36A5B457ED000F002
:1062B000E9F8316B0B78A52B73D100230133CA5C4D
:1062C000A52AFBD09B087F68A36201352C34574573
:1062D000CCD1029B039E9C46AC446346029314239C
:1062E0005B429C463B4B143EE2449E42AED1029C34
:1062F0002C262000019F049BBC4670439946364BD8
:1063000060441968059DFEF7EFFF04193000BC4694
:106310006043324B604419680197FEF7E5FF304B4C
:1063200004191A68002A19D01A00DF680832974247
:1063300014D00199230088466643B04444460026A1
:10634000924698462100F8680322FFF74FFA7F68CB
:1063500001362C345745F5D14446A4194B46002B41
:1063600027D00AF0B9FE174F3B68C01A4B46186099
:106370000022134B1A600AF0AFFE3860002C00D1E7
:1063800045E72C2100206143019B59181A682C33E2
:1063900090659942FAD13AE7002323730B78A52B35
:1063A0008BD000238FE743461E6863E74B46237379
:1063B0007DE7044FDCE7C046EC21002010220020DE
:1063C000E8210020E0210020BC2200206C220020D7
:1063D000282200201C220020402200203C220020F5
:1063E00014220020002382B00193064B1B68013366
:1063F00001D072B6FEE772B6019B002BFCD002B052
:106400007047C046842A00200A4B0B4A00211A60BC
:106410001A220A4B1A600A4B44321A60094B5A3A44
:106420001A60094A1160094A0949116007221A6075
:106430007047C046C822002000C40900C4220020C2
:10644000C022002010E000E018E000E014E000E0CE
:10645000FFC309008022044B52051A60BFF34F8F1F
:10646000BFF36F8F7047C04604ED00E072B6044A78
:10647000136801331360BFF34F8FBFF36F8F704703
:10648000842A0020064B1A68002A01D172B6FEE762
:106490001A68013A1A601B68002B00D162B6704777
:1064A000842A002010B500F0CBF80400FFF754FC5C
:1064B000002803D08022034B52051A60200000F010
:1064C000C3F810BD04ED00E010B58369023B1B78F2
:1064D000642B01D072B6FEE700F092F810BDC04602
:1064E00010B58024031F64041C60043B1960174925
:1064F000043B19601649043B19601649043B1960B6
:106500001549043B19601549043B1960043B1A60A6
:10651000134A043B1A60134A043B1A60124A043BB4
:106520001A60124A043B1A60114A043B1A60114A6D
:10653000043B1A60104A043B1A60104A043B1A607C
:10654000032344385B42036010BDC046E56304107A
:1065500012121212030303030202020201010101DB
:106560001111111110101010090909090808080863
:1065700007070707060606060505050504040404C3
:10658000194B30B51A68194BD16A83B0994201D0C2
:1065900072B6FEE7164B926B9A4201D072B6FEE7D6
:1065A000FF22144B1204196800240A431A60FF22C8
:1065B000196812060A431A600F4B1C60FFF724FF8C
:1065C0000E4D2C6000F034F8FFF7D8FB01942B68D7
:1065D000013301D072B6FEE772B6019B002BFCD0EE
:1065E000002003B030BDC04608ED00E0A1660410F5
:1065F0005166041020ED00E01CED00E0842A00202C
:10660000074A1168086804C8022181F31488203001
:1066100080F30988BFF36F8F1047C046C046C0465D
:10662000BC2200200000000000000000000000006C
:1066300062B6BFF34F8FBFF36F8F64DFC046C046B3
:10664000EFF3108072B6704780F310887047C04631
:10665000EFF309800E4A1168243808607346F8C0C9
:1066600044464D4656465F46F0C072B6FFF786FB7D
:1066700062B6074A116808681430F0C8A046A946F7
:10668000B246BB4680F309882438F8C81847C0468C
:10669000BC220020000000000000000000000000FC
:1066A00004207146084203D0EFF30980044B1847D9
:1066B000EFF30880024B1847C046C046C046C046AC
:1066C000C96404100300083301224360C3600361FE
:1066D00000235242826003607047C046002303617A
:1066E0007047C046030030B50D6808336A1C0DD0F2
:1066F0001C005B681A68AA42FAD94B60996003686B
:106700008C60013361600861036030BD04696368B7
:10671000F3E7C0460369416882688A60516059683E
:10672000814205D000220261186801381860704764
:106730005A60F7E703207047F0B54546DE465746F6
:106740004E46E0B5EA4C0500A54402911400EFF373
:10675000108A72B6E74B1A000393002313701AF0E5
:10676000C1FA06002800FFF7E5FF07002800FDF743
:106770006FFE331CBE4200D93B1CDAB2AA4200D9DC
:106780002B1CDAB2824200D9031CD8B2DA4A81004B
:106790008B58019001338B50002800D151E2012821
:1067A00000D15AE2D54D6FA82C70029B8AAF2B7195
:1067B00001F028FD2B7ADBB20593D14B9B889BB26D
:1067C0000693D04B1A680792C02292009A585492AE
:1067D000C12292009A585592C22292009A5856921B
:1067E000C32292009A585792C42292009A587692E5
:1067F000C52292009A587792C62292009A587892AF
:10680000C72292009B587993BF4B1B680893BF4BDC
:106810001B6A09938023DB051A680A925A680B9257
:106820009A680C92DA680D921A690E925A690F9260
:106830009A691092DA691192DA6A12921A6B1392BB
:106840005A6B14921A8F5B6C92B21693B04B1592DE
:10685000DA6817921A7FD2B218929A8C92B2199271
:1068600028229A5CD2B21A922C229A5CD2B21B9243
:106870001A6B1C9234229A5CD2B21D921A8F92B279
:106880001E9248229A5CD2B21F9250229A5CD2B2D7
:10689000209254229A5CD2B2219258229A5CD2B2AF
:1068A00022925C229A5CD2B2239260229B5CDBB281
:1068B0002493984B1A6825925A6826921A7CD2B271
:1068C00027921A7DD2B2289224229A5CD2B22992BF
:1068D0001A8D92B22A92DA6A2B921B8E9BB22C935B
:1068E0008D4B1A685B925A685D929A8B5F921A8CF4
:1068F00061929A8C63921A8D6592DA6A67924C2241
:10690000995A6991196D6B919B6D6D93834B1968C1
:106910005C9159685E91998B6091198C6291998C08
:106920006491198D6691D96A68919A5A82A96A927E
:106930001A6D89466C929B6D7AA96E93B0231B06E3
:106940001B6888462D93764B49465A682E929A6862
:106950002F921A8A92B230929A8A92B231929A699E
:1069600032921A7FD2B233921A8E92B234925A6B0A
:1069700035929A6B3692DA6B37921A6C38925A6C5F
:106980009B6C39923A93674B9A8892B23B921A89E0
:1069900092B23C921A7CD2B23D921A7DD2B23E9211
:1069A0001A8B92B23F921B7FDBB240935E4B9A8868
:1069B00092B241921A8992B242921A7CD2B2439216
:1069C0001A7DD2B244921A8B92B245921B7FDBB2EF
:1069D0004693564B1A685B6847924893544B1A6823
:1069E00049921A7AD2B24A92C02212019B585A1E78
:1069F0009341504A5B4213404F4A94466344539339
:106A00004E4B5A6882921A687A929A688A92DB6828
:106A100092AA92934A4B93465A684A6041461A6832
:106A20004A609A6849467A605A46DB685360454B2B
:106A30005A688A6041461A688A609A684946BA600C
:106A40005A46DB689360404B5A68CA6041461A68F0
:106A5000CA609A684946FA605A46DB68D3603B4B85
:106A60005A680A6141461A680A619A6849463A6159
:106A70005A46DB681361364B5A684A6141461A68C8
:106A80004A619A6849467A615A46DB685361314BDC
:106A90005A688A6141461A688A619A684946BA61A9
:106AA0005A46DB6893612C4B5A68CA6141461A68A2
:106AB000CA619A68FA615A46DB68D3618123DB05B3
:106AC0005A684B921A7BD2B24C925A8B92B24D9228
:106AD0001A8B92B24E925A6A4F929A6A1B885092BF
:106AE0009BB25193C0231B069B685293019B35E0D8
:106AF00094FDFFFF0C000020CC220020000020406D
:106B00000000104000E100E020ED00E000009040B7
:106B100000003040000040400000A0400000B040B5
:106B20000000F0400000D0400000E04010E000E035
:106B300000007040AF1A33E551E5CC1A080000A000
:106B40001C0000A0300000A0440000A0580000A0DD
:106B50006C0000A0800000A0940000A0032B06D1D0
:106B60009022C023D20551689B050B4353603F4BD5
:106B70003F4D1B682C001E00643E049332002B0026
:106B8000643402CA02C3A342FBD13A4B049A58931D
:106B90001A60394B1A7919788023DB051B685B0A68
:106BA0004B409A434DD1552156205AAB5B185AA9F8
:106BB0001B78091809781B010B43112B00DD7AE2C1
:106BC0009023DB055B682D4A01201360599201F088
:106BD00059F8F9F775FA002001F054F8039B1B7877
:106BE000002B59D18021264A490053585B0617D4FF
:106BF000244B5458586A244B1B68984200D171E2C8
:106C00008023224A5B0311680909C81C984200D2FC
:106C100057E21F4B9C46614413681B098B42FBD112
:106C2000552256215AAB9B185AAA1B785218127833
:106C30001B011343112B00DD7FE2019B032B00D1CD
:106C400049E28AF3108800209B239B009D44F0BCFE
:106C5000BB46B246A946A046F0BD00210D4B1A7AAC
:106C60001972D2B230BF1A72EBE7C04600000410AE
:106C7000E0220020DC22002000002040180000203C
:106C800000E100E000ED00E0682300201000004873
:106C90000400F0FF000070400122EB4B1A83002239
:106CA0009A811A6108CD08C6A542FBD1589B049A67
:106CB00054991A60069AE54B40259A80079AE44B4E
:106CC0001A60C022920099505599043299505699F1
:106CD0000432995057990432995076990432995058
:106CE00077990432995078990432995079990432FD
:106CF0009950089AD74BD8491A60099B0A9A0B6297
:106D00008023DB051A600B9A5A600C9A9A600D9AE0
:106D10001798DA60109A1A9C9A610F9A5A610E9A23
:106D20001A61119A9A62DA61129ADA62139A1A63F4
:106D3000149A5A63159A1A87169A5A64C74AD060E9
:106D40001898107719989084282014541B9C0430AC
:106D500014541C98106334201D9C14541E981F9CBE
:106D6000108748201454209C08301454219C04306F
:106D70001454229C04301454239C04301454249C36
:106D8000043014542598B64A299C10602698506007
:106D90002798107428981075242014542A98108568
:106DA0002B98D0622C9810865B98AE4A10605D9844
:106DB00050605F9880B29083619880B2108463982D
:106DC00080B29084659880B210856798D0624C201C
:106DD000699CA4B214526B9C14656D9C94655C9C78
:106DE000A14A14605E9C54605AAC248B94835AACC4
:106DF000248C14845AAC248D94845AAC248E14852B
:106E0000689CD4625AAC6419248814526C9810653A
:106E10006E989065B0222D98120610604898934A9B
:106E200050600020906047981060914A2E98506002
:106E30002F989060309810823198908232989061AB
:106E40003398107735985063369890633798D063AD
:106E500038981064399850643A9890643498108641
:106E60003B98844A90803C9810813D9810743E98DD
:106E70003F9C1075402084431483409C1477419CB0
:106E80007D4A9480429C1481439C1474449C1475E4
:106E9000459C84434698148310774998774A539CBD
:106EA00010604A981072C020000114508298744AF1
:106EB00050607A9810608A9890609298D0604A46A4
:106EC0005068704A50604046406810607868906032
:106ED00058464068D0604A4690686B4A50604046C9
:106EE00080681060B868906058468068D0604A46F4
:106EF000D068664A50604046C0681060F86890608C
:106F00005846C068D0604A461069614A50604046A1
:106F1000006910603869906058460069D0604A4640
:106F200050695C4A506040464069106078699060E2
:106F300058464069D0604A469069574A506040467A
:106F400080691060B869906058468069D0604A4690
:106F5000D069524A50604046C0691060F86990603C
:106F60005846C069D06081224B98D20550604C9839
:106F700010734D9850834E9810834F9850625098DC
:106F8000906251981080C0225298120690600A7A3E
:106F9000002A2ED1029A002A2BD02B4A11890922CD
:106FA0000A40092A00D1CFE0274B1A891123134048
:106FB000112B00D1CDE0244B1A8921231340212B22
:106FC00000D1CDE0204B1A8941231340412B00D141
:106FD000CDE01D4B1A8981231340812B09D18023D9
:106FE000DB05DB699B0404D580230121184A5B0083
:106FF000D150019B032B00D191E0294B059A002130
:1070000000201A7200F048FF059BDB0700D418E649
:1070100000F016FA5AAB588002331B885B0546D441
:10702000204B1B881B0742D59021599BC9050A6933
:107030001B689B1A1B021B12DA179B185340202B4C
:1070400035DC0A692D322FE00000104800001040A6
:1070500000E100E020ED00E0000090400000304042
:10706000000040400000A0400000B04010E000E000
:107070000000F0400000D0400000E0400000704000
:10708000080000A01C0000A0300000A0440000A0E8
:10709000580000A06C0000A0800000A0940000A098
:1070A00000002040C00000200B699A42FCD215224B
:1070B000324B1A70C5E5324B00201A6000F0CCFE4E
:1070C0007EE513681B09984200D8A9E513681B09DF
:1070D0009842F6D8A4E59022D205536829490B407E
:1070E0005360AEE5284B51581B688B4204D01268A0
:1070F0005C40224200D083E52449254B4A681B6846
:107100005A40D20000D57BE54A6853405B0100D469
:1071100086E5204B1B689B0700D481E570E5902233
:10712000D2055368174900200B4053601A4B059A4B
:1071300001211A7200F0B0FE66E7012000F08CFE1B
:107140000F4B164A1A6078E5DB699B0500D54BE7C3
:107150002AE78023DB05DB695B0500D544E72AE7E6
:107160008023DB05DB691B0500D53DE72AE780238B
:10717000DB05DB69DB0400D536E72AE70000C04009
:1071800014000020FFFFFFCF6423002000ED00E08B
:107190006C23002010E000E000002040CCBCECFCA0
:1071A000F0B54F46D6464646C0B5077984460468D2
:1071B00082B0002F00D08DE08022D2055368A34317
:1071C00053600027E30706D580220F21D205D36A3A
:1071D0008B433B43D362A30707D58021F020C90529
:1071E000CA6A3B0182431343CB62630707D58022FF
:1071F000D205D36A57490B4039020B43D3622307A8
:1072000007D58022D205D36A53490B4039030B437B
:10721000D362E30607D58022D205D36A4F490B40DB
:1072200039040B43D362A30607D58022D205D36A63
:107230004B490B4039050B43D362630607D58022C7
:10724000D205D36A47490B4039060B43D362230664
:1072500007D58022D205D36A39071B011B090B43CE
:10726000D3620F2240218025002301269146494206
:10727000ED051A0020000832D04006420ED0DAB2E6
:10728000072B38D9083A072A4CD9484688402A8F14
:10729000824338008840024392B22A870133043186
:1072A000122BE6D1634680225B79D205012B1ED0DA
:1072B000D368A343D360634680229B79D205012B18
:1072C00011D09368A343936002B0E0BCBA46B146C4
:1072D000A846F0BD062F00D074E78022D20553687F
:1072E000234353606DE7936823439360ECE7D368CF
:1072F0002343D360DFE78020C005026B98009246ED
:107300000F22019082405046904382463A000198F5
:10731000013382405046104302008020C0050263C2
:107320000431A6E78020C005426B92462022904699
:1073300088444046113A824001905046904382462C
:107340003A00019882405046104302008020C00558
:107350004263A3E7FFF0FFFFFF0FFFFFFFFFF0FF18
:10736000FFFF0FFFFFFFFFF00023036083718380A7
:107370007047C0468023DB051B681840431E9841B8
:10738000C0B270478023DB05D86370478023DB05DC
:10739000186470478023DB05012901D01864704709
:1073A000D863FCE7802142680368C905012A1FD021
:1073B0000A699A430A618268012A10D0002A05D01E
:1073C0008021C9054A6913434B6170478022D20569
:1073D000916999439161516999435161F5E780221F
:1073E000D205916919439161516999435161ECE763
:1073F0000A691A430A61DEE78022D205D3690029AF
:1074000002D00343D36170478343D361FBE7C04697
:107410008023DB05986270478023DB055B6A184098
:10742000431E9841C0B27047044A136A012902D032
:1074300083431362704703431362FBE700009040ED
:10744000374B197A374BCAB21B899BB2002905D03A
:10745000022A33D00220042A2BD170470920184079
:10746000093842425041112240011A40112A27D0C6
:1074700021221A40212A29D041221A40412A2BD008
:1074800081221A40812A2DD002221900FF32114098
:10749000914230D01900244A1140914233D0052244
:1074A0001A40052A36D0DB439B07D6D10823184360
:1074B000D3E7083A53425A419000CEE70120CCE787
:1074C0002F32104321221A40212AD5D15F32104396
:1074D00041221A40412AD3D1BF32104381221A409F
:1074E000812AD1D18032FF32104302221900FF32AB
:1074F00011409142CED180221900D20010430A4A95
:1075000011409142CBD180221201104305221A4032
:10751000052AC8D1DB430B3210439B079DD1C5E739
:10752000000090400000104801040000054A0121BD
:10753000136B002802D00B43136370478B43136314
:10754000FBE7C0460000304070B54E4B04001B6B9B
:1075500001681B0700D56FE04B480901F8F700FEF2
:10756000484AC3099BB29384484B034001335B08EC
:107570009BB23F2B02D93F223F3B13402821414A77
:10758000DBB253540323602625790431505C1D403F
:107590006D01B043284350546579107F2B40B043B0
:1075A0005B01034313770123A579505C2B40082529
:1075B000DB00A84318435054107FA84303431377BC
:1075C000E379002B3DD10220535C83435354137F56
:1075D00083431377012215002A4B217A186B2C4E16
:1075E0000D406D02304028431863186B294D49083F
:1075F000284015001140090201431963617A186B94
:10760000254E0D403040AD0328431863186B234DC1
:10761000490811402840C90301431963A07A2C246A
:1076200002401020195D1201814311431955197F41
:1076300081430A431A7770BDC9001348F8F790FDDB
:107640008EE7022B0ED002250420535C2B435354AB
:10765000535C03435354137F2B431377137F03432C
:107660001377B7E702250420535C2B435354535C34
:1076700083435354137F2B431377137F8343137731
:10768000A8E7C046000030400000127A7F0080FF6B
:10769000FFFDFFFFFFFEFFFFFFBFFFFFFF7FFFFFBD
:1076A000044A138F002902D0034313877047834392
:1076B0001387FBE700003040024BC005C00D188067
:1076C0007047C04600003040FF20024B1B88184026
:1076D0007047C04600003040074B002805DB1B8B7D
:1076E0001840431E9841C0B270475B681840431E63
:1076F0009841C0B2F8E7C04600003040034B9B8F72
:107700001840431E9841C0B27047C0460000304048
:107710004423014AD052704700003040342210B553
:107720000724034920408B5CA34303438B5410BDC3
:10773000000030403421072210B5044C1040635C37
:107740003132C00093430343635410BD0000304006
:107750001022038B10B593430383038B10329343A2
:107760000383037D193A93430375037D31329343B9
:1077700003750B78802B27D00324028B2340A24370
:1077800013430383038B154A134003838022CB7872
:107790000374038B1343802203838B888380CB88FD
:1077A0000381038B9343038307234C78027D1C40A2
:1077B0009A43224302758978027D0B403821DB0011
:1077C0008A431343037510BD038B353A93430383F8
:1077D0008023028B5B0013430383D7E7FFFEFFFF89
:1077E0000023038043808380C3807047038B01297B
:1077F00003D0802293430383704780221343038383
:10780000FAE7C046002908D1038B01310A400F3145
:1078100012018B431343038370470129FCD1038B6F
:107820000A401F3152018B4313430383F4E7C046E0
:107830000321812310B50478DB052140C0245A6858
:107840008901A2430A435A6044780F2C29D05A6810
:107850001A490A40072121400E245A605A684900FB
:10786000A2430A435A60032281210479C9052240B8
:1078700030244B681201A34313434B608378082BD9
:1078800015D04B680E4A13404B6081210322C0780B
:10789000C9054B6802400B481202034013434B607A
:1078A00010BD80225968D2030A435A60DBE7802367
:1078B0004A681B0113434B60E7E7C046FFFFBFFF69
:1078C000FFF7FFFFFFFCFFFF012806D081221021F8
:1078D000D20513880B43138070478123DB055A6858
:1078E000520205D58022198852000A431A80F3E714
:1078F00004211A880A4301211A801A880A431A802F
:10790000EAE7C04601280AD081234021DB051A8816
:107910000A4302211A801A888A431A8070478122FA
:107920000221D20513880B431380F7E78122D20589
:107930001388012803D080218B4313807047802156
:107940000B431380FAE7C0468123DB051B7C1840FC
:10795000431E9841C0B27047F8B58123DB055A68D1
:107960000500520350D4D88A80B28123DB055B68BE
:1079700000B29B059E0F01F029FB041C072D41D886
:10798000894BAD005B599F468123DB055B685B0338
:1079900000D5F3E0854D300001F05CFB8122D2057B
:1079A0005368061C1B069B0F012B03D053681B0654
:1079B0009B0F06D18123DB055B685B0300D5EDE0FF
:1079C0007B4D291C201C00F0D1FE7A4901F052F8B1
:1079D00002F0F6FD02000B007748784902F0ECFA5D
:1079E0000D00FE2104008905301C00F043FD02F06B
:1079F000E7FD02000B002000290002F0B7F802F0BA
:107A000021FE041C201CF8BD988A80B2ADE78123BA
:107A1000DB055B685B0300D5B9E0644F300001F023
:107A200019FB8122D20553681B069B0F012B03D043
:107A300053681B069B0F06D18123DB055B685B0344
:107A400000D5A7E05A4FFE21890500F013FD391C2F
:107A5000051C201C00F08AFE011C281C01F00AF8FD
:107A6000544901F007F8041CCCE78123DB055B686F
:107A70005B0300D588E04D498122D20553681B067F
:107A80009B0F012B03D053681B069B0F06D181234C
:107A9000DB055B685B0300D584E04549201C00F0F2
:107AA00065FE444900F0E6FF02F08AFD02000B008B
:107AB0004148424902F080FA02F0C4FD404900F01A
:107AC000D9FF404901F0CEF8041C9BE78123DB0578
:107AD0005B685B0355D435498122D20553681B0688
:107AE0009B0F012B03D053681B069B0F05D18123ED
:107AF000DB055B685B0353D42D49201C00F036FE88
:107B00002C4900F0B7FF02F05BFD02000B002A4891
:107B10002A4902F051FA02F095FD2B4900F0AAFF24
:107B2000041C6FE78123DB055B685B0323D41F4DD7
:107B3000300001F08FFA8122D2055368061C1B0623
:107B40009B0F012B03D053681B069B0F05D181238C
:107B5000DB055B685B031FD4154D291C201C00F05E
:107B600005FE144900F086FF02F02AFD124A134B6D
:107B700001F0AEFA34E78E25ED05D9E78E25ED0547
:107B800009E78E21C905A7E78E21C90574E78E276D
:107B9000FF0543E70D4F56E70C4DDEE70B4D10E7B1
:107BA0000A49AAE7094979E7E03E061000720A4748
:107BB000002C21479A991940333333333333E33F51
:107BC0000080C843008085431F858B400003154714
:107BD0008123DB055A68520302D4D88A80B27047E9
:107BE000988A80B2FBE7C046014B18607047C046D8
:107BF000000070400121044B1A7A0A4302211A72D4
:107C00001A7A0A431A727047000070401F2170B53B
:107C10000124037819408C4081785A09002904D145
:107C20002032164B9200D45070BDFF260321350040
:107C3000407819408001C90006408D408E4058B2FE
:107C4000ED43310000280BDB0C489B088446C02024
:107C50009B00634480001E5835400D431D50E0E7F3
:107C60000F2003400648083B84469B089B00634462
:107C7000D86928400143D961D3E7C04600E100E05C
:107C800000ED00E0054A04211369002802D00B43EF
:107C9000136170478B431361FBE7C04600ED00E0C2
:107CA0007047C0467047C0467047C0467047C046E0
:107CB0007047C0467047C0467047C0467047C046D0
:107CC0007047C0467047C0467047C0467047C046C0
:107CD0007047C0467047C046012130B52E4A85B076
:107CE000137A03240B43137200222C4B1A606B4649
:107CF0009D1CFFF7A5FB28802B88002B03D1013C9E
:107D0000E4B2002CF5D12B881F2B02D8012005B03E
:107D100030BD2B885B0524D401AC200000F072FA42
:107D20006278A37812011A431D4B1B681B0725D5E7
:107D300090211C48C9050C690368283B1B1B1B02CA
:107D4000002B0EDD112A08DD8022174B52029BB258
:107D50001343CB60CB681342FCD190230268DB0550
:107D60005A600122114B1A70F8F7D3F9BFF34F8F05
:107D70000F4B104ADA60BFF34F8FFEE7112AF0DD98
:107D800080219022084B49029BB20B43D205D3605D
:107D9000D3680B42FCD1E4E700002040140000202F
:107DA000C0000020180000201C0000200C00002053
:107DB00000ED00E00400FA0510B5FFF78DFF1B4849
:107DC0001B4B984207D2013B1A1A920801321949FB
:107DD000920002F0C6FE1848184B984207D2013BA9
:107DE0001A1A920801321649920002F0BAFE15489A
:107DF000154B984207D2013B1A1A92080132002112
:107E0000920002F01DFE1148114B984207D2013B2F
:107E10001A1A920801320021920002F011FE0D4B55
:107E200083F30888F8F7E4FA10BDC046B8240020B0
:107E3000D82A0020C847061008000020340000207F
:107E40009C470610C0000020CC020020D002002079
:107E5000B824002000600020802330B50D4C5B0268
:107E60002204120C1A43002806D09021C905CA60CA
:107E7000CA681A42FCD130BD0425A078A178C0B2EE
:107E8000A943A1709021C905CA60CA681A42FCD1F1
:107E9000A070F0E71C000020F0B54F464646D646DD
:107EA000C0B58AB003AC22007C4B05000E0083CB2A
:107EB00083C283CB83C21B78684613706F4600F081
:107EC000A1F9002D37D044230121754AA373137AF9
:107ED0000B4313724C23E3722C3B23729233637473
:107EE000573B23756F4B704A1B68190C91424DD05C
:107EF0006E4B6D4A1B68190C914256D06C4B6A4A06
:107F00001B68190C914238D00422E37A9343E37240
:107F10007878BB7800011843112856DC8021902224
:107F20002404240C49020C43D205D460D3680B42CC
:107F3000FCD1112869DC5F4A138B002BFCD0012394
:107F400013831633938100231361002E07D09022F0
:107F50001021D2051069136943401942FBD0002D4E
:107F600002D01522544B1A70544B554A1A600AB06D
:107F7000E0BCBA46B146A846F0BD0322E17D91437C
:107F8000E175E17D1A400A43E275BDE77022E17DAB
:107F90001B019143E175E17D1A400A43434BE275B1
:107FA0001B68414A190C9142A8D1302261791B010A
:107FB0009143617161791A400A433D4B62711B68BC
:107FC000394A190C91429FD1D7E7E37D1343E375FA
:107FD000E37DDBB29C463B4B1A78002A50D000214F
:107FE00000229A5C01328A18D2B29F5C1100002FE5
:107FF000F7D11C2A34D90222334B1A7033325A700B
:1080000062469A700022DA7088E72E4B1A78002AAE
:108010003DD0002100229A5C01328A18D2B2985CCD
:1080200011000028F7D11C2A00D984E79918884646
:10803000571C941CD01C022199542122DA55193A5C
:108040001A5500221A544346802190221B041B0C0F
:1080500049020B43D205D360D3680B42FCD16AE7D7
:10806000511C8846D11C8A46971C022199543522FE
:1080700041465A5462465146DA5500225A54BAE7EC
:1080800003229246023A904602270022EDE79846E4
:108090000320022401270022CDE7C046A41C0610BD
:1080A00000002040E807001055AA0000E407001077
:1080B000B0070010000010480000C040140000206D
:1080C000CCBCECFC442300201C000020F0B50822AE
:1080D000D6464F464646C021434BC0B59A80434AD8
:1080E000434D136A09042B4089460B43C021136298
:1080F000136A09061B021B0A0B431362C022FF20EE
:10810000920090463B4B84469A58474682433F38FC
:108110008246024340461A501A58C020364E00028A
:1081200032400243DA51C122644692009F58A7436D
:10813000544627439F509C582700374007439F5081
:108140009C5827002F409F509C582402240A270047
:108150000F439F500832904644469A58324002439B
:108160001A511A594C462A40224344461A511A5968
:108170001202120A0A431A51C4229200904644463F
:108180009A58324002431A511A594C462A40224307
:1081900044461A511A591202120A0A431A51C522A8
:1081A00092009C5827006446A7433C00574627434B
:1081B0004C469F509F583E40304398509858284016
:1081C00004439C5098580002000A01439950012032
:1081D0000121FFF761FE094B094A1A6262B6E0BC51
:1081E000BA46B146A846F0BD0000104000ED00E0E0
:1081F000FFFF00FF00E100E0FF00FFFF00009040F4
:1082000066000E0010B51249124CCB691B061A0FFE
:10821000CB691B071B0F83700F4B1968012341604B
:10822000A14208D10D490E4B8C461B68634459424C
:108230004B415B0002330370131CD2B2002A00D101
:1082400001234370074B9B8A01339B00836010BD61
:108250000000904041A0000228009040BC5FFF0D4C
:108260001C00001000001040F0B5114B114D04002F
:10827000D869DB69104E2F6800061B070125000F27
:108280001B0FB7420AD10D4F0D4EBC4636686644EF
:10829000771EBE417642AE4335000435094EB68A9C
:1082A0002570C4B2002C00D1012008701370F0BDFD
:1082B000000090402800904041A00002BC5FFF0DEC
:1082C0001C00001000001040F7B5040C0D0091B226
:1082D0000F0061438C460600019383B2100C5F438C
:1082E000444358433B0C60441B18994202D98021F7
:1082F00049026418019955437143180C04191B0471
:10830000BFB24919D819091903B0F0BD9E2110B5A3
:10831000C905041CF7F79CFF00280AD09E21201CE9
:10832000C90500F09FFC00F033FE80231B06C01837
:1083300010BD201C00F02CFEFAE7000070B50022F2
:108340000B4B04000D00F8F70DF800280BD0084B7C
:1083500000222000290001F02FFE02F0FFF8802308
:108360001B06C01870BD2000290002F0F7F8F9E7DD
:108370000000E041F0B587B006000F0005920493BD
:108380008B4200D966E001D1824263D804990598F6
:10839000F8F710F8390001903000F8F70BF8019B5E
:1083A00004991B1A1A0005980193F7F79BFF040024
:1083B0000D00B94246D801D1B04243D80120002176
:1083C000019AF7F78FFF361BAF4102900391019B93
:1083D000002B2ED0E90762080A4301996B088C46EE
:1083E00001240025BB4232D801D1B2422FD830003F
:1083F0003900801A99410018494100196941060065
:108400000F00012149428C4461460029EAD1029CB7
:10841000039D30003900019AF7F758FF019AA4191B
:108420007D4106000F00F7F75DFF241A8D4102948D
:1084300003950C9B002B01D01E605F60029803998E
:1084400007B0F0BD0022002302920393BFE7B619E4
:108450007F41D6E70023002402930394E9E74278A2
:10846000037812021A438378C0781B041343000672
:1084700018437047F0B543025A0A85B044004F00D4
:1084800003924A02240EC50F3F0E500A01909B0929
:10849000C90F9209E01B8D4200D096E0002836DD1E
:1084A000002F13D1002A07D0461E012802D1012433
:1084B0009B181EE0FF2810D1DB08FF2861D1002B9C
:1084C0005FD08022D203FF2013435AE0FF2C00D15B
:1084D0003FE180210600C9040A4301211B2E07DC6D
:1084E0002020801B11008240F140501E8241114328
:1084F0005B185A0100D413E1601CFE2C00D1D8E0B7
:10850000012297491A405B080B4013435BE00028A7
:1085100020D0381B002C08D1002B04D0441E012889
:10852000C5D0FF2808D11300C6E7FF2F00D109E10D
:1085300080210400C9040B4301211B2C07DC2020EF
:10854000001B19008340E140581E834119433C0041
:108550008B18CEE7FE21601C084230D1002C1BD1C5
:10856000002B00D1ECE0002A00D1E0E09A18802135
:108570001000C9040840D3080A4202D00120794AF9
:108580001340FF22C005D2055B0210405B0A18436E
:10859000ED07284305B0F0BD002B00D1D4E0002A40
:1085A00000D1D2E080210398C903884203D3019807
:1085B000884200D21300DB080193029580E0FF2877
:1085C00077D09B185B080400AAE0002827DD002F65
:1085D0001DD1002A00D16FE7461E012802D19B1A47
:1085E00001240EE0FF2800D166E701211B2E07DCE5
:1085F0002020801B11008240F140501E8241114317
:108600005B1A5A0100D48BE09B019E096FE0FF2C9E
:1086100000D19EE08021C90406000A43E5E7002856
:1086200024D0381B002C0BD1002B07D0441E01286E
:1086300002D10D00D31AD3E7FF2808D10D0072E74D
:10864000FF2F00D183E08024E404234304000120B1
:108650001B2C07DC18002025E0402C1BA3405C1ECF
:10866000A34118433C000D00131ACAE7671CFE26FD
:10867000BC46374002976746374233D1002C1AD1A7
:10868000002B06D11D00002A00D17AE70D00019BC6
:1086900077E7002A4BD09C1A660106D50D00D31A45
:1086A0000020834200D16CE78DE7231E00D003E752
:1086B0000500002365E7002B05D1002A4BD002916D
:1086C000019B029DFDE6002A3FD08020039CC00351
:1086D000844200D26FE7019C844200D36BE7130011
:1086E0000D0068E79E1A770114D50D00D61A3000E8
:1086F000F7F742FE33000538834084420DDC202228
:10870000001B0130121A19009340C1405A1E9341B8
:108710000B43C5E7002ECBD0E9E7134A241A1340D8
:108720005A0704D00F221A40042A00D004335A01F9
:108730000FD5601CFE2CBCD00A4ADB08134020E792
:108740001300ADE73800EEE61300FF20B4E6380072
:1087500074E72000B0E68023DB030193B0E7C04656
:10876000FFFFFF7DFFFF7F1FFFFFFFFBF0B5C30F84
:1087700085B0440245000391640A2D0E01932ED06A
:10878000FF2D39D08023E400DB047F3D1C4302959C
:108790000027039B5D025E00DB0F6D0A360E03931C
:1087A00030D0FF2E3BD08023ED00DB041D4333008F
:1087B0007F3B00210398019A42400298D2B2C31A2B
:1087C000B800084301380E2842D8F7F76BFD6CA8B3
:1087D0007EA89DA87E6C6C9D7E2E2E2E7200012799
:1087E0000294002CD5D02000F7F7C6FD773F431F39
:1087F0009C403B1A0293CBE703270295002CC8D17B
:10880000013FC6E72B000121002DD3D02800F7F748
:10881000B3FD431F9D4076235B421B1AC9E733001B
:108820000321002DC6D10139C4E73900019A02297C
:1088300039D0032900D170E00025280001291ED17C
:108840006D026D0AC0052843D207104305B0F0BD84
:1088500064016D01AC4228D31A200121641B01265A
:10886000270049006400002F01DBA54201D8641BEA
:10887000314301380028F3D1601E84410C431800B5
:108880007F30002824DD610704D00F212140042916
:1088900000D00434210103D58033180023490C4053
:1088A000E508FE28CCDD00250DE01B200021013B62
:1088B000D5E78023DB031C4201D01D4229D080254F
:1088C000019AED032543FF20BAE72C00039AAEE797
:1088D00001210025091A28001B29B1DC9E3325003F
:1088E0009C40CD40631E9C4125436B0704D00F2361
:1088F0002B40042B00D0043580232800DB041840D3
:108900001D420FD1ED089BE7002380240193E4036F
:10891000D5E7039B2C000193D1E70192CFE7002517
:1089200028008DE7002501208AE7C046FFFFFFF7FA
:1089300070B54B00440245004E02C20F640A01208C
:108940002D0E760A1B0EC90FFF2D06D1002C13D158
:10895000FF2B11D1002E06D00EE0FF2B0CD09D4234
:108960000AD1B44208D100208A4205D00130002D3E
:1089700002D12000431E984170BD30B5420245002F
:108980004C02C30F4800520A2D0E640A000EC90F94
:10899000FF2D01D1002A19D1FF2801D1002C15D1BA
:1089A000002D20D1002813D1002A1ED1002C21D067
:1089B000012000291ED102381CE08542F8DBA242CA
:1089C0000CD80020A24215D20130F2E7022008E0C4
:1089D000002AEDD099420AD18542EEDD012000291E
:1089E00008D0404206E00028F4D1002CF2D101204A
:1089F000002BF6D130BD30B5420245004C02C30F0A
:108A00004800520A2D0E640A000EC90FFF2D01D135
:108A1000002A19D1FF2801D1002C15D1002D20D119
:108A2000002813D1002A1ED1002C21D001200029BA
:108A30001ED102381CE08542F8DBA2420CD800208F
:108A4000A24215D20130F2E7022011E0002AEDD057
:108A500099420AD18542EEDD0120002908D040422A
:108A600006E00028F4D1002CF2D10120002BF6D131
:108A700030BD0000F0B5C30F85B04702440003913C
:108A80007F0A240E02930AD0FF2C71D080227F3CF3
:108A900026000023FF00D204174301930CE00123BA
:108AA0003E1E019308D03800F7F766FC7626431F78
:108AB0009F407642361A0194039B5C025D00DB0FF7
:108AC000640A2D0E03935AD0FF2D64D08023280012
:108AD000E400DB041C437F380023019986198800D9
:108AE000721C18430A2800DD7EE00299039D69404C
:108AF0000291022855DC0138012864D9B9B20D0071
:108B00003B0C200CA4B2654341435C434343091929
:108B10001F002B0C5B189C4202D9802149027F1850
:108B20001904ADB24D19AC01611E8C411B0CAD0E88
:108B3000DB192C439B011C431B0167D501236108F2
:108B40001C400C4310007F30002861DD630704D017
:108B50000F232340042B00D00434230103D580329B
:108B600010003F4B1C40E108FE2834DD00214BE0A3
:108B7000032326000193002F9ED1013B8DE72000A7
:108B80000123002CA9D0F7F7F7FB431F9C40762365
:108B90005B42181AA0E728000323002C9DD1013B5B
:108BA0009BE701218140A6200D00C0000540014245
:108BB0001ED190208000014246D1B938FF380142D1
:108BC0009CD003990291022BD0D0032B42D00021DC
:108BD0000800012BB6D1029B4902490AC00508438F
:108BE000DB07184305B0F0BD0F2804D00B28E8D0F0
:108BF0003C00019BE7E78023DB031F4201D01C42BE
:108C000026D08021C9033943FF20E4E7320099E7E9
:108C1000012300211B1A08001B2BDCDC9E322100E3
:108C20009440D940631E9C4121434B0704D00F233D
:108C30000B40042B00D0043180230800DB041840D3
:108C4000194209D1C908C6E780270295FF03D8E772
:108C5000039B02932700D4E700210120BBE7C04615
:108C6000FFFFFFF7F0B543025A0A85B04F024400F8
:108C700002924E007A0A9446C50F0092240E9B0978
:108C8000360EC80FD200FF2E02D10100002A01D1FA
:108C900001214140A01BA94200D093E0002836DD0D
:108CA000002E13D1002A07D0461E012802D101242C
:108CB0009B181EE0FF2810D1DB08FF285ED1002B97
:108CC0005CD08022D203FF20134357E0FF2C00D159
:108CD0003DE180210600C9040A4301211B2E07DC67
:108CE0002020801B11008240F140501E8241114320
:108CF0005B185A0100D411E1601CFE2C00D1D5E0B4
:108D0000012296491A405B080B40134358E00028A3
:108D100020D0301B002C08D1002B04D0441E012889
:108D2000C5D0FF2808D11300C6E7FF2E00D107E108
:108D300080210400C9040B4301211B2C07DC2020E7
:108D4000001B19008340E140581E83411943340041
:108D50008B18CEE7FE21601C08422DD1002C18D1C3
:108D6000002B00D1EAE0002A00D1DEE09A182000B2
:108D7000D308520102D50120794A1340FF22C005D1
:108D8000D2055B0210405B0A1843ED07284305B08B
:108D9000F0BD002B00D1D5E0002A00D1D3E0802126
:108DA0000298C903884203D30098884200D2130076
:108DB000DB089C46019580E0FF2877D09B185B0874
:108DC0000400ABE0002827DD002E1DD1002A00D1D1
:108DD00072E7461E012802D19B1A01240EE0FF28EB
:108DE00000D169E701211B2E07DC2020801B110028
:108DF0008240F140501E824111435B1A5A0100D457
:108E00008CE09B019E096FE0FF2C00D19FE0802148
:108E1000C90406000A43E5E7002824D0301B002CD3
:108E20000BD1002B07D0441E012802D10D00D31A0C
:108E3000D3E7FF2808D10D0075E7FF2E00D184E0AD
:108E40008024E4042343040001201B2C07DC1800C9
:108E50002025E0402C1BA3405C1EA3411843340096
:108E60000D00131ACAE7FE27661C03963E400196C2
:108E7000039E3E4233D1002C1AD1002B06D11D0097
:108E8000002A00D17AE70D00009B77E7002A4CD03A
:108E90009E1A770106D50D00D31A0020834200D117
:108EA0006CE78DE7331E00D006E72500002365E759
:108EB000002B05D1002A4CD001916346019D00E7AB
:108EC000002A40D08020029CC003844200D26FE779
:108ED000009C844200D36BE713000D0068E79E1AE4
:108EE000770114D50D00D61A3000F7F745FA330094
:108EF0000538834084420EDC2022001B0130121A08
:108F000019009340C1405A1E93410B43C5E7002E00
:108F1000EAD10500CAE7134A241A13405A0704D0BD
:108F20000F221A40042A00D004335A010FD5601CC6
:108F3000FE2CBBD00A4ADB0813401FE71300ACE746
:108F40003000F0E61300FF20B6E6300073E72000A3
:108F5000B2E68023DB039C46AFE7C046FFFFFF7D00
:108F6000FFFF7F1FFFFFFFFB42024B024000490053
:108F7000520A5B0A090E000EFF2802D1FE38002AB1
:108F800005D10020FF2902D11800431E98417047E7
:108F900041024300C20F490A00201B0E7E2B03DD55
:108FA0009D2B02DD084BD018704780200004084339
:108FB000952B05DD963B9840002AF5D04042F3E71B
:108FC0009621CB1AD840F7E7FFFFFF7F70B503006B
:108FD0000400051E0ED0C21785185540C40F280086
:108FE000F7F7CAF99E231B1A962B0ADC08282BD008
:108FF000083885406D026D0AD8052843E4072043F0
:1090000070BD992B1BDD020029001B3291400A0024
:10901000511E8A410521091ACD4015430B4A2A40A9
:1090200069070FD00F210D40042D0BD00432D50855
:10903000510107D59F23064A1B1A1540DAE7421F44
:109040009540EBE7D508D5E79623D3E7FFFFFFFB75
:10905000FFFF7F1F002310B50400984209D0F7F7E7
:109060008BF99E231B1A962B08DC082829D0083878
:1090700084406402D805640A204310BD992B1BDD8F
:10908000020021001B3291400A00511E8A41052135
:10909000091ACC4014430C4A224061070FD00F211B
:1090A0000C40042C0BD00432D408510107D59F2367
:1090B000064A1B1A1440DCE7421F9440EBE7D40831
:1090C000D7E79623D5E7C046FFFFFFFBFFFF7F1FD3
:1090D000F7B5DF0FBC460D034C001E03C90F00910E
:1090E0006D0A410F760A570F294337435D00009EF2
:1090F000640D6D0DC000D200631B664500D02EE1EB
:10910000002B00DC7AE0002D3CD13D0015431ED041
:109110005D1E012B18D1821882428041C91940423C
:10912000091810000A0200D402E1BA4A013393423E
:1091300000D18AE2B84C42080C40012101400A43A8
:10914000E00710436108F3E0B24EB34222D14C076E
:10915000CA08B049C00804438B4206D1210011431C
:1091600000D175E2802109030A432000AB4C1B05A6
:1091700012032340120B1343009AD2071343190022
:1091800003B0F0BDA34DAC4200D1DDE180252D043C
:109190002F431D00382D2CDC1F2D19DC20233E0011
:1091A0005B1B9E40B44616000193EE4063461E438F
:1091B000019BEF409A4013005A1E934133431B1802
:1091C0008342804179184042091818002300A9E71A
:1091D0002B003E00203BDE400023202D03D04033F7
:1091E0005B1B9F403B0013435A1E934133430027B0
:1091F000E5E73B0013435A1E9341F8E7002B50D09C
:109200002B1B002C12D10C0004430CD05C1E012B34
:1092100006D1801890429241C9195242891881E7BB
:109220007C4EB3420AD13900100090E7794CA54238
:1092300000D104E28024240421431C00382C2BDCC0
:109240001F2C18DC20230E001B1B9E40B44606007A
:109250000193E64063461E43019BE14098400300B2
:10926000581E83413343981890429241C919524283
:109270002B00891856E723000E00203BDE40002318
:10928000202C03D040331B1B99400B000343591E75
:109290008B4133430021E6E70B000343591E8B410A
:1092A000F8E75F4D631C2B4234D10B000343002CC5
:1092B00014D1002B00D1BDE13B00134300D11EE1CE
:1092C000821882428041C919404209180B0200D419
:1092D000B1E1514B10001940012338E7002B00D1B8
:1092E000ADE13C004B4B144300D130E74B07C008C5
:1092F0001843CB08802109030B4206D0FC080C421E
:1093000003D12300D0087F073843410FDB00194306
:10931000C00019E13F4CA34200D196E1821882427D
:109320008041CF1940423F18F8075208104379088E
:10933000420709D00F220240042A05D0021D8242B2
:1093400080414042091810000A0200D4FFE6314A69
:109350000133934200D178E12F4A1140F7E6002B08
:1093600060DD002D36D13D00154300D1EFE65D1ED6
:10937000012B0DD1821A90428041C91B4042091A2B
:1093800010000A02D4D549021C004D0A019008E1E0
:10939000204EB34200D1DAE6382D35DC1F2D22DC19
:1093A00020233E005B1B9E40B44616000193EE4016
:1093B00063461E43019BEF409A4013005A1E93419F
:1093C0003343C31A98428041C91B4042091A18000E
:1093D0002300D6E70F4DAC4200D1B5E080252D0427
:1093E0002F431D00D8E72B003E00203BDE4000232A
:1093F000202D03D040335B1B9F403B0013435A1E7C
:10940000934133430027DCE73B0013435A1E93414B
:10941000F8E7C046FF070000FFFF7FFF0000F07F76
:10942000FE070000002B54D02B1B002C15D10C0084
:1094300004430FD05C1E012B09D1101A82429241C5
:109440006346791A52420093891A012399E7814EA3
:10945000B3420AD161460091E5E67E4CA54200D1B7
:10946000EBE08024240421431C00382C2CDC1F2C2E
:1094700019DC20230E001B1B9E40009333000600C6
:10948000E6401E43009BE14098400300581E834184
:109490003343D01A82429241791A5242891A624663
:1094A0002B0000926DE723000E00203BDE400023DE
:1094B000202C03D040331B1B99400B000343591E43
:1094C0008B4133430021E4E70B000343591E8B41DA
:1094D000F8E7614E651C354250D10E003D00064351
:1094E0001543002C28D1002E0FD11900180000932D
:1094F000002D00D12BE639001000634600930300D5
:109500000B4300D19EE0002312E7002DF7D0851A0F
:10951000A842B641CC1B7642A41B260206D5101ADF
:1095200082429241791A5242891AE6E72800204382
:109530005CD021002800E2E7002E07D1002D7CD16D
:10954000802118000093C903424B00E6414B002DD7
:1095500000D1FCE54B07C0081843CB088021090364
:109560000B4200D1D1E6FC080C4200D0CDE6D00879
:1095700062467F07230038430092C6E6851A0195AC
:10958000A842AD416D422E00CD1BAD1B2E022AD547
:10959000131A9A429241019363467F1A5242BD1AAE
:1095A0000093002D25D02800F6F7E6FE0300083BC7
:1095B000202201990198D21A9D40D1409840294318
:1095C0009C4233DC1B1B5A1C1F2A1EDC20230D006F
:1095D0009B1A040098409D40D440431E9841254367
:1095E000D14028438BE701982843DAD1010000904D
:1095F000ADE50198F6F7C0FE030018331F2BD7DD49
:109600000199083881402800DAE70C001F3BDC4054
:109610000023202A03D040339B1A99400B000343B8
:109620005A1E934120000021184368E70B4AE31AB1
:1096300011407DE63900100061E763460093390070
:10964000100081E71900180081E5002108007EE57F
:109650000A008AE5FF070000FE070000FFFF7FFF0A
:10966000F0B589B0009201930D034B00CA0F0600BC
:1096700004002D0B5B0D039245D0644A93426BD0DE
:10968000420FED001543802212042A430292604AE1
:10969000C4009F180026019B019A1D03D20F5B0096
:1096A00000982D0B5B0D069266D0584A934200D16C
:1096B00089E0ED005649420F2A4380255B189C46FD
:1096C0002D041543C2000021069B03985840C3B2E5
:1096D00005936346B0000843FB1A013804930E2833
:1096E00000D999E0F6F7E8FD8E002D02D3012D0296
:1096F0001E022D02D3018E008E001E02D3017E00B9
:109700007E007E00C5012B00034302932CD0002D68
:1097100015D02800F6F730FE010003000B391D229A
:10972000521A31001800D140083885400A002A43F7
:10973000350085400292374F2C00FF1AAAE7F6F752
:109740001BFE01000300153120331C29E7DD320028
:10975000083882400292EEE702002A43029207D1C3
:1097600014001F00022696E7029C0126270092E7BC
:109770001F00032602958EE7009A2A432AD0002D67
:1097800015D02800F6F7F8FD010002000B391D2363
:1097900010005B1A009908388540D9402943009D84
:1097A00085401C4B9B1A9C462A000D008BE7F6F760
:1097B000E3FD01000200153120321C29E7DD00998C
:1097C00008388140EDE7009A2A4307D115009C46EE
:1097D000022179E715009446012175E702009C46B5
:1097E000032171E73100039B0593022900D1ACE10D
:1097F000032900D1A2E1012900D001E100242300C6
:10980000220026E100231C00004A22E1FF0700009D
:1098100001FCFFFF0DFCFFFF029B9D4204D300D023
:1098200022E1A24200D91FE1029BE607D9076308A3
:1098300019430C00029B5B08029313022D02170EC2
:1098400000932B0C2F4306930699BBB20298039307
:10985000F6F7C2FCBBB243430A04210C05001143D6
:109860008B4207D9C919013D8F4203D88B4201D9D8
:10987000851EC919C81A0699F6F7AEFCBAB242435A
:109880000904A4B203000C43A24207D9E419013B26
:10989000A74203D8A24201D9831EE4192D041D4317
:1098A000A41A009B009A1B0C12040393120CABB277
:1098B00007925A4307980292039A290C484353434C
:1098C0005143029A1B18120C94466344984202D9E1
:1098D000802252028918029A180C12041B04120CDE
:1098E00040189A18844203D302951ED196421CD286
:1098F0006B1E0293009BF6189E429B415B42DB1954
:10990000E418A74203D310D1009BB3420DD8A04264
:1099100002D80AD1B24208D9AB1E0293009BF618B6
:109920009E429B415B42DB19E418B51AAE42B64138
:10993000201A7642801B874200D1ADE00699F6F7E7
:109940004BFCBBB243430A04290C040011438B4275
:1099500007D9C919013C8F4203D88B4201D9841E13
:10996000C919C81A0699F6F737FCBBB24343090474
:10997000ADB202000D43AB4207D9ED19013AAF4237
:1099800003D8AB4201D9821EED19ED1A2304039EC0
:109990001343079907981C0C9AB2514360437243D2
:1099A000744312180E0CB218904202D98020400263
:1099B0002418100C09041204090C001951188542CE
:1099C00004D31C00854219D1002919D07D195C1ED1
:1099D000BD420ED3854203D310D1009A8A420AD2E7
:1099E0009C1E009B5A009A429B415B42DB19ED187A
:1099F0000092854202D1009B994201D001231C4371
:109A0000049B554A9A18002A49DD63070BD00F239F
:109A10002340042B07D0231DA342A4410299644292
:109A200009191C000291029BDB0108D54B4B029ADD
:109A30001A408023DB009C460292049A6244484B01
:109A40009A4200DD81E0029BE4085B071C43029B15
:109A5000DB081B0312051B0B1343059A2000D207DA
:109A60001343190009B0F0BD049B0026013B049389
:109A7000E3E6802302991B03194201D01D4258D00E
:109A80008023029A1B031343039A0592BCE6069BAC
:109A9000140005930295A8E601246442B0E7012171
:109AA000891A382900DDA9E61F2926DC2D4A049BE6
:109AB0009446634420009C40029AC8409A40230088
:109AC0000243581E83411A43029B1400CB40620795
:109AD00009D00F222240042A05D0221DA242A4410F
:109AE00064421B19140080211A0009040A400B4229
:109AF0002ED1E1085C070C43AAE71F235B429B1AA7
:109B0000029ADA400023202906D01749049B8C468C
:109B10000299634499400B001C43631E9C4100233F
:109B20001443D4E700231C00039380231B030293F8
:109B3000A6E7069B140003930295A1E7059B0393F8
:109B40009EE700231C001A0083E7002423005BE645
:109B5000002301221C007CE7FF030000FFFFFFFE43
:109B6000FE0700001E0400003E040000F0B58BB0AC
:109B7000009201930D034B00CA0F06002D0B5B0DE5
:109B8000039200D111E1CE4A934200D135E1ED00BC
:109B9000420F2A4380252D041543CA4AC4009B184E
:109BA0001F0000230293019B00981E035A00DB0F45
:109BB000360B520D049300D12EE1C14B9A4200D1D5
:109BC00050E1430FF60033438026BE4936041E435E
:109BD000C30050180022C119069101310091029969
:109BE000880010430A2800DD76E10399049F79403C
:109BF0000391022800DD44E10138012800D853E137
:109C0000190C9BB202911900220CA4B251432000FE
:109C10008C46029F0299584351436743059167441C
:109C2000010CC91904908C4505D980204002844656
:109C3000059F67440597080C84466846008A090416
:109C400009180991310CB6B2049130003100049F1B
:109C5000614350437C437A4324180F0C3C19A042C3
:109C600002D9802040021218200C8218240489B2E4
:109C7000079262180892089962468C46290CADB288
:109C80002800029F58436F434B4362449446029C12
:109C9000FF18020CD2194C43934202D980235B0275
:109CA000E418130C1B1902932B0080B21204121833
:109CB0000498734345434E434143A8191D0C2D1886
:109CC000AE4202D9802040020918059F08986744D7
:109CD0008742B641BF189742924128049BB2C018F0
:109CE000079B7642C01853420493029B84199C46FA
:109CF000A4446346049AB442A4419B18079A644260
:109D000090428041029A4042044394458041049A23
:109D10002D0C934292414042524210436419099AD9
:109D200024186418790211434A1E9141FF0DDE0D7B
:109D3000640239435B0226430B43E40100D4DEE0B6
:109D400001215A080B401A43F307CE401343009AEF
:109D50005D495218002A00DCD4E0590709D00F21D0
:109D60001940042905D0191D99429B415B42F61800
:109D70000B00F10106D58021C9008C46534A1640DC
:109D8000009A624452498A4200DD07E17407DB0809
:109D90001C43F60813053603039A360B3343D207E8
:109DA0001343200019000BB0F0BD2C0004432BD04E
:109DB000002D16D02800F6F7DFFA040002000B3C55
:109DC0001D2330001B1B1100D84008398D400300B3
:109DD0002B4335008D403F492C008A1A17001D0087
:109DE000DFE6F6F7C9FA04000200153420321C2C15
:109DF000E6DD330008388340EDE704002C4307D14B
:109E00001F0025000223CDE6250027000123C9E617
:109E10001F0004000323C5E6009B334329D0002E16
:109E200014D03000F6F7A8FA010003000B391D2208
:109E30001800521A009908388640D1403143009EDC
:109E400086402448C01A33000E00C3E6F6F794FAA1
:109E500001000300153120331C29E8DD0099083882
:109E60008140EEE7009B334307D110001E00022221
:109E7000B1E61E0018000122ADE603001000032227
:109E8000A9E601218140A6200F00C0000740014241
:109E900026D190208000014276D1B938FF380142A6
:109EA00000D1ADE604990391022A77D0032A72D03B
:109EB000012A00D04BE70026340032006AE7C04692
:109EC000FF07000001FCFFFFFF030000FFFFFFFE94
:109ED000FE0700000DFCFFFF0F2805D00B28E1D086
:109EE0002E002300029ADFE780221203154201D0E0
:109EF00016424ED0802636032E432C4A4AE7069A55
:109F0000009224E70120801A3828D4DC1F2827DC9F
:109F10002749009A8C461C006244310093409140CE
:109F2000C4401A002143531E9A410B00C6401343FC
:109F30005A0709D00F221A40042A05D01A1D9A4246
:109F40009B415B42F6181300802130000904084051
:109F50000E4226D17407DB0802001C43F60819E7FD
:109F60001F2149428A1A3100D1400022202805D001
:109F70001048009A844662449640320013435A1EA9
:109F8000934100260B43D3E780253C0003972D0324
:109F9000B0E7049A039235001C00ABE700263400BA
:109FA000ABE7002601223400F4E6C046FF070000BC
:109FB0001E0400003E040000F0B585B00292039339
:109FC000CB0F0D030193039B4C006D0A410F1F0340
:109FD0002943DE0F5D00029B7F0A5B0F029A3B4321
:109FE000BD4F640DC0006D0DD200BD4203D11F00F6
:109FF000B446174302D101277740BC46019E671B38
:10A00000B44500D02DE1002F00DC7AE0002D3CD1DA
:10A010001D0015431ED07D1E012F18D182188242CB
:10A020008041C9184042091810000B0200D401E118
:10A03000A94B01379F4200D185E20122A74B024084
:10A04000194043081343C80718434908F2E0A24ED9
:10A05000B74222D14A07CB089F49C00802438F422A
:10A0600006D11100194300D170E2802109030B438E
:10A0700010009B4A3F051B0317401B0B1F43019B0E
:10A08000DB071F43390005B0F0BD934DAC4200D152
:10A09000D8E180252D042B433D00382D2CDC1F2DCD
:10A0A00019DC20261F00761BB740BC46170002961D
:10A0B000EF4066463743029EEB40B2401600721EE8
:10A0C00096413E433618864280415918404209184D
:10A0D00027003000A9E72E001F00203EF740002691
:10A0E000202D03D04036761BB3401E001643731E4E
:10A0F0009E413E430023E5E713431E00731E9E412D
:10A10000F8E7002F50D02F1B002C12D10C00044375
:10A110000CD07C1E012F06D1801890429241C918A4
:10A120005242891881E76C4EB7420AD119001000DB
:10A1300090E7694CA54200D1FEE18024240421432C
:10A140003C00382C2BDC1F2C18DC20260F00361B83
:10A15000B740BC4607000296E74066463743029E7A
:10A16000E140B0400600701E86413E43B018904268
:10A170009241C91852422F00891856E726000F0055
:10A18000203EF7400026202C03D04036361BB1403D
:10A190000E000643711E8E413E430021E6E7014357
:10A1A0000E00711E8E41F8E74E4D671C2F4233D1D1
:10A1B0000D000543002C14D1002D00D1B7E11C0087
:10A1C000144300D119E1821882428041C9184042EB
:10A1D00009180B0200D4ABE1404B100001271940D5
:10A1E00038E7002D00D1A7E11C00144300D129E17C
:10A1F0004C07C00820438024C9082403214206D00C
:10A20000DD08254203D12900D0085B071843CA00A6
:10A21000410F1143C00015E12F4CA74200D192E13C
:10A22000821882428041CB1840421B18D80752083E
:10A2300010435908430709D00F230340042B05D0CE
:10A24000031D834280414042091818000B0200D4CC
:10A2500000E7214B01379F4200D174E11F4B1940A9
:10A26000F8E6002F5FDD002D3ED11D00154300D123
:10A27000F0E67D1E012F0DD1821A90428041C91A4D
:10A280004042091A10000B02D4D549023C004D0A85
:10A29000029003E1104EB74200D1DBE6382D3DDCE1
:10A2A0001F2D2ADC20261F00761BB740BC46170056
:10A2B0000296EF4066463743029EEB40B2401600DE
:10A2C000721E96413E43861BB0428041C91A4042ED
:10A2D000091A27003000D6E7FF070000FFFF7FFFC5
:10A2E0000000F07FFE070000994DAC4200D1A9E0CC
:10A2F00080252D042B433D00D0E72E001F00203E7B
:10A30000F7400026202D03D04036761BB3401E00B8
:10A310001643731E9E413E430023D4E713431E00A1
:10A32000731E9E41F8E7002F51D02F1B002C14D133
:10A330000C0004430ED07C1E012F08D1101A82425B
:10A340009241591A5242891A634601939BE7804E03
:10A35000B7420AD161460191E8E67D4CA54200D1A1
:10A36000E8E08024240421433C00382C2ADC1F2C04
:10A3700017DC20260F00361BB74001963E00070071
:10A38000E7403743019EE140B0400600701E864121
:10A390003E43901B82429241591A52422F00891A21
:10A3A000D2E726000F00203EF7400026202C03D0E5
:10A3B0004036361BB1400E000643711E8E413E43AF
:10A3C0000021E6E701430E00711E8E41F8E7614E61
:10A3D000651C35424FD11D000E0015430643002C6D
:10A3E00028D1002E0FD1210020000194002D00D192
:10A3F00030E6190010006346019303000B4300D1BF
:10A400009DE0002716E7002DF7D0851AA842B64137
:10A41000CC1A7642A41B260206D5101A824292411B
:10A42000591A5242891AE6E7280020435BD02100DE
:10A430002800E2E7002E07D1002D7BD180213800D3
:10A440000197C903424F05E6002DFBD04C07C00819
:10A4500020438024C9082403214208D0DD08254276
:10A4600005D15B07D0081843634629000193CB0050
:10A47000410F1943CEE6851A0295A842AD416D42BF
:10A480002E00CD1AAD1B2E022AD5101A82429241FF
:10A490005B1A52429D1A634602900193002D25D00B
:10A4A0002800F5F769FF0838070020230299029871
:10A4B000DB1BBD40D940B8402943BC4233DC3F1BC5
:10A4C0007A1C1F2A1EDC20230D009B1A04009840D2
:10A4D0009D40D440431E98412543D14028438CE7FA
:10A4E00002982843DAD101000190B3E50298F5F70C
:10A4F00043FF070018371F2FD7DD02990838814026
:10A500002800DAE70C001F3FFC400023202A03D07C
:10A5100040339B1A99400B0003435A1E934120007D
:10A520000021184369E70C4BE71B194082E619002C
:10A53000100062E7614601911900100082E71900DE
:10A5400018001F0086E50021080083E50B008FE559
:10A55000FF070000FE070000FFFF7FFF0B0070B544
:10A56000114E0C0349000200240B0020490DDD0FA1
:10A57000B14204DD0D48814202DD0D4BE81870BD8B
:10A580008020400320430B4C641A1F2C08DC0A4E29
:10A59000E240891988401043002DF0D04042EEE798
:10A5A000064B5B1AD840F7E7FE0300001D040000CD
:10A5B000FFFFFF7F33040000EDFBFFFF13040000EB
:10A5C000FE2270B54400240E4302611C5D0AC60FD2
:10A5D00011420DD0E0229200A4181B0B6D071B0343
:10A5E0001B0B2405F6071C4334432800210070BDD3
:10A5F000002C18D12300002DF1D02800F5F7BCFE67
:10A600000A280ADC0B232A001B1ADA401300020076
:10A6100015329540094C241AE1E703000B3B9D409D
:10A620002B002500F6E7002D06D01A0B80231B0314
:10A630006D071343024CD2E72B00FBE789030000B0
:10A64000FF0700000A03F0B5520A4B00460F5B0DEE
:10A650001643304A5D1CCC0FC700154241D02E4A2C
:10A660009D18FE2D54DC002D32DC2A0017324BDB06
:10A670008021090431431E26761B1F2E16DC274A33
:10A680009B183A009F409940781E8741F2400F4343
:10A690003A430023510739D00F211140042935D006
:10A6A0000432510132D50133002228E00222080091
:10A6B0005242521BD04002000020202E03D01848E6
:10A6C0001B18994008003843431E98410243E0E7B5
:10A6D0008201531E9A41F6007F0F32432B003A430A
:10A6E000D8E73A003243002B03D1002A07D00122D9
:10A6F000D6E7FF23002A02D08022D2033243D805B6
:10A700001043E4072043F0BD0023F0E7D208F6E74A
:10A71000FF23C9E7FE07000080FCFFFF82FCFFFF6C
:10A72000A2FCFFFFF0B50F0087B006000490F80F01
:10A7300003901803000B5C000290600D0190D80F8D
:10A74000844618480D0349002D0B490D059281429E
:10A7500007D12C00012034431FD1019C8C421CD115
:10A7600002E0019C844204D1029802430120002AA5
:10A7700013D1019B012099420FD1029B9D420CD124
:10A78000049B059A934208D1039B634507D0002997
:10A7900003D128003043431E984107B0F0BD00208C
:10A7A000FBE7C046FF070000F0B587B000900191BD
:10A7B00000990198049101992C4F0903090B8C46CB
:10A7C0000199C50F4900490D1C03580003910592DA
:10A7D000240B400DDE0FB94203D1674600990F43A9
:10A7E00035D12249884202D1270017432FD10027B3
:10A7F0000399B94205D16146009F0F4339004F428A
:10A800004F41002825D12243002F06D0002A2AD00C
:10A810000120002E27D1023825E0002A1BD101207B
:10A82000002D20D040421EE0039B8342F0DBA44574
:10A83000F5D808D1049B059A9342F0D8049B059A59
:10A84000002093420FD20120002D0CD1E3E702201B
:10A85000E8E7002FDCD1AE42E1D1039B8342E3DD88
:10A860000120002EDED107B0F0BDC046FF0700007A
:10A87000F0B587B000900191009901980491019979
:10A880002C4F0903090B8C460199C50F4900490D4E
:10A890001C03580003910592240B400DDE0FB942B2
:10A8A00003D1674600990F4335D12249884202D12E
:10A8B000270017432FD100270399B94205D16146DC
:10A8C000009F0F4339004F424F41002825D12243BA
:10A8D000002F06D0002A2AD00120002E27D10238CE
:10A8E00025E0002A1BD10120002D20D040421EE08F
:10A8F000039B8342F0DBA445F5D808D1049B059A5D
:10A900009342F0D8049B059A002093420FD2012075
:10A91000002D0CD1E3E7022009E0002FDCD1AE428C
:10A92000E1D1039B8342E3DD0120002EDED107B09D
:10A93000F0BDC046FF0700000EB48123F0B500262D
:10A940009CB021AD02AC9B0080CDA3811B960290F0
:10A950000690F5F73BFD0B4B03900B9301230790FB
:10A9600009485B42E3813A002B00210000680F9602
:10A970001496019500F0BEFB1CB0F0BC08BC03B0FF
:10A980001847C0468DA90410882A0020002070476F
:10A9900070B50600140008001A009AB0002C05DA01
:10A9A0008B230120336040421AB070BD8223694678
:10A9B00000259B008B81199500900490AC4200D03B
:10A9C000651E01235B42CB8130001E9B8D604D6173
:10A9D00000F030FA431C01DA8B233360002CE3D003
:10A9E0000022009B1A70DFE713B5044C009313009C
:10A9F0000A0001002068FFF7CBFF16BD882A00205F
:10AA000030B500240139A24201D1002005E0035DE8
:10AA100001340D5DAB42F6D0581B30BD10B58842F5
:10AA200002D98B18984208D300239A4207D0CC5CF5
:10AA3000C4540133F9E78B5C8354013AFBD210BD57
:10AA400003008218934200D1704719700133F9E76F
:10AA5000F0B50022040003270A4EA35CF05C3840E6
:10AA6000012800D12033885C355C3D40012D00D1A8
:10AA700020301D1A834203D101320028EDD1F0BDF0
:10AA80002800FCE7013F0610C9B20378002B04D070
:10AA90008B4200D170470130F7E74B4259414942A0
:10AAA0000840F7E7030030B51D00002A06D00C78F7
:10AAB000013A01332C700131002CF5D100219A1894
:10AAC000934200D130BD19700133F9E703004118FA
:10AAD0008B4202D01A78002A01D1181A704701332C
:10AAE000F6E770B50024CDB2C9B2A14206D1290063
:10AAF000FFF7CAFF040006E01C00581C2900FFF7FE
:10AB0000C3FF031EF8D1200070BD0A7830B5002ABB
:10AB10000CD130BD9A4208D10123CC5C002CF8D076
:10AB2000C55CA54201D10133F7E701300378002B62
:10AB3000F0D11800EDE70000014B18687047C046DF
:10AB4000882A00207047704710B500F00AF810BD41
:10AB500010B5FFF763FF10BD10B5002200F08EFFA7
:10AB600010BD002310B59A4200D110BDCC5CC45476
:10AB70000133F8E770B505000C1E10D0043C2368C3
:10AB8000002B00DAE418280000F0E0F81D4A1368F2
:10AB9000002B05D163601460280000F0DFF870BD61
:10ABA000A34208D9206821188B42F3D119685B6849
:10ABB00009182160EEE71A005B68002B01D0A34260
:10ABC000F9D911685018A0420BD120680918501803
:10ABD00011608342E0D118685B68411811605360CE
:10ABE000DAE7A04202D90C232B60D5E720682118B0
:10ABF0008B4203D119685B68091821606360546057
:10AC0000CAE7C046B424002070B50F4E0D0031686D
:10AC10000400002902D100F01FFF3060290020004D
:10AC200000F01AFF431C03D101256D42280070BDBE
:10AC30000323C51C9D43A842F8D0291A200000F028
:10AC40000BFF0130F2D1EFE7B0240020F7B503226B
:10AC5000CB1C9343083305001F000C2B34D20C2768
:10AC6000B94233D8280000F071F8374E33681C0021
:10AC7000002C2FD139002800FFF7C6FF0400431C29
:10AC80005FD134680094009B002B4AD1002C52D035
:10AC900023682800E3180099019300F0DDFE019B72
:10ACA000834248D123682800FF1A3900FFF7ACFF20
:10ACB000013040D02368DB19236033685A68002ACA
:10ACC00033D1009B336019E0002BC9DA0C232B60D1
:10ACD0000020FEBD2168C91B20D40B290AD9E21926
:10ACE0002760A34204D1326063681160536005E0BD
:10ACF0005A60F9E76268A3420ED13260280000F082
:10AD00002DF8200007220B30231D9043C21A9842D1
:10AD1000DFD01B1AA350DCE75A60EFE7230064681A
:10AD2000A6E7009C63680093ADE71A005B68A34246
:10AD3000FBD10023DAE70C2328002B6000F00EF88B
:10AD4000C6E70760DAE7C046B424002010B5024821
:10AD5000FFF7F8FE10BDC046AC24002010B5024835
:10AD6000FFF7F1FE10BDC046AC240020F0B58E68A0
:10AD700085B01F000C00330002900392BE4254D8ED
:10AD80000C22885E9022D20010422CD00322096946
:10AD900023685B1A019363695343019ADD0FED1831
:10ADA0007B1C6D109B182A00AB4201D91D001A00B4
:10ADB000400527D511000298FFF748FF061E2AD04C
:10ADC000019A2169FFF7CDFEA289194B1A40802311
:10ADD0001343A381019B2661F618266065613E003E
:10ADE000ED1A3B00A5601F003A0003992068FFF7A9
:10ADF00015FE0020A3689B1BA3602368DB1923605A
:10AE000005B0F0BD029800F04BFE061EE2D12169AC
:10AE10000298FFF7AFFE0C230120029A4042136014
:10AE2000A28934331343A381EAE73E00DCE7C0463E
:10AE30007FFBFFFFF0B59FB002901C008B890E00D6
:10AE400015001B0611D50B69002B0ED14021FFF711
:10AE5000FDFE30603061002805D10C23029A13609A
:10AE600001204042D4E0402373610023292102AA3B
:10AE700052180B9320331370013102AA1033521869
:10AE8000137005942C002378002B01D0252B48D17A
:10AE9000671BAC420BD03B002A0031000298FFF741
:10AEA00065FF013000D1AEE00B9BDB190B932378DB
:10AEB000002B00D1A7E00122532100235242079228
:10AEC00002AA5218651C06930993089313701C93E9
:10AED000554F29780522380000F0D7FD6C1C0699E3
:10AEE00006AB00281FD1CA0604D55327202202A88A
:10AEF000C01902700A0704D553272B2202A8C019D3
:10AF000002702A782A2A15D02C0000200A27DA6835
:10AF10002178651C3039092950D9002811D00992AF
:10AF20000FE00134AFE70123C01B83400B43250032
:10AF30000693CDE7059A101D12680590002A37DBAD
:10AF4000DA6022782E2A0CD162782A2A3BD1059A1F
:10AF50000234111D12680591002A01DA01225242C1
:10AF60005A60324D03222800217800F08EFD06AF92
:10AF7000002806D04023401B8340069A0134134327
:10AF80000693217806222A48651C397600F07DFD5B
:10AF900000283FD0274B002B29D10722059B0733E0
:10AFA0009343083305930B9B03995B180B9369E755
:10AFB0005242DA6002220A430692C2E77A432C0028
:10AFC00001205218A4E700220A205A601100130041
:10AFD00001342278651C303A092A03D9002BC0D0ED
:10AFE0000791BEE741432C0001238918F1E705AA28
:10AFF000009239003200104B029800E000BF03902D
:10B00000039B0133CFD1B3890B985B0600D527E7AB
:10B010001FB0F0BD05AA009239003200064B02981D
:10B0200000F03AFAEBE7C046014006100740061070
:10B030000B400610000000006DAD041070B5140048
:10B040004B1C03D101256D42280070BD938920223D
:10B050009343626BA381CEB26368CDB2002A10D055
:10B06000A26B9A4207DD2368013B23601E70636870
:10B0700001336360E8E7210000F0B0FC0028F2D063
:10B08000E0E721692268002907D0914205D2511ECC
:10B090000878A84201D12160EAE723642300443301
:10B0A00063630323A36323004633E2631E702360BC
:10B0B0000123DEE710B50C00496B00290ED02300F8
:10B0C0004433994201D0FFF755FD0020236C6063A3
:10B0D0006360834202D0E36B236010BD23690120CB
:10B0E00023600023A289636020331343A38140427D
:10B0F000F3E70000F0B5AA4C0D000021A544019033
:10B10000BE204891499105A94A91A64945AC400005
:10B110002150A54904302150049313780293002B49
:10B1200000D13BE1A14E0820F15C0823571C0B40E5
:10B1300001421CD06B68002B10DD08212B681A78A7
:10B14000B25C0A4201D13A00E7E7226901330132D9
:10B1500022616A682B60013A6A60EBE7C0235B00FA
:10B160002900E358019898470028E6D0EBE70299B8
:10B17000252962D1A360236053782A2B02D11A3B80
:10B180002360971C3E000A223178771C0B00303B6D
:10B19000092B1FD9864B03221800039300F075FC7E
:10B1A000002807D0039B3E00C01A01238340226879
:10B1B000134323603378771C782B06D8572B10D88D
:10B1C000252B3AD034D8002B55D00323A361073365
:10B1D000636077E0A3683E005343303B5B18A36095
:10B1E000D2E7180058382028EFD8F5F7F7F84B00C9
:10B1F000EEFFEEFF6000EEFFEEFFEEFFEEFFEEFF74
:10B20000EEFFEEFF89005E00240024002400EEFF24
:10B210005500EEFFEEFFEEFFEEFF910059004700F4
:10B22000EEFFEEFF8F00EEFF5E00EEFFEEFF4B0045
:10B23000453B022BC9D8052335E06B68002B0EDD9A
:10B240002B6802991A788A4200D0A7E001336A6815
:10B250002B602369013A01336A60236173E7C023DD
:10B260005B002900E358019898470028E8D04898E7
:10B27000002800D08AE0012040428BE02022216893
:10B280000A4322608022216892000A432260102231
:10B2900046926E2B06D801E000234693032302E07A
:10B2A0000823469304234B930CE00A22F0E739006D
:10B2B00005A800F059FB40232268070013432360D0
:10B2C0000123A3616B68002B31DD23685B0608D482
:10B2D000C02676002B6835491A788A5C08210A4214
:10B2E0002ED14B9B022B3DDC2A002100019804ABA0
:10B2F00000F0DEF9012851D0022800D023E7B6E79C
:10B3000040232268134323600023DAE70223CAE7BD
:10B310002268D30600D516E7049B2169181D049006
:10B320001B68D60701D519800DE719600BE7C0230C
:10B330005B002900E358019898470028C5D096E79C
:10B340002269013222616A68013A6A60002A02DDDC
:10B3500001332B60BEE72900A359019898470028C4
:10B36000B8D084E7042B06DC2A002100019804AB46
:10B3700000F0FEF9BEE70F4B002B00D1E3E62A00F8
:10B380002100019804AB00E000BFB3E7AB895B0686
:10B3900000D570E7A7239B009D44F0BD4898F9E7CE
:10B3A00064FDFFFF3DB00410B5B00410013F06106E
:10B3B0000740061000000000F7B5160001938A68E8
:10B3C0000B690C000090934200DA130022003360F6
:10B3D00043321278002A01D00133336023689B0680
:10B3E00002D53368023333602268062315001D40FE
:10B3F0001A4227D0230043331B785A1E93412268F8
:10B40000920630D4220001990098089D4332A84743
:10B41000013025D00622236800251340042B05D1D6
:10B420003368E568ED1AEB43DB171D40A36822691A
:10B43000934201DD9B1AED180026B54220D1002071
:10B4400010E00135E36832689B1AAB42D2DD22007E
:10B45000012301990098089F1932B8470130F0D1B3
:10B4600001204042FEBD3020E11843310870210028
:10B470005A1C45310978A218433202331170C1E7D2
:10B480002200012301990098089F1A32B847013021
:10B49000E6D00136D1E70000F0B58BB006920A0085
:10B4A00043320793059003920A7E0C00109B782A82
:10B4B00009D8622A0BD8002A00D1BAE07A4904914F
:10B4C000582A00D18EE0250042352A7022E0100073
:10B4D00063381528F7D8F4F781FF16001F00F6FF30
:10B4E000F6FFF6FFF6FF1F00F6FFF6FFF6FFF6FF8A
:10B4F0009F0036007E00F6FFF6FFB000F6FF360034
:10B50000F6FFF6FF820025001A684235111D19600A
:10B5100013682B7001239EE018680968021D0D0650
:10B520000BD506681A60002E03DA2D23039A7642A3
:10B5300013705D4B0A27049318E006681A604906E9
:10B54000F1D536B2EFE70868196840C9050602D49C
:10B55000400600D5B6B21960534B0A2704936F2AF0
:10B5600000D1023F2300002243331A706368A360B6
:10B57000002B06DB04212268039D8A4322603343AB
:10B580000CD0039D30003900F4F726FE049B013DEA
:10B590005B5C2B70330006009F42F3D9082F09D162
:10B5A0002368DB0706D5626823699A4202DC3023F0
:10B5B000013D2B70039B5B1B2361079B21000093C4
:10B5C0000598069B09AAFFF7F7FE013048D1012034
:10B5D00040420BB0F0BD202209680A432260782265
:10B5E00032490491210045310A701968226840C926
:10B5F000100602D4500600D5B6B21960D30702D5A2
:10B60000202313432360002E01D01027AAE7202215
:10B61000236893432360F8E71A680D68101D496991
:10B62000186013682E0601D5196002E06D06FBD57F
:10B6300019800023039D2361BFE71A68111D19605B
:10B64000156800212800626800F01FFA002801D068
:10B65000401B6060636823610023039A1370ACE7AA
:10B660002A00236906990598079DA8470130AED0A6
:10B6700023689B0715D4099BE0689842A9DA180053
:10B68000A7E72200012306990598079E1932B047C3
:10B6900001309CD00135E368099A9B1AAB42F0DC7B
:10B6A000E9E70025F7E7C0461240061023400610E0
:10B6B000F7B515008A680C000190002A04D18A6948
:10B6C000002A17D10132A2602268D20603D41A6878
:10B6D000111D196017680026A069002816D00128DE
:10B6E0000BD12B6862691B78D35C002B0ED1002E26
:10B6F0003BD029E001225242E5E7022824D12B6801
:10B700001A4A1B78D35C082213421DD110222368E9
:10B710000136134203D12B681B783B7001372A682E
:10B720006B6801322A60A268013B013A6B60A2603B
:10B73000002A09D0002BCFDCC0235B002900E3588E
:10B74000019898470028C7D022681023110019409B
:10B750001A4206D1E3680133E360A369002B00D0ED
:10B760003970002023699B192361FEBD013F06103B
:10B77000F0B58BB00193764B1600049007AAA1CBCD
:10B78000A1C2744A8B690C000592032B01D1724B44
:10B790000593AE220020A3685200591E03909142E7
:10B7A00005D95E3BFF3B03935E23FF33A360230079
:10B7B0001C330093D023002722681B01134323600E
:10B7C000009B0293336807A81978BB00022218581F
:10B7D00000F05BF9002829D0012F5DD16368002BB0
:10B7E00006D1083322686360F933FF3313432360C3
:10B7F00023685A4A13402360A3685A1EA260002B94
:10B8000014D033685A1C32601B78029A1370736824
:10B81000551C013B7360002B07DCC0235B0031002B
:10B82000E3580498984700287DD102950137032FEB
:10B83000C8D16368002B01D10A33636000274849EF
:10B840006069C91A00F090F8029DA368206802930D
:10B85000002B3FD0316863690A789B5C002B39D09C
:10B86000302A28D180231B01184224D0039B0137A2
:10B87000002B05D01A00029B013A01330392A3600A
:10B880007368013B7360002B1CDD33680133336048
:10B89000A368013BA360D8E7022FADD1C02380216C
:10B8A0002268DB00134089008B42C2D11023636001
:10B8B000F03313439FE72B4B034023600B782B702F
:10B8C0000135DDE7C0235B003100E3580498984759
:10B8D0000028DDD02368DB050ED5009B9D4207D9EB
:10B8E000BE23013D5B0032002978E3580498984755
:10B8F000009B01209D4228D0216810230A001A4095
:10B9000019421BD12A70636800990498059EB047BC
:10B91000019B21681B681A1D8E0606D501990A60D5
:10B920001B68186007E00027D4E7CE07F6D5019919
:10B930000A601B681880E3680133E3600020009B05
:10B94000ED1A2369ED195B1923610BB0F0BDC046F8
:10B95000C01C06101DBD041015BC0410FFFAFFFF2B
:10B9600044400610FFF6FFFF70B50B7804005E2B15
:10B9700019D04D1C00212200601CFF3011700132D3
:10B980008242FBD1681E002B26D001264E402800A3
:10B99000E6540178451C2D2909D05D291BD00029CA
:10B9A0001AD00B00F3E74B788D1C0121E3E74278B6
:10B9B0005D2AF6D09342F4DC19000230013166545E
:10B9C0008A42FBDC934203DB00220133D318E0E719
:10B9D000D21A013AF9E7280070BD00000B00F7B554
:10B9E0004D6B44330C009D421CD18026F600310083
:10B9F000FFF72CF9002802D101204042FEBD2300B0
:10BA00006063A66346331A78104BC2542300453353
:10BA10001A780F4BC2542A780E4BC254C0182060BB
:10BA20000020EBE78E6B290073001A00019300F0F1
:10BA300037F8051EE0D08719010032003800FFF703
:10BA400090F8019B27606563A363E9E7FF030000AB
:10BA5000FE030000FD030000002370B5064D040046
:10BA600008002B60F7F706FC431C03D12B68002B62
:10BA700000D0236070BDC046A82400200B0010B584
:10BA800011001A00FEF7DCFF10BDC9B28218904207
:10BA900001D10020704703788B42FBD00130F6E7DC
:10BAA000F7B506000C001500002905D11100FFF7BD
:10BAB000CDF804002000FEBD002A03D1FFF75AF89C
:10BAC0002C00F7E700F02EF90700854202D8430862
:10BAD000AB42EFD329003000FFF7B8F801900028FF
:10BAE00001D1019CE6E72A00BD4200D93A002100BD
:10BAF0000198FFF736F821003000FFF73BF8F0E738
:10BB0000F0B585B017001E0003900191242B23D8B7
:10BB10000C00012B20D03D4B08229C46230061469F
:10BB20001D780134485D010011401042F6D12D2DE1
:10BB300019D125789C1C01230093102233009343D4
:10BB40001DD1302D15D1202123788B43582B10D1B6
:10BB500065780234102612E0FEF7EEFF162303602C
:10BB6000002005B0F0BD00912B2DE6D125789C1C5E
:10BB7000E3E7002EEED10A36302D00D1023E244AF2
:10BB8000009B94466344310018000293F4F724FBB1
:10BB90000022844610002B00303B092B11D81D00D9
:10BBA000AE421DDD531C09D001225242844505D30B
:10BBB00001D1A94211DB01227043281825780134F4
:10BBC000E9E72B00413B192B01D8373DE8E72B0073
:10BBD000613B192B04D8573DE2E701225242EDE7C1
:10BBE000531C08D12223039A02981360002FB8D067
:10BBF000631E019307E0009B002B00D04042002F02
:10BC0000AFD0002AF4D1019B3B60AAE7013F0610A8
:10BC1000FFFFFF7F10B5FFF773FF10BDF0B51E00EB
:10BC20003D4B17000C009C46082285B00390009104
:10BC3000230061461D780134485D01001140104227
:10BC4000F6D12D2D12D125789C1C012302931022B0
:10BC50003300934316D1302D0ED1202123788B430E
:10BC6000582B09D16578023410260BE002912B2D58
:10BC7000EDD125789C1CEAE7002EF5D10A36302D4F
:10BC800000D1023E012031004042F4F769FA0190F0
:10BC9000012031004042F4F79FFA002318002A00E7
:10BCA000303A092A12D81500AE421EDD5A1C0AD0BD
:10BCB0000123019A5B42824205D301D1A94211DBE3
:10BCC00001237043281825780134E8E72A00413A17
:10BCD000192A01D8373DE7E72A00613A192A04D822
:10BCE000573DE1E701235B42EDE75A1C07D12222D1
:10BCF000039918000A60002F09D105B0F0BD029A1F
:10BD0000002A00D04042002FF7D0002B01D0631E44
:10BD10000093009B3B60F0E7013F061010B5FFF772
:10BD20007DFF10BD0B1F1B68181F002B01DA0B587D
:10BD3000C018704770B5041C00F048FA211C051C9F
:10BD4000201CFDF711F9002810D1201C00F076F816
:10BD5000FE218905F4F772FA002807D0FEF7ECFE01
:10BD600021230360024800F0EDF8051C281C70BD7B
:10BD7000F81C061070B5041C00F08AFB051C201C82
:10BD800000F0D8F800280BD00D49201CF4F756FA23
:10BD9000002807D10B49201CF4F73CFA002808D1F1
:10BDA000281C70BDFEF7C8FEFF252223ED050360A9
:10BDB000F6E7FEF7C1FE222300250360F0E7C04648
:10BDC0001772B142B5F1CFC210B51B4A430082B021
:10BDD0005B08934218D9FF22D205934204D3011C79
:10BDE000FCF740FF02B010BD694600F075FC03236C
:10BDF000019903400098012B11D0022B08D0002B91
:10BE000015D100F0A3F8EDE7002100F09FF8E9E775
:10BE100000F09CF880231B069C466044E2E7012268
:10BE200000F05CF980231B069C466044DAE701229F
:10BE300000F054F9D6E7C046D80F493F400040080B
:10BE40007047C046F8B506000F0014001D0000F052
:10BE50003DF8002802D129002000F8BD200029006B
:10BE600000F034F8002807D022002B003000390001
:10BE7000F4F76EFA002802D034003D00EBE726000C
:10BE80002F0034003D00E6E7F8B506000F0014006F
:10BE90001D0000F01BF8002802D129002000F8BD89
:10BEA0002000290000F012F8002807D022002B0003
:10BEB00030003900F4F738FA002802D034003D0091
:10BEC000EBE726002F0034003D00E6E70B00010001
:10BED00030B5020083B019431ED0802109068B4281
:10BEE00016D01148590049080D181048854215D937
:10BEF000802503206D03AB4208D3802424061C193F
:10BF0000AC4203D30A4C0020A14209D003B030BD9B
:10BF1000431E98410230F9E70220F7E70420F5E7D5
:10BF200050425041F2E7C0460000F0FFFFFFDF7FC4
:10BF30000000F07FFF234000DB054008984280416D
:10BF400040427047004870470000C07FF8B5474640
:10BF5000CE46C823460080B5051C0F1C76089B05FD
:10BF60009E4248D2FDF714F8002800D19FE0291C1A
:10BF7000281CFCF77FFD4F49041CFCF77BFD4E4954
:10BF8000FCF778FA211CFCF775FD4C49FCF76AFEBA
:10BF9000211CFCF76FFD4A49FCF76CFA211CFCF7E9
:10BFA00069FD4849FCF75EFE211CFCF763FD46492C
:10BFB000FCF760FA211CFCF75DFD8046FC21201C8B
:10BFC0008905FCF757FD4146061C201CFCF752FD75
:10BFD000391C041C281CFCF74DFD011C201CFCF71F
:10BFE00041FE011C301CFCF73DFE011CFE208005BB
:10BFF000FCF738FE53E0011CFCF73CFD2D49041C06
:10C00000FCF738FD2C49FCF735FA211CFCF732FD12
:10C010002A49FCF727FE211CFCF72CFD2849FCF7D8
:10C0200029FA211CFCF726FD2649FCF71BFE211CE2
:10C03000FCF720FD2449FCF71DFA211CFCF71AFD32
:10C04000224B80469E42B9D9214B9E422BD8FF23DA
:10C050001B069C46FE206644311C8005FCF702FE50
:10C060008146FC21201C8905FCF704FD311CFCF7EE
:10C07000F9FD4146061C201CFCF7FCFC391C041C85
:10C08000281CFCF7F7FC011C201CFCF7EBFD011C35
:10C09000301CFCF7E7FD011C4846FCF7E3FDC0BC83
:10C0A000B946B046F8BD0B4B0B4E9946D9E7FE207A
:10C0B0008005F4E74ED747ADF6740F317CF2933428
:10C0C000010DD037610BB63AABAA2A3D9999993E3A
:10C0D0000000483F0000383F0000903EF8B547465A
:10C0E000CE4680B51700C8224300041C0E1C5B0816
:10C0F0009205934205D2FCF74BFF0300201C002B56
:10C1000032D0211C201CFCF7B5FC051C011C201C96
:10C11000FCF7B0FC27498046281CFCF7ABFC2649FD
:10C12000FCF7A0FD291CFCF7A5FC2449FCF7A2F9AB
:10C13000291CFCF79FFC2249FCF794FD291CFCF705
:10C1400099FC2049FCF796F98146002F10D1011C7B
:10C15000281CFCF78FFC1C49FCF784FD4146FCF7CA
:10C1600089FC211CFCF786F9C0BCB946B046F8BD75
:10C17000FC21301C8905FCF77DFC4946071C404624
:10C18000FCF778FC011C381CFCF76CFD291CFCF743
:10C1900071FC311CFCF766FD0B49051C4046FCF7A1
:10C1A00069FC011C281CFCF765F9011C201CFCF72C
:10C1B00059FDD9E7D3C92E2F342FD7321BEF38368C
:10C1C000010D50398988083CABAA2A3EFE22F8B5F9
:10C1D00043000100041C5B089205934211D00AD869
:10C1E000FC229205934211D28C229205934200D9EF
:10C1F0007EE0984804E0FCF735FD011CFCF7B6FA38
:10C20000F8BD0020002CFBDC9348F9E7002800DA99
:10C21000C1E0FE208005FCF725FDFC218905FCF727
:10C2200029FC041C00F0F6FB8C49061C050B201CA5
:10C23000FCF720FC8A49FCF71DF9211CFCF71AFCCD
:10C240008849FCF70FFD211CFCF714FC8649FCF71C
:10C2500011F9211CFCF70EFC8449FCF703FD211C9D
:10C26000FCF708FC8249FCF705F9211CFCF702FCED
:10C270008049071C201CFCF7FDFB7F49FCF7F2FC02
:10C28000211CFCF7F7FB7D49FCF7F4F8211CFCF7B7
:10C29000F1FB7B49FCF7E6FC211CFCF7EBFBFE21E4
:10C2A0008905FCF7E7F8011C381CFCF75FFA311C24
:10C2B000FCF7E0FB2D03071C291C281CFCF7DAFB0C
:10C2C000011C201CFCF7CEFC291C041C301CFCF7B4
:10C2D000D1F8011C201CFCF749FA011C381CFCF7A2
:10C2E000C9F8291CFCF7C6F8011CFCF7C3F887E75E
:10C2F000FCF7C0FB5949051CFCF7BCFB5849FCF78F
:10C30000B9F8291CFCF7B6FB5649FCF7ABFC291C15
:10C31000FCF7B0FB5449FCF7ADF8291CFCF7AAFB6D
:10C320005249FCF79FFC291CFCF7A4FB5049FCF781
:10C33000A1F8291CFCF79EFB4E49061C281CFCF7A3
:10C3400099FB4D49FCF78EFC291CFCF793FB4B49EC
:10C35000FCF790F8291CFCF78DFB4949FCF782FC9F
:10C36000291CFCF787FBFE218905FCF783F8011CDB
:10C37000301CFCF7FBF9211CFCF77CFB011C41483D
:10C38000FCF770FC011C201CFCF76CFC011C3E48F7
:10C39000FCF768FC34E7FE218905FCF76BF8FC210B
:10C3A0008905FCF767FB2D49041CFCF763FB2C494E
:10C3B000FCF760F8211CFCF75DFB2A49FCF752FCF6
:10C3C000211CFCF757FB2849FCF754F8211CFCF70B
:10C3D00051FB2649FCF746FC211CFCF74BFB24498A
:10C3E000FCF748F8211CFCF745FB2249051C201CE2
:10C3F000FCF740FB2049FCF735FC211CFCF73AFB1D
:10C400001E49FCF737F8211CFCF734FB1C49FCF7EC
:10C4100029FC211CFCF72EFBFE218905FCF72AF8DC
:10C42000061C201C00F0F6FA311C041C281CFCF72A
:10C430009DF9211CFCF71EFB1249FCF713FC211C83
:10C44000FCF718F8011CFCF715F8011C0F48FCF765
:10C4500009FCD5E6DB0FC93FDB0F494008EF113877
:10C46000047F4F3A4611243DA80A4E3E90B0A63EA6
:10C47000ABAA2A3E2EC69D3D6133303F2D57014069
:10C4800039D119406821A233DA0FC93FDA0F494088
:10C49000F0B5FF22D6464F46464643000100C0B5E0
:10C4A000041C5B08D20593426AD8C60F934200D1A0
:10C4B000C3E0794A904200DDB3E0002800DAB4E03E
:10C4C000764A934263D9764A934200D9C1E0754BCC
:10C4D000B500E958201CFCF7C5FB734B071CEB5853
:10C4E000012598467540AD1B4146381CFCF7BAFB48
:10C4F000011C041CFCF7BEFA6C49061CFCF7BAFAD6
:10C500006B49FCF7AFFB311CFCF7B4FA6949FBF748
:10C51000B1FF311CFCF7AEFA6749FCF7A3FB311CF5
:10C52000FCF7A8FA6549FBF7A5FF311CFCF7A2FA56
:10C53000011C201CFCF796FB011C8246061C201CDB
:10C54000FCF798FA8146002D54D08020311CC0059C
:10C55000FCF788FB011C4846FCF708F9011C404623
:10C56000FCF780FB391CFCF77DFB011CFE208005DD
:10C57000FCF778FB2B007D3363DBED05281801E029
:10C58000FBF778FFE0BCBA46B146A846F0BDD02222
:10C590009205934209D24A49201CFBF76BFFFE210A
:10C5A0008905F3F74BFE002870D1211C201CFCF7F5
:10C5B00061FA3E49051CFCF75DFA3D49FCF752FB68
:10C5C000291CFCF757FA3B49FBF754FF291CFCF7E1
:10C5D00051FA3949FCF746FB291CFCF74BFA37495D
:10C5E000FBF748FF291CFCF745FA011C201CFCF74F
:10C5F00039FB82465146201CFCF73CFA8021051C81
:10C60000C9055046FCF72EFB011C281CFCF7AEF8B0
:10C61000211CFCF727FB011CFE208005FCF722FBF8
:10C62000B0E7002000F0F0F9ACE7264A934200D8CA
:10C6300046E7002000F0E2F9A4E7002EA2D0002097
:10C64000A0E7D8216435ED0528180905FCF712FA92
:10C6500098E71D49201CFCF70DFA1C4BB600F15859
:10C66000FBF708FFFCF794FC0500FCF7AFFC18494A
:10C67000061CFCF7FFF9011C201CFCF7F3FA154916
:10C68000071C301CFCF7F6F980462DE7FE21201C24
:10C690008905FBF7EFFE75E71772B1421872B13EDC
:10C6A0009115853F58400610504006104CBB313361
:10C6B0000EEADD3555B38A38610B363BABAA2A3E0C
:10C6C000CAF24971B5F1CF423BAAB83F60400610AB
:10C6D0008071313FD1F71737F0B545464E46DE46FB
:10C6E0005746E0B5AB4B45000E00804689B0041CB0
:10C6F0006D089D4200D874E0A74B9D4222D8A74DFB
:10C70000A7490540002800DC1DE1FCF7ABFAA54B6A
:10C71000041C9D4200D170E0A349FCF7A3FA011C60
:10C72000051C201CFCF79EFA9F49FCF79BFA012789
:10C7300035607060380009B0F0BCBB46B246A9460F
:10C74000A046F0BD994B9D4267D9FF23DB059D4272
:10C750004CD2EC15863CE705EF1B381CFCF718FCA7
:10C76000FCF734FC011C0590381CFCF77BFA872190
:10C77000C905FCF77FF98146FCF70AFCFCF726FCAB
:10C78000011C0690071C4846FCF76CFA8721C90576
:10C79000FCF770F90021079005ADF3F735FD00288F
:10C7A00000D1CEE00021381CF3F72EFD4342434177
:10C7B00001337F4A310001920222280000922200B8
:10C7C00000F09EF943460700002BB3DA80221206E0
:10C7D00094463368474263443360736863447360CC
:10C7E000A8E70023002708604B60A3E7011CFCF7C3
:10C7F00039FA0027706030609CE76E49FCF732FA26
:10C800006D49041CFCF72EFA011C051C201CFCF7CA
:10C8100029FA6949FCF726FA89E7FFF70FFB674910
:10C820008146FCF727F9FC218905FBF723FEFCF77D
:10C83000AFFB0700FCF7CAFB59498346FCF71AF91E
:10C84000011C4846FCF70EFA574982465846FCF749
:10C8500011F9011C02905046FCF704FA81461F2F83
:10C8600020DC574A791E8900564B8A582340934250
:10C8700018D04B46494633605046FCF7F3F902990D
:10C88000FCF7F0F943467060002B00DB52E7802391
:10C890001B064B44336080231B069C46604470603B
:10C8A0007F4247E74B46FF24DB0DED152340EB1A93
:10C8B000082BDEDD3F495846FCF7DCF88146011CB9
:10C8C0005046FCF7CFF9011C03905046FCF7CAF91B
:10C8D0004946FCF7C7F9814637495846FCF7CAF87C
:10C8E0004946FCF7BFF9039B0290011C181C9A46AD
:10C8F000FCF7B8F9C30D1C4081462D1B192DB8DD7E
:10C9000031495846FCF7B6F8039D041C011C281C4D
:10C91000FCF7A8F9011C8246281CFCF7A3F9211C8E
:10C92000FCF7A0F92949041C5846FCF7A3F8211C80
:10C93000FCF798F9011C02905046FCF793F98146E8
:10C9400097E7032335E7FBF795FD164B071C9D4240
:10C950000FD01549FBF78EFD011C041C381CFCF799
:10C9600081F91149FBF786FD0127346070607F4231
:10C97000E0E61049FBF77EFD0F49051CFBF77AFD49
:10C98000011C041C281CFCF76DF90B49FBF772FD18
:10C99000EAE7C046D80F493FE3CB1640F0FFFF7FE0
:10C9A000800FC93FD00FC93F43443537800F4943FB
:10C9B000E84006100044353708A3852E84F9223F4D
:10C9C0006840061000FFFF7F00A3852E32318D24C2
:10C9D00070B50D00041CFEF7AFF80560201C70BD9B
:10C9E00010B50B1C002802D080231B06CB18181C86
:10C9F000FCF740F82221FFF7EBFF10BD802110B5B6
:10CA00004905FFF7EDFF10BDE02110B5C905FFF79F
:10CA1000E7FF10BDF0B5FF21C6464300020000B598
:10CA2000041C5B08C9058B4251D2002B4CD0002856
:10CA300056DBC315014208D18021002309045200AE
:10CA40001C0001330A42FAD0634280241E005202C5
:10CA5000520A24047F3E1443DB073FD5802219216C
:10CA600000270025761064005204A8182300A04275
:10CA700002DC8518231ABF1801395C00520800290E
:10CA8000F3D1002B19D01C4C1C4D20682968236859
:10CA90009846FCF7E7F8011C4046F3F7C5FB002871
:10CAA0000BD020682968FBF7E5FC2468011C201CDA
:10CAB000F3F7B0FB00281AD00237FC239B059C46F5
:10CAC0007F106744F005C01980BCB846F0BD011C5A
:10CAD000FBF7D0FF211CFBF7CDFCF5E76400BDE7B9
:10CAE000011CFCF7BFF8011CFBF740FEECE701233B
:10CAF00001379F43E1E7C046044406100044061096
:10CB0000F0B5DE4657464E464546E0B5DFB00390E9
:10CB100018000B9168990893D94B14000D928A0064
:10CB2000D1580300013B8B4622000293231D00DAFB
:10CB3000C8E20723033AD1170B409B18DB1006937A
:10CB40000133DB000C930C9A0D9B9B1A0493069AFD
:10CB5000029BD41A5A46D6180ED40136699F22ADCC
:10CB600036190020002C03DBA300F858FCF72EFA3E
:10CB7000013401C5B442F4D15B464AAD002B1ADB47
:10CB8000029B22A9884699469F00089BB8445B44B3
:10CB90000593039B00219C462A0040464B460437E0
:10CBA0006744029C002C00DBC4E1059C013302C2F7
:10CBB0000430A342F5D15B460DAA9B00D2180A921D
:10CBC0000EAA9446699A083B63449446089A0993CE
:10CBD000069B9600039A9B00634494465A46DA46A5
:10CBE0009B466644059206955346069A9B00D45888
:10CBF00001935346002B26DDA24BB14653449B00C4
:10CC0000D7180EAB90461E00EE21201C8905FBF7BD
:10CC100031FFFCF7BDF9FCF7D9F98721C905051CDF
:10CC2000FBF728FF011C201CFCF71CF8FCF7B0F9EF
:10CC3000396801C6281CFBF71DFC3B00041C043F9F
:10CC40009845E1D14E46049F201C390000F028FB96
:10CC5000F8218905051CFBF70DFF00F083FB8221FD
:10CC6000C905FBF707FF011C281CFBF7FBFF051C90
:10CC7000FCF78EF98146FCF7A9F9011C281CFBF78B
:10CC8000F1FF8046002F78DD53465A1E92000EAB0E
:10CC9000985808210300C91B0B4199448B400EA9E9
:10CCA000C31A8B5007211800C91B084107900028A0
:10CCB00000DDCEE000214046F3F7A6FA00286FD051
:10CCC000059B9A450FDD0EAA944600226D4B0A98EB
:10CCD00053449B0063441968043B0A438342FAD1DE
:10CCE000002A00D049E1012353449846059B0EAA2F
:10CCF000013B9B00D358002B00D019E10122099B76
:10CD00001968043B01320029FAD052449146069931
:10CD1000089B8C4653449B0022ADEA18019B634458
:10CD20009A464346904601935A46019B9B00D05831
:10CD3000FCF74CF943461860029B002B1BDB454671
:10CD40000027039C296801CCFBF794FE011C381CCA
:10CD5000FBF790FB043D071CB442F3D10422534679
:10CD600094465F60019BE04401330193E2444B45EC
:10CD7000DADDCA4638E70027F0E7049B002B00D134
:10CD8000BBE0FC218905F3F763FA002800D09EE19F
:10CD90000023002140460793F3F736FA00288FD18D
:10CDA0004B460893059B0D9A9B460C9B4046991A4F
:10CDB000069D00F075FA8721C9055746041CF3F754
:10CDC00047FA002800D11BE2EE21201C8905FBF761
:10CDD00051FEFCF7DDF8FCF7F9F88721C905061CC0
:10CDE000FBF748FE011C201CFBF73CFFFCF7D0F8CA
:10CDF000019A0EAB9850049B3C000833301C0493FE
:10CE0000FCF7C6F80134A7000EABD851FE200499F8
:10CE1000800500F045FA002C00DBD4E0689B022B73
:10CE200000DD23E2002B00DD28E2689B0020002BC0
:10CE300005D1079B002B00D0F7E10B9B1860072062
:10CE4000089B18405FB0F0BCBB46B246A946A0465E
:10CE5000F0BD01218C465146E144002900DCF4E19B
:10CE60000EAB1800002152460E9D002D3ED092467A
:10CE700080225200521B02605446FF2007E0C04649
:10CE800034440610FFFFFF3F1A68821A1A6001310E
:10CE900004338C42F8DCA2460125049B002B0DDDF7
:10CEA000012B00D104E1022B08D15346013B9B002A
:10CEB0000EAAD1583F220A400EA9CA50079B022B46
:10CEC00000D0F7E6FE2041468005FBF7CBFE80460A
:10CED000002D00D1EEE6FE200499800500F0E0F977
:10CEE000011C4046FBF7BEFE8046E3E601310433F9
:10CEF0008A4240DD18001D68B7E75346013B0EAA81
:10CF00009B00D358DA1107927F2B00DCD2E6012375
:10CF10009C465346E144002BA2DC079B022B00D029
:10CF2000C8E6FE2041468005FBF79CFE8046C1E630
:10CF3000C146ECE699469046AA4601900025019E1E
:10CF4000039C316801CCFBF795FD011C281CFBF705
:10CF500091FA043E051CBC42F3D1434601C39846F6
:10CF6000019B0433019301239C46059BE1449945B1
:10CF7000E4D155461FE692468FE74A46534608924B
:10CF8000059A5C1E19009346A300049A0EA8C35884
:10CF9000083A069D0492002B0DD10B00BE498C4629
:10CFA000634484469B0063441968043B013C083A8F
:10CFB0000029F9D00492FE200499800500F070F950
:10CFC000002C00DA2AE7A3000EAA1E009446EF18F0
:10CFD0003D00A04603936644041C3068FBF7F6FF4F
:10CFE000211CFBF747FDEE2128608905201CFBF77B
:10CFF00041FD0EAA3300041C043E043D9A42ECD1CC
:10D0000036AB994602930023444698465A464B460F
:10D0100041460194002A00DA91E099469F4BCB46A5
:10D020008846B9469A461700049443460024B846F9
:10D03000002500261F000EE04B461959534618598B
:10D04000FBF718FD011C281CFBF714FA0136051C20
:10D050000434B04501DBB742EEDA3B004746984660
:10D060005B4620C39B4601239C46053BE0449C460F
:10D07000019BE144013B01D30193D6E7049C689BEB
:10D08000022B65DC002B2CDC00D0D8E6029B0020B4
:10D090009C46039E66443168FBF7ECF9029A330024
:10D0A000043E9A42F7D1079B002B00D1C5E6BCE0B5
:10D0B0005346013B9B000EAAD1587F220A400EA97D
:10D0C000CA50FBE608230C93002306933BE501239B
:10D0D0009C46013307935346E144002B00DDBFE635
:10D0E0001FE7029B00259C46039E369F6644281C32
:10D0F0003168FBF7BFF9029A3300043E9A42F7D138
:10D10000079B051C002B00D082E0011C381CFBF79C
:10D11000A9FD0B9B1D60002C0ED0012537AE02CE61
:10D120000135FBF7A7F9AC42F9DA079B002B03D0D6
:10D1300080231B069C4660440B9B58607FE60020C2
:10D1400001C301980131043F013898D3019061E790
:10D15000689B032B00D072E6002C00D18CE0029B70
:10D1600003991A008C4662449C460D1F6544904604
:10D170002E00A946A24617683368381C191C9B4626
:10D18000FBF778F93C1C011C071C5846FBF76AFDAD
:10D19000211CFBF76FF9029B350070603760043E7D
:10D1A000AB42E9D154464D46012C65D043461C683C
:10D1B0002F68201C391CFBF75DF9261C011C041C80
:10D1C000381CFBF74FFD311CFBF754F9029B2E0076
:10D1D00068602C60043DAB42EAD1444600202168DF
:10D1E000043CFBF747F9A642F9D1029B0799369A0E
:10D1F0005B6800291ED10B990A604B6088601EE6AF
:10D20000201CFBF7C5FE019A0EAB3C009850D2E6FD
:10D2100080230B9A1B06C318011C1360381CFBF7F4
:10D2200021FD002C00D078E782E780231B069C4676
:10D23000604402E6802109068C460B9962446344EF
:10D2400060440A604B608860F9E5049901290BD0BD
:10D25000022900D061E63F210B400EA98B50079BAD
:10D26000022B00D026E55CE67F21F5E736AB029382
:10D27000689B032B00D0E2E50020B6E7079B3698B9
:10D28000002B04D080230B9A1B06136050E7002369
:10D290000B9A136050E7C046FEFFFF3F084406109C
:10D2A000420070B5031C0C0006005508002A1AD075
:10D2B000FF21C9058D4217D2014219D19821C90514
:10D2C000FBF7D8FB204A031C94422CDB42001F4989
:10D2D000120E0600193A8C420EDD1D48002B1DDB94
:10D2E0001B49FBF7C7FB70BD011CFBF7C3F8FAE74E
:10D2F0001649120E8C42F0DC1119FE29EDDC0029D2
:10D3000015DC0A00163217DB1931C805CC21114B88
:10D3100089051E403043FBF7ADFBE4E70C490E489E
:10D32000FBF7A8FBDFE70D49FBF7A4FBDBE70948A8
:10D33000C90530400843D6E70848002B00DA084802
:10D340000649FBF797FBCEE7B03CFFFF50C3000058
:10D35000CAF24971FFFF7F80CAF249F16042A20D13
:10D360006042A28DF0B5C64644006708240E7F3C9B
:10D37000060000B5051C162C1CDC8046002C22DBA8
:10D380001A4F2741074211D01949FBF773F80021C2
:10D39000F2F754FF002809D0002D04DA80231B0483
:10D3A00023419846A8444346BB431E00301C80BC22
:10D3B000B846F0BDFF23DB059F42F7D3011CFBF706
:10D3C00059F8061CF2E70A49FBF754F80021F2F776
:10D3D00035FF0028EAD0002D01DB0026E6E7002F0C
:10D3E00002D180263606E1E7024EDFE7FFFF7F002D
:10D3F000CAF24971000080BF10B50CF0C9FF10BD22
:10D4000010B50CF0CFFE10BD08B500226B461A70A7
:10D410000346FA2268460DF05DFA08BD7CB5069D0C
:10D42000079C002805D0860705D1460703D40607C8
:10D4300001D442207CBD002903D0012901D002295A
:10D44000F7D10095019400F041FB7CBDFFB583B09E
:10D4500003980C9D1E4614460F46002804D0012850
:10D4600002D0422007B0F0BD002F01D0012FF8D12B
:10D47000E81F0A28F5D20D981028F2D8A842F0D358
:10D480000E98002801D00128EBD114490F9888424A
:10D49000E7D81098002801D00128E2D1F6F7CCFB9C
:10D4A000012804D02046304305D01120DAE7022CB1
:10D4B000D7D8012ED5D86846039901704770847279
:10D4C000C67285700D99C1700E9901720F98019006
:10D4D0006846109941720FF0B1FDC3E73F420F005B
:10D4E00010B5042801D9422010BD0FF0BBFD10BDBE
:10D4F00010B500F07BFC040002D101200AF0CCFE44
:10D50000204610BD10B5002B03D0032B01D04220C4
:10D5100010BD00F081FC10BD10B50DF033FD10BD45
:10D5200010B50AF049FF10BD70B51C4613460D46F4
:10D53000012C03D0022C03D0422070BD022200E057
:10D5400010221946F6F776F92C70002070BDF0B560
:10D5500087B01C460B46054600A9023101A80C9F66
:10D560000D9EFFF7E1FF00280ED1684605808482FA
:10D570008775C6750E9901760F9941761099817657
:10D580006946119801F0A4FC07B0F0BD70B586B0F3
:10D5900014461D460A4603466946881C0A9EFFF744
:10D5A000C3FF002804D1012C04D0022C02D0422059
:10D5B00006B070BD23462A466946304601F0D2FEC9
:10D5C000F6E710B50022114601F07CFF10BD10B542
:10D5D00002F0C4F910BD38B56D46049C2A806B80FA
:10D5E00023466A4602F070FC38BDF0B585B084462B
:10D5F0000AA8F0C868468581C68103A801900297F1
:10D600000094604602F094FC05B0F0BD10B503F044
:10D61000DDF910BD10B503F0FBF910BD10B503F036
:10D6200011FE1D4C4121206849014118097F002944
:10D630000DD1A0300079C00705D100F0B7FB02F092
:10D6400025F80DF0D5FB03F01DFB10F003FD00F0F5
:10D6500001F92068014640310A78C9798A4319D115
:10D660003E21095C002915D10C490A88120711D501
:10D670000922D2061269497A836AC900591811230E
:10D68000DB01C018806A801A00020012814201DAB0
:10D690000CF020FB10BD000004250020C00000207D
:10D6A00010B5837F0122002492024168082B03D920
:10D6B0004224914202D310E0914201D242240CE074
:10D6C000014634220648F6F7B5F800F083F8002842
:10D6D00001DA482401E000F02DF9204610BD0000D9
:10D6E000E00200203EB5174D15482968827F0846A4
:10D6F000A0310A7300246030047644768476E122F7
:10D70000C2768022027702224277302008704C7065
:10D7100002AA01A96846FAF7A7FD68460078A22286
:10D7200001016846007A891C0002014368460079BD
:10D730000003014328681152A03004713EBD00006F
:10D74000E00200200425002070B503F061FD0BF01D
:10D75000EDFC0AF057FA11F065FA03F03DFF1A4CA0
:10D760001A4920681A4D4018811013202A68C001F8
:10D770001018C162616889080163A1688908416362
:10D780000FF062F929681F208001228B081882801F
:10D79000628B0F23C280DB01A28BCB18DA87628CED
:10D7A000028022462032127882703D2252010020EF
:10D7B0008918087300F088FA03F074FA03F0FAF994
:10D7C00010F0CEFC70BD0000E00200200000FCEF75
:10D7D0000425002070B50025ED43F6F717FA01285F
:10D7E0002ED0002318490322888BFF24401E1043AB
:10D7F0008A7F593462438218088B282460431218A8
:10D80000488B3024604312180846203040782C247E
:10D81000604310180D4A181884184869A0420DD1A9
:10D820000B4884420AD90D69F6F7F0F9C1B22846CF
:10D8300008F07EFE08F0B8FF401B251A284670BD90
:10D84000FF23B533CEE70000E00200208919000075
:10D85000B8090000F8B52C4F3C68206E5C34401CC1
:10D86000002814D0002529480023C07B00283ED082
:10D870000926F6062648002D1CD000210A460B4634
:10D880004169521C994204D1002902D004E00125CB
:10D89000E9E7204B9A42F2D3216000696060306969
:10D8A000A1680002090E000A09060143A16000F008
:10D8B00033F81DE03169A2680902090A150E08D083
:10D8C000018BC90712D04169216000696060E37271
:10D8D00010E0881A00027D2300121B03984205DD28
:10D8E000100E00060843A06000F016F8F8BD636053
:10D8F000002DFBD003CC0CF013F9FA200CF000F94A
:10D9000039688862F8BD000004250020000300206B
:10D9100000001048881300000449002008610448F2
:10D92000012100686030C17170470000000010489C
:10D9300004250020F8B50626324840250560324807
:10D9400000270780A9050920C00641602F4A916081
:10D95000016801602E48032104694269601E084382
:10D960003946401CF5F76AFFF6F750F9C1B2204678
:10D9700008F0DEFD08F018FF08F022FFF6F712F9B4
:10D98000244917208881244C206842190146577089
:10D99000FA20886228201070F6F7EAF8012805D1ED
:10D9A000206810224030017811430170F6F744F9E5
:10D9B000012805D120688022403001781143017090
:10D9C0002068014640300278324302700020C04394
:10D9D0000866F5F775FFFFF785FEFFF7B5FE2068CF
:10D9E00001212030017707214177012002F0EEFF6D
:10D9F00006F032FCFFF72EFF024880380560022156
:10DA00000160F8BD80E100E0C00000204000004857
:10DA1000E0020020000010480425002038B5184A14
:10DA200014682246BA32AE34A378DD0701D001294A
:10DA30000AD05B070CD501290AD0217949070BD5FB
:10DA4000E17A002905D007E0E07880210843E07002
:10DA500038BD0121E172508020794106090FF7D0CD
:10DA60007821084069460870002048706A46022103
:10DA7000422000F063FB207987210840207138BDE7
:10DA80000425002038B51048002104680846AE344B
:10DA900007F0F4FD694648702079C10704D00121E0
:10DAA0006A46117088432071C0B2810705D50221F2
:10DAB0006A461170FD210840207102216A4608461D
:10DAC00000F03CFB38BD000004250020FFB50C46EB
:10DAD00078A103C995B001910090002108A80173B5
:10DAE0000321C90268464186012108A8734E0174CA
:10DAF00035681746AE3513F07BF9002808D1704918
:10DB0000306840180AF064FCA878002802D046204B
:10DB100019B0F0BD0BA81599F6F73CF80028F7D11D
:10DB2000072010A90871012C05D0022C0AD0002C66
:10DB30000ED04220ECE708A8017B1020014308A882
:10DB4000017305E011A90BA8F6F70AF80028DFD148
:10DB500010A8027901230CA9284601F003FC002833
:10DB60007ED1022229461898F5F764FE2988684676
:10DB700081811521490201820784012686734E2185
:10DB800008A881700024C470067107214171867154
:10DB900003A902A801F09CF9002861D1022202A980
:10DBA0001E98F5F747FE082F02D26846478502E027
:10DBB00008206946488569460C850B4628880AAACC
:10DBC000098902F081F900286DD13E496846018239
:10DBD0000227078408A8847103A902A801F078F934
:10DBE000002860D1022202A91F98F5F723FE68469B
:10DBF0000470694644704F850B4628880AAA098933
:10DC000002F062F900284ED108A8007BC00723D09B
:10DC10002C496846C91C01820821018408A8877024
:10DC2000047103A902A801F053F900283BD1FF2198
:10DC30006846C1718171C170817041700170447119
:10DC400004716946082048850B4628880AAA098974
:10DC500002F03AF9002826D108A8007B800600E0EF
:10DC600021E022D52988684681811649A5310182A3
:10DC70000684867308A88770C470047107214171F7
:10DC8000847103A902A801F023F900280BD1694689
:10DC90000E700C854E850B4628880AAA098902F069
:10DCA00013F9002801D0472032E708A8007BA870AC
:10DCB00000202DE7626C75656E72672104250020D7
:10DCC00033070000012A0000034800210068AE303D
:10DCD000C1708170704700000425002070B50D4BA5
:10DCE0001C68AE342379DD0612D45B0710D53328C7
:10DCF0000ED1E07A02280BD1042010700020507061
:10DD0000C9B2022000F01AFA2079FB2108402071E4
:10DD100070BD00000425002038B5024617480124D4
:10DD20000068AE30022A1FD0052A03D0072A07D088
:10DD30000B2A20D1084609794088FFF76FFE1AE0C8
:10DD400000790024020600D50124820703D1C2060F
:10DD500001D480060FD5084600216A461170694635
:10DD600000F0D4F8044606E08178490703D501792C
:10DD7000FB2211400171204638BD0000042500201F
:10DD800010B509480468AE34E07880070BD5002050
:10DD90000BF044F8022000F0A9F9E07801210843D3
:10DDA000FD210840E07010BD042500201FB50E487D
:10DDB0000468AE34E078010612D5A178C9070CD00A
:10DDC000800708D5042069460873684603F014FBF1
:10DDD000022000F08BF90020E0704006400EE07059
:10DDE000F5F7DCFE1FBD000004250020002000B573
:10DDF0008DB00A900B9008900990059006900790BE
:10DE00000490009001900290034602460146039060
:10DE100000F0B2F80DB000BD10B514468CB0002271
:10DE20000B9206920A920892099205920792049226
:10DE30000292019303920B460246009400210520B2
:10DE400000F09AF80CB010BD0949B22209681423F9
:10DE5000525CBA311A4208D0498800050905090DFB
:10DE6000000D814201D10120704700207047000061
:10DE70000425002002780907090F0A4302700020D8
:10DE80007047000030B50E4885B005682C46AE35A9
:10DE90002879BA34400711D5E87A01280ED1152126
:10DEA0004902684641800121017060886B46054A3D
:10DEB00000F0A4FA002801D10220E87205B030BDBC
:10DEC00004250020FFFF00007CB50446E1200D463C
:10DED000800005F067FF0BA103C90090019168461F
:10DEE00003F038F801200BF0F1FE002801D04720A4
:10DEF0007CBD207820210843207009202870002054
:10DF00007CBD00001F0200000000000030B5194B6E
:10DF1000047A1B68C268AE331B799D06AD0F04D12D
:10DF20000078042801D000200EE0012030BD155CEF
:10DF3000002D0BD0401C80B2155C012D08D01518A7
:10DF4000203DED7F281880B2A042F0D3087830BD84
:10DF5000401CDD07012480B2002D02D0105CC007F8
:10DF600003E09B07F2D5105C80070028EED00C7010
:10DF7000ECE7000004250020FFB595B00E460546ED
:10DF800020210CA8FCF7E8FD00200490564800274B
:10DF90000468681EAE34042802D8A078C0070BD0ED
:10DFA000062D02D0002D0AD002E0A078800703D50C
:10DFB000E0784006800E0AD0462019B0F0BDA07867
:10DFC0008007F9D0E0784006800EF5D00FE0002DF4
:10DFD0000DD0012D20D0022D28D0062D33D0032DB9
:10DFE00033D0042D37D0002E3BD04220E5E700206F
:10DFF0000AF014FF0028E0D1E078800708D504205B
:10E0000069460873684603F0F7F9022000F06EF8DD
:10E010000120E0700020D0E7012EE6D0042EE4D0ED
:10E020001F980028E1D10627042008E0012EDCD04B
:10E03000042EDAD01F980028D7D105270220E070DF
:10E040000120049010E040200DE0022E01D0032EAC
:10E05000CBD1082007E0012E01D0042EC5D110201D
:10E0600001E004272020E07000230BAA19461E9827
:10E0700009F06AFF030002D000F0E0F832E010225D
:10E08000002107A8F5F7DAFB07A86C46279B269A1C
:10E090001F990FC42B463046189A179900F088F83C
:10E0A0000300E9D108A8017BC170259803AC049B4B
:10E0B000289A29990FC422AB07CB029200910190B4
:10E0C00039460CA8209B219A00F0C2F80300D3D156
:10E0D00007A80BF0BFF90300CED101200AF09EFE85
:10E0E0000300C9D1184668E70425002010B504468E
:10E0F000C1061148006803D51522BF210C4006E077
:10E10000392149014118897BC90710D01222210702
:10E11000890E08180121C9024018C06C002321464D
:10E1200010F05EF8010004D0204610F045F8002001
:10E1300010BD072010BD000004250020F8B5891E81
:10E14000CDB20646A81C03210843401C830817488B
:10E1500017460068F10603D51C22BF210E4008E0D7
:10E16000392149014118897B090601D40020F8BDF5
:10E1700019223107890E08180121C9024018C06C04
:10E18000314610F02DF804000ED0397821717978DD
:10E190006171A5712A46B91CE01DF5F74BFB2146BC
:10E1A000304610F009F8E1E70720F8BD042500200B
:10E1B000F8B5204B204D1B6801265B19069CB60361
:10E1C0000093002814D0042812D0022813D003286A
:10E1D00011D006252B46012810D00F4617430DD02D
:10E1E000914203D8202901D3B2420AD94220F8BD76
:10E1F00030256023EFE7A025F023ECE7258063803E
:10E2000001E02180628020710798A0710898207237
:10E210000998002805D00146204606220930F5F766
:10E2200009FB0720607100982030807B607100201E
:10E23000F8BD000004250020580800000348812292
:10E240000068A030417C11404174704704250020D3
:10E25000F8B505463E481E460068079F0024AE30CC
:10E260001346002905D002222A7001226A70A97083
:10E270000324002E10D080788006800F0CD1301936
:10E28000401C1F2854D82E55641C281932461946A4
:10E29000F5F7D0FAA019C4B2002F0DD03819401CE0
:10E2A0001F2845D82F55641CE4B228193A46069910
:10E2B000F5F7C0FAE019C4B26846008C00281BD0FC
:10E2C0006846808C002817D0601D1F2830D8052094
:10E2D0002855641CE0B212212954401CC4B22819EC
:10E2E0000646022208A9F5F7A5FAB01C022209A9E0
:10E2F000F5F7A0FA241DE4B20C98002812D0E01C17
:10E300001F2815D802202855641CE0B20A21295480
:10E31000401CC4B268460BF0B9FB6846007828552B
:10E32000641CE4B20B9800280CD000191F2801D9F6
:10E330004220F8BD28190B9A0A99F5F77BFA0B9839
:10E340002018C4B2214628460AF0E0FFF8BD0000BC
:10E350000425002000B500F009F8002805D085222A
:10E3600001699201114200D0002000BD10B50D4995
:10E3700000050B68092109025918CA6E0021000D19
:10E38000A0331B7B0AE04C01145B2405240D84425E
:10E3900002D14801801810BD491CC9B28B42F2D885
:10E3A000002010BD04250020FEB58C68CD88267B9A
:10E3B000012E01D00020FEBD4126052D01D01E708A
:10E3C00019E0247C0A2C00D01E70002A0DD0896828
:10E3D000052268460C31F5F72DFA6D1E00AAA9B288
:10E3E00032200132FFF77AFC05E000880A46014638
:10E3F000022000F0FDF94120FEBD0000FFB589B00C
:10E40000074646251E781022991C05A8FCF79CFBA0
:10E41000012E04D0022E02D042200DB0F0BD3846AD
:10E42000FFF798FF040024D020223946002009F08D
:10E43000C7FB07001CD005AD04960FCD6D460FC578
:10E44000394620460B9B0A9A09F043FD050004D08B
:10E450000021384609F010FC0BE001212069490336
:10E46000084320610448A061384600F051FC00E0F8
:10E4700064252846D1E700007DE4041010B5502142
:10E4800000F001F810BDF0B58BB00D460446002039
:10E49000694608710490E669002E16D0A806800F20
:10E4A00003D02088FFF7D0FC049001AB3146204612
:10E4B000049AFFF779FF412865D0E80708D0218842
:10E4C0003246022000F018F95DE041200BB0F0BDAB
:10E4D000680705D521883246022000F0D3F852E0C3
:10E4E000A80739D5F0886188814205D9218832464C
:10E4F000022000F08DF846E02069410604D5012194
:10E5000089020843206180E021882022002009F050
:10E5100057FB05001ED021883246022000F078F813
:10E52000A068801C00F0D0F96188401E401886B2B7
:10E53000A06800F0C9F9024633462946204609F092
:10E54000A4FC284600F0E4FBA0683146801C00F0E3
:10E55000B7F954E04520B9E7E80614D5F08841271B
:10E5600002280ED9B168801E4D7B80B2854201D948
:10E57000012016E0002D04D02946F1F72DFE0029D8
:10E580000FD0684607710120216940038143216152
:10E59000049800282DD001AA01213120FFF79EFB0D
:10E5A0002DE002900220002703901EE0049800282E
:10E5B0000DD0039805AB001D81B22A46304609F004
:10E5C000BFFA05AA29463320FFF788FB07E0039826
:10E5D0000096C2B22B462188022000F0C7F80398AB
:10E5E000401980B27F1CBFB2039002988742DDD3EE
:10E5F000C9E7684602792188022000F035F9012137
:10E60000E06909F039FB0020E06100205EE70000CE
:10E61000F7B5064690790321401EC5B2E81C0843B1
:10E62000401C8308164817460068F10603D52C22C3
:10E63000BF210E4008E0392149014118097C090633
:10E6400001D40020FEBD29223107890E08180121BE
:10E65000C9024018C06C31460FF0C2FD04000DD055
:10E660000198A080A5712A4605213846E31D09F0CE
:10E6700067FA214630460FF09FFDE2E70720FEBD16
:10E6800004250020F7B5064690790321401EC5B247
:10E69000E81C0843401C8308164817460068F1062A
:10E6A00003D52D22BF210E4006E039214901411832
:10E6B000497CC90719D02A223107890E081801217F
:10E6C000C9024018C06C31460FF08AFD04000ED01C
:10E6D0000198A080A5712A4605213846E31D09F05E
:10E6E0002FFA214630460FF067FD0020FEBD0720BF
:10E6F000FEBD000004250020F7B5064690790321F1
:10E70000401EC5B2E81C0843401C83081648174643
:10E710000068F10603D52B22BF210E4008E0392105
:10E7200049014118097C490601D40020FEBD282278
:10E730003107890E08180121C9024018C06C314602
:10E740000FF04EFD04000DD00198A080A5712A465F
:10E7500005213846E31D09F0F3F9214630460FF054
:10E760002BFDE2E70720FEBD04250020FFB59B1E20
:10E770000646DDB2681D03210843401C83081B4880
:10E7800081B000681746F10603D53622BF210E403E
:10E7900009E0392149014118897C890702D4002008
:10E7A00005B0F0BD33223107890E08180121C902D6
:10E7B0004018C06C31460FF013FD040014D00298CD
:10E7C000A0800A98234680682A460830C01900793C
:10E7D000E0802572B91D09330A9809F0B1F9214684
:10E7E00030460FF0E9FCDAE70720D9E704250020DE
:10E7F000F8B5044690680F4601461546467B0E3133
:10E8000002226846F5F716F8A8680223057C154829
:10E81000E10603D53522BF210C4009E03922016809
:10E8200052018918497C090601D40020F8BD322222
:10E8300021070068890E08180121C9024018C06C20
:10E8400021460FF0CDFC010009D08F808E716A4601
:10E8500012880A818D7220460FF0AEFCE5E7072092
:10E86000F8BD00000425002070B50E4601230446C3
:10E87000C10612481546006803D53422BF210C405A
:10E8800006E0392149014118897CC90711D031229C
:10E890002107890E08180121C9024018C06C2146C1
:10E8A0000FF09EFC010006D08E808D7120460FF087
:10E8B00083FC002070BD072070BD000004250020EF
:10E8C0000170090A417070470178407800020843DE
:10E8D0007047F8B5069C1F4615460646002C13D017
:10E8E000A06802220D30F4F7A5FFE81E82B23B4675
:10E8F0000721204609F014FAE580A068012E05D012
:10E900001D2101730020F8BD4720F8BD1B21F8E749
:10E91000F1B5FFB001248BB0600205900027CC4810
:10E9200007970168CB48C94D081803908A980AAA2E
:10E930000005000D05A90BF0CDFE0690002872D150
:10E9400004260AA805994218203AD27F0B2A23D020
:10E950000026002004900AA88119022201A8029131
:10E96000F4F768FF6846818809AB08AA039801F0AC
:10E97000A7FC012817D002287ED0684680888542EF
:10E9800000D30546844200D9204604460298807888
:10E99000012872D013363CE1491E761E36040591DB
:10E9A000360CCFD1D5E708980090002F66D100999A
:10E9B000022228310298F4F745FF00281ED1009862
:10E9C0002030017B02988078814217D1012808D13C
:10E9D0000098029902220830C91CF4F733FF00287E
:10E9E00015D002988078022808D100980299102248
:10E9F0000830C91CF4F726FF002808D00098008DC5
:10EA0000A84200D80546A04200D2204604460299FA
:10EA10000AA88978012907D013360599B6B28E4223
:10EA200004D3012707E006E1761DF6E781190222EB
:10EA300001A8F4F7FFFE0399009808318E462FE0F5
:10EA400084466946026A8B8820300DE0918B99429A
:10EA500003D3012F7ED199427CD9A94200D80D461B
:10EA6000A14200D30C4612688242EFD104980028DC
:10EA700004D16046006802E015E0BFE08AE070451E
:10EA80000ED0018D994203D3012F09D1994207D9A4
:10EA90008D4200D30D468C4200D80C46012F59D12F
:10EAA0007045CDD1BAE008980090002F72D100993E
:10EAB00002221C310298F4F7C5FE00281ED10098EE
:10EAC0002030C17802988078814217D1012808D17E
:10EAD0000098029902220830C91CF4F7B3FE0028FE
:10EAE0001AD002988078022808D100980299102242
:10EAF0000830C91CF4F7A6FE00280DD00098808BC2
:10EB0000A84200D80546A04200D2204604460298FA
:10EB10008078012826D003E002988078012805D06B
:10EB200013360798B6B201281ED021E000984A4952
:10EB30000089884216D18A98FFF718FC0146009890
:10EB400000F08CF80099098C4843009989694018B5
:10EB5000022200E038E00299491DF4F76BFE012023
:10EB60000790D4E7761DDCE7B61C0020B6B207900C
:10EB70000598864201D3012705E00AA881190222DF
:10EB800001A8F4F757FE039A00990832099809681A
:10EB9000944630E01AE086466A46938820300DE0BD
:10EBA0008A8B9A4203D3012F0ED19A420CD9AA42E2
:10EBB00000D81546A24200D3144609688142EFD11D
:10EBC000049800282AD102E00120049026E0704633
:10EBD000006860450FD0028D016A9A4203D3012F6D
:10EBE00009D19A4207D9954200D31546944200D8DC
:10EBF0001446012FE8D16045CDD10FE00298C078CE
:10EC0000022805D102980079292801D1B61CB6B294
:10EC1000761D0598B6B2864200D301270598811B60
:10EC2000042902D3864200D293E604980028FBD13F
:10EC3000A54203D906987FB00CB0F0BD2246294604
:10EC40008A9801F083FB0690F5E70000FFFF0000C3
:10EC500004250020640700000229000030B50246A8
:10EC600023239B5C0020012B1AD112890D4B9A4261
:10EC700016D10D4A092312681B02D318A032DB6E8D
:10EC8000127B0AE045010C885D5B24052D05240DEF
:10EC90002D0DAC4204D0401CC0B28242F2D80020FC
:10ECA00030BD000002290000042500200649092289
:10ECB0000968120289188008C96E40010818018885
:10ECC000002900D1002070470425002010B504461B
:10ECD000022000F033F80D480021026809200002EC
:10ECE0001018A032C36E107B05E04A019A5A002A20
:10ECF00004D0491CC9B28842F7D810BD48011C5243
:10ED0000C018026904210A43026110BD04250020D5
:10ED100010B504460146042002F094FD002808D0F6
:10ED2000044805490068401821463C3010F096F828
:10ED3000432010BD042500206407000004490A6830
:10ED40003D21490151180A7B02430A7370470000B4
:10ED50000425002000B51138C0B2FFF7A7FF002836
:10ED600004D00122016952051143016100BD000078
:10ED7000F3B597B00D8848880590081D1DC80DAEE5
:10ED80001DC68C8ACE8A087E1390C86920310190F6
:10ED9000087800904878049088780390C8780290AA
:10EDA0000F7900F0BFFD002817D1012040028442F6
:10EDB0005FD8B4425DD8002F01D1B44259D114A913
:10EDC000284601F0ABFA002806D115AA1499059837
:10EDD00001F094FA002802D0602019B0F0BD149D13
:10EDE00011A92846183009F047FB10A88088002890
:10EDF00010D0284612A9203009F03EFB10A88388C5
:10EE000000892A8D1818696A10188A8B904203D1DC
:10EE10006120E2E74820E0E715982C4B02899A42EE
:10EE200027D12322125C012A23D1006800681690A2
:10EE3000139801281FD16846808E29221202801A59
:10EE4000030001F07CFD0604180404070A18022CD4
:10EE50000FD110E0072C0CD10DE0042C09D3E007F2
:10EE600007D1012F07D1A64203D3042E01D3F00707
:10EE700001D04220B1E702980B90039B049A0A93B9
:10EE800009920098019A0C970890069605940792AB
:10EE90000DA81DC8019002A81CC013980B46009035
:10EEA0002A461699179800F0B1F9002895D16846BE
:10EEB0000649808EFF31884205D0179801880020CE
:10EEC0000A4601F043FA002087E70000032800000B
:10EED000F3B5A5B008881A9088780C4611901022D6
:10EEE000091D13A8FBF730FEA08A1090A17D68468B
:10EEF0000172E07D0F90207E2090677EA07E1F90A3
:10EF0000002006460146129020A801810F20BB4C2C
:10EF10002390BB4920684018199000F003FD002899
:10EF20000BD101211098490288425FD821A91A9873
:10EF300001F0F4F9002802D0602027B0F0BD21983C
:10EF4000179009F03DFA1A9988420CD102A8019055
:10EF50001698009013AD0ECD119809F0F5F9002820
:10EF600001D06320E9E76846017A8806800F05D062
:10EF7000012012902068A030007B4600C80703D013
:10EF80001298401CB61C1290080603D51298401C1B
:10EF9000B61C129017980DA918301D9009F06CFA44
:10EFA0006846129C808EA41CA04237D317980EA9E5
:10EFB0002030019009F060FA6846018F00290DD0D9
:10EFC0001798179A6B46406A9B8E128D5918808B42
:10EFD0005118081AA04201D26120AEE7179884693F
:10EFE00011982568012803D0022803D04220A4E705
:10EFF000052000E01320E0832A4639460F9809F0E7
:10F00000F1F9422899D0199FE28B4037788B398BE0
:10F01000411A109810188019814201DA48208CE7B3
:10F020000EA9019809F028FA6846008F0028179861
:10F0300002D0406A808B00E0008D2599401C08803A
:10F04000259801210088A083259802220088401C71
:10F05000A8836C482081204620301790C170002181
:10F06000817081711998398B406D40186946A06193
:10F07000097A0170A06929461C31401CF4F7DAFBBB
:10F0800011980128A0697DD0102213A9C01CF4F7A3
:10F09000D1FB2846102213A90830F4F7CBFB388B9C
:10F0A000133038832E4620361198F0701098E8837C
:10F0B0001F98B07010982084109828841998398B64
:10F0C000406D4018A8610021109AF4F7B7FB398B06
:10F0D0001098081838831799012008711799002093
:10F0E000487130716846007A810701D5012131717C
:10F0F00001070227002902DA3179394331714107CA
:10F1000003D53179042211433171400603D530799A
:10F110000821084330710F9870712098B071214612
:10F120001D9809F0D2F92146019809F0AFF9294656
:10F130001D9809F0CAF92946019809F0A7F9129813
:10F14000002841D068461A998181A18BC18107842A
:10F150004784012408A8047122A80A9008A884738F
:10F16000239941730F993820014008A801730721A2
:10F17000C173002505746846007AC00708D022488C
:10F18000694600E02BE0088203A924A8FFF7F0FD00
:10F190006846007A8006800F07D01B486946401EEB
:10F1A000088203A924A8FFF7E3FD6846007A000659
:10F1B0000AD5292109026846018208A8447305730B
:10F1C00003A924A8FFF7D4FD259801881298401CB4
:10F1D000081882B2002001F0B9F80020ADE6022242
:10F1E00013A9C01CF4F726FB2846022213A90830F5
:10F1F000F4F720FB388B401D53E700000425002066
:10F20000640700000328000003290000FFB55248EE
:10F21000524A006887B08218069210AA109B0126F5
:10F22000169F9288012B04D14D4B9A4201D1A030F8
:10F23000067B069D34464035688B2B8B7C43C31A76
:10F24000099820300390A34222DA48200BB0F0BD89
:10F250002320405C012819D108896C4620809842FF
:10F260000CD03F4C641EA04208D0641CA04205D0C4
:10F27000641CA04202D0A41CA04207D1384CFF3C21
:10F28000A04201D0904201D16220DFE7096801E08D
:10F2900029231B0203988142DAD109981B998469BA
:10F2A0001898224609F09EF84228CFD01C980128D1
:10F2B00004D11598874201D24220C7E71598E08310
:10F2C000204620301C990590817027840A98808BF5
:10F2D000401CA0831098012814D02046102211A9A8
:10F2E0000830F4F7A7FA05991098C8700698298B8A
:10F2F000406D4018A061298B384670430818288358
:10F3000000250FE011A80FC808340FC4183CEAE725
:10F310002846A16978430818159A1799F4F78AFACC
:10F320006D1CEDB2B542F3D3059918984871059953
:10F330001998087105991A9888710998214618300A
:10F3400009F0C3F82146039809F0A0F80798A18BAB
:10F35000018000207AE700000425002064070000F7
:10F3600002290000FFB58FB014460E78102205A8C0
:10F37000891CFBF7E9FB4F484F490068451800F02E
:10F38000D1FA00281ED1002C57D0012E09D1684691
:10F39000808A4A49884204D12846A96808308142B7
:10F3A0004BD12846103029690390814209D00AA91F
:10F3B000284609F061F86846018D601E0D90814273
:10F3C00002D2482013B0F0BD284608300CA90490A2
:10F3D00009F052F86846008E002814D0EF680AA998
:10F3E0003846183009F048F8384620300CA909F0A2
:10F3F00043F86846398D008D09186846008E401C18
:10F40000081887B200E0012701200004C01BA042B9
:10F4100001D26120D6E72C69286801901298012852
:10F4200002D0022803D008E00520C00200E02448F2
:10F430006085012E03D0022E05D04220C2E720466F
:10F440000830022202E020460830102205A9F4F715
:10F45000F1F9204631462030064601730F982146C7
:10F4600007802785039809F030F82146049809F0B1
:10F470000DF827461837E7616662A76126620D9886
:10F4800084B20BE02846019909F01FF8384601992B
:10F4900008F0FCFF2868641EA4B20190002CF1D192
:10F4A0000F9801880D98081882B2002000F04EFFD6
:10F4B000002087E7042500206407000001180000F1
:10F4C00001280000F7B5064636480F460068364961
:10F4D00082B044183046FEF749FF050060D0204650
:10F4E000243000900FF0D0FC002859D12869000387
:10F4F00056D500980FF082FC04464FE0A088B04239
:10F500004BD120223146002008F05AFB060018D0CB
:10F51000A068002F017B427B15D03346049810F081
:10F520008DF8002001222969D20491432961002825
:10F530002AD0692802D03046FFF7EAFB002005B048
:10F54000F0BD6420FBE70A2906D00C290AD00E2959
:10F550000ED0082912D023E032462146284611F069
:10F5600029F9DFE732462146284610F05DFDD9E74C
:10F5700032462146284611F053F8D3E73246214659
:10F58000284610F0E3FECDE7214600980FF083FCFB
:10F590000121204608F070FBCDE72468002CADD196
:10F5A0004120CCE7042500206407000002460848FB
:10F5B0000849006841188868083103E0038D9342C8
:10F5C00002D200688842F9D1884200D100207047F9
:10F5D0000425002064070000034610B50E480F49BB
:10F5E000006841188868083103E0148D9C4203D8F4
:10F5F000104602688A42F8D18A420CD1018D9942A4
:10F6000009D20146026A20318A4203D0416A898BBD
:10F61000994200D2002010BD04250020640700009C
:10F62000024610B50B4812050168092000020818AF
:10F63000C36E0020120DA031097B07E044011C5B62
:10F640002405240D944203D0401CC0B28142F5D859
:10F6500010BD000004250020F7B5054617460198A7
:10F660000FF0CCFB2E050446360D0CE0A088256873
:10F67000B04207D1214601980FF00DFC39462046D3
:10F6800008F0FAFA2C46002CF0D1FEBDF0B58BB094
:10F6900000206349029063480A68141872B6104645
:10F6A0004030C57902231D43C57162B625464035F9
:10F6B000287AC0077DD00920000210180026C76EE6
:10F6C00049E071017A5A002A43D0C91906910969A3
:10F6D0004A021ED48A0226D50221049106990123EA
:10F6E00009880905090D0391392149014118097C4F
:10F6F00089070ED5D902083040182322C06C022198
:10F700000EF06EFD010004D0039A8A8004980EF07A
:10F7100053FD069800880090069800F085F8009840
:10F720000DF0D0FA15E0480713D5069800880005BB
:10F73000000D0DF059FA002805D106980088000543
:10F74000000DFFF7E5F80699042009698143069842
:10F750000161761CF6B23248AC210068095CB14206
:10F76000AFD800F01BFF2046243006460FF08CFB7C
:10F77000012802D0012000F015FE204618300FF0BD
:10F7800083FB012802D0002000F00CFE3C34204610
:10F790000FF07AFB01280FD002A920460FF09DFB45
:10F7A0000420029902F04EF80028F0D02046029979
:10F7B00000E032E00FF03FFB287A00062DD53046FE
:10F7C0000FF062FB012828D1002008F0D5F9A98BA1
:10F7D00023314909491CC9B2F0F7FEFC00281CD0AE
:10F7E0000F4D044628680123D902083040184226EC
:10F7F0003822C06C31460EF0F3FC01000DD000221F
:10F800008A80CC8030460EF0D7FC3D212A68490121
:10F8100051180A7B802082430A730BB0F0BD0000B0
:10F820000425002064070000F0B504463B483C492D
:10F83000006885B04518218A890419D502210491F0
:10F84000392149014118897C412627880123C907AC
:10F850000ED0D902083040183122C06C02210EF0BF
:10F86000BFFC010004D08F808E7104980EF0A4FCC0
:10F870002946208801221831FFF7EEFE294620880C
:10F8800001223031FFF7E8FE294620880122243189
:10F89000FFF7E2FE2946208800223C31FFF7DCFE1C
:10F8A00020880005000DFFF7BBFE850029461131B9
:10F8B0006846017301F0A0FD2946123168460173C4
:10F8C00001F09AFD294613316846017301F094FD59
:10F8D00068461435057301F08FFD208800F03CFA6E
:10F8E000208801050D48090D02681320C001101879
:10F8F000028A914201D100210182E069002802D0F0
:10F90000012108F0B9F9202200212046A568F3F76B
:10F9100095FF1720A560608005B0F0BD042500208C
:10F920006407000010B50B480B49006844184034C8
:10F93000207AC00709D0002008F01EF9217A890733
:10F9400001D5002803D0002010BD472010BD642041
:10F9500010BD00000425002064070000F0B55FA082
:10F9600099B000685E4915905E4A086884180922BB
:10F9700012028218D26E2546403514922A7AD20796
:10F9800002D0622019B0F0BDAA8B01235B029A421B
:10F9900001D9AB8303E0172A01D21722AA83149A54
:10F9A000A0301392067B0DE0761EF6B2139871011B
:10F9B0000F18B8680F90384620220021F3F73EFF59
:10F9C0000F98B860002EEFD120460830E0606460E8
:10F9D000A06024600830139060612061FF22002144
:10F9E00008300FF020FA2046FF22002124300FF0CB
:10F9F0001AFA2046AA7F002130300FF014FA204670
:10FA0000FF2200213C300FF00EFA00222A7210462D
:10FA10001721334B05E0149E4701BE19401C71802D
:10FA2000C0B21E68A036367B8642F4D800202883F8
:10FA30002F8C688C0026149008E02820E16C70431D
:10FA40000918204608F022FD761CB6B2BE42F4D357
:10FA5000002608E03020216D70430918139808F043
:10FA600015FD761CB6B214988642F3D30120FFF739
:10FA700065F90124684604701B494180234604222D
:10FA800069460CA8FFF76EFC002822D16846018E5B
:10FA9000818216490183042606858475202108A8E1
:10FAA00081720024C472047307214173847305A911
:10FAB0000DA8FFF70DFA00280BD16846048746878A
:10FAC000818E15AB0EAA008E00F0FEF9002800D141
:10FAD00058E700202872472054E700000000FFFF8D
:10FAE000042500206407000001180000052A00001A
:10FAF000F8B5044683480E460068834947184820F5
:10FB0000C05DC0076FD0B088FEF730FC0546012C01
:10FB100002D0002C68D0F3E0002D04D02869410702
:10FB200003D54520F8BD0121C7E0B268F188147BF8
:10FB30000029F0D062060AD568888842F3D3D22C17
:10FB400001D0522CEFD138463146183048E0A1069A
:10FB5000890E1E2949D81E2C20D101071ED5082147
:10FB6000884328612988012008F078FC012130466B
:10FB700008F082F8634801230068D9020830401871
:10FB800042242D883922C06C21460EF029FB010049
:10FB900003D08D8020460EF00FFBB1E0E1070BD0C3
:10FBA0001D2C1AD01B2C18D0410533D401218902F9
:10FBB0000843EE612861A3E0C00606D52B46022269
:10FBC0000321422000F07EFEADE72988002008F0E6
:10FBD00033FC29691020014329613846314624301D
:10FBE0000FF03CF98CE015E016E029882022002077
:10FBF00007F0E6FF05000DD00121304608F03CF883
:10FC00002B460022214606200FF018FD2846FFF75C
:10FC10007FF875E04120F8BDB068047B1D2C3CD016
:10FC20001B2C43D00021304608F026F8002D67D069
:10FC3000032C46D0052C44D0072C42D0092C40D0B0
:10FC40000B2C3ED00D2C3CD00F2C3AD0112C38D0A0
:10FC5000132C36D0172C34D0192C32D0012C30D0A4
:10FC6000022C35D0042C33D0062C31D0082C2FD0C8
:10FC70000A2C2DD00C2C2BD00E2C29D0102C27D0B8
:10FC8000122C25D0162C23D0182C21D0522C1FD06A
:10FC9000D22C1DD01E2C2FD032E0002D03D029886D
:10FCA000012008F0C9FB3146022001E03146012065
:10FCB00000F052FD002823D00021304607F0DCFF81
:10FCC0001EE029691020814329612988002015E060
:10FCD0002869402188432861010511D5FF210131A0
:10FCE000084328612988022008F0A6FB0120296921
:10FCF000C0028143296103E02988032008F0AEFB9C
:10FD00000020F8BD042500206407000010B5104A4B
:10FD1000104B1268D2184032127AD20706D002284D
:10FD20000AD0052804D00B2810D101E0412010BDD5
:10FD30004888FEF7CBFF09E04888FEF717FB00284C
:10FD400004D001220169920511430161002010BD18
:10FD50000425002064070000F1B5FFB085B04720FE
:10FD600001900020694608805348544900684718AC
:10FD70008498FEF7FBFA0290002874D0B96808371F
:10FD80004FE0684600880D4604AC20186B460222FE
:10FD9000283100F0C5FD68460088294620186B46CA
:10FDA00001222C3100F0BCFD2E462036307B694606
:10FDB0000128098804A809D040186B46102229465A
:10FDC000083100F0ADFD01902C6A27E040186B4629
:10FDD0000222F4E76946098804A8401821466B46C8
:10FDE00002221C3100F09CFD6946098804A84018D5
:10FDF00021466B460122233100F092FD2320005D55
:10FE000069460128098804A830D0401821466B466D
:10FE10001022083100F084FD01902468B442D9D149
:10FE20002968B942ADD1019800281CD168460088E4
:10FE300081070AD0224A011D11406A4611800A1A20
:10FE400004A908180B21F3F7F9FC029800880CF0BC
:10FE5000CBFE002807D1849869460005000D04AA4E
:10FE600009880AF06FFB7FB006B0F0BD401821464C
:10FE70006B460222083100F053FD019020891149A0
:10FE80008842CAD120460299FEF7E8FE4000A169E7
:10FE900003906A460918128804A880186B4602224B
:10FEA00000F03EFD0190A16903980222081800218C
:10FEB000F3F7C4FCB1E7000004250020640700004C
:10FEC000FCFF000002290000F0B5074617480E4667
:10FED00000683D2149014018007B85B01D4614464D
:10FEE000C00706D003A9384600F018FA00280AD146
:10FEF00002E0472005B0F0BD04AA3046039900F0A7
:10FF0000FDF9002801D06020F4E704992288608878
:10FF10000968002A00D0088C32466E4631C6032399
:10FF20003946002000F004F8E4E700000425002032
:10FF3000FFB5002099B0239A0B90129005461490BB
:10FF4000064615901C46DB480B460068DA49229F9E
:10FF50004118039100210891099151880691118857
:10FF60000A913D2149014018007BC00706D00FA926
:10FF7000184600F0D3F900280AD102E047201DB04E
:10FF8000F0BD10AA0F991B9800F0B8F9002801D015
:10FF90006020F4E71998002803D0600701D50120FC
:10FFA00000E000201390A007800F1C90109817907D
:10FFB0002030C078012840D11798C04B0189994260
:10FFC000F9D11798069904680A98228C4118914231
:10FFD00033D82046203016908078012816D0E08B48
:10FFE00004901798806900788006800F7ED003986F
:10FFF00040301890007A800778D51C980028F5D0FA
:020000041005E5
:10000000AE4F0F99FF372031206814E0BA4214D365
:10001000B942DDD80497E4E70389A84A934203D1A3
:100020002322125C012A08D0BB4203D12322125C96
:10003000012A03D000688842EED134E105900028FF
:10004000FBD09C480921026809025118C96E00279B
:10005000009162E0780100990390085A01055AD096
:100060001999002901D0884255D105997A008B69E8
:10007000511C595C9A5C0902891889B20D91890753
:1000800049D0022205990FF057FB002804D0199897
:10009000002840D0652072E7002008A9C8551C98A8
:1000A000C00718D0179880690078C00613D50D983E
:1000B000C00710D00120C8550543009A0398801846
:1000C0004088159A904206D91590009A0398105AC4
:1000D0000005000D14901C9880071CD517988069A6
:1000E0000078800617D50D98800700E083E012D5D0
:1000F0000220CA5D05430243CA550099039840187F
:1001000040881599884206D9159000990398085A95
:100110000005000D14907F1CFFB266480068A030F7
:10012000037BBB4296D8002D65D01898007A000654
:100130005FD460480168092000020818C16E0020E1
:100140001BE042018E5A360515D0AE070BD5561866
:100150003669B7070DD408AF3F5CBF0703D5360734
:1001600001D546200BE7EE0705D05218127CD207C6
:1001700001D0432003E7401CC0B28342E1D8159868
:10018000C01E86B20498864200D90646A8070FD53D
:1001900020220020149907F013FD129000287DD032
:1001A000F01C82B20021129800F0F4F8002811D15E
:1001B000E80720D020220020149907F001FD0B90C1
:1001C000002807D0F01C82B200210B9800F0E2F862
:1001D000002810D08020FEF7B1FD1298002802D030
:1001E000002107F049FD0B98002802D0002107F0FC
:1001F00043FD6420C3E6A1690A98069A0818249969
:10020000F3F718FB16988078012801D10498E08351
:10021000002D46D0274B0920196800020818C16E2E
:10022000002008AA0CE04301CF5A3F0506D05F1812
:10023000BC463B69175C3B4367463B61401CC0B210
:100240001C4B1B68A0331B7B8342ECD8A8070DD541
:1002500012980090F01C82B221461C310220A36942
:10026000FEF737FB0220129900F076FAE80718D063
:100270000B980090F61C2146B2B21C310120A369F4
:10028000FEF727FB1398002805D00B988021C07C2F
:1002900008430B99C87401200B9900E005E000F0B9
:1002A0005BFA00206BE6422069E68020FEF746FDFF
:1002B0009FE70000042500206407000003280000D9
:1002C000F0B58468083015E0258D8D4203D11460A7
:1002D00018600120F0BD26461C602036256A06E025
:1002E000AF8B8F4202D102201560F0BD2D68B54260
:1002F000F6D124688442E7D10020F0BD10B50B6A26
:10030000203106E09C8B844202D10020136010BD96
:100310001B688B42F6D1412010BD000010B5094A80
:10032000094B1268D2189368083206E01C8D84428B
:1003300002D100200B6010BD1B689342F6D1412012
:1003400010BD0000042500206407000030B50F4BED
:100350000F4D1B6804465B1940331B7A412085B062
:100360009B0710D56B469981DA8100201882042002
:10037000588203AA04A96D4607C502231A46012123
:100380002046FFF7D5FD05B030BD00000425002054
:100390006407000010B5121D806892B207F08AFC55
:1003A00010BD0000F0B57B497B4A096885B08E1806
:1003B000012806D03046183000900EF01FFD04468C
:1003C000E5E03046243003900EF018FD0546BAE013
:1003D000A8682F68007B0290A888FDF7C7FF04007B
:1003E00073D021882022002007F0EAFB019000282A
:1003F0006CD0E8886188884204D900220420019BDF
:10040000029920E04620009002980E284ED00ADC87
:10041000801E030000F093FA0B1C13221329132FE4
:1004200013381341130016285AD004DC102846D084
:10043000122804D14BE018285BD01D2872D000226E
:100440000620019B02990FF0F9F8002000905CE073
:1004500029462046019A0FF0FDF94FE02A46214631
:100460003046019B0FF028FC48E029462046019ABF
:100470000FF02AFB42E02069000353D429462046AE
:10048000019A0FF063FF39E0206900034AD429463E
:100490002046019A10F08EF930E02069000341D423
:1004A00029462046019A0FF0BFFD27E0206900038E
:1004B00038D429462046019A10F0B2F81EE02946A9
:1004C0002046019A0FF050FE18E033E03EE020692C
:1004D000800327D429462046019A10F096FA0DE0B1
:1004E000206980031ED429462046019A0FF0E0FCC3
:1004F00004E029462046019A0FF006FA00904528AC
:1005000010D069280ED046280CD001212069090698
:10051000884320610198FEF7FBFB0098002809D072
:1005200010E0FFE70021019807F0A6FB009845289E
:100530000CD0F2E7294603980EF0ADFC01212846C5
:1005400007F09AFB3D46002D00D041E705B0F0BD15
:10055000A0682668077BA088FDF708FF05000DD07E
:10056000522F01D0D22F06D1286940030ED4214644
:10057000284610F0B4F92869400307D421460098B2
:100580000EF089FC0121204607F076FB3446002C52
:10059000DED1DBE70425002064070000F0B55848F1
:1005A000584A016885B08A180492092212028918F3
:1005B0000027CD6E95E07E01A85B00287BD07019E6
:1005C0000090C06900284BD000990969CA0532D54E
:1005D0004A0530D580680124A402007BA143009A1B
:1005E0001D28116139D01B2837D0009A927B824296
:1005F00002D0012802D030E0012806D10098C0695D
:100600008068407B401C824269D1C80509D5A95B3E
:10061000022007F023FF0098FF2201690132914375
:100620000161009881698847452816D100980169C1
:100630002143016111E0012107F01EFB0098002118
:10064000C161009801220169920291430161022275
:1006500011464220009B00F035F9A85B00283ED0EF
:100660000498243001900EF0C9FB044635E0206860
:100670000390A068AB5B017BA0881A05120D904225
:1006800001D11D2904D0904226D11B2932D023E06C
:1006900000990969CA040FD401221203009811437A
:1006A0000161A95B032007F0C7FEA95B2246022077
:1006B00000F078F808E012E06946088102AB0222F7
:1006C0000321422000F0FEF8214601980EF0E3FBE2
:1006D0000121204607F0D0FA039C002CC7D17F1CD3
:1006E000FFB207480068A030007BB84200D962E73B
:1006F00005B0F0BD22461946022000F09BF8E3E762
:100700000425002064070000F0B5944600220A800A
:100710006346104C1A60092322681B028646D218D1
:100720004120D26E00230FE05D01AD182F6976469F
:10073000374207D06F880E88B74203D90F806046D2
:10074000056000205B1CDBB22568A0352D7B9D4237
:10075000EAD8F0BD042500207CB50C4605466A4663
:1007600001A9FFF7D1FF002801D041207CBD6846D8
:10077000E1888088814200D9E08000980088A080CC
:100780002046FEF7C5FA0098012D07D0016908221E
:10079000114302229143016100207CBD0169490897
:1007A0004900F8E7F7B5064690799168C01E82B017
:1007B0001746C5B2022268460D31F3F73BF8681DB3
:1007C00003210843401C83081948F10603D532224F
:1007D000BF210E400AE03922016852018918497C84
:1007E000890602D4002005B0F0BD2F223107006831
:1007F000890E08180121C9024018C06C31460DF05D
:10080000EFFC040011D00398A08068460088E080C7
:10081000234625722A4607213846093307F090F906
:10082000214630460DF0C8FCDCE70720DBE700007E
:1008300004250020F7B5064690799168C01E82B065
:100840001746C5B2022268460D31F2F7F3FF681D64
:1008500003210843401C83081948F10603D53322BD
:10086000BF210E400AE03922016852018918497CF3
:10087000490602D4002005B0F0BD302231070068DF
:10088000890E08180121C9024018C06C31460DF0CC
:10089000A7FC040011D00398A08068460088E0807F
:1008A000234625722A4607213846093307F048F9BE
:1008B000214630460DF080FCDCE70720DBE7000036
:1008C00004250020FFB50546012381B016460F46DA
:1008D000C00603D52422BF20054000E021220F4995
:1008E00028070968800E40180121C9024018C06C11
:1008F00029460DF075FC04000DD027716671324653
:10090000A01D0499F2F796FF214628460DF054FCED
:10091000002005B0F0BD0720FBE700000425002003
:1009200010B51C88A418A4B21C8001235B029C4251
:1009300003D8F2F77FFF002010BD412010BD30B476
:100940007446641E2578641CAB4200D21D46635D6C
:100950005B00E31830BC1847F7B5164600241CE0CE
:100960000098114900194018810801988900001960
:1009700042780578120215438278C0781204000686
:1009800002430948154340420F1829463846F2F7FA
:1009900075FF3868854204D1241DB442E0D300209D
:1009A000FEBDFB20FEBD00000000FCEFF0B50E46D2
:1009B0000746002407E03D1900F0CEF82870000A31
:1009C0006870A41CE4B2B442F5D3F0BD10B50128A0
:1009D00018D8072916D80C4A1268134620331877FE
:1009E00059778007C906000E090E01430020074B06
:1009F000A03204E08401E418A172401CC0B2147B50
:100A00008442F7D8002010BD0425002000010020FA
:100A1000F0B54F4F0446386885B078300D4616461D
:100A2000002C10D0062C14D0082C0FD0182C0DD070
:100A3000282C0ED02A2C0CD02C2C0DD02E2C0ED0E5
:100A4000D02C47D048E0062D0FD045E0102D0CD01B
:100A500042E0022D09D03FE0012D06D03CE0062DFA
:100A60003AD17179890903296FD100192A46314693
:100A7000F2F7E0FE2C2C26D13078002823D0F3F7B3
:100A8000C5F8012822D01B201F304009401C41001E
:100A90004118012007F05EF8F3F7B8F8012817D0E5
:100AA0001B201F304009410041182A484078401A55
:100AB000C01EC1B2002007F04DF83868F92240305E
:100AC000017811400170002005B0F0BDFB20DBE78C
:100AD000FB20E6E7012D04D0F3F798F8012804D0B5
:100AE00005E010780DF026FAEEE7D12C02D02F2C7D
:100AF0001ED02AE0082D28D1022231466846F2F79E
:100B000099FE0222B11C01A8F2F794FE0222311DC7
:100B100002A8F2F78FFE0222B11D03A8F2F78AFEA7
:100B200068468389028981880088F3F763F8CBE7F8
:100B3000012D0AD13078002807D0082805D2492293
:100B40003968520189188876BDE71220BCE7000099
:100B5000042500200003002000210B20000702686C
:100B600052070DD5026804239A43026002680823E5
:100B70001A43026004E0491C052901DD002070478A
:100B800042689207F7D54168C907FCD0806880B2F7
:100B9000704710B5FFF7E0FF0446FFF7DDFF0004E4
:100BA000201810BD024909686831C88000207047CC
:100BB0000425002010B50448044B006804220021DD
:100BC000C018F2F73BFE10BD0425002039070000D5
:100BD00004E003780B70401C491C521E002AF8D117
:100BE000704700003EB50B4801AA0468694602A898
:100BF000683400F01FF800280BD06846007AE188BE
:100C000001228240114204D069460978019AF1F725
:100C100013F83EBD04250020054800210068683017
:100C2000017141710268D208D2000260C180704730
:100C30000425002070B514460D4A136872B6683357
:100C40001A79002A01D0012500E0002500221A713E
:100C50005A79027018784007400F087018684001F0
:100C6000000A00F0F5FB206062B6284670BD000067
:100C70000425002003E00870000A491C521E002AC7
:100C8000F9D1704710B5F2F747FFF2F7C1FFF2F75D
:100C9000BDFF012801D1F2F7A5FFF2F777FF04F0BD
:100CA0005FFA10BD70B5184C072120680902411881
:100CB00000260E77154B4E770622FF21C018F2F75B
:100CC000BDFD392520686D01401906712021417153
:100CD000F2F79CFF012814D01F2021680B4B491903
:100CE00088712068093307220021C018F2F7A6FD99
:100CF000064B206810330522FF21C018F2F79EFD35
:100D000070BD5F20E9E70000042500201E070000F9
:100D1000F0B5574D0720296800020818007F91B0F0
:100D200080076FD5F2F7E0FD01286CD1002406F0B2
:100D30003BFE0646F2F7DEFD012800D10324300019
:100D40007ED0392702267F01012802D002287CD1DB
:100D50003BE069460220F2F79DFE032008A9F2F766
:100D600099FE002C06D1F9212868C90041180120FC
:100D7000F2F790FE2868A421095CC90701D0002180
:100D800000E010210E43694611231091F10603D5AE
:100D90000922BF210E4007E0C1194A79920654D5B5
:100DA0008979090651D507223107890E09180120D2
:100DB000C0020818C06C31460DF012FA070044D08A
:100DC000381D3C714022109936E069460220F2F746
:100DD00061FE002C04D02022FF216846F2F72EFD90
:100DE0002868A421095CC90701D0002100E0102176
:100DF0000E43694609230891F10605D50A22BF2151
:100E00000E4009E029E030E0C1194A7992061CD56C
:100E1000C979C90719D008223107890E091801209C
:100E2000C0020818C06C31460DF0DAF907000CD08A
:100E30003C71381D08992022401CF2F7FBFC00E0B1
:100E400003E0394630460DF0B7F907202968000263
:100E50000818017FFD221140017772B628688022B0
:100E60004030C1791143C17162B611B0F0BD0000CC
:100E70000425002010B50023F2F776FE10BD000017
:100E8000F1B51D4C072520682D024119097F002668
:100E900090B0890701D53A262BE0F927FF00C21947
:100EA000202100200DF0C7F8002801D01F2620E0E7
:100EB000402268461099F2F7BDFC206802234119D0
:100EC0000A7FC0191A430A77694606F077FD0028A1
:100ED00007D0206812264019017FFD2211400177BA
:100EE00007E072B620684030C1794906490EC171E9
:100EF00062B6304611B0F0BD042500200A4610B598
:100F00000146002005F0C6FA10BD10B501460022CA
:100F1000412005F0BFFA10BD10B50D48072100684B
:100F2000090241180A7F002493070DD402231A43B3
:100F30000A7772B64030C1794906490EC17162B66E
:100F400006F064FD002800D03A24204610BD0000C1
:100F50000425002070B50546002440782646022866
:100F600001D0042803D1F2F703FE00280DD0084871
:100F700039210068490103192A5D5B18641CE4B239
:100F80009A71082CF7D3304670BD1126FBE700009C
:100F90000425002010B50A461F2801D9122010BDD3
:100FA0000146104608F06EFB10BD0000FEB5064677
:100FB00002200190B0880090B5790321681D084394
:100FC000401C83081348022100688C020830001975
:100FD000377B1122C06C0DF003F9040017D0009884
:100FE000A0800020A771E0710146234625812A4692
:100FF00030460A3306F0A4FD214601980DF0DCF8D6
:1010000000240121304606F037FE2046FEBD0724AD
:10101000FBE7000004250020F8B5074685880E4848
:1010200010220068D401083002260019012331463D
:10103000C06C0DF0D5F801000CD08D800122002489
:10104000CA8030460DF0B8F80021384606F014FE8C
:101050002046F8BD0724FBE70425002070B58AB0C0
:101060001D461646002804D0012802D012200AB0DE
:1010700070BD6A4610706C460622601CF2F7DAFBFF
:1010800010223146E01DF2F7D5FB05A810222946B3
:101090000330F2F7CFFB684602F01CFDE7E710B51E
:1010A00002F006FE10BD0000074A914202DC5242E7
:1010B000914200DA1146FF22993251430A12511827
:1010C0000A14511808187047FFFF4F00401AC0104B
:1010D000810040180012704710B50920C006006951
:1010E0000002000A00F0B4F910BD70B50D460446C8
:1010F000FFF7F2FF2946FFF7D7FF0146204600F031
:1011000001F870BD1FB56A463A3010736846029107
:1011100000F038F9002800D0012004B010BD70475D
:101120001FB569463A300873684600F065F91FBD7F
:1011300030B5EFF3108172B60922D2061269FF258D
:10114000821A120214120C4A91351368AC4208DC60
:101150000122120690431A464032D479DF252C40F2
:10116000D471C2010724D20924021B19DA65034A8B
:10117000906081F3108830BD0425002040000048B5
:1011800010B50300FFF7DBFB3A332D2D2D1E213068
:10119000332A2A2A2A2A2A2A2A2A242424242424CA
:1011A00024242424242424242424242424242424FF
:1011B00024242424242424242424242727272727E0
:1011C00027272733FCF7DCFD10BD06F0ADFF10BD6F
:1011D000FDF7C0FD10BD00F05BFB10BD0BF056FC31
:1011E00010BD0BF0CFFE10BDF2F7C4FC10BD3A38B5
:1011F000C0B20428FAD2FFF792FF10BD0348DF22E5
:1012000000684030C1791140C17170470425002049
:1012100070B50B481D21006889014418264664609A
:1012200008362460E6600025A6602069290141187F
:10123000304607F02BF96D1CEDB20B2DF5D370BDC8
:1012400004250020F0B5002693B0701E0E90424891
:101250001D210068890144180920C006006937462D
:1012600005022D0A72B6A0692146281A0002000A5A
:10127000223108F0AFFC6169A56140186061364811
:1012800000684030C1798A0663D420221143C171BD
:1012900062B6256814E0A8686169401A00280ADC73
:1012A000BA0001A8761C85507F1CF6B2FFB2287BDD
:1012B000FFF766FF03E00E99884200D20E902D687A
:1012C000A542E8D12046083000250C901830129035
:1012D00018E0AF0001A8761EC159F6B2204607F00B
:1012E000F4F801A8C1590C9807F0D0F801A8C0592A
:1012F000007B3A2804D2129812990078401E087098
:101300006D1CEDB2002EE4D12068A04217D03D251F
:101310006D04284608F056FC01460E98814201D81B
:10132000284601E008F0ECFBA16908180002012141
:10133000000A09064018FFF7FBFE13B0F0BD72B6B5
:10134000002005490722096812028918C865034967
:10135000886062B6F1E700000425002040000048E4
:1013600010B504460920C00600690002000A00F01A
:101370006FF8A168FFF798FEA060204600F002F821
:1013800010BD0000F8B51B4D06461D2128688901D7
:101390004418317B481E3E2801D34220F8BD204628
:1013A000A2680830824205D03A2905D22021095D81
:1013B000072901D36420F8BD694607F079F81022A7
:1013C00031460098F2F736FA2046009907F05EF8A9
:1013D0000098007B3A2803D220342078401C2070EB
:1013E00072B62868DF224030C1791140C17162B6FF
:1013F0000020F8BD0425002070B5144E1D22316870
:1014000092018D182C681DE0017B227B914218D13E
:101410002146284607F059F828462146083007F0AB
:1014200035F8207B3A2803D220352878401E2870D2
:1014300072B63068DF224030C1791140C17162B6A6
:1014400070BD2468AC42DFD170BD000004250020CF
:1014500010B507491D22096892018C18A169401A2C
:101460000002000A08F0AEFB6169081810BD000018
:101470000425002070B50E460546014620220020B6
:1014800006F09EFB040023D0284600F06BF8050010
:1014900027D02879B04224D1A87880071FD4A0682B
:1014A00001210173A06800214673A068022686739B
:1014B000A068C173A0680174A06841740620E08030
:1014C0002146052000F0BEF9002803D0412509E09F
:1014D00064250BE0A8783043A870002506E0462577
:1014E00000E042250021204606F0C6FB284670BDDC
:1014F0007CB514460D4600281ED1052D02D00B2DBB
:1015000007D011E0627921796088A31D0BF0DEFC21
:101510000AE021461231881F0191009062792179F9
:101520006088A31D0BF0E9FC21462846FEF7EEFB80
:101530002146284600F0B4FA7CBD70B505460C463D
:10154000002000F00FF800280BD02905090D0180BC
:1015500000218170002C01D10821817001210171CD
:10156000C17070BD30B502460A4801230068DB0235
:101570000021C318A030047B07E0586B0D0140190F
:101580000588954204D0491CC9B28C42F5D8002088
:1015900030BD00000425002030B50A490123096848
:1015A0000246DB020020CB18A031097B07E05C6B10
:1015B000050164192488944203D0401CC0B28142C2
:1015C000F5D830BD042500208068017A407A0002F9
:1015D000081880B27047000070B50023134A1DE060
:1015E0000125ED0240191901466B0024C81C345432
:1015F00010684019466B081D345410684019406B40
:10160000445210684019466B08460830345210683E
:101610000C314019406B5B1C4450DBB21068AC21AC
:10162000095C9942DCD8002070BD00000425002030
:1016300010B5024688680C46817AC07A0002081804
:1016400081B2E088001FE080042909D005290CD070
:1016500006290FD00121204606F00EFB002010BD08
:1016600021461046FEF744FA08E02146104600F0F5
:101670003FF903E0214610460BF02AFA0028EED08D
:10168000E188091DE18010BDF3B581B00D4600264B
:101690008888FFF767FF070056D0287B3C46083450
:1016A00000900228F86833D0002845D0E888002848
:1016B00010D0218840182080284606F057FA0146AD
:1016C0006068806805F0D8F80120616806F00EFABD
:1016D0000020E8802088042828D36068FFF774FF82
:1016E000001D218880B2814226D881421BD16168C9
:1016F000C88061680198FFF79BFF01460020002920
:101700000ED06168A94201D16060208045261FE0AB
:10171000002801D04526DDE76560E8882080D9E70C
:10172000606020800BE0452E06D008E0452E06D1F3
:10173000384600F0C7F90BE0384600F0C3F9002E38
:1017400006D10098012803D10121284606F094FA19
:101750003046FEBD024610B50020002A05D0012A01
:1017600002D11046FFF790FF10BD1046FFF760FF53
:1017700010BD70B50546801E0C460300FFF7DFF86C
:101780000A0C1D1D06170B0B0B0B060B0A462078C7
:101790002946FFF7ADFE70BD2846FEF7B7FA608810
:1017A0000BF0DCFA2146284600F07AF970BD4A8930
:1017B0000888A11C0BF0CAFB70BD62880978284616
:1017C0000BF0ECFA70BD0000F0B585B0FFF7E4FE59
:1017D0001B4D04462868A030007BA0422DD920462E
:1017E0003230694608736846FFF706FE012628680E
:1017F000F6028019426B0021240111532868274604
:101800008019426BE01C115428680C378019426B18
:10181000201D115428688019406BC05900280CD035
:10182000012106F029FA296800208919496BC8515D
:1018300029688919496B0834085305B0F0BD0000C8
:101840000425002010B50C460146042805D00529C2
:1018500003D0062901D0502010BDA068A2790272E1
:10186000E088020AA0684272A0688172A068090A32
:10187000C172E088001DE0800220207320460DF038
:10188000FFF90028E8D0E088001FE080412010BD6B
:10189000F8B5323801060220144E00900125306858
:1018A000ED020C0D421939214901526B4118C97BD7
:1018B000175B012349070CD5083040191E2202216D
:1018C000C06C0CF08DFC010003D08F8000980CF0F0
:1018D00073FC3168002049194A6B211D505431684E
:1018E0004919496BE41C0855F8BD00000425002087
:1018F000F0B50D468DB000210A91A96800280F7B34
:1019000002D0012822D0C3E0A888FFF745FE624E2E
:1019100004463068A030007BA04215D9122F08D1B0
:101920005E48029020463230694608736846FFF7E9
:1019300017FD01203168C0020818406B21014018D2
:101940008178FD221140817000219EE0A888FFF778
:1019500023FE06465048AC220168525CB24218D9B8
:101960000120C0020818406B32018418A2781007C9
:1019700010D5122F10D1500710D4A9882A46422022
:1019800000F0CEF8A07804210843A070A868407B3E
:10199000207179E0132F0AD0012F41D0A868417B34
:1019A000A888FFF767FD0A9000286DD070E0A8684E
:1019B000E778437BBB4267D1520765D5027C407C08
:1019C00001230002101887B242200490A8880690D4
:1019D000392040010818C07B80070FD5D802083194
:1019E00008181D22C06C04990CF0FAFB010005D008
:1019F000069A8A80CF8004980CF0DEFBA078FB2149
:101A00000840A070E078401C0006000EE07001D194
:101A10000120E070684632360673FFF7EDFC33E0D4
:101A2000100731D4A868E178407B88422CD1500758
:101A30002AD5FB200240A270E078401C0006000E70
:101A4000E07001D10120E070684632360673FFF77E
:101A5000D3FC11482022006891010830401842242C
:101A6000AE880223C06C21460CF0BAFB01000BD0FB
:101A7000A868437B877BC07B8E80000238188B71FF
:101A8000088120460CF098FB0121284606F0F4F866
:101A90000A980DB0F0BD000004250020307500004C
:101AA00010B5022809D0052801D00B2808D1084616
:101AB00009794088FFF741FD02E04888FFF784FE7E
:101AC000002010BDF8B50546807810210843A870A5
:101AD000422000901148C9010068012708304018D1
:101AE00002263B462122C06C00990CF079FB0400D1
:101AF0000AD02771667132462946A01DF1F79AFE79
:101B0000214600980CF058FBE868002805D0012118
:101B100006F0B2F80020E8602881F8BD0425002016
:101B2000F7B504230446C10622481546006803D5CC
:101B30002222BF210C4006E0392149014118C97B0E
:101B4000C90732D01F222107890E08180121C902B6
:101B50004018C06C21460CF043FB010027D0AA6856
:101B6000081D577BD57B937BBE462D025F19557CA4
:101B7000137C2D025E19D57C937CBC462D025D1929
:101B8000577D137D3F02DB19977DD27D1202BA1873
:101B9000019F07807746877067468780C6800581EA
:101BA0004381828120460CF007FB0020FEBD072008
:101BB000FEBD000004250020FFB50746464881B061
:101BC00000880D46454909220968120240078A1813
:101BD000400F926E60235843141841480E18F2F7D4
:101BE00015F8002822D0142D04D0152D20D0072D53
:101BF00059D05CE02146039803F0FFFA01212069E7
:101C000089040843214640312061087F02221043A5
:101C10000877820609D56279520852006271DF2284
:101C200010400877002F4ED151E0012005B0F0BDE3
:101C300025464035287FC007F7D02146039803F09A
:101C4000DCFA204603F0B0FA002825D0A888E988FD
:101C5000884200D30846E881698AA88A814200D276
:101C6000084668832A8AE98A8A4200D21146298373
:101C70006A882889824200D21046C9080E3989B282
:101C80006881884200D30846A88104980068012131
:101C90004906084304990860287F400840002877D7
:101CA000002F10D113E00398C078142802D0002030
:101CB00005B0F0BD4034207F0421400840000843B7
:101CC0002077002F03D00820C036F073ADE708203E
:101CD000C036B073A9E70000C00000200425002032
:101CE00058080000F8B50926F60631687A487B4A9C
:101CF000816013687A4A9D180022027042708261E6
:101D0000C261027142718271764A1288F4145207DC
:101D1000520F82701C196027A46E5743E719724C4A
:101D200092011219C7600261BA78C27057077F0F1B
:101D30008803800F7ED16B4A188E50806B48664CAA
:101D400001409013814204D1FFF758FAA068306037
:101D5000F8BD05F021FE002807D16048008850300A
:101D600081B2012000040818F0605C490020096875
:101D70004031C871E168C8735D49B80008588047B0
:101D8000A068002806DA05F007FE002802D1A07836
:101D900003F036FC012F04D0022F19D0052F17D0E5
:101DA0003FE0A068C0013CD505F0F6FD002838D121
:101DB000A0684003287E05D4022832D0607900282C
:101DC00009D02EE0022806D0A079012803D028E00F
:101DD0002078012825D148484649016023214160E7
:101DE0006421684601706A461078401E1070F068E1
:101DF000C00302D510780028F5D110783E4882B291
:101E0000012000041018F0606846017069460878E7
:101E1000401E0870F068C00302D508780028F5D18C
:101E20000878206900902946A369E268E06903F018
:101E300081FE00E033E029462369E268E0690FF0A3
:101E40006BF8207801282AD1E068006A002826D0A3
:101E50000068002823D00027C17C0568C9091CD070
:101E6000E268116A814208D10B6813620F60E16871
:101E70000A6A002A0ED14F620CE00A68824203D03F
:101E8000114612688242FBD10D60E268536A8342B8
:101E900000D15162002105F0EFFE2800DCD10E4C8C
:101EA0002089000401D5FFF7A9F9A2681349D003DE
:101EB00006D50A48022400684018836B23438363D5
:101EC000900306D50548042300684018816B194328
:101ED00081633260F8BD0000B82400200425002092
:101EE00058080000C0000020CC0000200080FBFF4C
:101EF000E024002002230102D82400200008000072
:101F0000CA6802608A6842604A6882600968C16083
:101F100070470000F8B50C46CA88098A4030521A4A
:101F20008089102695B2A84205D20546E07C40067D
:101F3000400EE07403E02068002800D1002600294C
:101F400004D1207B800701D5022000E00120CF06CC
:101F50000643FF0EE81982B20E48A1690368092002
:101F600000021818406F001D04F08FFC60610948E2
:101F7000A5740168092000020818416FB81C0E54AE
:101F800004480168092000020818406FFF1CC5556D
:101F9000F8BD00000425002018B40168184ACB6879
:101FA00013608C68012354604C6894600968D160A8
:101FB0004168144ACC6814608C6854604C68946022
:101FC0000968D16064216A4611700922D2066C4604
:101FD0002178491E21705169C90402D42178002951
:101FE000F5D122782270084A8168D4680C60946820
:101FF0004C6054688C601268CA60037318BC7047E8
:1020000018000048280000483800004803480249EA
:10201000C160034941617047B9320510E0240020D6
:10202000F5230510F0B5EF48EF49006895B0441866
:10203000EE4941180391EE498968CA017ED54A03E9
:10204000EB4909697BD4C88901225207801840886E
:10205000851888898018408806A987182878060777
:10206000360F284606F00CFCE1488068002867DA45
:10207000022012AB032E02D0052E69D07AE1DC4E8D
:10208000F178C9065CD501217171D6490968E03142
:10209000097C002921D008A9087003980C900995A3
:1020A00010A80E900A970B930D940846F1F730FD97
:1020B00030713079012843D001200006B0613069C9
:1020C000018A20468030026A1180018C30690182C9
:1020D000817A8022114381724CE104A9284606F0DE
:1020E000C5FBA81C01460A786B7910464A78120293
:1020F00010438A78C97812041043090608432978E6
:1021000000024906C90F08431946AB792A7A1B0217
:102110001943EB7912061B0419431143090202F01B
:1021200055F9049922689142C3D105996268914298
:10213000BFD1012806D0F078400602E049E19FE0D7
:1021400088E002D500203071B6E70120307111E13E
:10215000A749C97809077DD5012600210922D206A1
:102160005160A0490968E031097C00292ED008A9F6
:10217000087003980C90099510A80E900A970B937D
:102180000D940846F1F7C4FC01469948017110A866
:10219000F1F724FD01286DD0954E3079012869D0E2
:1021A0003069009006AB21462846F26806F072FBC3
:1021B0008C49002009682031C8742046C030C17B9A
:1021C000B278914246D10821C173D3E00027089725
:1021D00004A92846099706F049FBA81C01460A787D
:1021E00010464A78120210438A78C97812041043C4
:1021F00009060843297800024906C90F08430890D8
:102200006A79297A1046AA79090612021043EA79F6
:102210001204104308430002000A099008A8F1F7CD
:10222000DDFC012800D1002609980102089802F07F
:10223000CDF801466E4801220271049A23689A4241
:1022400016D1059A63689A4212D1012904D0C17847
:10225000090600E08EE00BD5C178890607D50699FE
:10226000A268914204D10799E268914200D10771B6
:10227000002E91D1A420015B5D480069018279E0C4
:102280005B4A8B89A021095B89B28B4201D1012174
:1022900091712321490141188979524D012969D150
:1022A000112189014218927DFF2A63D037214A43C8
:1022B0001218FF3241320394507B002836D113218B
:1022C000C9012E6813787618B76806462A36BB55BA
:1022D0002E68521C7618B76806465236BB552E68D3
:1022E0007618B76806467A36BB552E687618B768F2
:1022F0000646A236401CC0B2BB550628E1D328686A
:1023000040224018816820310B7A13430B72816898
:1023100040310B7C13430B74816860310B7E134397
:102320000B768068A0300178114301700398007E1D
:10233000012819D11121286889014118897D372286
:1023400051430918FF202F30405C00280CD103981E
:10235000FF31406B4831083001F0AEFB039880221A
:10236000406B01781143017023212A680020490144
:10237000511888711E480369997A090629D51D8A62
:1023800022468032918C89B28D4222D12F21158A2A
:10239000095DD97200210923DB065960FF23691EFC
:1023A0005533994200D81182002D04D10121816159
:1023B000807804F051FF0B4849210068490140181A
:1023C000407E002802D0012007F034FD01200CF0EF
:1023D0009BFD07488068400302D5204606F00EF9B1
:1023E00015B0F0BD04250020580800003C0900008D
:1023F000B8240020F0B5FF48FF49006801254418C3
:10240000FD21C9004318FD49ED0308468A68C068EC
:1024100083B0AA4204D0856AAE7AEE273E40AE72FF
:10242000D70100260125002F52DA570336D4570171
:1024300004D50922D20656600D7021E0570012D54E
:10244000C278521E1206120EC27003D10922D206A1
:1024500056600D704279170612D55206520E42711F
:10246000826942610CE0E64F3A4203D022221555C0
:10247000826942610279C27042795206520E4271FB
:102480000927FF06DB6B3A699A1A130201221B0A1D
:10249000D20593421CD90D707E6019E00A699389B8
:1024A000012252079B185B889A18436B93420AD10A
:1024B0009278142A07D1024640321346127FDF2752
:1024C0003A402A431A7701220369D20393430361F6
:1024D000CA498B68590213D5C8490A6997890122EC
:1024E0005207BF187F88BA184A61416B914207D1E1
:1024F00091780D2904D101220169120491430161EF
:10250000002B6FDAB42109594A8801214907BB4FD2
:102510005118F9610921C9064969C90DC90707D0D0
:1025200009207D70C00646603D70B648B861E4E0A1
:10253000008A80040AD5F1F769FB01282FD01C22FC
:10254000F9694878024201D0001F4870AB49C86958
:10255000C96802788B6A5F8801235B07FB181B78C8
:102560001343DB0604D4A54B1D700923DB065E6014
:10257000D243920715D00869A04FC00377D5F1F771
:1025800045FB012874D01F20F969497808426ED0B4
:1025900009207D70C00646603D709A48ACE0FC2280
:1025A000CEE7877843783A469C461A2F72D2964BEC
:1025B0009A5CFF2A6ED062456CD1042F13D0052F90
:1025C00016D0062F2BD0022F32D00D2F37D00A690C
:1025D000D3033BD5894809214570C9064E60057073
:1025E000884931E089E0894A08691043086184E03C
:1025F0008249086906704671467086718670C67198
:10260000C6700672802202714672C96801230A6987
:102610005B021A430A61C17D0822114334E0412361
:102620000A699B029A430A610121744889030BE0FD
:10263000496B72480D60C068272141715DE06F48A9
:1026400001228169D2051143816156E00B2F10D020
:102650000E2F1BD0092F1ED00C2F20D002466C4B02
:1026600039460020F1F7C2FA002846D12CE03BE0C1
:1026700038E0684B61481A430523DB029A430A613C
:102680000069C17DF7221140C17536E01020024378
:102690000A6132E020E0012109035848D4E7970796
:1026A0000423002F07DA554FBB6102239A43082306
:1026B000CE273B5500E01A432A430A610522C01C7D
:1026C0002C31FEF785FA18E04C480822C0680169F1
:1026D00011430161C77110E00869082210430861C5
:1026E000CF710AE0FF204FE72146FB683A69F8699D
:1026F0000EF00CFDB9690843B861404AD068116911
:10270000076A8B89012149075B1800935B88591878
:10271000002351610193926811239B041A421ED138
:1027200053011CD4436B8B4201D0012300E00023F2
:102730000293884201D0012300E000239C46002F31
:102740000DD0029B002B0AD06346002B07D0FB7CE8
:10275000DB0904D03B68002B01D001230193520216
:1027600002D4019A002A72D04279930701D5002F32
:1027700017D052085200436B8B422BD14271D206C4
:102780000BD51E4A55700922D20656601B4A224BB1
:10279000157092691A43194B9A618978152903D0EB
:1027A0004AE02A434271E6E7014640318C460A4638
:1027B000097FFD23194011770A073DD50F4A0123F0
:1027C00092695B061A430D4B9A61F72211406246EB
:1027D000117731E081422FD03A8ABB7C0021D21898
:1027E0003A827A69BA61BE743A8AFB889A4217D2F1
:1027F000FB7C13E00425002058080000B8240020CA
:1028000000004080088010004044061000010100D4
:10281000D02400208054010008800100DB0902D090
:102820003F68202104E0D20602D1BA691268BA6179
:102830009F4A9369194391610169029100210191B5
:102840004179C90704D09A49406B48612EE048E0BD
:10285000002F06D00CF0C2FA002802D102984005E1
:102860000FD59348C16841618068002802DB1120C0
:10287000088000E00D8001220869D203104308613E
:1028800014E0012001908B49387C0968092212026A
:10289000C0068918C00E496F801C854A40185061D7
:1028A000009948803946D068FFF734FB804F81217A
:1028B000F8688901006908420AD0F1F7A7F90128F0
:1028C0000AD01F2279694878024201D0001D487061
:1028D0000198002802D004E0FF22F3E70099B88AAB
:1028E0004880734F21463B69FA68F86905F0FEFDA0
:1028F000387801287ED13B46D8681B69417980220F
:102900009A7203894022125A5B1C038123462033AA
:102910009F785200002F02D14769BF1A47610026F5
:102920009E70836A9E7A11273E439E722646604BB4
:10293000C036B77B9B789F4209D173899A1A7281FE
:1029400005D55B4A5C4F557093693B43936143697E
:10295000574A002B04DC5570584F93693B439361F1
:102960008B060AD54B0705D45570554B9169194311
:10297000916102E0FB23194041710179C1708179B5
:10298000C90742D027464037798E0089081A0121AD
:1029900080B2C903884205D345484A4A45708169D7
:1029A000114331E0002830D1474800884007400FEC
:1029B00004F02CFC00903E484022C0688179490810
:1029C00049008171317A4908490031729C21095BC3
:1029D0001152FA8D798D1205120C944682898A4221
:1029E00005D18369634502D1009A002A07D0304A95
:1029F000402600E05AE093693343936101E00822E6
:102A0000B2738181F98D0901816129482F4FC16815
:102A10008A79930728D576231B5B0E899B1B012699
:102A20009BB2F603B34205D34570264A8169114330
:102A300081611CE0002B17D1FD231A408A7180228E
:102A40000169125921310A70130A4B70130C8B70F3
:102A5000120ECA7060340169A27E20314A710122CF
:102A600081695205114381614178002912D0C06803
:102A7000002181700920C00641601348008840078A
:102A8000400F04F0E9FB0B480168C819407E00289C
:102A900006D108E007480168C819407E002802D026
:102AA000012007F0C7F901200CF02EFA03B0F0BDA9
:102AB000B82400200425002008804000088004007D
:102AC0000880020008800800C000002020090000E3
:102AD000F0B5FF4885B00168FE480C18FE4EB1689D
:102AE000C8017DD5204680300090806B827AEE232D
:102AF0001A40827230464A030125C068002A42DB30
:102B00004A0105D500200921C9064860357036E024
:102B10004A0012D5C178491E0906090EC17003D1B9
:102B20000922D2065160357041790A0627D5490637
:102B3000490E41718169416121E0E84A11420AD0A0
:102B4000224620329570490202D50321917000E09F
:102B500095708169416101792246C1704032917955
:102B6000002908D00921C9068968A164002102232F
:102B7000E1649377A16541794906490E41710020CE
:102B80004621085543E031698A89012149075218D5
:102B90005288436B5218934213D19378142B03D06D
:102BA0009278042A08D00CE0034640331A7FDF27CE
:102BB0003A402A431A7704E0012302699B021A4330
:102BC0000261806A408840187D210078095D0843D1
:102BD000C00606D4002009213570C906486010E0FF
:102BE0007CE2606D06F08CFF01460920C006026998
:102BF000236DD21A1202120A914202D235700021BC
:102C00004160F06801220169D20391430161B1681A
:102C1000480213D530698089012252078018408804
:102C200080187061F268536B834207D180780D2859
:102C300004D1412310699B0298431061002948DAAE
:102C40000098806B418801204007A34F0818F86165
:102C50000920C0064069C00DC00707D00020092127
:102C60007D70C90648603D709D48F3E0F8684121D9
:102C70000069490108420AD0F0F7C8FF012829D0AD
:102C80001C22F86941780A4201D0091F4170F86995
:102C90007D2201781155C94389071DD0F868006964
:102CA000C00370D5F0F7B2FF01286DD01F20F9697D
:102CB0004978084267D0002009217D70C906486024
:102CC0003D708748B861F8680121026909048A43A8
:102CD0000261C0E0FC22D4E7867841781A2E76D2D1
:102CE000804A925DFF2A72D08A4270D1022E15D09E
:102CF000F9684A79D2065BD4062E16D00A69D30346
:102D000028D5002209237D70DB065A603D70744A85
:102D1000BA6101200A69000482435CE0F868406BF4
:102D20000560F9682320487195E00122B869920393
:102D30001043B8616C4A08691040152252021043D2
:102D400008612046C030C17BBA78914230D1082159
:102D5000C17380E0002E18D0012E2AD0032E2DD072
:102D60000A2E35D00B2E38D0082E39D0092E3AD065
:102D70000C2E3BD002465D4B31460120F0F736FF6A
:102D8000002868D14BE05DE05AE00A463E46214605
:102D900005F0F5FEF0698179C079000208435449D5
:102DA000400240185349896A814200D8084660654C
:102DB00051E00A46214605F0CBFE4CE0BB69802677
:102DC0003343412000040243BB610A6143E028E031
:102DD0008920C00105E00A613DE047480240FAE76A
:102DE00010200243F7E70121090327E03B4697073C
:102DF0000426002F08DA9F6937439F6102239A4314
:102E00000823CF26335502E0D30700D132432A43AB
:102E10000A610522C01C2C31FDF7DAFE1BE0072EEB
:102E200006D0F8680822016911430161C67112E0F9
:102E3000F969C9780E290ED101218906B9610AE024
:102E4000FF2034E72146FB683A69F8690EF05EF925
:102E5000B9690843B861204BD8681969066A0F8AB6
:102E600001225207BF1801977F88BA1800275A61BC
:102E700002979B681127BF043B421ED15F011CD4FF
:102E8000476B974201D0012700E00027039790424B
:102E900001D0012700E00027BC46002E0DD0039F83
:102EA000002F0AD06746002F07D0F77CFF0904D017
:102EB0003768002F01D0012702975B0202D4029BE2
:102EC000002B78D043799F0701D5002E20D015E044
:102ED0000425002058080000B8240020000040808D
:102EE0000800100040440610DFFBFEFFD024002045
:102EF0009AFDFFFFE0020020BFFFFEFF5B085B00C2
:102F0000476B974243D143719378042B05D016E069
:102F10002B431F462F434771F2E72346C033DF7B25
:102F2000082F05D1DC4FBF78DF737D277F029F819B
:102F3000D94B01279B69FF063B43D74FBB614379C0
:102F4000DB060CD5D44B09275D700023FF067B60A0
:102F5000D14BD24F1D709B693B43CF4FBB619278E1
:102F6000152A32D1074640373A7FFD231A40BC4626
:102F70003A77130729D5C84B01279B697F063B4346
:102F8000C54FBB61F7231A4063461A771DE08242A2
:102F90001BD0338AB77C0022DB1933827369B3619B
:102FA000B274338AF788BB4202D2F77CFF0903D0A0
:102FB0003668202205E068E0DB0602D1B3691B68B1
:102FC000B361B54B9F693A439A6142790027D207B2
:102FD00017D0B14A436B53619A78052A3BD10269F5
:102FE00020231A43026100200870487148708871DC
:102FF0008870C871C8700872087148728020487261
:1030000029E0002E0AD00BF0E9FE002806D1A248E4
:103010003322C16852010969114209D09E49012237
:10302000C868486105800169D2031143016112E05B
:103030009B4A317C126809231B02C906D218C90EAB
:10304000526F0127891C89184161019A51803146CC
:10305000C068FEF75FFF904E2121F068890100698A
:1030600008420AD0F0F7D2FD012809D01F22716969
:103070004878024201D0001D4870002F02D004E0C1
:10308000FF22F4E70199B08A4880834EF268106904
:103090004106890F13D080063178C00F012902D074
:1030A000B16849031CD5002804D03069C17D0823CC
:1030B000194303E03069C17DF7231940C1752146EA
:1030C0003369F06905F012FA307801280BD00099C5
:1030D0007448896B0322091DFDF7CCFD05B0F0BDD6
:1030E0000028E7D1E1E76C480121C2680069537903
:1030F000C67A01962026365C00278772204620304B
:103100000290807803281CD197796348002F18D14A
:103110009F06BF0F15D1624F3F682037FF7C002FFD
:103120000FD1176A002F0CD1CF273F5D80788742DF
:1031300007D09089411C7043019E89B2801980B2EA
:1031400001904020805A168940004843711811812F
:1031500002998978002902D15169091A51610099AF
:10316000896B8E7A11273E438E7226464A49C036B5
:10317000F77B89788F420AD1B189091AB1810FD5BD
:103180004549494F4D708E693E438E6108E056694E
:103190004149002E04DC4D70444F8E693E438E61E0
:1031A000990605D53C49424E4D708B6933438B617E
:1031B00011792746D1704037BD71E16C80B2081893
:1031C000E0649079FB210840334E9071C00717D01E
:1031D000B88E1189401A012180B2C903884205D3F3
:1031E00075703449B0690843B06109E0002807D11F
:1031F00001230021204605F01FFAB1690843B061A0
:10320000F06881798A0723D53A8F0389D21A521C34
:10321000012392B2DB039A4205D375702549B06948
:103220000843B06114E0002A12D1FD2211408171DF
:10323000306900992130496801700A0A42700A0C0D
:103240008270090EC17060343069E17E20304171B6
:10325000019806F039FC3169C8720298002787701E
:103260007078002802D0B07803F0F6FF0C4C58219B
:1032700020680D54492149014018407E002802D0A1
:10328000012006F0D7FD01200BF03EFE2068403003
:10329000077605B0F0BD0000B8240020080001004A
:1032A00004250020FA0030000880400008000400D7
:1032B0000800020008000800F0B599B001200E9047
:1032C000FD48FE490068FF4E4518FD21C90044181D
:1032D000FB4947180121109100210F910497F949EA
:1032E000B2680969D30116D5530314D5B8680A8AA0
:1032F00080B282420DD10091386A00232946F268DB
:103300000DF0B0FFC035A87BB178884201D108200C
:10331000A87319B0F0BD002A7EDACA8901235B07C1
:10332000D2185288D6182A4620320D92D278022A14
:1033300073D033781B071B0F1193012A05D1022B81
:1033400003D0012B01D0042B54D101220F92002273
:103350008A72FA684A82FA68927AE36B9446092282
:10336000D20612699A1A130201221B0AD20593424D
:1033700038D900220923DB065A60049A9446D268A1
:10338000927A49235B01C0180790807E00280BD0F9
:1033900060460123C0681A438272C87A8446243882
:1033A000C0B2032806D006E0112002436046C06880
:1033B00082721CE00020079A0123927E83401A4209
:1033C000049209D1401CC0B2032800D1002001237F
:1033D000049A83401A4202D02530C0B28446604627
:1033E000C87204E06046EE210840F96888722846F9
:1033F00005F004F9B048F0210068095C002905D106
:10340000232149014118097A002922D01321C90139
:1034100040188068002101E06AE22CE16A461173DD
:10342000059016A80690049614A809900797089589
:1034300003A8F0F76DFBA3490871A24800790128A1
:103440007ED0119804280D98C0787AD0012879D0C0
:10345000FBE030780AA90007000F0990304605F01C
:103460000FFA04A9304605F001FAB01C01460A78AB
:1034700010464A78120210438A78C9781204104321
:1034800009060843317800024906C90F084306902F
:103490007279317A1046B279090612021043F27934
:1034A0001204104308430002000A01020790069824
:1034B00000F08CFF0146834A002010710998032810
:1034C00004D0052802D0012804D00BE07D4A012059
:1034D000107107E004982A689042F7D105986A684D
:1034E0009042F3D10D980079002804D0002902D130
:1034F000744901200871099804289ED16E4801681A
:103500001320C00108188068082142181378194652
:1035100053781B0219439378D2781B04194312067F
:1035200011430B020178C01CC9090B430821411843
:103530000A7810464A78120210438A78120402E090
:10354000ACE192E010E0C97810430906084300029C
:103550000699000A994203D10799814200D16CE78C
:10356000584901200871C0E10AA9304605F088F9E0
:10357000514813230168DB01C81880680B9A017851
:10358000D2034906D20F490ED201114301704A48B5
:1035900006220168C81881680AA80831FDF718FBDF
:1035A0004548F0210068095C012905D02321490123
:1035B0004118097A002927D011239B01C118097DE0
:1035C000FF2921D0372251430918FF314131497B6E
:1035D000012919D01321C9014018806840230278BD
:1035E0001A4302703448112200689201821841186F
:1035F000127D37235A4310188968FF300622413064
:10360000891CFDF7E5FA20E01323DB01C018806870
:10361000BF22017811406A68D203D20F9201114390
:10362000017025480168C818816828688870020AF6
:10363000CA70020C0A71000E48711F480168C81850
:103640008168A8888871000AC87101211D48890213
:1036500081610D98C07801287ED1119802287BD015
:10366000012879D000201090A0E0012875D1C10276
:103670001448816139E1F021095C002905D1232139
:1036800049014018007A00281ED0012069460873BD
:103690000020059016A80690049614A80990079794
:1036A000089503A8F0F734FA0649087114A8F0F752
:1036B00095FA012878D079E0042500205808000008
:1036C0003C090000B8240020307806A90207120F38
:1036D0003046139205F0D4F804A9304605F0C6F838
:1036E000B01C01460A7810464A78120210438A78C4
:1036F000C9781204104309060843317800024906CC
:10370000C90F084308907279317A1046B2790906D8
:1037100012021043F2791204104308430002000A17
:1037200001020990089800F051FE844638697969D1
:10373000AB4B00221A71139A032A15D0042A13D016
:10374000052A11D0022A0FD0062A0DD00D9A12791F
:10375000002A0CD0604601E028E02BE000280CD0C5
:10376000139801280CD017E001221A71EEE7069A8F
:10377000824202D107988842F2D001201871EFE707
:1037800004982968884203D105986968884203D063
:1037900001201871A9E007E0187901287ED008A857
:1037A000F0F71CFA012801D100200E908C48007916
:1037B000012874D00D98C078022870D10E98002886
:1037C0006DD0B868864909690882386A0590801CFE
:1037D00004900920C006216C8068081A00020712B4
:1037E00080480068806A0390874209DAA06906F081
:1037F00087F9C719208C401C208403988742F5DB89
:10380000384606F0DFF9C001040C059880210078E5
:10381000744A430630785B0E400008400343059825
:10382000F02103701068095C012905D023214901AA
:103830004118097A00293BD01121890147187F7D61
:10384000FF2F19D0372257433818FF304130407BC3
:10385000012811D040200343059803706148006897
:103860004118497D514308180599FF30062241301F
:10387000891CFDF7ADF91BE00498296801700A0A5C
:1038800042700A0C8270090EC1700499A8880871F0
:10389000000A48710598BF21007801E025E021E089
:1038A00008406968C903C90F890108430599087070
:1038B0000AA9304604F0E4FF05980A9901720A0A41
:1038C00042720A0C8272090EC1720B990173090AC5
:1038D00041738475210AC1750A9828610B98686143
:1038E00019B0F0BD10980028FAD00F98002845D1E3
:1038F0003B48002102699172F8685082F868817A29
:103900000920C006E36B06699B1B1E020123360AD1
:10391000DB059E4238D900214160324803683248B5
:103920001818C168897A492676019B199E7E002E57
:103930000AD00126C06831438172D07A0146243909
:10394000C9B2032905D005E01122C0681143817274
:1039500011E000219B7E37468E40334208D1491C3E
:10396000C9B2032900D100213E468E40334201D026
:103970002531C8B2D072284604F040FE0925ED0674
:103980006868002804D011E0EE200140F868DEE706
:1039900014480168492040010818407E002802D0E0
:1039A000012006F047FA01200BF0AEFA206C2969DD
:1039B0000126401A0002000AF605B04290D3A06921
:1039C00006F09EF8216C40182064218C491C21844B
:1039D0002969401A0002000AB042F0D219B0F0BDC5
:1039E000B8240020042500203C0900000A480B49A7
:1039F000006840180921C9060A6902650022803062
:103A0000406A82720868002804DA0548C16808899B
:103A1000401C088170470000042500205808000061
:103A2000B824002010B51648164900684418A42090
:103A30000059817A490849008172F0F7E7F80128B6
:103A400014D0FF20013006F05BF8216D4018000211
:103A5000000A20650121490640180921C90648606D
:103A60000948C1680889401C088110BDE06C06F057
:103A700047F8216D40180002000A2065EAE70000BF
:103A80000425002058080000B824002010B50020AC
:103A90000921C906486007484921006849014018C2
:103AA000407E002802D0012006F0C4F901200BF06E
:103AB0002BFA10BD042500200A7802704B78437061
:103AC0008A788270CA78C2700B7903714A79427120
:103AD00070470000F0B58DB00026574D044606969D
:103AE0000796089609962868E030007C012803D1E3
:103AF00001F0FCFA012811D029680020E031487457
:103B0000E01D0B9402901734059400200B9900F0EF
:103B100083F90646FF2804D0002003E00C200DB0F6
:103B2000F0BD07200A902868F100444A0918891856
:103B300003912F21490140180C9070087F285BD019
:103B400000F024FB0746F00903D07F1E7606FFB283
:103B5000760E37202968784344180398FF34C771DC
:103B600003201B340B9900F027FB01460020FF22A5
:103B7000A070E2702670FF2906D00122A270E170C9
:103B8000CA000C995118CF71264601212036717553
:103B90000746B075102206A90298EFF753FE0028D9
:103BA0000BD01022201D0299EFF744FE21462C3144
:103BB000201D01F05FF8277501E00120207510221B
:103BC00006A90598EFF73EFE00280DD020461530D7
:103BD000102205990390EFF72DFE21462531039819
:103BE00001F048F8F77401E00120F07461780120D9
:103BF00000F020FAFF206070104E0024F836371FC6
:103C00000EE0E100081881190022029801F018F86E
:103C1000002803D12146022000F00CFA641CE4B213
:103C20002868C1190978A142EBD829680120E03140
:103C300048740A9873E70000042500206C04000013
:103C4000F1B5194D00212868E03041740320009936
:103C500000F0E2F801270446FF281ED00026304677
:103C6000009900F0A9FAFF280DD0C10028680F4A7A
:103C700009188918CA7937235A431018FF301B30A6
:103C80008770C470C8792A68E100891840062F221D
:103C9000400E52018918C87100E007262868E030FC
:103CA00047743046F8BD0000042500206C04000075
:103CB00070B5274C002520680126E0304574007C53
:103CC000012803D101F012FA01283CD0214B2068D1
:103CD0007822FF21C018EFF7B1FD1E4B2068F833A2
:103CE0007822FF21C018EFF7A9FD9D232068DB0093
:103CF0007822FF21C018EFF7A1FD23212068490198
:103D000041180D722721490141180D712B214901DC
:103D100041180D70F4210D58FF300F4A00211B305F
:103D2000EFF78CFD2068FF210246E03213469174C4
:103D30001122920182181176517691768030456772
:103D40005E74002070BD2068E03046740C2070BDA9
:103D5000042500206C0400003903000010B5084C55
:103D60002F2320685B01F822FF21C018EFF766FDC2
:103D700017222168002092018918087710BD0000E1
:103D80000425002010B5044601F0B0F9002801D048
:103D90000C2010BD02480068E0300474002010BD03
:103DA0000425002010B56421064C48432168803169
:103DB0004867FDF791F92168803188670020C8675E
:103DC00010BD00000425002010B504460146042063
:103DD00000F0F2F9FF2801D0012010BD2146042097
:103DE00000F01AF8002010BD10B50146042000F0C4
:103DF000E3F90146FF2802D0042000F01BF910BDB2
:103E000000B50146042000F0D7F9FF2801D00120B9
:103E100000BD002000BD0000F3B505007F4883B061
:103E2000006808D0012D0DD0022D0ED0042D1BD01E
:103E30002F2149010AE07A498D22411801910F2171
:103E4000D20020E09D21C90000E07649411801918F
:103E5000032D0BD0042D0CD00F21012D0BD0022DE2
:103E60000CD0042D03D10CE06F49EFE71F216F4AFE
:103E700009E00821F1E76E4A801805E02B22520183
:103E800001E0DB22D2008018009004788C4207D138
:103E9000002D15D0032D13D0042D11D0012D0FD0DE
:103EA0008C4201D1022D0DD000262846049900F045
:103EB00083F90290FF2807D0FE26002D7ED0AAE0CD
:103EC000FF26A8E0FC26F0E7FE2E78D0022D10D1C8
:103ED000FC2E0ED15148019A0068FF300130417E1E
:103EE000CB009A18D2794276022000F0A3F8641E23
:103EF000E4B2002C3DD00198E1000F183E46083E88
:103F000004990720401E0B5C325C9A1A0BD0002AE1
:103F10000BDD0198E100081807220499EFF78AFCED
:103F2000261E26D02BE00028ECD138460722314649
:103F3000EFF780FCF079F871002D03D0032D01D04C
:103F4000012D12D1F079C14349060ED037214843E3
:103F5000324909684018FF301B30002D02D0012D76
:103F600017D0C01C0178491C0170641E2406240E61
:103F7000C1D1072204990198EFF75CFC0026009854
:103F8000022D08D000780099401C0870002D3DD00B
:103F900041E0401CE6E70178002921D00198CA00E1
:103FA0001018C01D0278521CD2B2A24200D9027071
:103FB0000838491EF6D10098007801E028E022E098
:103FC00000280DD015480068FF300130417EA14225
:103FD00001D3491C4176017EA14201D3491C0176DF
:103FE0000E480168FF310131097ECA00019951185C
:103FF000CC710068FF300130047600980099007899
:10400000401C087007E0002D02D004E0FE2E02D113
:10401000029E80200643304605B0F0BD04250020F6
:104020006C04000064050000DC060000DC050000F4
:10403000E4040000F0B504004E4883B000680F4669
:1040400008D0012C0AD0022C0BD0042C2BD02F210D
:10405000490107E048494018009009E09D21C90046
:1040600000E0464940180090032C1ED0042C1ED0BE
:104070000F20FF2F5ED0401EC0B23E460190874207
:104080002ED20098F1000D18294608312846072243
:10409000EFF7D0FBE87BE871002C0AD0032C08D0A6
:1040A000012C06D017E03649DCE71F20E1E70820A5
:1040B000DFE7C14349060ED0372148432D4909683F
:1040C0004018FF301B30002C02D0012C1ED0C01C29
:1040D0000178491E0170761C0198F6B28642D0D351
:1040E000C100009807220D182846FF21EFF7A6FB14
:1040F000FF20E871002C0BD0012C0FD0022C11D026
:104100001C48042C006832D01E490FE0401CDFE739
:1041100018488D210068C900401808E015481A4960
:10412000006803E013482B2100684901401801781A
:10413000491E0170022C18D10E480068FF30013072
:10414000417EB94201D9491E4176017EB94201D969
:10415000491E017600980F21C01D0278BA4201D98C
:10416000521E02700830491EF7D103B0F0BDDB21AA
:10417000C900DBE7042500206C0400006405000092
:10418000DC060000DC050000E4040000094AFF2012
:104190001368002137224A43D218FF323B32527D46
:1041A000002A04D0491CC9B20F29F3D3704708462E
:1041B0007047000004250020F0B5234A002812684B
:1041C00008D001280BD002280CD004282FD02F2390
:1041D0005B0108E01D481218964604220CE09D235E
:1041E000DB0000E01A4BD2189646032821D00428A1
:1041F00022D00422042821D00F20844601209040A0
:10420000C3B200265B08F018C0B260450BD2C200F2
:10421000744614190722521E8D5CA75CED1B0FD04B
:10422000002D00DD0646002BECD1FF20F0BD094B30
:10423000D9E705221F20E0E70322DBE70820DCE7BF
:10424000002AE8D1F0BD0000042500206C04000025
:1042500064050000DC06000070B5304D2E4A286869
:104260000021FF301B30EFF7E9FA2868FF21F22226
:104270001154112292018218117651769176284AB2
:10428000F4210A502F235B01F822FF21C018EFF719
:10429000D5FA244B28687822FF21C018EFF7CEFA10
:1042A000204B2868F8337822FF21C018EFF7C6FAB0
:1042B0009D232868DB007822FF21C018EFF7BEFAA3
:1042C000194B28684022FF21C018EFF7B7FA2326C0
:1042D00028687601002481190C72272149014118B0
:1042E0000C712B21490141180C70172189014118CB
:1042F0000C771B21890140180476FCF7EDFE296834
:104300000B468033986788190A4601210471E03210
:104310005174DC67847170BD3903000004250020EE
:10432000905F01006C040000DC060000F0B4234B39
:1043300000281B6808D001280BD002280CD00428C4
:1043400033D02F24640108E01D481B189C46042329
:104350000CE09D24E40000E01A4C1B199C46032845
:1043600025D0042826D00423042825D00F27012097
:104370009840C3B200205B08C418E4B2BC420FD21C
:10438000E50065442E686D682D02AA4203D8AA4252
:1043900006D1B14204D32046B14201D1AA4202D093
:1043A000002BE8D1FF20F0BC7047074CD5E7052370
:1043B0001F27DCE70323D7E70827D8E704250020D9
:1043C0006C04000064050000DC0600000A4610B51D
:1043D00001460320FFF7AAFFFF2801D0012010BDEE
:1043E000002010BDF0B5A3B001780E91456881683A
:1043F0001091C76801691E91416905918069002487
:10440000189417940090FF2616941D940894A81CE5
:10441000F4F725F8297800024906C90F08433860E7
:10442000681DF4F71CF80002000A7860284608307E
:10443000F4F715F829780002C909084302902846C4
:104440000B30F4F70CF80002000A03907A681002AF
:10445000810F012902D13978012900D0002113915F
:10446000039909028B0F012B03D1029BDBB2012BB5
:1044700000D000231593800F02D13878012800D096
:1044800000201B90880F03D10298C0B2012826D0CB
:10449000002128780507FB482D0F03681846FF30D8
:1044A0001B302190F8481818149000200F9012909B
:1044B0000C9001201A901C900098426000983A6875
:1044C0000260F04800681990E030027C0B92002AEC
:1044D00000D0012211920B9A012A02D005E001219D
:1044E000D7E7407C002800D101240E98002811D085
:1044F00001284ED0032D02D0052D00D001240598AF
:10450000007E03287ED002287DD001287CD004289C
:104510007AD09CE0032D06D0052D04D0042D04D0C4
:10452000012D05D009E0012407E001200F9004E0EF
:104530001198002801D10120129010981690801C2B
:1045400018901098083017900598203000790328AB
:1045500010D001280ED000220C92059200280BD01A
:10456000012809D000201A900B98012806D0012DAF
:1045700009D0A0E00122EFE70120F4E7012D6FD17F
:10458000002900D001241598002801D101201290A3
:10459000C1E0002D02D0012D00D00124059820306B
:1045A000007901280ED000220C921B9A002A01D01B
:1045B000002809D001220592159A002A06D0012D63
:1045C00009D019E00122EFE70022F4E7012D13D111
:1045D0000B9A012A06D00B9A002A0BD0159A002AB2
:1045E00008D009E02323199A5B01D2181279012A15
:1045F00000D1012401221292139A002A06D00B9AAC
:10460000002A02E01CE019E01CE006D1002801D1DC
:1046100001220F92139A002A07D00B9A012A45D142
:10462000002805D101201D9002E00B9801283DD102
:10463000012D78D100296ED001246CE0052D06D122
:10464000012404E01399002908D0002A06D0002193
:104650000F91032D05D0052D09D00FE00121F7E7BB
:1046600029E005992031497BC90705D106E0059964
:104670002031497B890701D501210C910C990591C5
:10468000012112911099891C1891109908311791E4
:1046900010991691012A07D1012801D0042803D1CD
:1046A0001B99002900D00124052D29D0012D32D0DD
:1046B0000E98012837D01898F3F7D1FE169900020A
:1046C00009784906C90F084309901898C01CF3F7E8
:1046D000C6FE0002000A0A900E98012823D01798FF
:1046E000F3F7BDFE169900020978C90908430D9039
:1046F0001798C01CF3F7B3FE0002000A109020E0E8
:1047000013990029D7D0012801D00428D3D1012042
:104710000890D0E707E00121199889024018C16D7F
:104720000991006ED7E71E9800691E994969020237
:10473000CB03DB0F09041A43090A000E01430D9253
:104740001091002C73D11398002866D00B98002884
:104750001CD01198002860D07868396802020120C6
:10476000FFF7E4FD474B01469D221868D2008218EE
:10477000FF290CD0FE293ED0C8008018C6791498B5
:10478000F100091807220098EFF754F883E0052D8F
:1047900002D10E99022904D0F221095CFF2913D01D
:1047A00029E00121384600F0B3F941087F2903D000
:1047B000C10014980818E1E708990598084301D04A
:1047C000012468E0002466E0112189014118497E36
:1047D000FF2910D1FF30072239460130EFF72AF8C0
:1047E000284800210068F222115401464031CA795C
:1047F000EF231A40CA710E99012904D0059C4AE0A2
:1048000001200F9047E0232149014018C079022878
:10481000D6D20C980028F3D0D2E71B98002802D0FB
:104820000B98012804D0119800280CD104E039E03D
:104830000020059C1C902EE0232119984901401866
:10484000007A002827D07868396802020020FFF734
:104850006DFDFF281FD0C10014980818C6793720B5
:10486000219970434018017D002900D0012120309A
:104870002091807D002809D000201F90002907D0BA
:1048800009E00000042500206C0400000120F4E78A
:104890001F98002894D157480168112080010818FA
:1048A00006754675119800284BD0FF2E0BD008983E
:1048B000002808D04F480168112080010818807D29
:1048C000B04200D001241D9800280BD0FF2E09D043
:1048D00048480168112080010818807EB04201D04C
:1048E000012447E0002C45D1159800282BD0012D3C
:1048F00029D14048029A0068C11DF9310B699A42DA
:1049000005D1039A4969120209028A421BD011217A
:1049100089014118497E1A9CFF2912D1FF300722D4
:1049200002A90930EEF786FF3248EF2301680846F6
:104930004030C2791A40C2711122002092018918B8
:104940004876002C16D11C98002813D00C98FF2E06
:1049500007D000280ED03720219970434018807866
:1049600006E0002806D0786801023868FFF72EFDBF
:104970000028B5D00F9800282AD00D9839688842B1
:1049800003D110987968884222D01198002807D165
:1049900018480168232040010818007A002800D038
:1049A0000120FF2E02D02099002907D000221F9954
:1049B000002905D00021052D17D103E00122F6E7DB
:1049C0000121F8E7002810D0002A0ED000290CD0D1
:1049D000002C0AD1129800280AD00299099888421E
:1049E00003D103990A98884202D0012023B0F0BD78
:1049F0000020FBE704250020F8B5FCF76DFB434CD5
:104A0000074621680A468031886FCB6F381A18181C
:104A1000C8674B6F000B984236D30020E032C8675E
:104A20005074107C00282BD00025232676010BE043
:104A30003721694308180146FF31FF3040313030DB
:104A400000F018F96D1CEDB220688119097AA942AD
:104A5000EED800250BE03721694308180146FF31E5
:104A6000FF3047311F3000F005F96D1CEDB22068B2
:104A70008119097AA942EED8216801208919887123
:104A800021680120E03148742068F8210F5072B687
:104A900001464031CA7910231A43CA7162B60146F1
:104AA000E0310A7C002A24D0897CFF25002906D128
:104AB000FF30013000F02CF82068E03085741126BA
:104AC0002168B6018819407EFF2813D03722504351
:104AD0004018FF30FF3100223030093100F0B0F8CB
:104AE000002808D0216800208919C875206880191D
:104AF00045760020F8BD206801218219FF30D1756C
:104B0000013081680161C1684161EFE7042500203F
:104B1000F3B505468DB0FF20454C0390454920680C
:104B200047189D21C9004018049029460220FFF72C
:104B300043FBFF284AD10020059023202168400133
:104B40000918097A002931D9F879372148432168B1
:104B50002A79461838490E9B0A706A7930464A709D
:104B6000FF30AA791F308A7006AA061F01F04EFC9A
:104B70000322691C06A8EEF765FE002829D0307DC7
:104B8000012806D1072239462846EEF75BFE0028A9
:104B90001FD005980837401CC0B20590232021681B
:104BA00040010818017A05988142CDD8216800207B
:104BB000E031487429460220FFF72EF922680121CE
:104BC000E0325174FF2801D0FE20039003980FB00B
:104BD000F0BD0598039021680020E0314874717899
:104BE0000120FFF727FA15492068411809780F2995
:104BF0000CD19D23DB007822FF21C018EEF71EFEAA
:104C000027222168002052018918087129460120B5
:104C1000FFF702F97070C2000498F9791018C17199
:104C200021680120E03148740398FF28BED0CDE709
:104C3000042500206C040000D0020020E4040000E1
:104C400010B50C460B790A4984B00B7063794B7030
:104C5000A3798B7013466A4601F0D8FB0322611CCE
:104C60006846EEF7EFFD002800D0012004B010BD2B
:104C7000D0020020F3B589B00D46FBF78AFF800211
:104C8000800A01218905084300226B461024114641
:104C900001E0032A04D2D7000646FE401E7000E061
:104CA0001970521C5B1C641E2406240EF1D10023D3
:104CB00004AA6946099801F0A9FB03226946281D48
:104CC000EEF7B8FD032204A9681CEEF7B3FD01203E
:104CD00028700BB0F0BD0000FFB55C49964609682E
:104CE0005B4A8DB08D18392252018A189446527948
:104CF0001127169B04920C46BF010020179E9206B6
:104D0000A034CF190833002A0FDA6246D27952074D
:104D10000BD50D9A012A08D97246012A05D10E9A9F
:104D2000002A02D0FA7D002A0BD0F022525C012A20
:104D300023D13F7DFF2F20D02079C00732D000241F
:104D400031E03A7D0120FF2A19D06F4649C737204C
:104D500042435018FF300130807EC00041183D486A
:104D60000B182079C00701D0002000E01020A121FD
:104D700008437146109A10E0012011B0F0BD694659
:104D800049C12079C00701D0002000E01020A121F6
:104D9000169B0843012271469B1C00F061F9002814
:104DA00050D1E9E71024A1200443704607901098E1
:104DB0000990372047437818FF300130807E0593F3
:104DC000C000421823480B961018089018980290BB
:104DD000032213301043401C8308E00603D507224A
:104DE000BF20044007E004988006C5D5604680795E
:104DF0008007C1D505222007800E40180121C90275
:104E00004018C06C214609F0EBF906001AD007984B
:104E10003071099870713546371D18350622B01D5E
:104E20000899EEF707FD02983872FD602846029A4D
:104E30000599EEF7FFFC0B9838743146204609F0CF
:104E4000BBF999E7296A0020087095E7042500203E
:104E50003C0900006D040000FFB595B000257C48BA
:104E60000295039500880E4679494007C00D0C3124
:104E70004018C1890120400709184988FF230C18F0
:104E8000744837210268112080011018407D1B33BF
:104E9000414389185B5C0793E3799B09012B04D19B
:104EA00023785B0601D5012700E0002723235B015F
:104EB000D2185279012A17D9FF2815D01598002841
:104EC00004D0607B8009012805D00DE00622FF3167
:104ED00002A8413106E02078000605D521460622C9
:104EE000083102A8EEF7A6FC002F35D017983C2811
:104EF00000D105AE574F1120396880010818407D58
:104F0000FF2824D00622A11C6846EEF793FC0798E0
:104F10005149C50038680622281841183046EEF776
:104F200089FC386823212A1849015118097B372246
:104F3000891CB171112189014118497D514308181B
:104F4000FF300622A11C4830EEF774FC06E0062272
:104F5000A11C3046EEF76EFC009501953D48A4215A
:104F60000068095CC90701D0002700E010271799E5
:104F70000C9118990B9115990991716808230902F0
:104F8000090E0A9102A90791694606911E9913918B
:104F90001F991291209980370903090C11912199C9
:104FA000C9B20F91F90603D50B22BF210F4009E0CA
:104FB0003921490141184A79920635D5C9798907BD
:104FC00032D509223907890E08180121C902401873
:104FD000C06C394609F004F9040025D00C99217100
:104FE0000B99E180099921720A99251D61720622A7
:104FF0003146A81DEEF71EFC284606220C30079904
:10500000EEF718FC2846062212300699EEF712FC3D
:1050100013992983129969831199A9830F99A97703
:105020002146384609F0C8F8179800280ED1706854
:105030000A4CC003C10F2068062281633146393013
:10504000EEF7F8FB20683830EEF7C0FD19B0F0BD80
:10505000C0000020042500206D040000C4240020AE
:10506000FFB504230546C1061F4881B00C9E0068A9
:1050700003D50C22BF210D400CE039214901411814
:105080004A79920602D5C979490702D4002005B0B1
:10509000F0BD0A222907890E08180121C90240180B
:1050A000C06C294609F09CF8040019D002982071C0
:1050B00003986071271D0622A01D0499EEF7BAFB24
:1050C0000A9838723846062209300B99EEF7B2FB7F
:1050D000FE732146284609F06FF8002005B0F0BDA8
:1050E000072005B0F0BD00000425002010B502F037
:1050F00009FA082803D302F083F9082801D2012015
:1051000010BD002010BD000070B5134909220968C8
:10511000120200208B18AC22525C19E060249D6EB4
:1051200044432C195C252D5DED060FD50B4808185E
:10513000C030428A018A608900F0C2F93A2804D05E
:105140004034207FEF210840207770BD401CC0B262
:105150008242E3D870BD00000425002058080000FA
:10516000F8B5104E30682030C57D002D19D00024D0
:1051700009273F0210E0E9070BD0C019816E6020BB
:10518000604308184030417F204600F085F8002831
:1051900007D06D08641CE4B23068AC21095CA14200
:1051A000E9D8F8BD0425002070B540300189428857
:1051B0000025914200D31146C38A028A934200D24D
:1051C0001A46C48883889C4200D22346868A448A31
:1051D000A64200D2344646898E4200D00125C189BC
:1051E000994200D00125018B914200D00125408BCE
:1051F000A04200D00125284670BD70B50C4605467A
:1052000002224831C01CFBF7E3FC21460222563142
:10521000681DFBF7DDFC214602224631E81DFBF745
:10522000D7FC21462846022254310930FBF7D0FC36
:10523000403420891B211B2800D22181E28AFF20D3
:105240004930824200D2E082E2881B2A00D2E1800B
:10525000A18A814200D2A08270BD000070B50D46C7
:105260000B490024884204D8032102F0EDF80828F5
:1052700001D302240AE00749012209682031C97DCF
:105280008240114202D1294600F006F8204670BD46
:10529000FF0E000004250020F8B5064624480F46FE
:1052A000006824494418092109024018816E6020D1
:1052B00070430D18304602F049F9002816D02046F8
:1052C000CF30CC3472B602780121B140082A02D323
:1052D0006A7992070ED06879800726D4144800684E
:1052E0002030C27D0A43C2753A201FE02046CE30EE
:1052F000CA34E7E77A06104B5208D2186B6B1A6073
:105300003A0601D4132200E012226B7913436B7129
:105310000670288B2080403505486F770068203064
:10532000C27D8A43C275002000E00C2062B6F8BD41
:10533000042500205808000003020200F7B50F46BC
:1053400082B0032102F080F8064602F0FFF80090D8
:10535000082E02D3022005B0F0BD29482949006873
:105360004518092109024018816E602070430C180D
:1053700072B6A0784007400F052804D0022802D05A
:105380000C2062B6E7E76079800701D03A20F8E7A1
:1053900020464030478004990182017F202211433A
:1053A0000177616B18480860676B20460222443021
:1053B000F91CFBF70DFC20460222791D5230FBF749
:1053C00007FC20460222F91D4230FBF701FC39465A
:1053D0002046022209315030FBF7FAFB60790121A7
:1053E000084360717D2000994002002904D0C03537
:1053F000A881EE730020C4E7C0356881AE73F9E779
:1054000004250020580800000309140070B503218A
:1054100002F01AF8082801D3022070BD264909229B
:10542000096812028918896E602250430D18687944
:105430006E6B800701D03A2070BD2C464034E18865
:10544000A08800F09DF8E081A18A608A00F098F8B9
:1054500060832189608800F093F86081E18A208A66
:1054600000F08EF82083C0080E3881B2608900F009
:1054700087F8A081114830606C6B284602224430C6
:10548000E11CFBF7A5FB28460222611D5230FBF709
:105490009FFB28460222E11D4230FBF799FB214683
:1054A0002846022209315030FBF792FB687901212E
:1054B00008436871002070BD042500200309150011
:1054C000F7B52C4F0E462C49386882B04418154663
:1054D0000321029801F0B8FF00900920396800020A
:1054E0000818816E0098602250430F18009802F04F
:1054F0002DF8002807D0CF20005D0099082905D39A
:10550000022005B0F0BDCE20005DF6E74037397FC0
:105510004A0701D51A20F4E732461B3AE12A05D2A0
:105520002A46FF3A154B493A9A4201D31220E8E73E
:105530008A0601D4C90701D00C20E2E7082801D26D
:105540003A20DEE7C034A08AB04200D20646E08AA4
:10555000A84200D205467889B04204D1388BA842CF
:1055600001D10020CDE72A4631460298FFF7E6FE3A
:10557000C7E700000425002058080000494100004A
:10558000884200D308467047F8B51C4615460E46BB
:105590000746EEF73BFB002805D004F007F900288A
:1055A00003D00C20F8BD1120F8BD1249124A096839
:1055B000002089183A461B3AE12A00D330203346AE
:1055C000FF3B0E4A493B934200D330202B461B3B06
:1055D000E12B00D330202346FF3B493B934200D3CD
:1055E000302072B6C0318F82CE820D834C8362B67A
:1055F000F8BD000004250020580800000107000045
:1056000018B51C490922096812028A186023926E93
:105610005843121864206B4618700923DB066C4649
:105620002078401E2070D868C00302D5207800285A
:10563000F5D12078086D496D030C180A0002C9B233
:105640000843D9B2002801D00B2901D97F200EE0F0
:10565000062359437F3901E04008891D1E28FBD8E5
:10566000FF23A2335843044BC018800A401890739C
:1056700018BD000004250020A0460000F3B5054633
:1056800093488DB0016893480F189248E4300C1885
:10569000FD20C00008180490092000020818806E40
:1056A000069001F02FFF0646E0210E98C8553046BF
:1056B000082E0AD2002D7DD172B601F0CDFD62B662
:1056C000304600F065FE0026FFE0002D72D038461F
:1056D0008030C1680291866842200A9009907E4815
:1056E000089000200C9001F0F3FE054605AB324611
:1056F000029902F007F801210646490405E08008F6
:1057000005900C98401CC0B20C9005988842F6D8C1
:105710000C980599800440180B2109054018059044
:1057200078684021800A08406949C01C0A68132132
:10573000C90151188968087065480C210268132056
:10574000C0011018806841706148396802681320F0
:10575000C00110188068801C00F0E4F95C48016802
:105760001320C00108188168B8888871000AC871C0
:10577000574801681320C001081841689031A161A1
:1057800041686031396341683031E16140682062CD
:10579000E16900200870216A0870A0696168E26808
:1057A0005080E0680180388EE168626850806068EF
:1057B000018000E088E0464801681320C001081815
:1057C0000089216822685080206801800021099B9F
:1057D0002768C81D02463B540A98E36898546368DA
:1057E0009854059AE368081D1A54089A63681A5475
:1057F000059A23681A540A98491C000A0A900998C5
:10580000C9B2000A09900598000A05900898000A94
:1058100008900329DBD32E480168492040010B186A
:10582000987E002815D0E1686801C01C8872216844
:105830006801887261688872E1680320C872216813
:105840000122CA726168C872082D39D2002E04D0B4
:105850003BE0E16868011330E8E72049A8014018FF
:10586000002181729B7E002B28D0DF0701D02523E9
:1058700002E09B0722D52623C37223680382E368D4
:105880004382174BC361174B836120231A54C175A0
:105890006020069B6843C018417172B6049BAA4001
:1058A0001B7D03241A438470241F4481C173049810
:1058B000027562B6184601F0C7FF06E02723DBE752
:1058C000002E02D1412600E00C2630460FB0F0BD7C
:1058D00004250020580800002C01B000CC00002056
:1058E00055555500D6BE898EF8B51D460F46022384
:1058F0000446C10612481646006803D50322BF219C
:105900000C4008E0072109024118897F090601D4EB
:105910000020F8BD01222107890E08180121C902C3
:105920004018C06C214608F05BFC010006D00F71E6
:10593000CE800D72204608F03FFCE9E70720F8BD55
:105940000425002070B50E4601230446C106124806
:105950001546006803D50422BF210C4008E0392118
:1059600049014118C978090601D4002070BD0222FE
:105970002107890E08180121C9024018C06C214670
:1059800008F02EFC010005D00E71CD80204608F0F5
:1059900013FCEAE7072070BD04250020FFB581B0A5
:1059A00006460A98032113300843401C83081F4809
:1059B000F106006803D50722BF210E400CE0392113
:1059C000490141184A79920602D58979890702D49A
:1059D000002005B0F0BD05223107890E081801210D
:1059E000C9024018C06C314608F0FAFB05001AD015
:1059F00002982871039868712C462F1D18340622CE
:105A0000A81D0499EDF716FF0A983872FC6020462D
:105A10000A9A0B99EDF70EFF0C9838742946304618
:105A200008F0CAFBD4E70720D3E7000004250020D4
:105A3000FFB51F4605230646C1061E4881B0006813
:105A400003D50522BF210E4009E039214901411843
:105A50004A79920629D58979C90726D003223107C8
:105A6000890E08180121C9024018C06C314608F09F
:105A7000B7FB04001CD0029820710398E0802772C5
:105A80000A9860722046251D06220A300B99EDF710
:105A9000D1FE0C98A8810D98E8810E9828820F9865
:105AA000A8742146304608F087FB002005B0F0BD01
:105AB0000720FBE704250020F8B51D460F46032309
:105AC0000446C10616481646006803D51022BF21B9
:105AD0000C400BE03921490141184A79920602D560
:105AE0008979490701D40020F8BD0D222107890ECC
:105AF00008180121C9024018C06C214608F070FB4B
:105B000001000AD00F71CE800D81069A4A81079A52
:105B10008A81204608F050FBE5E70720F8BD000029
:105B20000425002001700A0A42700A0C8270090ED6
:105B3000C1707047FFB506468DB050890690F94890
:105B40000921006809020A904018806E14460C90E2
:105B500052792046403051061D460B90002901DB4A
:105B6000E8076FD0002008900B9800880190A0896A
:105B7000A1698446A0784007400F05282FD003284C
:105B80002DD001200990BF20024062710E9FEA07CC
:105B9000384640301037002A09D03C2108910021B6
:105BA0000E9F0691019181838C46818008373922AE
:105BB0000A9B52019B185A79920612D5DA799207FC
:105BC0000FD58088019B6246019203900093029159
:105BD0003946069B089A0998EDF7A2FF32E00020AB
:105BE000D0E700790903090C6246019B02930392F6
:105BF00004910590786801970002000E00900A98C1
:105C0000A0300079C00701D0002000E010208030D3
:105C1000099B069A0899FFF70BFFE8070899C00F40
:105C200008430FD178680622C003C10FBE48006840
:105C3000816339463930EDF7FDFDBB4800683830E7
:105C4000EDF7C4FF0E9F28070122C037002872DA43
:105C500020698446E80301D5162017E0A80301D582
:105C6000132013E0280301D528200FE0E80201D516
:105C70003D200BE0680201D5222007E0680334D5FF
:105C80006079000601D4082000E03E200290B87B35
:105C9000602148430C994018A04201D10820B873F4
:105CA000F87B602148430C994018A04201D108209C
:105CB000F8739E48008843079A485B0F00680146C6
:105CC00040314F7B9A4097434F73052261469202C1
:105CD000114220D029041ED5218A49040ED5A030B6
:105CE0000079C00703D0002002E01F20CEE710207B
:105CF0008030069A0299FFF725FE0CE0A03000796B
:105D0000C00701D0002000E0102000238030069A58
:105D10000299FFF7E9FD206A002801D008F0E2FFB0
:105D20000020206260627F48A4210068095CC907E6
:105D300002D0002501E039E010250299069F0223D8
:105D400080350791E90603D50222BF210D4006E008
:105D5000072109024118897FC90614D500222907A5
:105D6000890E09180120C0020818C06C294608F0E5
:105D700037FA010007D000220A71CF80079A0A7211
:105D8000284608F019FA20463830EDF723FF00279F
:105D90002761E0693D46002807D0828806998A423B
:105DA00003D1012101F068FFE76187E1680621D591
:105DB000A0784007400F052801D1A1696161002149
:105DC00005280CD0208BA2890004000D01900092C0
:105DD0000B98069A03888020FFF76EFE6EE1606BD9
:105DE0004389028901930092C3888020069AFFF7B5
:105DF00063FE6AE0680723D58020049049480721A4
:105E0000006809024118C97F0223069F0907CCD503
:105E1000990240180C22C06C049908F0E1F90100C5
:105E2000C3D08F80F2788A713379727912021A4363
:105E30000A81B379F27912021A434A8104983BE14C
:105E40002805800F06D00E98694631C16846EDF7E7
:105E500099FE33E1364805423DD0E80401D50020E3
:105E600000E01A20079006980290F01C802108900C
:105E700005912C4839210068490141184A790323CA
:105E800092061AD58979090717D50121C902401848
:105E90000E22C06C059908F0A3F9019000280CD0DF
:105EA000079901710299C180082208300899EDF71D
:105EB000C1FC0199059808F07FF9A0784007400FD0
:105EC000052802D0022803D0F8E00820B873F5E0D6
:105ED0000820F873F2E068042CD5208A40041148A9
:105EE00000680CD5A0300079C00701D0002000E088
:105EF000102000218030069AFFF724FD0CE0A0302E
:105F00000079C00701D0002000E01020012300210B
:105F10008030069AFFF7E8FCA0784007400F05287C
:105F2000D3D0CBE004250020C4240020C0000020F2
:105F30000010000428021ED5208A00051AD59348B7
:105F4000F1780068A0300079C00701D0002000E09F
:105F5000102000238030069AFFF7C6FCA078400787
:105F6000400F052801D10820B87343212069890218
:105F700088432061A2E00E992A068031844801916D
:105F8000002A26DA02A9334607910D337F49009390
:105F90000968169F09180822F01C2637FAF718FE20
:105FA000F17A307B0822000208430199C8830799DF
:105FB0000098FAF70DFE009B042218463946083077
:105FC000FAF706FE01980299C163019803990164EA
:105FD00074E029013CD56D49A4220968525CD207BE
:105FE00001D0002700E01027081803900198032330
:105FF000C08B80370590F80603D50622BF200740E6
:1060000009E03920400108184279920656D5807976
:10601000C00653D504223807800E41180120C00263
:106020000818C06C394608F0DBF80190002845D00C
:10603000001D02900699018002980822801C039995
:10604000EDF7F8FB0298059941813846019933E054
:10605000A80200D539E7A80130D5802001900B981F
:10606000069F408902900B983921008B07900B986E
:106070004901C08906900B980323408B0490434844
:10608000006841184A79920618D58979490615D5CC
:106090000121C90240180622C06C019908F0A0F83D
:1060A00001000BD08F80029ACA80079A0A81069A53
:1060B0004A81049A8A81019808F07EF8A8060AD5D8
:1060C000206A0168216200210160226A002A00D151
:1060D000616208F007FEE8061AD5EDF797FD012882
:1060E00052D01F277078B11C0740E0693A4680689B
:1060F00000F0EFFBE069C780E069002707603078B7
:10610000E1698007800F0873E06908F09BFDE76193
:10611000E80137D51698C189012040070918498838
:10612000081801784906CD0F06A902F0A9FBA120A5
:106130000090A67B0698089007980990134839218B
:10614000006849014118497E0223C9071AD0990203
:10615000001D40180F22C06C009908F041F804009F
:1061600010D02671271D6571042208A9A01DEDF726
:1061700061FB042209A9B81DEDF75CFB21460098DC
:1061800008F01AF811B0F0BDFF27ABE70425002096
:106190009C090000F0B58FB0076841680A91794901
:1061A000794A0968008989180B9101210991002118
:1061B0000891400514D50B988469C6692078617BE5
:1061C00005072D0F8909012903D1C00901D001203C
:1061D00000E000200890022D0CD9062D08D109E01E
:1061E0000B983C6B066A207805072D0F042D01D013
:1061F00000200990E0798009012804D12078400628
:1062000001D5012100E0002160480170E020C05D5F
:1062100000283DD001208646002084463078132196
:1062200000901DE000200D9042182318B25C9B786E
:106230009A4201D001220D92401CC0B20628F3D32D
:106240007046002804D00D98002801D0012000E0FD
:1062500000208646891F6046401CC0B2C9B28446F1
:1062600000988445DED3704600287AD00098401C00
:10627000C0B2042800D9042030701222711CF01D15
:10628000FAF7A6FC314606221331A01CFAF7A0FC4F
:10629000062D02D0022D02D002E0022500E00325E7
:1062A00020784006C00F0490012D0AD06078801F2E
:1062B000C606F60E3348F0210068095C012914D0A7
:1062C0002FE000266946204602F0D0FA2D480068EB
:1062D000E030007C0028EDD10098396888424FD129
:1062E0000198796888424BD11BE01121890141183E
:1062F0000A7DFF2A15D025490B78012B01D10223F5
:106300004B7037235A431218FF320132927E49787C
:10631000D2001018232252018018007B4018C0B20E
:106320000490099800282BD00A982037807B029689
:106330000094019038792A46049B0899EDF702FCF5
:1063400000281DD10A982146807B029008310D4813
:10635000009601910068A0300079C00702D00020AB
:1063600001E00DE01020A1210843A31C2946049A56
:10637000FFF714FB002803D00B980021006A01707E
:106380000FB0F0BD042500203C09000000250020CE
:10639000F8B51B4E3188044609070820090F04434D
:1063A000A1422CD1174D0021286881631121C90118
:1063B00040180921C906806A0969471A642003F058
:1063C0009FFB717AC90040182968896A4018381AF9
:1063D00000020121000AC905884202D2002008F00B
:1063E00093FD0949286832881207120FA24206D18C
:1063F000826B8A4203D2826B521C8263F3E7F8BD40
:10640000C0000020042500200071020030B50D46B8
:106410001C49144609681C4A91B089180922D20601
:10642000096D1269891A194A09021288090A1207A4
:106430000AD5002B08D1164AFF39914204D32246CF
:10644000294609F09FF81AE00146102204A8EDF74A
:10645000F1F91022294608A8EDF7ECF904A80090FC
:1064600008A801900CA802900020694608736846AD
:10647000FBF792FD10220CA92046EDF7DBF9002076
:1064800011B030BD0425002058080000C0000020D5
:1064900002FF7F00F8B514460A4605460121104662
:1064A00000F0D2FF0146082801D30220F8BD1C48A5
:1064B0000922006812028018826E6020484310187A
:1064C000184A89018B18426B002D07D0164972B605
:1064D00043799B070DD062B63A20F8BD00215F18C2
:1064E000665C2037BE73491CC9B21029F7D30F4927
:1064F000EDE711604179012211434171002D09D06E
:10650000074849220068082152018018C17162B60B
:106510000020F8BD01220169520411430161F6E730
:1065200004250020CC00002003020D060301050015
:10653000F3B581B0984A012101A800F036F9974CD3
:1065400004222060432101A800F02FF901272168CF
:10655000FF02C91908640422432101A800F025F9AB
:1065600021680422C9194864FF21843101A800F080
:106570001CF921688A4DC9198864A97F0C2201A8D9
:106580000B3100F012F913212268C9015118C860BB
:10659000A97F202201A800F008F909262168360207
:1065A0008919C867A97F102201A800F0FEF81321FD
:1065B0002268C901511808602822052101A800F0AD
:1065C000F4F813212268C90151188860302205218E
:1065D00001A800F0EAF813212268C90151184860A7
:1065E000FA10012101A800F0E0F813212268C90186
:1065F00051184861A97F602201A800F0D6F82168EF
:10660000202289198866A97F01A800F0CEF82168A8
:106610008919C866AA8B012101A800F0C6F80F21CC
:106620002268C90151188863298B282201A800F02B
:10663000BCF80F212268C90151180863698B302208
:1066400001A800F0B2F80F212268C901511848636F
:106650000C22012101A800F0A8F821680C22891958
:106660004866012101A800F0A0F8216828228919B4
:10667000496E8860284620300090417801A800F0DB
:1066800094F8216804228919496E89688860009805
:10669000417801A8491C00F088F821681022891966
:1066A000496E89684860A97F01A800F07EF82168DA
:1066B0000222C9194863A97F01A800F076F8216871
:1066C0000222C919C860A97F01A800F06EF82168EC
:1066D0000222C9190861A97F01A800F066F82168A3
:1066E0000222C9194861A97F01A800F05EF821685B
:1066F0000122C9198861A97F01A8491C00F055F839
:1067000021681022C91908630B2101A800F04DF877
:10671000072221681202891808650422802101A835
:1067200000F043F8216889190867029ADC20424387
:10673000012101A8443200F038F82168891948671E
:10674000029AD8204243012101A82C3200F02DF8F2
:106750002168F02289198867012101A800F025F835
:10676000104C7C222060A97F01A800F01EF821684F
:106770000822C867032101A800F017F82168282221
:1067800080310860012101A800F00FF821688031F4
:1067900048600198FEBD0000B809000004250020F3
:1067A000E00200200C250020704710B50346006869
:1067B0000324401E20435143401C4118196010BD62
:1067C000F0B52B4813240268E4011019C0681121A8
:1067D000C901034651180C33CB6709230546886766
:1067E0001B021835D1180D600C354D600C358D60CD
:1067F0000C35CD600C350D610C35CD630C350D6459
:106800000C354D647830886400201419D21811E0DA
:10681000D16F45014D19602141430F46966E3437C3
:10682000F5510C254543E668843575192831966E77
:10683000401C75500F498D7F8542E9D80C4A0020D5
:1068400014681322D201A518E31807E02C6806018A
:10685000A61944010834DF6E401C3E518C7F8442EF
:10686000F4D80348C968006880188161F0BD000051
:1068700004250020E00200200268002A03D0104610
:106880001268002AFBD10160704770B50C461F21C9
:10689000521E0A430546521C002011044E0D17D00B
:1068A000214608316A1A2846002A01DD082A03DB3E
:1068B0002022F4F74DF904E0082208C9521E08C04E
:1068C000FBD120352046761E24683604360CE7D1ED
:1068D00070BDF8B504460D46501E1F210843401CEC
:1068E00000041646470D1ED0204608302946421A9D
:1068F000002A01DD082A03DB2022F4F729F904E04D
:10690000082208C9521E08C0FBD12035202E01D212
:10691000304600E02020A080301A7F1E24683F040B
:1069200086B23F0CE0D1F8BD70B50C4605460AE0D2
:1069300021462846A28808310830ECF77BFFA08862
:10694000A8802D682468002D01D0002CF0D12543AB
:1069500001D0472070BD002070BDFFB581B01D463D
:106960006946002A09D000280CD08488944204D8B3
:10697000121B12040068120CF5D10A80040001D029
:1069800000261FE0184605B0F0BD6846A1880088C3
:10699000814213D9091A8FB2AF4200D32F46029910
:1069A000201889193A460830ECF74CFF0028EAD144
:1069B000F01986B200206946088002E0401A694654
:1069C00008802468B54201D9002CDED1A81B05B08F
:1069D000F0BD002959D0F3B58FB00C46A08820280F
:1069E00013D0002C14D00294029800680290002862
:1069F0002ED0868801463246083106A8ECF71AFFE9
:106A00000027A088202805D007E02468002CE5D1C5
:106A100011B0F0BD24680020A080002EE4D080B228
:106A20002021091A8DB2AE4200D2354622460832E4
:106A300006A98018C9192A46ECF7FCFE701B86B21D
:106A4000781987B2A0884019A080002ED9D1CBE751
:106A500020680028DCD0002121600F9972B60A78E6
:106A6000002A03D04B6892009A581060002383805C
:106A70000A78521CD2B20A704C689200A05000688A
:106A80000028F4D162B611B0F0BD7047491EC904A8
:106A9000090E72B602788A420CD9511AC9B24A1E3E
:106AA000D3B20370426888001058990052580021F0
:106AB000116000E0002062B670470021002804D079
:106AC000491C0068C9B20028FAD108467047002165
:106AD000002804D0491C0068C9B20028FAD1480136
:106AE000704770B4417800292DD08668002E2AD0D6
:106AF0000025057041682A460D60417800291FD99C
:106B000028215143891900230B60002913D072B644
:106B10000378002B03D044689B00E35819608D80F4
:106B200003785B1CDBB2037044689B00E15009688A
:106B30000029F4D162B6521C4178D2B29142DFD81A
:106B400070BC0020704770BC47207047F8B51D46E8
:106B50000E466B46002A09D0002824D0848894422F
:106B600004D8121B12040068120CF5D11A8004001C
:106B700019D014E06846A1880088091A8FB2AF4284
:106B800000D32F4621183A4630460831ECF752FE22
:106B9000F619E81B85B22468002069460880002D9C
:106BA00003D0002CE6D14120F8BD0020F8BD00291B
:106BB00017D072B60278002A03D0436892009A5820
:106BC000116010B400238B800278521CD2B2027084
:106BD00044689200A15009680029F4D162B610BC43
:106BE0007047704730B400240B1E22D02034A4B26A
:106BF00094421AD30A68002A35D072B60378002B63
:106C000003D044689B00E3581A6000249480037802
:106C10005B1CDBB2037045689B00EA501268002AD7
:106C2000F4D162B6002008601DE00B460968002917
:106C3000DCD1111B491EC9040A0E72B601789142BB
:106C40000CD9891AC9B24A1ED2B2027040688900B2
:106C50009200415882580020106000E0002162B686
:106C60001960002902D030BC0020704730BC47209A
:106C70007047FFB504465009000681B01F46000E5C
:106C800006D0002C23D0401E24680006000EF8D148
:106C9000D606F60E17E02020851BBD4200D33D46E8
:106CA000A0192A4608300299ECF7C4FD0298711920
:106CB00040190290781B87B2A088884201D2A81997
:106CC000A08024680026002F04D0002CE3D14120AE
:106CD00005B0F0BD002005B0F0BD0000FFB58FB0DD
:106CE0001A9E0F9800F0D8FC9249FD200A68C00057
:106CF00015181046363084460F98082822D00446CE
:106D000001200346A3403A24645D27073F0F044651
:106D1000BC402343644624782407240FA040034347
:106D2000287D984311D068680190012000240C90C0
:106D3000A86CA0320690127B2746805CA44696463B
:106D40000D9430E0822013B0F0BD1198189B0268BA
:106D5000129800681018002240081A80400A119BFF
:106D600040021860129B18601B9B1A80724A8018A0
:106D70003268824201D8104600E0306080093060FD
:106D80000868A030017B0F9800F006FCCDE06A6A2D
:106D90004100AB6A525A595A51188901614500D9CC
:106DA0008C460699085C8645F1D1634812994042A9
:106DB0000968019A60440291914202D81099C9076A
:106DC00001D0144632E0119909680691814200D938
:106DD00008460A9010460299E9F7FEF908900699CC
:106DE0000198E9F7F9F9401C09900898002800D1AA
:106DF00001200999069088420D9815D8002815D1D0
:106E000006990198E9F7E8F9C1050AD10A9988427B
:106E100007D30299814204D30446012106980D91BB
:106E20000C900698401CE4E7002803D011992046F6
:106E3000096804E0842086E700197F1CBFB2814204
:106E4000FAD80299814204D21099890701D4852089
:106E500079E7119903AA08601298046031683F200D
:106E6000491E0143491C2046316000F0A3FB002865
:106E70000AD00EE030687F08400830601999490850
:106E800019910599814204D21098400701D5002F2D
:106E9000F0D105983168884208D93F20491E014346
:106EA000491C03AA2046316000F084FB059919981B
:106EB00081423CD3084603210902884237D30C980B
:106EC0000890401E09906846017B0F9800F064FB13
:106ED00072B61849AA6C0868A030007B105C12E0FA
:106EE000EB6A41009C465A5A089B5A4363465A52E1
:106EF0002B6B9C465A5A089B5A43099BD2186346EF
:106F00005A52A96C085C0B490968A031097B81427F
:106F1000E6D16C6062B604988002010C1B98018077
:106F20000598800930601898078000200BE78620BC
:106F300009E70000042500209AFDFFFFF1B5B04AE3
:106F4000FD211068C90090B041180491AD49044674
:106F50004518C034014636310D9100210291AA49ED
:106F6000497AC9000C91816A0B91049920310E91E4
:106F7000897E079108297DD2092109024018816E76
:106F80001746079860225043081808900798810117
:106F90009D480C3008180A90C07A2E464036099059
:106FA000B08B02F001FE39684031098E401880B282
:106FB0000390E96C039802F095FDE96C09020F1A41
:106FC000B07F02F01FFE381802F09AFDA96C41183C
:106FD0000C98081A0002000A01901099411A0B98A7
:106FE000081A00020121000AC90588427ED20498CD
:106FF00001994163099802F067FD0A99C8720D98DA
:107000000078C143090706D041070798490F400798
:10701000400F81422BD10E980821807E08430D99A4
:107020000870A86C2060E86C60600198A06002980D
:10703000E060A86D2061686D6061B08B2083B07FD7
:10704000A076284660300178E176B18CA183318D3D
:10705000E183B18D2184318E6184B18EA184318F21
:10706000E184C17E2820015584204059E0620D98BA
:10707000007800E07CE0079942074907520F490F6A
:107080008A4261D0F72108400D995D4F0870400792
:10709000400F07900920396800020818816E079890
:1070A00060225043081804900798810156480C301C
:1070B00008180A90C07A0990208B02F075FD396893
:1070C0004031098E401880B203906168039802F045
:1070D00009FD616809020F1AA07E02F093FD3818BD
:1070E00002F00EFD216841180C9800E042E0081AF9
:1070F000070210983F0A391A0B98081A000201215A
:10710000000AC905884258D2A760099802F0DCFC41
:107110000A99C87201980899C01B00024979000AAF
:107120009022114210D10121C90588420AD3049846
:10713000C17B0898C07B401C814203D804984079E9
:10714000C00601D502F07AFFE96C039802F0CFFC8B
:107150000446B07F02F05EFDA96D2018401807219B
:10716000090508438035A96B0322091DF9F782FD43
:1071700011B0F0BD08984030008841000A982030D6
:1071800002780998101880B209900898089A008926
:10719000401C108108984069421A0898426108987A
:1071A000C07BFF2802D2089A401CD073E86C4018BC
:1071B000E864079809F0F4FFFBE604984030008883
:1071C00041000A98203002780998101880B209907E
:1071D0000498049A0089401C108104984069421A5E
:1071E000049842610498C07BFF2802D2049A401C94
:1071F000D073606840186060079809F0D1FF64E7B9
:107200000425002058080000C000002010B51149D6
:10721000FD220968D20089184C688B6842009C42A4
:1072200004D1086B4C8A805AA04201D0012000E0B2
:1072300000204B608B688B614C6A8B89A3528C6AEF
:10724000CB89A3520C6B4B8AA3520B8AC96A8B520F
:1072500010BD000004250020F1B56749674A0868A1
:1072600082B082180092FD22D2008618AC22155CF2
:1072700004460346029AC034363395427ED909212A
:107280000902401817466021806E4F430025B91C43
:107290004554029800F05AF900280CD15648BF1DF9
:1072A0000168092000020818806EC05D002802D025
:1072B0000098C030057272B64F48029D07680120E1
:1072C00039462031CA7DA8408243CA75317D814349
:1072D0003175197808077AD44A070298520F82420A
:1072E0007CD030462030827E5507029A6D0F954241
:1072F00076D181760F201870404AA0687063BD185F
:10730000A86D2169A9652061686D61696965606121
:107310002146284618315C3000F0FEFA3748A37E3B
:107320005E3039180A780B70A276A86C2168A964BF
:107330002060E86C6168E96460603048E37E60303A
:1073400039180A780B7021462846E2761C316430E1
:1073500000F0E2FA214628461E31683000F0DCFADF
:107360002146284620316C3000F0D6FA21462846C6
:107370002231703000F0D0FA214600E03AE0284691
:107380002431743000F0C8FA21462846263178307E
:1073900000F0C2FA194880357B3039182046283071
:1073A0000A7803780B7002701448E26A8430381847
:1073B00001680260E1620721E06809050843A96BE2
:1073C0000322091DF9F756FC0AE000E006E03A2026
:1073D000805D41070298490F814201D10F2018704A
:1073E0002036B07E41070298490F814201D10F201B
:1073F000B07662B6FEBD00000425002058080000EB
:1074000070B5104809240268FD20C0001018037DE3
:107410002402082000211419A032157B0EE0DA079F
:1074200009D060224A43A66E921CB25C5207520FEA
:10743000012A00D108465B08491CC9B28D42EED82A
:1074400070BD000004250020F8B507461F48092636
:107450000568FD20C0002C182846363036023F054E
:1074600084463F0DAE19237D08200022A0350097E9
:10747000B6462D7B0EE0DE0709D07646B66E602755
:107480005743F6197689009FB74200D110465B0832
:10749000521CD2B29542EED82034A27E1207120FAF
:1074A000824202D1CB0700D10820824207D0624637
:1074B0001278130707D45207520F824203D1C9072B
:1074C00000D10820F8BD8907FBD5F8BD04250020B0
:1074D00010B50B4800210368FD20C0001818027D7C
:1074E0000820A0331B7B05E0D40700D108465208D2
:1074F000491CC9B28B4201D90828F5D010BD000043
:107500000425002070B5104809240268FD20C00041
:1075100011180B7D2402082000211519A032127BBE
:107520000EE060244C43AE6EA41C345D6407640F0F
:10753000032C02D1DC0700D008465B08491CC9B205
:107540008A42EED870BD0000042500200B49FD22C0
:107550000968D2008A182032927E36311207120F43
:10756000824206D009780A0705D44907490F8142AB
:1075700001D1012070470020704700000425002041
:107580000448FD210068C9004118A030007B896CC7
:10759000085470470425002010B5054AFD231268E1
:1075A000DB00D218936C5C5C1C54926C505410BD80
:1075B00004250020F7B5074615462D48FD22016831
:1075C000D2008E188AB00022AF6007920292A031DA
:1075D000097B6A46117129700168B26CA031097B80
:1075E000545C23E0706A6100405A80010090B06AE8
:1075F000405A0299800104900098411A0520C00168
:107600000391814201D3081A039005AB2A4601A9D0
:107610000B9800F02FF80499009841180520C0013C
:107620000818029068460471B06C045D1048006848
:10763000A030007BA042D5D10298391A0520C001A4
:107640000391814201D2002000E0081A039005ABAB
:107650002A4601A90B9800F00DF8A868381A03D043
:107660000B99A9600DB0F0BD05AC0ECC0EC5F9E7C5
:1076700004250020F0B58C689D68A54203D860C938
:107680002746E0C30839A04204D89068A04201D937
:107690000BC90BC2F0BD0000F1B5194BFD211868F4
:1076A000C9000246363241189646A030027B886CEB
:1076B000805C0C462034A4461BE08D6C2C5C009E44
:1076C000B04212D06646B67E3607360F86420CD0E0
:1076D0007646367877077F0F874201D1360704D583
:1076E00001260F7D86403E4201D1AC5400E00246A7
:1076F00020461C68A034247B8442DED1F8BD000003
:1077000004250020F0B5074621488BB000681E46CE
:10771000FD23099100250891DB006946C4188D827C
:10772000900807920D83082F0FD006A907AA05AB72
:10773000009302920391019008AB09AA07213846F1
:10774000FFF7CCFA010002D01EE082211CE008986D
:107750006060A0616A46636A128B78001A52A36A5D
:10776000079A1A52E26A15526A46236B928A1A5293
:1077700007980C2801D2832102E0102800D910209C
:10778000044A50438008306008460BB0F0BD00004A
:107790000425002071020000FFB5294E074689B07C
:1077A000FD213068C9004518264905AB07AA06A87F
:1077B0006C4607910FC40CAB0BAA01213846FFF7AA
:1077C0008DFA0090002838D10C98686069466A6A82
:1077D000898A78001152AA6A07991152EA6A00212F
:1077E000115269462A6B098B115209203268000236
:1077F00012183C466023926E5C430021631DD154F5
:1078000032680A991218926EA31CD1543268002172
:107810001218926EC9430833D152326800211018F1
:10782000806E0F34015572B6297D0120B84008439F
:10783000287562B6084600F007F800980DB0F0BD54
:107840000425002070170000F8B52F4F0546FD20D5
:107850003E68C00034182D48301800902C48363649
:1078600002F04EF92B494A7AD2008018002D36D00A
:1078700031784A078E463A21095D520F4B075B0F5C
:1078800094469A4206D10E07360F0122B2402E4688
:1078900096430DD09C4521D00B0701211B0F0A46B2
:1078A0009A4073461B071B0F99400A43954315D115
:1078B0000921C90609691122081800020021000ADD
:1078C000616420603968D2018918896A401A00020F
:1078D0000012002802DC002007F016FBF8BD482249
:1078E0000A80110609690025081800020099000A9B
:1078F000086565642060284607F006FB3868683034
:107900004571F9F76FF9F8BD04250020580800000B
:1079100066020000C000002002880B8803800A80F5
:10792000704700000B48FD210068C90040180A4953
:107930000988C36A4907028C090F5A52036BC28B2C
:107940005A52836A428C5A52436A828B5A528169D4
:107950004160704704250020C000002070B50C462F
:107960000B4E81000B4832680D1801232032D3776B
:1079700021462846EBF782FF28680021844201D186
:10798000084600E0FB2032682032D17770BD00004D
:107990000425002000000410024800682030C07F49
:1079A0007047000004250020034900280A7801D010
:1079B00000200870104670470825002070B5124C52
:1079C0000E462178012500291BD101460120EBF745
:1079D000A1FF607031460220EBF79CFF61784018F0
:1079E0006070314620310320EBF794FF6178401836
:1079F0000006000E607004D1EBF76CFF02202070CF
:107A00000025284670BD00000825002070B5184DDF
:107A100090B02878002802D0012010B070BD6E46CA
:107A20000024F9F7B6F8A100641C7050082CF8DBAC
:107A300069460120EBF76EFF0128F1D020220D49A5
:107A40006846F3F781F80B492022203108A8F3F7A4
:107A50007BF869460220EBF75DFF08A90320EBF7EE
:107A600059FFEBF737FF012028700020D5E7000011
:107A7000082500205C44061070B5124A09231268DC
:107A80001B02D2180123526E83435B00491E41241E
:107A90009B184909491CC9B272B615798D420ED39B
:107AA0001E785B78AD19EDB25B18AB4207D8400089
:107AB000135C00245B1813541079401A107162B6DD
:107AC000204670BD0425002070B50D0004460AD084
:107AD000002C08D0A968A068FEF726FF002801D175
:107AE000E988E18070BD412070BD0000F3B50F460C
:107AF00012480921006809024018BE68446E81B02E
:107B00003046FEF7DAFF0546F888401E4009401C63
:107B1000C0B2A84211D23146A068FEF75AFF3046E3
:107B2000FEF7CBFF281A72B601994900625C121A5F
:107B3000625421790818207162B6FEBD0425002028
:107B400010B51C4613460A4680682146FEF7FEFF24
:107B500010BD0000044A092312681B02D218526E9D
:107B60004000801841707047042500200022816881
:107B700008380260084670470D4909220968120258
:107B80008918496E72B60122824350004218084B90
:107B9000095C09201B6800021818406E52780079B1
:107BA0008A4202D9511A401AC0B262B67047000028
:107BB0000425002010B58068FEF77FFF10BD00008F
:107BC000F8B50D460E49092309681B02C9184E6E07
:107BD0001F21521E0A431D3297B200243946FFF777
:107BE0004BFF00280AD13946B068FEF74FFF044624
:107BF00008340068A0600020E074A5802046F8BD2D
:107C00000425002070B517480921006809024018B2
:107C1000446E042200212046EBF710FE124D688CC2
:107C200023304009401CC1B20020FFF793FF688C4D
:107C3000A97F23304009801C4843401CC1B2012069
:107C4000FFF788FF28462030A16840784870A06878
:107C5000FEF747FFA06872B6007862B62071002078
:107C600070BD000004250020E002002010B58068EF
:107C7000FEF773FE10BD0000F8B50E460C49092250
:107C8000096812028918083807464C6EFEF715FF7E
:107C900005463946A068FEF78AFF72B67100605C3F
:107CA000401B605420794019207162B6F8BD000075
:107CB00004250020F7B50746184809210068090285
:107CC0004018446E41201646002F11D03846FEF76A
:107CD000FEFE0546B0420CD2301A81B20198FFF781
:107CE000CBFE002804D132463946A068FEF77AFF61
:107CF000FEBD32463946A068FEF774FF6D1E761E43
:107D000069097209891A72B6019A5200A35C5B1A5A
:107D1000A35422795118217162B6FEBD04250020BA
:107D200010B51C4613460A4680682146FEF7A1FF9F
:107D300010BDFFB5C8880025401E83B00E4687B22F
:107D4000012427E0B0680222083001196846091DA5
:107D5000EBF770FD68460088F7F73EFC01001DD088
:107D600068460A8D0088824212D001AAF8F7C6FA46
:107D700000280DD101992620405C400708D50698BF
:107D80006A00101802221C31EBF754FD6D1CADB2D5
:107D9000A41CA4B2BC42D5D30C98058007B0F0BD9A
:107DA000FFB5074683B0002000900D98F7F714FC4C
:107DB000069905460C310191002826D00837BD42AE
:107DC00023D0288D0E9988421FD80D99884213D34D
:107DD0000E99884210D8294602222A310198EBF7E1
:107DE00029FD10220C990698EBF72CFD002809D0EC
:107DF000298D0E98814208D02E462C6A2036B44236
:107E00003FD140E005980021018007B0F0BDA18B73
:107E10000D98814234D30E98814234D820462030C8
:107E20000290C078012808D02046083010220C9912
:107E3000EBF708FD002808D022E021460222083195
:107E40000198EBF7F7FC0698F0E702988079400775
:107E500016D50098002801D1E08B0090E18B81427B
:107E600011D1059802220088410004980818214683
:107E70001C31EBF7DFFC059805990088401C088051
:107E80002468B442C3D12D6899E77FB5054668469A
:107E900000890C4600281AD0A0680C210173A06844
:107EA000022202A90D30EBF7C5FCA068022203A94B
:107EB0000F30EBF7BFFC0520E08021212869890104
:107EC000084328610D20A873002004B070BD422033
:107ED000FBE77FB50546684600890C9E0C460028E6
:107EE00016D069468989884212D8A0680821017392
:107EF000A068022202A90D30EBF79CFCA0680222C8
:107F000003A90F30EBF796FC012E04D0022E0AD005
:107F1000422004B070BDA068022208A91130EBF71E
:107F200089FC072006E008AB102209212046FFF754
:107F3000F7FE1520E0802121286989010843286186
:107F40000920A8730020E4E7FFB5074673480D46F3
:107F500004688FB0AE34A1781E46C80602D5E0781A
:107F6000C0067DD4880607D5E0788006800F03D050
:107F7000022F01D0002E73D08806800F06D0022F6A
:107F800008D0032F06D0002E6AD003E0012F01D0C5
:107F9000002FF8D1880603D4002D01D0012D5FD128
:107FA000002E06D130200140384600F018FE00288F
:107FB00056D1119900200870A17889068A0F7DD0CA
:107FC0000CA908A801F054F807900DA90AA801F01F
:107FD0008DF806900798002802D00698002801D155
:107FE000012E58D1022F04A807D000F0CBF8002EA4
:107FF0003CD00798002803D012E004F019FCF6E703
:10800000464F47483B68062208A91818EBF71AFCA8
:108010000028386808D04030417E49084900417640
:108020000698002805D014E04030417E012211431B
:10803000F5E73A4F3A483B6806220AA91818EBF7C9
:1080400001FC002838680CD04030417EFD221140F0
:1080500041760798002809D00698002806D01AE033
:1080600043E04030417E02221143F1E72B480622D3
:1080700003682B4804A91818EBF7DCFB05206946B8
:108080000873002E02D10846F9F7B6F92548029088
:108090006846F9F765F9A078800611D51198032193
:1080A00001702079C10603D5002D01D0022D1CD10D
:1080B000800605D5012D03D0032D00E018E014D172
:1080C000A078C00627D51199012008702079C10633
:1080D00001D5002D09D1810601D5012D05D100065C
:1080E00019D5002D17D0012D15D0422013B0F0BDA9
:1080F000012F01D1002E03D0890F314309D00AE0AE
:108100000648062203680648611D1818EBF792FB23
:108110000120119908700020E8E7000004250020E4
:1081200033070000A0BB0D003EB5FFF769F9044618
:10813000FFF7E8F9082C01D1082813D00A480B49A9
:108140000068062241186846EBF774FB68464079E0
:10815000400601D5022000E00320012302AA0021ED
:10816000FFF7F2FE3EBD00000425002033070000AB
:1081700003480068AE3080788006800F70470000AA
:1081800004250020F8B5204E04463568AE35F8F7D2
:10819000E3FC2070000A6070F8F7DEFCA070000AB3
:1081A000E070F8F7D9FCC2B28004830E227100217E
:1081B00063710846275C401C7918C0B289B2062852
:1081C000F8D30029E3D02078FF280CD16078FF286D
:1081D00009D1A078FF2806D1E078FF2803D1FF2A33
:1081E00001D1FF2BD3D00622691D2046EBF72AFBD5
:1081F0000028CCD03168062220467831EBF722FBEC
:108200000028C4D0F8BD000004250020F0B50646C3
:1082100000208DB00D46002A03D0F8F740FF00285B
:1082200006D1002E03D0002D04D0002428E0002029
:108230000DB0F0BD4220FBE7E000001B295C4719B0
:1082400008467F1C009100F01EF80028F0D103AA18
:108250003946009802F046F9002804D01022002187
:1082600003A8EBF7EBFA07A804F07AF907AB03AA27
:1082700039460098F8F7F2FE0028D9D1641CE4B220
:10828000B442D9D3D4E70021012802D0002800D07D
:10829000472108467047000070B592B0064620227C
:1082A00021A101A8F2F750FC202109A8F2F754FC03
:1082B0000A216846017000242546694601A800F09D
:1082C000F7FE6846027801A909A8EBF7B3FA01A8FE
:1082D00024E0015D491CC9B2914223D803195B789F
:1082E000B34214D16B461A78521A6118C9B24118B8
:1082F000D2B209A81A704019EBF79CFA6B461878AD
:108300002818C1B209A801F001F812B070BD521AC4
:108310006B461A7062186918D4B2CDB269460A78F1
:10832000002AD6D11F20F0E702FF01020104030258
:108330008FFC0000000000000000000000000000B2
:1083400000000000000000000FB410B5079C0128D9
:108350002DD1684680891749884210D103A80FC8DB
:1083600000F04CF800281DD102F0D0F8FA281ED0F9
:1083700001281CD92078F3210840207017E00D490E
:10838000491C884208D0C91E884205D0491C884231
:1083900002D0C91C88420AD103AC0FCC00F02EF8E1
:1083A000002800D0632010BC08BC04B0184700208F
:1083B000F9E70000022A000010B5FCF74FFF10BDDE
:1083C00002480068AE300088704700000425002095
:1083D00010B5034906220968B331EBF72BFA10BD3B
:1083E000042500202423184204D0C81F092803D8DC
:1083F0002032D17100207047422070471FB582B0F3
:108400000024FFF7DDFF6946F7F788FF009A68460A
:10841000116A0089203209E023235B5C012B04D11F
:108420000B89834201D1641CE4B209689142F3D103
:10843000204606B010BD00001FB504460648029055
:108440000846F7F7EDF88000001969461130087307
:108450006846F8F785FF1FBD307500001FB504465C
:108460000846F7F7DDF880000019694611300873F7
:108470006846F8F7C1FF1FBD026800230B808242E7
:1084800003D09BB212685B1CF8E770470860426833
:108490004A604268116041607047026804E08A42A5
:1084A00001D10120704712688242F8D10020704744
:1084B00002680A60126802600A68126850600A68FE
:1084C0000020106009684860704700B50B46FFF750
:1084D000E4FF002808D003CB083B086003CB4160D1
:1084E0000020083B1860586000BD0000FFB515690A
:1084F0001E46A8032E3689B01C461746002833DADC
:10850000102269463046F8F763FB0924E406039815
:10851000A0610298E061019820620098606235488D
:1085200001681320C0010818816AA162406AE062F4
:108530000A988030016C2163C06B606300F069F8B9
:10854000A06B0390E06B02902B480168019140689A
:108550000090102231466846F8F73AFB01204004AB
:1085600085433D610DB0F0BDE8053CD505A8014649
:10857000009010223046F8F72BFBFF200130854396
:108580004120800205433D610998082201A9C01CD1
:10859000F8F71EFB0998214604222A310B30F8F720
:1085A00017FB154805A92838F9F7AAFC0924E406A1
:1085B0000298A0620198E062786B082203A90D304E
:1085C000F8F706FB049820630398606300F021F835
:1085D000094905A80839F9F793FC1022314600989B
:1085E000F8F7F6FABEE7A07A0006BBD40A9800F0C6
:1085F00005F8B7E7042500204000004810B5044600
:108600008034606C002803D0F9F7C6FC0020606459
:1086100010BD08B56420694608700921C9066A467C
:108620001078401E10704869C00402D410780028E9
:10863000F5D1107808BD0000FFB582B0002301938A
:10864000059B012B30D04B8C224D1C010B8C9C4682
:10865000CB7E6B438D8BAE46CD8B164640369769ED
:108660000096A74206D19689664503D1009E3688BA
:10867000AE4201D04026019696790427760876000E
:108680003E4396719461546164469481009A1580CA
:10869000059A012A17D00B6170464A6840001018ED
:1086A0004860019806B0F0BD034640331D461B8E5E
:1086B000084E1C01AB8D9C4660231B5C7343AE8C43
:1086C0002D8DB646C9E783657146C26C49005118C5
:1086D000C164E6E7E204000070B5044616460D46A4
:1086E000084600F02AFA2060281D00F021FA310423
:1086F0004018606070BD0000FEB539490922096864
:1087000012028A18936E602242439C18354A8001F7
:108710008D183549228946184020005B2021895D4B
:10872000521C228140006269002700B2101A606169
:10873000F07A4018C0B2252800D32538F072A0790D
:10874000C0072ED0284640300090408E2189401A24
:108750000004000C25D124480C3800884007400F45
:10876000FEF754FD8446A07940084000A0712846D9
:10877000C030017A4908490001720099A3894A8DE5
:10878000C98D0905090C934205D1A3698B4202D119
:108790006346002B01D0402701E008238373A281A8
:1087A000A161A079800719D57620405B2189401A04
:1087B0000004000C12D18021495960350091A97E36
:1087C0000191A179FD221140A1713146684605222F
:1087D0002131F8F7FDF90120400507433846FEBD79
:1087E0000425002058080000CC000020F8B5014600
:1087F0001B480922006812028218936E60224A43C5
:108800009E18184A00248518174A88018718B078DE
:108810004007400F052802D0012805D010E0084687
:10882000EBF7ACF904460BE02A468032108A0028A8
:1088300002D0401E108203E001240846FEF70CFD22
:10884000F07BFF2801D2401CF073002C06D0234699
:108850003246294600200097FDF76CF9F8BD00006C
:108860000425002058080000CC00002010B50B465D
:108870000178CA09014608311846FFF72DFF10BDDF
:1088800010B50B4601784906CA0F811C1846FFF740
:1088900023FF10BDFFB50D4607468DB0002009210E
:1088A000C906169E1446486038460E3000F045F959
:1088B0000790B97CF87C0202387D0004104308431D
:1088C0000990787D06903846163000F031F90A900C
:1088D0003846183000F02CF90B9038461A3000F06A
:1088E00027F90C9038461C3000F022F903903846E6
:1088F0001E3020370090F878C106C90E47090920BC
:10890000C00608918068A86400203146E8642131DF
:10891000052202910098F8F75BF90221E17000202E
:1089200022225055E0730B980C22504360610020C6
:1089300031221055039801230001A06128462171BE
:108940004030039083710B9871494002401871497F
:10895000896A814200D208460021686521810C980D
:10896000A081204640300B9A02800A9A01235200CF
:10897000921CEA64039A9783039A9780A1712161FC
:108980002380A26A1280A26A548001771B27FF21EC
:10899000478049312B460182C0331A8A1B2A02D1F3
:1089A0005A8A8A4201D0102202771A8B8280C780AD
:1089B000078147818781C7815A8B42828182C18228
:1089C00001834183288C5449401C80B2884202D9DB
:1089D0004942401880B260812884C7200190A16A72
:1089E000C872052202990098F8F7F2F80020F07298
:1089F000218D3182F0750798B0610998F0612021CE
:108A000008988855EBF702F98021012800D1B1754B
:108A1000422002900590414804902F461098404B08
:108A2000803700283AD0B86B0080B96B0198C872C3
:108A3000388F708210983B49006828611098406810
:108A4000686106984843FF30F530A8650399012016
:108A5000887718881946344A400712684123400F26
:108A60005B01D21890706079C022104360710020C1
:108A7000B072A078C008C000801CA070BA6B1B2028
:108A800090720888A16A4001083088720020C043B3
:108A90003882B96B0322C91D029825E0786B0080EB
:108AA0007A6B0198D072B88E70826079C0221043C0
:108AB0006071B172A0781D4DC008C000401DA0704B
:108AC00018884101A06A19318172796B0A20887275
:108AD000FEF728FF796B0322C91D0298F8F7CAF840
:108AE000796B03222846091DF8F7C4F8012006F027
:108AF0000BFAA16A0322C91D0598F8F7BBF8A16A11
:108B00000322091D0498F8F7B5F811B0F0BD000074
:108B10009AFDFFFFE0020020FF0E0000FA00300087
:108B2000C0000020E2040000042500202C01B00059
:108B300001784078000208437047017842781302B8
:108B40008278C07812040006104318430843704727
:108B500070B5054616460C46C01CFFF7EEFF842193
:108B60000851E9797B20015528460830FFF7E0FFDE
:108B700040342087B07902210843B07170BD70B5D0
:108B80000C460546C178602001551646281DFFF7A2
:108B9000CFFF4034A084A81DFFF7CAFF20852846D8
:108BA0000830FFF7C5FFA08528460A30FFF7C0FF51
:108BB000208628460C30FFF7BBFFA086B079012144
:108BC0000843B07170BD024600200146535C002B83
:108BD00000D00120491CC9B20629F7D37047FEB561
:108BE0000F4606460024FEF78DFC0546FEF708FCFE
:108BF000082D01D3082811D202A9684600F020FAF6
:108C0000002F684606D04079400601D5022102E0D7
:108C1000032100E0017AB14200D041242046FEBD8C
:108C2000FFB507468DB000200890079077481E4694
:108C30000168774815460C18232040010818477131
:108C4000C271002B01D0002101710E9800287DD047
:108C5000FFF7B9FF002879D0002E03D02034207907
:108C6000012873D0FF24002E07D0022D02D0032D3F
:108C700002D002E0002500E0012564486549006853
:108C800040180B90022F01D0032F6AD1684605705F
:108C90000622401C0E99EAF7CDFD69460020FBF73D
:108CA0008BFAFF2803D00B99C2005118CC791123FD
:108CB0009B015649002E14D00968CA1894762323C4
:108CC00000225B01C9180A71FF284AD037204443AB
:108CD0004E48FF2100682F312018095C002904D07C
:108CE00015E00A68D1188C75EEE70146FF31FF30B8
:108CF00047311F30EAF708FF444806220068211870
:108D0000FF3105A84831EAF795FD012007903F495A
:108D1000FF2208684E322018125C002A1CD101463E
:108D2000FF31FF3040313030EAF7EEFE374806229F
:108D300000682118FF3103A84131EAF77BFD0120CB
:108D40000890002E08D00121304800E018E00268A9
:108D500023204001101801710798002801D0002E2F
:108D60000AD0324629460E9800F05EFC089800288A
:108D700006D0012103A815E03246012105A8F3E73A
:108D8000002F06D0012F1AD0022F02D0032F07D1B7
:108D900015E01E480622016868467831EAF74AFD68
:108DA0000021684600F05CFC0124A402002F10D0D2
:108DB000012F16D0022F0CD0032F24D111E013481D
:108DC00006220168144809186846EAF733FD0121B4
:108DD000E7E70E480068816F041909027B30E165FE
:108DE0000CE00A4805680C482818EFF738FB000229
:108DF0002C19401CE0650848C01C2818EFF72FFB11
:108E00000002000A2066002011B0F0BD04250020F9
:108E1000580800006C04000033070000F0B5824DD4
:108E200004468249286885B040180190FEF7E8FAA8
:108E3000002C7DD008280DD34220074603907C48A3
:108E400000240290FEF744FB009008200490009854
:108E5000082802D30C2005B0F0BD00F0A1FB00F003
:108E600091FA009873498001421813212868C901BA
:108E70004018818801988030036BC0315980016BA4
:108E800009800021C94301820021456ACB1DEF54AE
:108E9000856AEF54C56AEF54056AEF54066B039D6B
:108EA000F554039B3F0A1B0A0393466A029D0B1D60
:108EB000F554866AF554C66AF554066AF554066B8D
:108EC000F554029B491C1B0AC9B202930329DCD347
:108ED000009911234907090E456A0B43AB72856A55
:108EE000AB72C56AAB72019B1D7E0223022D0BD1B2
:108EF000456AAE7A1E43AE72856AAE7A1E43AE7282
:108F0000C56AAE7A1E43AE72466A0127F772866A58
:108F1000F772C66AF7721943036B9972036A997202
:108F2000036B0321D972016ACF7200210B4600E066
:108F30004EE0535455186B71491CC9B20529F6D33C
:108F40008025957201992031CE7BD672868C16824F
:108F5000068E5682384E9661384ED6613E462027A0
:108F6000BE54D375019A127E002A04D0012A04D07F
:108F7000062A12D110E018240FE003228368282467
:108F80005202934209D1C368934206D1002204924F
:108F9000FF225632028200E01024497B002904D0CF
:108FA000012904D0022906D103E0C02102E02C43AC
:108FB00001E040210C430499C268090280685318FB
:108FC0004218E108C900491C0098FEF7E5FB42E79A
:108FD00072B608280CD209212A68090251188B6E32
:108FE00060214143891C5C5C6407640F012C01D043
:108FF00062B616E0F024A45C002C04D01126FF24F5
:10900000B6019219947500225A543F212A684901E9
:1090100051180B7F0122824093430B7762B600F018
:10902000F7FB002017E70000042500205808000087
:109030008100B000CC000020D6BE898E5555550069
:1090400070B5044608480D46006808494618204691
:10905000316800F0A3FB72682271100A6071100C75
:109060002870002070BD0000042500205808000072
:1090700070B50D460446FEF7C3F9082801D31F203A
:1090800070BD09480949006840180022416B931CD3
:10909000C95CA154521C062AF8DB406B00784006DC
:1090A000C00F2870002070BD042500205808000063
:1090B00030B50C4A0C4B1268D218936A2032147BDC
:1090C0001F2C02D90020087030BD002205E01D7859
:1090D0000570521C401CD2B25B1CA242F7D30C702C
:1090E00030BD00000425002058080000F8B50C46EB
:1090F0000546FEF707FA082801D31F20F8BD0A4EDF
:1091000013273068FF01C019806806222946801C99
:10911000F7F75EFD3068C019806800784006C00F20
:1091200020700020F8BD000004250020F8B55E4B3B
:109130005E481E6800223018014620310276132452
:109140000D460A73E40131198E68FF2728368663BD
:109150008968493750314163083181620721A97319
:10916000416B524E0A70456B062169701B68FB25E6
:1091700019198C687834C46389680824A0310164A3
:109180000146C0314A720A72CC738C731B240C8264
:109190004F828D82103ECE820D834E838C83CF838F
:1091A00043495A65196513233F4C0146DB01266884
:1091B000B518F618B768603516462D7E2A36BD55A7
:1091C0002668F618B76816465236BD552668F61852
:1091D000B76816467A36BD552668F618B76816463B
:1091E000A236BD550D70521CD2B2491C062ADED3E0
:1091F00000230B70826B06215170426B5170024646
:1092000080325361194693611BE009252D025B19D9
:1092100060254D439F6E2B46264E0A33FE5209238E
:1092200027681B02FB189F6E2B4600262033FE503A
:10923000092327681B02FB1824359B6E491C5E51CD
:10924000C9B22368AC25ED5C8D42DED80025012132
:109250009583C90201845564092021680002091818
:10926000896F936B891C598021680818806F516B36
:10927000801C48801048818D20684030018600F0B5
:10928000D1FC3F2120684901411841220D7752014C
:10929000082180188170FAF761FDFEF771F92068E6
:1092A0002030C574F8BD00000425002058080000D7
:1092B000862E0000FFFF0000E002002010B50446EB
:1092C00080880321FEF7C0F8022172B6082815D263
:1092D0000D4A1368092212029A186023926E5843AD
:1092E000831CD35C002B09D0002110182160016A77
:1092F000002906D0416A0C604521446262B60846E6
:1093000010BD0462F8E700000425002070B51B4A78
:109310001B4B1268D418E36B0833A3621F2901D9D1
:10932000302070BD0022656BE66BAD5CB554521CFD
:10933000D2B2082AF7D3002205E00578521C1D702E
:10934000401CD2B25B1C8A42F7D32C200155E06B43
:10935000891D4170FEF754F8217E01290CD00828A0
:109360000AD2616BE06BE16360638034616A4880BC
:10937000A16A4880E16A4880002070BD0425002071
:109380005808000030B53148314900684018416B39
:10939000037E0A781B07920992011B0F1A430A7079
:1093A000C16B037E0A781B07920992011B0F1A43B7
:1093B0000A70816B0A7892099201121D0A70016C81
:1093C0000A7892099201121D0A7000210246203289
:1093D0000BE0836A456B5C5C0B460833EC54846A93
:1093E000C56B645C491CEC5489B2137B8B4201D978
:1093F0001F29EED3017E012907D0D9B2426B891D06
:109400005170416B0831816230BD0346C26B10332D
:10941000083281688262446B0C2262700022154619
:10942000446B083561551970090A5B1C032A00D189
:10943000C168521CD2B2062AF1D3406B02785206A0
:10944000520EC9010A43027030BD000004250020FD
:1094500058080000F8B5504F06465049386845187E
:10946000FDF7CEFF082812D1FEF74CF8082803D0EC
:109470002320405D02280AD0386834462030807DA1
:10948000093400070028307903DB032803D00C20BF
:10949000F8BD012804D02046FFF795FB002806D030
:1094A000327AF07900232146FFF7BAFB0BE0002364
:1094B000F0791A461946FFF7B3FB11223968FF20ED
:1094C0009201891888752C468034216A288F48803B
:1094D0003079012821D030880002A0607088000215
:1094E000E0600020C0432082307902281CD003288D
:1094F0001CD004281CD001281AD0052800D3FF2036
:10950000287628462030B1794173717903468173FA
:1095100027200022CE070FD011E003204002A060D8
:10952000E060FF205630DEE70620E9E70220E7E7AB
:1095300001200021B171E3E74908401CC0B2521C70
:10954000D2B2022AE6D3052902D1801CC0B203217F
:10955000272801D9C01EC0B2666A228D3280A66A51
:10956000A28D3280E66AA28C3280666AAA8E7280F0
:10957000A66AAA8E7280AA8EE56A6A80D8730329C9
:1095800002D0012904D005E0A16AA08C088001E086
:10959000606A00800020F8BD042500205808000003
:1095A000FEB51F481F4900684718694601A8FFF724
:1095B00047FDBE6B7D6BFC6B3B6C72B6002001AA55
:1095C000811C175C6F54175C7754175C6754175CE9
:1095D000401C5F540628F3DB694609782A78BF20CF
:1095E000C9070240490E0A432A7069460978327851
:1095F000C9070240490E0A43327069460978227849
:10960000C9070240490E0A4322701A78694602408F
:109610000878C007400E02431A7062B60020FEBDF3
:109620000425002058080000034610B50A48002A07
:10963000006806D0094A801872B60A4619461030EA
:1096400006E0064AE43A801872B60A46194608301F
:1096500000F094F862B610BD042500203C0900001B
:10966000034610B50548064A0068801872B60A46D7
:10967000194600F083F862B6002010BD04250020D2
:1096800058080000F0B5144A144B1268D3181A6C2D
:10969000154608321F2901D93020F0BD00249E6BE9
:1096A0001F6C365D3E55641CE4B2082CF7D30024D1
:1096B00005E00678641C1670401CE4B2521C8C4213
:1096C000F7D3186C891D4170986B9D6318648033C3
:1096D000186A45800020F0BD0425002058080000CD
:1096E000FEB5114811490068062246181049411874
:1096F0006846EAF79FF801226946304600F03EF8D6
:10970000B56BF46B736B366C00206A46811C175C7A
:109710005F54175C6F54175C6754175C401C775498
:109720000628F3DB0020FEBD0425002058080000B9
:10973000330700007CB50E4C0E4920680622451800
:109740000D4941186846EAF775F8296A0622684605
:10975000891CF7F73DFA13212068C9014018816878
:1097600006226846891CF7F733FA00207CBD00000A
:10977000042500203C0900003307000070B50546B1
:1097800016460C46084600F037F8286021796079C3
:109790000002084331044018686070BD01700A0A75
:1097A00042700A0C8270090EC170704770B5114882
:1097B000092402683F2040011018037F0020240282
:1097C0001419A0320146157B10E0DA070BD0602295
:1097D000A66E4A43B21892785207520F052A01D05A
:1097E000022A00D101205B08491CC9B28D42ECD885
:1097F00070BD0000042500200178427813028278B1
:10980000C078120400061043184308437047000054
:10981000F8B51B4E3188044609070820090F044398
:10982000A1422CD1174D0021286881631121C90163
:1098300040180921C906806A0969471A642000F0A6
:109840005FF9717AC90040182968896A4018381A86
:1098500000020121000AC905884202D2002005F059
:1098600053FB0949286832881207120FA24206D119
:10987000826B8A4203D2826B521C8263F3E7F8BD8B
:10988000C0000020042500200071020070B50F4DBB
:109890000F49286841184030407B002814D0C0315F
:1098A000897B082910D1002402E04008641CE4B23E
:1098B000C107FAD0204600F07BF82868012240302A
:1098C000417BA2409143417370BD000004250020FC
:1098D00058080000FFB533480E460068324987B08B
:1098E00045181F461446304600F0B2F80190301D6E
:1098F00000F0AEF800902078617802AE0C020443CC
:1099000002210798FDF7A0FD00213A783270491C2A
:10991000C9B2761C7F1C1029F7D3082802D3022075
:109920000BB0F0BDC035A97B082901D20C20F7E7A8
:109930001C4909220968120289188A6E6021414374
:10994000511872B64A79920702D062B63A20E7E718
:109950007D2252026A81A8734A6B1448106008691C
:10996000020504D5487901221043487103E0012221
:109970001203104308614A6B019850604A6B0098CB
:1099800090604A6B0298D0604A6B039810614A6BF2
:10999000049850614A6B05989061486BC46162B647
:1099A0000020BDE7042500205808000003010A003C
:1099B0007CB502462348244900684518092109025C
:1099C00041188B6E602151435C1800210091019178
:1099D00072B6A1784907490F052901D062B67CBD4E
:1099E0002946C0318A737D2252024A8162B605221D
:1099F00069464830F7F7ECF88020009941517A2108
:109A000001984855A0890622218950430930081839
:109A100086B2616B0D480860606B05228660616BE1
:109A20006846C91CF7F7D4F86079012108436071D2
:109A30004035EE86A0790221C006C00E0843A07111
:109A40007CBD000004250020580800000308010028
:109A50000178427813028278C0781204000610431D
:109A6000184308437047000010B5064801680648CF
:109A7000406A002803D02022F7F7AAF810BD002082
:109A8000087010BD04250020E002002010B5044637
:109A90000448807A8006400F00F006F8207000200D
:109AA00010BD0000000100200CB505A206CA0091FF
:109AB0007F210192082801D26946095608460CBD4B
:109AC000F2F5F8FBFE020408054925224143090C82
:109AD0005143401A80B2252800D32538C0B27047C0
:109AE000EB06000089084143880A401C7047414347
:109AF000080A292109014843C00A401C7047000098
:109B00000649C20B09684004096A400CCB09584356
:109B10005143000A081820308009704704250020AE
:109B200070B51A4A1A4CD37B2268002B11D01A4EFA
:109B3000184B8009CDB2584375430B0A2D0A734365
:109B400010355B19154D80305B09000A6943090C1B
:109B500004E0192312481B04FF21E931114D11863D
:109B600069805362106209482038008EFFF7C8FFF1
:109B7000E914884200D3481E40052168000E2031B8
:109B800008752988090700D4687270BD0003002099
:109B90000425002053070000F6BC0800550500000E
:109BA000C2F52800C00000201FB5054C40071ECCA0
:109BB00003946C460EC4000F6946085A04B010BDE9
:109BC0009C44061008B500216A461180694600F0E1
:109BD00001F808BD10B50A4A830B12688004526A66
:109BE000800C140A60435A438009101800228A5ED0
:109BF000821A10464030C009C3019A1A0A8010BD6B
:109C000004250020032802D06320C043704766204B
:109C100070470000012801D00148704700207047BC
:109C20007A03000070B5274A0021106803464030CF
:109C300041760176492040011818417681760F203F
:109C40002033987513230846DB0114680546E41891
:109C50006468303521541468E418646861551468E8
:109C60003035E418646861551468E4186568044682
:109C70009034401CC0B229552D28E6D31068C31873
:109C80005C6809231B02C318DC65254630359D65D9
:109C900090345C65FF234830037043708370C37059
:109CA0001F23037112684D20815407480180092148
:109CB000417105238371C17103724281FFF7D4FEA4
:109CC00070BD000004250020C000002010B5FAF788
:109CD00059F810BDFEB5524800886023410751482D
:109CE000490F0268092000021018826E5943541867
:109CF000A27825695207520F216A0092022A01D0E8
:109D0000052A20D12A0404D46279920701D10029BE
:109D100019D0A66A444A2B0443D563799B0715D012
:109D2000676B77800120C00385432561E9F76EFFEB
:109D3000012809D01F217878014204D0218A8904A2
:109D400001D5001D7870FEBDFF21F4E70029FAD08F
:109D50001542F8D10A7C406FD206D20E921C171819
:109D6000B8B2019070802046F8F7D4F80120C00303
:109D70008543256105110098052800D1AD00E9F75C
:109D800045FF01280BD01F217878014204D02169BA
:109D9000294201D0001D787001987080FEBDFF211E
:109DA000F2E7708801235B07C01863799C469B0724
:109DB00004D0636B834201D0012700E00027666B6B
:109DC000864202D02388834212D1002912D0154244
:109DD0000ED1012300290ED086420CD02488844263
:109DE00009D00968002906D0154204D1012103E0F9
:109DF0000023EFE70023002162469206920F03D072
:109E00000022002F06D101E00122FAE70B43C5D062
:109E1000002AC3D00178102211430170FEBD00005A
:109E2000C000002004250020600600004101401809
:109E300080097047F0B57E4C05467E49206891B098
:109E40004018089000200D9072B606F0A5FF00287B
:109E500001D1002D07D07648002501684920400136
:109E60000818467EDFE062B60D9811B0F0BDF0072D
:109E70007ED07149A80140180E906D4801680920F4
:109E800000020818816E602068430C18A178206ACF
:109E90004907490F02294BD1A179490748D4002825
:109EA00046D04020005B400009900002FFF728FEEA
:109EB000039000200F905E4836210068095C0A0775
:109EC0000AD44907490FA94206D1012180300F91D8
:109ED000416C0191806C06E00899C96C01910121E7
:109EE000C9024018C0690090FF205F30FFF708FEEC
:109EF00051490C39497AC90041180098411A039810
:109F0000081A07900E980B214156203005910078D1
:109F10000A9000200290208906900920C00601695D
:109F20000798401A070201203F0AC00587422AD33A
:109F30006CE001200D9007990398081A0790029988
:109F400003980818029009990198401A01906169D4
:109F500009980818606105990A98081A40B2059096
:109F60000698401E80B206900598002804DA00E0AA
:109F700056E0253040B205900920C00601690798D7
:109F8000401A07023F0A6420FFF7BAFD2A490C393C
:109F9000497AC900411826480068806A0818B84202
:109FA00007D20120C005874203D20999019888424F
:109FB000BFD802990098401A01020D98090A00289A
:109FC0000CD01B4811220068D2018018806A081A40
:109FD00000020012002801DD00200D900F980028DB
:109FE00006D01348019A006880304264816408E01A
:109FF000089A0198D0640E4802680120C002101827
:10A00000C1610E990598C8720698208108480122FE
:10A010000168492040010818417EAA4091434176D9
:10A020006D1CEDB27608002E00D020E71BE7000083
:10A030000425002058080000CC000020F8B54C4D45
:10A040004C492868441826464036B08BFFF7ACFDD3
:10A0500029684031098E401880B2E16CFFF747FD56
:10A060000746B07FFFF7D6FDA16D381841180720CD
:10A070000005014300913F4A2968363A8818363175
:10A0800000F084F8412128684901421891784B0773
:10A09000014620318E7D5B0F37093F013B439370B2
:10A0A0007207520F8A75334AA8313C3A801800F083
:10A0B00068F82868A16CC0300268A2640160286852
:10A0C000E16CC4300268E264016028680099CC2227
:10A0D0001150D030A16D0268A26501602868616DE1
:10A0E000D430026862650160296820465C30D8314E
:10A0F00000F042F8296820465E30DA3100F046F878
:10A10000296820466030DB3100F040F8296820469D
:10A110006430DC3100F030F8296820466830DE31E8
:10A1200000F02AF8296820466C30E03100F024F86D
:10A13000296820467030E23100F01EF82968204678
:10A140007430E43100F018F8296820467830E631A0
:10A1500000F012F8296820467B30E83100F016F84C
:10A16000296820468430EC3100F00BF8F8BD00007F
:10A17000042500205808000002880B8803800A800C
:10A18000704702680B6803600A60704702780B78BA
:10A1900003700A70704710B5C001000CE9F756FB58
:10A1A000002010BDF0B51E4813210068C9014018F9
:10A1B00097B000240C271426C56AF9F7CFFD0FA825
:10A1C00002301490284600F01DFDFC2820D169467D
:10A1D000284600F005FD68464078C007149804D072
:10A1E000EEF73DF90002401C02E0EEF738F90002FC
:10A1F000159010A80130EEF732F90002000A16900F
:10A2000015A8F9F71DFD002802D0472017B0F0BDB2
:10A21000641CAD19E4B2BC42D4D30020F6E70000C0
:10A22000042500200FB4F0B5584F13203968C00141
:10A23000081897B0C66A0FA8023000241590703035
:10A2400014901BE0304600F0DDFC0546FC2809D0E8
:10A25000FE2D18D0002810D0FA2017B0F0BC08BC92
:10A2600004B018476946304600F0BAFC062215993A
:10A270001498E9F7E7FA00281BD014362046641C2E
:10A28000E4B20C28DED318A8407C0009E5D00C2CE1
:10A2900076D972B600F06AFB62B613203968C00145
:10A2A0000818C66A304600F0ADFCFE2868D01436A7
:10A2B000F8E7502269461CA8E9F7C4FA0028CCD078
:10A2C000304600F073FC0AE01436304600F09AFC89
:10A2D0000546FC2803D0002D01D0FE2DBCD1204620
:10A2E000641CE4B20C2801D2FE2DEDD118A8C17C6B
:10A2F0006846C0788142C6D118A8407CC0060ED4FA
:10A3000068464078C0060AD502222DA811A9E9F7AF
:10A3100091FA18A9487C1021084318A9487418A874
:10A32000407C800615D468464078800611D523A865
:10A3300007A9102202300231E9F77CFA06221599AA
:10A340001498E9F777FA18A9487C2021084318A93E
:10A35000487418A8407C400695D46846407840066A
:10A3600091D527A80BA9102202300231E9F762FA31
:10A3700018A9487C4021084318A9487483E7FFE7DF
:10A3800001221CA9304600F047FC66E704250020A6
:10A3900010B5064813210068C9014018C06AC00101
:10A3A000000CE9F753FA002010BD0000042500203E
:10A3B000F7B5214813210068C901401898B0C66A52
:10A3C000002511A814460C27149515901CE0304662
:10A3D00000F018FCFC2802D000281AD113E06946CE
:10A3E000304600F0FDFB68464078C0060BD516AA43
:10A3F0001999159802F0E2F9022216A81899E9F7BE
:10A4000021FA002808D0143628466D1CEDB2B84257
:10A41000DDD341201BB0F0BD6946204600F0EEF8C8
:10A4200005482346006821462A3314AA203180308B
:10A4300002F070F80020EDE704250020F8B507468B
:10A4400027480E4600681321C9014018C56A144602
:10A45000002E18D0012E06D17879010601D54106CB
:10A4600011D480090FD07879400637D526461E369C
:10A47000284600F0C7FBFC2824D0FE282ED0002858
:10A480002AD0FA20F8BD20463E300090284600F041
:10A49000B9FBFC2805D0FE2820D00028F1D11435C6
:10A4A000F4E72146284600F09BFB6078C007C00F08
:10A4B000B042F4D1062239460098E9F7C3F90028E2
:10A4C000E0D0ECE72146284600F08AFB31463846CA
:10A4D00002F0D5F90028D5D01435C9E75C20F8BDC5
:10A4E0000425002030B50B4695B0154601466A4656
:10A4F0001846FFF7A3FF040005D107A9102228463C
:10A500000231E9F797F9204615B030BD70B50C4817
:10A5100013210068C90140181426C56A0024284682
:10A5200000F070FBFC2805D0FE2807D0002803D0DF
:10A53000FA2070BD641CE4B2AD19F0E7204670BD8E
:10A5400004250020F7B596B017465E2602F0E0FB22
:10A5500004004FD06078C507ED0F1ED0002D05D048
:10A56000E0798109032918D0800916D0E0794006E6
:10A5700010D5214813210068C901401807AEC56AEB
:10A580000236284600F03EFBFC280CD0FE2801D005
:10A59000002812D0472019B0F0BD0622A11C14A833
:10A5A000E9F748F912E06946284600F019FB314600
:10A5B000A01C02F064F9002801D01435E1E70FA9CE
:10A5C000062214A80231E9F735F900253B4614A903
:10A5D0002846179A00F0A0F806465D280AD172B600
:10A5E00000F0C4F962B63B4614A92846179A00F059
:10A5F00093F806463046CEE70425002070B50446A1
:10A6000001200D46A076C97821776978090603D51F
:10A61000617F1022114361776A78617F60231A405D
:10A62000114361776978C90602D5A17F0143A177FB
:10A63000E86C6061A86C294620610E31204610222A
:10A640000E463A30E9F7F6F82946204610221E3128
:10A650005430E9F7EFF82946204610222E316430B5
:10A66000E9F7E8F829462046022244312030E9F78C
:10A67000E1F820460822A91D4A30E9F7DBF8204618
:10A680000222291D5230E9F7D5F86878800704D5F1
:10A69000208901214903084320816878400704D5B7
:10A6A000208901218903084320816878000704D5A7
:10A6B00020890121C90308432081A878010706D514
:10A6C000E0722046102231462A30E9F7B3F8F12033
:10A6D000A07270BD70B594B015460E466C4602F07F
:10A6E00017FB002816D041782246C907C90F801CE5
:10A6F000FFF7A4FE002802D05C2014B070BD6846AD
:10A7000040780FA9C007C00F2B463246023100F037
:10A71000DFF9F2E74020F0E7FFB585B00D4600F025
:10A7200039FA044600270C20029060E0204600F031
:10A7300069FA0646FE2861D0FC2E04D0002E02D015
:10A74000FA2009B0F0BD204600F040FA84465F4987
:10A75000A000401800686A46030A1370030C537087
:10A76000000E9070641CA00040180068D070030AAE
:10A770001371000C5071641CA00040180068039015
:10A78000FC2E0AD105998C4506D106222946684639
:10A79000E9F758F8002804D0039880080419641CCD
:10A7A00025E007990398884219D10622FF216846BF
:10A7B000E9F744F8002635E0641C4448A100081875
:10A7C0000168684600F0CAF80898042280196946B2
:10A7D000E9F738F8002824D0B008241A641EA41E13
:10A7E000204600F0E3F9039880080419E41C384679
:10A7F00002997F1C884299D38F4210D8344801684F
:10A800001320C0010818026BC16A406B8918401EF2
:10A81000091807980C3080080019814206D25D2083
:10A820008FE7361D03988642C6D34DE005986946EA
:10A83000C007C00F001F08702878487068788870BB
:10A84000A878C870009900060902090A0143204649
:10A85000FDF784F8002831D1E9786846017029793C
:10A86000417069798170FF21C1700098641C0102F8
:10A87000FF20090A000601432046FDF76FF8002873
:10A880001CD1641C20460799FDF768F8002815D1F3
:10A89000079800258107890F0E18641C12E008989C
:10A8A00040190746EDF7DBFD0102F878090A0006BA
:10A8B00001432046FDF752F8002801D0FB2040E775
:10A8C000641C2D1DB542EAD300203AE700000410B5
:10A8D00004250020FFB597B00C201590142014908B
:10A8E0001D48002500681321C9014018C66A1F468B
:10A8F0002C461D70304600F085F9FC280DD0FE284E
:10A9000006D014986D1C36181598EDB28542F1D317
:10A910001798047000201BB0F0BD6946304600F067
:10A920005FF91999E01D884201D96420F3E7684670
:10A9300040780622C1071898C90F0155641C189861
:10A94000A4B20FA900190231E8F774FFA41D3878EA
:10A95000A4B2401C3870D4E70425002001700A0A14
:10A9600042700A0C8270090EC1707047F0B5FFB0DA
:10A97000FFB085B00020009001900290534E0390EC
:10A9800013203168C00108180025C76A04952C46B9
:10A990000595384600F036F9FC280ED0FE2812D076
:10A9A00000280CD013203168C0010818C06AFFF7D6
:10A9B000F2FB7FB07FB005B0F0BD641CE4B26D1C4B
:10A9C00014370C2DE5D32546042C00D90424281B6C
:10A9D000C0B206903D48002701681320C001081846
:10A9E000C66A0CE0304600F00DF9FC2806D1069846
:10A9F000002816D0401EC0B206907F1C1436AF420D
:10AA0000F0D3324D13262868F6018019C06AC001C0
:10AA1000000CE8F71BFF2868801900263546C76A36
:10AA20004FE0049950204143B3A80818014608900C
:10AA3000304600F0D5F855210598C9000A1A049847
:10AA40006946800007900A50059A09A98B18694643
:10AA500042180898014640783E31C007C00F00F008
:10AA600037F8002807D0079900206A46505004980C
:10AA7000401C0490C1E707986946095805980818D2
:10AA80000590F4E7502029464143B3A80918002255
:10AA90003846049100F0C0F8A90068460591425874
:10AAA0001437002A08D009A80499831948783E3140
:10AAB000C007C00FFFF730FE059869460858861991
:10AAC0006D1CA542DED3002073E7000004250020A2
:10AAD000FFB585B000F05EF80446079800260068D0
:10AAE00003900C200290204600F08CF80546FE28CA
:10AAF00035D0FC2D04D0002D02D0FA2009B0F0BDD5
:10AB0000204600F063F82249A200521813686A46F2
:10AB10001F0A17701F0C57701B0E9370641CA20045
:10AB2000521813686A46D3701F0A17711B0C5371B1
:10AB3000641CA20051180F68FC2D09D105998842A8
:10AB400006D1062268460699E8F77CFE002808D060
:10AB5000B80804190298641C761C8642C3D35C2092
:10AB6000CCE70398874201D94820C7E7079800251A
:10AB7000074E076008E0641CA0008019016808986F
:10AB80004019FFF7EBFE2D1DBD42F4D30020B5E7C1
:10AB900000000410044801681320C0010818C16AAD
:10ABA000006B08187047000004250020810010B5D4
:10ABB00005480C182068010A09022046E8F75EFEE5
:10ABC0002068002010BD0000000004100349800030
:10ABD00040180068C007C00F704700000000041054
:10ABE000F8B5074F0E4604460025A000C0190168BD
:10ABF0007019FFF7B3FE641C2D1D502DF5D3F8BD61
:10AC00000000041003498000401800680006400E50
:10AC10004000704700000410F7B500245026054698
:10AC2000002A20D000270920C0060169426852018D
:10AC3000520F032A0ED042685201520F0AD04068C8
:10AC4000401A0002000AFEF7BDFF0146104881428B
:10AC500009D803E0FF20F53003F0D6F97D20C000CD
:10AC60007F1C8742DFDB01980019077841780B02CF
:10AC70008178C0780A0401061143194339432846F4
:10AC8000FCF76CFE241D6D1CB442ECD30020FEBD0D
:10AC9000CC040000F7B584B007211646019100915D
:10ACA00002F036F8040004D07420005DC00724D1FF
:10ACB00002E0402007B0F0BDA01C02F0DDFD00283E
:10ACC0001DD0002E02D0A07B000616D4A27BD00699
:10ACD00013D4464D2868817D4B081943C90702D01B
:10ACE000817E490709D400210291D109C901A173CC
:10ACF000A27A002A08D0F12A03D04620DAE75920A8
:10AD0000D8E7059AD2071ED0807EC043800721D0A5
:10AD1000208920220105090D0020FCF751FF0700C2
:10AD20001AD0A020A072E07E2F210840E07605987E
:10AD3000800703D5A07B20210843A0732868002E3C
:10AD40000CD0417B0EE001200143A1732046E8F7BF
:10AD50002DFFAFE73820ADE76420ABE78030007B04
:10AD60004007C10F2868827D53081A43D207C37D6C
:10AD7000D20F007B00F093F90646204602F01AFC41
:10AD80000199009800910190227E334601213846B6
:10AD900000F092F92146384601F0A0FB002802D0CD
:10ADA0004120029086E72968887EC243920701D03D
:10ADB000401C88762046542200212030E8F73EFDD2
:10ADC000304618210840E072A07EF10700D0022131
:10ADD0000843A076E07E7107C90F0843E076286833
:10ADE0008030C672A120A072029863E70C25002073
:10ADF000F0B593B00020069072B65F4D042128682C
:10AE00004030C2790A43C27162B6E8F70DFF0026EE
:10AE10005A4F73E03868C16F7C2070430C186BD0B8
:10AE20002089002868D0617BC9075FD00005000D2C
:10AE300021462A310190102211910CA8E8F7FAFC62
:10AE400007A9204600F006FB00283CD00198F6F741
:10AE50005CF80B90207B80070CD0019802F0FCFA84
:10AE60000246474B0021012002F0C8F8207B000970
:10AE700000012073022004900198039003200290A7
:10AE80003921286849014118897B0123890712D596
:10AE9000D902083040181322C06C022103F0A0F937
:10AEA000010008D0039A8A80029A00238A71CB712C
:10AEB000049803F081F90B983A280AD0607B400887
:10AEC0004000607312E007A90198F6F717F80B909D
:10AED000F1E710220CA91198E8F7ACFC72B62868CB
:10AEE000FB224030C1791140C17162B6A07A0028BE
:10AEF00002D0204600F064F9761CF6B22868A03033
:10AF0000007BB04286D830E006A9386803F0E5FF40
:10AF10000698808801F0FCFE010022D00698826825
:10AF2000127B052A05D08B7A102B05D9F12B03D083
:10AF30000BE002F0D7FB14E074235B5CDB0702D06C
:10AF4000012A0ED101E00B2A0BD101F075F900287E
:10AF500007D0FD2805D00699386803F06CFF13B0C0
:10AF6000F0BD01210698FCF787FE386803F08CFFDE
:10AF70000028C9D0F3E70000042500200C2500209C
:10AF80003075000070B501F0C3FE040007D07420D6
:10AF9000005DC0070AD0207B800707D101E0402078
:10AFA00070BDA07A002803D0F12801D0462070BDE2
:10AFB0001A4E3068807EC04380072BD02089202223
:10AFC0000105090D0020FCF7FBFD050024D002203F
:10AFD000E880A8680B2101733068817DC37D4A0831
:10AFE0001143CA07417B007BD20FC007C00F00F09E
:10AFF00056F80146306880300173A86841732146D5
:10B00000284601F06BFA0028D1D1217B012211439F
:10B01000217370BD382070BD642070BD0C250020E8
:10B0200070B50E4602230446C10612481546006854
:10B0300003D51E22BF210C4008E0392149014118E7
:10B04000C97B890601D4002070BD1B222107890E0F
:10B0500008180121C9024018C06C214603F0C0F84D
:10B06000010005D08E8020468D6003F0A5F8EAE748
:10B07000072070BD0425002001700A0A42700A0CE6
:10B080008270090EC170704701784278130282788D
:10B09000C078120400061043184308437047C007E5
:10B0A000C907C00F490F0843D107090F0843D90743
:10B0B000C90E084370470000F0B50724059E069DA1
:10B0C000C4808468D2072173084C81682468D20F39
:10B0D000277E4F7381688A738168CB738168E27BB6
:10B0E0000A7481684E7480688574F0BD0C25002058
:10B0F0000146896800204A7B042A05D88A7B012AF8
:10B1000002D8CA7B920701D50A207047044A097CFD
:10B110001268927B914201D31029F6D9062070471C
:10B120000C250020F0B587B004461C222249684651
:10B13000EFF70AFD227E0321D04383071F48002B2F
:10B14000006804D0E37A1D0705D5D50701D0E17763
:10B150001CE09207FBD4E27E05252A4212D0627ED3
:10B16000057E960096196F46F619AD5DE577002DC0
:10B170000CD11B0708D4012A02D1027E012A01D07A
:10B18000022202E0012200E00422E277407BC007B5
:10B19000C00F02D0E07F012806D0E07A000709D571
:10B1A000E07F022804D005E0E177472007B0F0BD3A
:10B1B0000020E0730020F9E7AC4406100C250020C5
:10B1C000F0B50446807A2646603695B0102820D027
:10B1D000D1287BD0D22879D0D32877D0D42875D065
:10B1E000D52873D0F02875D0FE2877D0A2287FD03C
:10B1F000B2287DD0B42868D0BF28204677D0E8F7A1
:10B20000D9FCE07A000702D52046E8F743FD15B0E7
:10B21000F0BD60786A46C107C90FA01CFFF70EF9A0
:10B220000227474D00282AD0FCF7A2FF002824D08F
:10B23000307DC00721D0FFF769F9FA281DD000281A
:10B240001BD0E079400618D50220149039212868D7
:10B2500049014118C97B2689012309070DD5DD0263
:10B26000083040191A223946C06C02F0B9FF0100BB
:10B2700003D08E80149802F09FFF00204AE06946B8
:10B280002046FFF7BBF920890104BAD502211491A9
:10B2900006053921286849014118897B360D0123AB
:10B2A0000907AED5DD020830401915223946C06CB9
:10B2B00002F096FF0100A4D08E80149802F07CFF6B
:10B2C0009FE703E006E009E012E027E0204600F0F7
:10B2D00041F996E7204602F0C9F992E7307D000671
:10B2E0008FD57C2200212046E8F7A8FA89E724E0E0
:10B2F000E07A000704D52046E8F7C8FC002880D093
:10B30000E07F022802D1E07EC006D9D5307DC0079B
:10B3100002D0B420A07274E7A420FBE720461021DD
:10B320006430F5F743FBE07A000703D52046E8F7E1
:10B3300095FC66E7B521A17263E702F01FF960E7AB
:10B340000425002010B57421095CC9070BD1817A4E
:10B35000A42909D0AC2916D0AF2904D1417F0029F6
:10B3600014D0D021817210BD044610215430F5F75D
:10B370001DFBE07A0007204602D5E8F76BFC10BD04
:10B3800000F0A8FC10BDE8F711FC10BD02F0F6F8C3
:10B3900010BD10B50146807AA92802D1002000F026
:10B3A00059FC10BD10B50446807AAA280BD0BA28E3
:10B3B00009D0B92810D07420005DC00702D1204602
:10B3C000E8F700FC10BD204602F01CFD0028F9D073
:10B3D000012300220B210DE0E07F0428F2D1E07E62
:10B3E000410602D5BA20A07210BD0006FCD501238B
:10B3F00000220C21204602F080F910BD70B50446F1
:10B40000134800250268402128463C3202F013FE12
:10B41000002804D002F048FD02F074FB0DE0E07A51
:10B420004106890F03290AD07421095DC90708D094
:10B43000400602D5204602F075FC284670BD012565
:10B44000FBE78106F9D49B210840E072F2E7000097
:10B450000C250020FEB50446002000902546264617
:10B46000A07A2A3532360F46BC2821D0F12810D1D7
:10B47000E07A00071CD42046203001AA2946029019
:10B4800001F09CF90222314601A8E8F7DBF9002817
:10B4900006D0224629463046FEF78AFF4120FEBDEF
:10B4A00009482B4600686A460299803001F032F85C
:10B4B000102200213846E8F7C1F9227F2946384694
:10B4C000E8F7B8F90020FEBD0425002010B5826819
:10B4D000527B4A768268927B012A03D10A7E02233C
:10B4E0001A430A761A4B82681B68D27B80331A7221
:10B4F0008468647C5C728468A47C9C728B7ED407B4
:10B50000E40F23438B76CB7E042422401343CB7677
:10B510008268127C0A777422525CD20712D08B7F29
:10B520000522DC08E4008C7783689B7C5B075B0F5B
:10B5300023438B7780680830801800794007400FDC
:10B54000487710BD836806225B7C5B075B0FF0E7E2
:10B550000C250020F0B58DB000270546079700891F
:10B5600020220105090D3846FCF72AFB04006DD0A6
:10B570002E466036307DC1062846203002900029D4
:10B5800006DB0221F5F712FA307D102108433075F1
:10B59000A87A2E462236D12808D0D2281AD0D3280D
:10B5A0002CD0D42835D0D52852D047E008213046B9
:10B5B000F5F7FCF92C4803AB006807AA0299803024
:10B5C00000F0A8FFA068062101731120E0802A7F07
:10B5D00003AB1CE00B20E080A0680721017307AAE1
:10B5E0003146029801F0EAF807AB02220521204615
:10B5F000FCF796FB0822334607211CE01120E0806F
:10B60000A0680821017308A800F0AAFF29E005211D
:10B6100011E069460F7108A901A801F06BFF08202D
:10B62000E0800921A068062201736946A0680979B3
:10B63000417308AB11462046FCF772FB29462046B1
:10B6400000F04CFF002801D1DD20A8720DB0F0BD44
:10B650001120E080A0680A21017308A9284600F0A3
:10B660006DFF08AB1022D2E704250020F0B599B099
:10B6700016460D4604463C2200216846E8F7DEF8EF
:10B680001022294604A8E8F7D5F8E07F464D0228A5
:10B6900002D0032806D00BE0286801696846FFF74E
:10B6A000EBFC05E02968102268461C31E8F7C2F877
:10B6B000012108A801702A68117E4170207EC1070F
:10B6C000C90F08A8817011468031CB7AC370D27B34
:10B6D00002710722427182710222C271627E02727D
:10B6E000207E8007C20F08A842720A7A8272227FE7
:10B6F000C2724A7A0273897A41730F30471E054637
:10B700003946FDF79DFC60780622C107C90F08A8DD
:10B7100041751630A11C1790E8F78CF811A8072284
:10B720000130F91FE8F786F80FAC0722A01C08A922
:10B73000E8F780F80122601CE11FE8F77BF801229E
:10B7400039460FA8E8F776F80020694613AF0A18C3
:10B75000127C235C5A403A54401CC0B21028F6D3E5
:10B76000324639466846F5F785FB102200210FA8BE
:10B77000E8F764F806222946A01DE8F75BF80622E0
:10B780000FA81799E8F756F80021705C625C5040EA
:10B790007854491CC9B21029F7D3324613A9684618
:10B7A000F5F768FB19B0F0BD0C250020F0B599B095
:10B7B00016460D4604463C2200216846E8F73EF84E
:10B7C0001022294604A8E8F735F8E07F4A4D022800
:10B7D00002D0032806D00BE0286801696846FFF70D
:10B7E0004BFC05E02968102268461C31E8F722F876
:10B7F000012108A80170617E4170207E8007C10F81
:10B8000008A881702A68114680310B7AC370237FA3
:10B8100003714B7A43718B7A83710223C371137E58
:10B820000372207EC307DB0F08A84372C97A8172B6
:10B83000D17BC172607F4107490F08A80173A07FC7
:10B840004107490F08A841731630471E054639467F
:10B85000FDF7F6FB60780622C107C90F08A88173BF
:10B860000F30A11C1790E7F7E5FF11A809A90722DF
:10B8700001300331E7F7DEFF0FAC0722A01C08A957
:10B88000E7F7D8FF01223946601CE7F7D3FF012212
:10B890000FA8F91FE7F7CEFF0020694613AF0A187B
:10B8A000127C235C5A403A54401CC0B21028F6D394
:10B8B000324639466846F5F7DDFA102200210FA816
:10B8C000E7F7BCFF0622A01D1799E7F7B3FF062292
:10B8D00029460FA8E7F7AEFF0020315C225C5140FB
:10B8E0003954401CC0B21028F7D3324613A9684619
:10B8F000F5F7C0FA19B0F0BD0C2500207FB5AC21DA
:10B900008172817B05468A072A350446002A09DAB6
:10B91000102200216846E7F791FF69462B460A4648
:10B92000AD250FE0C80701D1480719D521464A3196
:10B930002246E07A5232000701D52B4601E0234629
:10B940003A33AE2520890005000DFDF7C3FF00281E
:10B950000BD03A2801D00C2800D1002004B070BDD3
:10B96000C808C000A0734620F8E7A17BCA0703D02F
:10B9700010221143A173F125C9B2C908C900A173EE
:10B98000A572EBE7F8B5026841689268FD20137B69
:10B990000E2B13D1CB7ADB0610D5CB7F022B0DD12A
:10B9A0004B7E022B0AD174235B5CDB078B7A06D0BB
:10B9B000B22B0AD0B42B08D0B52B06D0F8BDA22BE1
:10B9C00003D0A42B01D0A52BF8D108893921050576
:10B9D0000D484901006802264118C97B2D0D547B92
:10B9E000012349060ED502218F020830C0191C22FE
:10B9F000C06C02F0F5FB010004D08D808C713046E4
:10BA000002F0DAFB0020F8BD0425002010B5036821
:10BA100041689A68FD20127B0B2A07D0022A0ED0BB
:10BA2000032A13D0042A1ED0FC2010BD8A7A002AD3
:10BA300001D0F12AF9D1184600F02EFA10BD8A7A09
:10BA4000A12AFBD1184600F0F1F910BD8A7AA52A87
:10BA500005D0A22A01D0A42AF7D1FF2010BD184694
:10BA600000F0F8F810BD8A7AA62AFBD1184600F03B
:10BA70006BF910BDF8B507468068FD25007B0C46C4
:10BA8000012806D003285AD0042870D0FC25284667
:10BA9000F8BDA07A00280AD0F12808D0FB28F6D1FA
:10BAA000012300220921204601F027FE65E000263F
:10BAB000208901F0D1FC02460021314B084601F0FB
:10BAC0009DFA207BC14389070AD0810714D5012143
:10BAD00008432073207B0107890F012911D00BE057
:10BAE0000C210840D4D00428F4D0082825D00C28F4
:10BAF00000D10126002ECAD02146384600F0DEFAD9
:10BB00003BE0FB2108400821084320731D483921F0
:10BB1000006849014118897B022489060DD502215C
:10BB20008B020830C0181722C06C002302F058FBAB
:10BB3000010002D0204602F03FFB4320F8BDA07A6E
:10BB4000B5280FD0B22801D0B428A0D1C87F0228D0
:10BB50009DD10D480068007E022801D0042896D1AE
:10BB6000FE2594E7384600F0E1F906E0FFE7A07A09
:10BB7000B6288CD1384600F017FA054687E7000052
:10BB800030750000042500200C25002010B5026847
:10BB900041689368FF201B7B0C2B03D00D2B14D026
:10BBA000FC2010BD8B7AA22B01D0B22BF9D17423CB
:10BBB0005B5CDB07CB7A05D05B06F2D4104602F063
:10BBC0006FF810BD9B06F9D410BD8B7AAB2B01D05A
:10BBD000BB2BF9D1104602F0DBF810BDF8B50446D6
:10BBE0000025FFF79FFA472803D0E07F022802D004
:10BBF00026E0E57F24E015480068007D002821D07C
:10BC00000220009020893921060511484901006869
:10BC1000360D4118897B012349070DD502218F027A
:10BC20000830C0191422C06C02F0DAFA010003D007
:10BC30008E80009802F0C0FAE07EEF210840E076A6
:10BC40002846F8BDE07E10210843F8E70C250020C7
:10BC500004250020F8B5074608890C460105090DA2
:10BC600020220020FBF7ACFF05000DD026462A3627
:10BC7000002F05D03346102205213846FBF760FF20
:10BC8000E07F022802D009E06420F8BD204610229F
:10BC900031466430E7F7D6FD002814D01120E88043
:10BCA000A868042101732346543310220521284635
:10BCB000FCF736F82146284600F010FC0028E4D1B5
:10BCC000A621A172F8BD01232A460821204601F0D1
:10BCD00014FDF8BD30B50446008989B00105090D91
:10BCE00020220020FBF76CFF050009D0E07A000756
:10BCF00009D568460590049404A8E7F7B3FF08E067
:10BD0000642009B030BD21466A4654312046FFF711
:10BD1000ADFC1120E880A868032101736B46102256
:10BD200005212846FBF7FCFF2146284600F0D6FBFC
:10BD3000050007D12046102269466430E7F77AFDF6
:10BD4000A520A0722846DCE7F0B50B4693B00C4660
:10BD500064330025102205210993FBF7F1FEE07AF8
:10BD600000070BD504A80F900E940EA8E7F77EFFEE
:10BD70000546EB2807D1002013B0F0BD04AA2046E9
:10BD80000999FFF773FC21462A3110220F4604A8B7
:10BD9000E7F758FD002806D000231A460421204664
:10BDA00001F0ABFC3CE0204E217F3068C07B81423B
:10BDB00000D92077E07A000703D52046E7F75AFF3D
:10BDC0002FE0102200216846E7F738FDE07F0228C7
:10BDD00002D0032806D00BE0306801696846FFF7FF
:10BDE0004BF905E03168102268461C31E7F722FD67
:10BDF00022460AAB54326846099900F0C5FB10226E
:10BE000000213846E7F71AFD227F0AA93846E7F7EE
:10BE100011FDA07B02210843A0732046E7F7C6FE70
:10BE200005462846A8E700000C2500207CB50C46F6
:10BE30000646A425FFF75CF900281BD1E07A00072D
:10BE400007D5684600960194E7F700FF002811D156
:10BE5000A225A07EFB2140084000A076E07E08409D
:10BE6000E07621463046FFF731FB2046FFF7B6FE6D
:10BE7000002808D0642805D001460123002220466E
:10BE800001F03BFC7CBDE17F022903D1E17EC906C4
:10BE900000D4A225A5727CBDF8B50C46897A00268F
:10BEA000A039502901D80020F8BD80681D4F457B7E
:10BEB0003868807D022803D1280701D4032024E0BC
:10BEC000A07B80210843A073208901F0C5FA0246B7
:10BED0000021154B084601F091F8A07AF12806D10F
:10BEE000680704D520894004800F00D101263868F6
:10BEF000E906C90E80300173208900220005000D7B
:10BF00003146FEF7C7FE0028CED0A17B4906490E78
:10BF1000A1736428C8D0014601230022204601F005
:10BF2000ECFBF8BD0C2500203075000070B506460E
:10BF300008890C4601058AB0090D20220020FBF774
:10BF40003FFE050012D0002E06D023462A331022D1
:10BF500005213046FBF7F4FDE07A000709D505A876
:10BF60000290019401A8E7F789FE08E064200AB076
:10BF700070BD214605AA64312046FFF717FC112049
:10BF8000E880A8680321017305AB1022052128462B
:10BF9000FBF7C6FE2146284600F0A0FA0028E6D1AD
:10BFA000B621A172E3E70000F0B5064693B0002089
:10BFB000059008890C460105090D20220020FBF799
:10BFC000FFFD050019D023465433102205213046C9
:10BFD0000293FBF7B5FDE07A010720462A30019075
:10BFE00000290DDA0FA8089005A8099006A80A9064
:10BFF000079407A8E7F746FE10E0642013B0F0BDF1
:10C000000FAA20460299FFF7D1FB10220FA8019931
:10C01000E7F718FC0590BC20694608762646059887
:10C020006436254F002809D001232A4604212046E2
:10C0300001F063FB059800281BD03AE01120E8804E
:10C04000A868042101733346102205212846FBF716
:10C0500067FE2146284600F041FA0028EAD16846EA
:10C06000007EA0723868217FC07B8142E2D92077B0
:10C07000E0E7E07A00071CD4102200210BA8E7F7C4
:10C08000DDFBE07F022802D0032806D00BE03868F1
:10C0900001690BA8FEF7F0FF05E0396810220BA834
:10C0A0001C31E7F7C7FB31460BA8019B029A00F051
:10C0B0006BFA0020A2E700000C250020F3B55D4ECE
:10C0C00000253068B427807E83B0C0430C468007CB
:10C0D0000ED0208920220105090D0020FBF770FDFC
:10C0E0000290002807D0A17A0020F12905D032E083
:10C0F000082005B0F0BD6420FBE7E17E2F2211404F
:10C10000E1763168237FC97B8B4204D0039A926821
:10C11000127C8A4207D8039A92689446127C9A420B
:10C1200003D08A4201D8607715E0617F8A0600D586
:10C130000225490601D504210D436146497CA942E7
:10C1400003D001221543A94202D16077A07702E013
:10C15000204601F055F8B020A0723168887EC243B5
:10C16000920701D0401C88760398FEF7C1FF03991F
:10C1700000288968CD7B4BD13068817D022903D1AD
:10C180002A0701D4032043E04A081143CA07C37DAC
:10C19000417BD20F007BFEF782FF06463540182018
:10C1A0000540E572280705D52046E7F739FD002848
:10C1B0002ED1B227204601F0FDF9F00700D0022071
:10C1C000A0767007C00FE07621460398FFF77EF94E
:10C1D0002046FFF703FD00281AD1E07F022803D193
:10C1E000E07EC00600D4B227A07F617F40074907E8
:10C1F000400F490F00910190227E334602210298A0
:10C20000FEF75AFF2146029800F068F9002806D090
:10C21000014601232046029A01F06FFA69E721895D
:10C220000722120391432181024909688031CE72AD
:10C23000A7725EE70C2500207CB50546C87A0C463F
:10C24000000706D5684600950194E7F727FDFC280E
:10C2500022D17420005DC00704D021462846FFF794
:10C2600009FC04E0684600950194E7F7A7FCFC2868
:10C2700012D12146284601F067F8452803D0472807
:10C280000BD0FC2808D1E17AFD20090704D56846C7
:10C2900000950194E7F706FD7CBDFD207CBD000004
:10C2A00038B514C8D07F02280FD10848D17B006868
:10C2B000491E03690094CB40DB070146DB0F903138
:10C2C0003C305432803300F072F938BD0C25002028
:10C2D00038B514C8D17F0023032904D00C480229A3
:10C2E000006804D00AE0AA209072EB2038BDD17B10
:10C2F0000369491ECB40DB07DB0F803301463C312D
:10C3000090306432009400F052F9002038BD0000F3
:10C310000C2500201CB50446C07F042806D0AA21A5
:10C32000022820D0012800D1A1721CBD01A80090D4
:10C330001048234600682246014664335432903147
:10C340003C3000F00FFAB920A07201A8FEF79CFE65
:10C350000949E3F741FF20890A460105090D02203A
:10C36000FEF75EFE1CBDE07B1428DDD2A420A07287
:10C370001CBD00000C25002040420F0010B50B4AE8
:10C38000016812688968927D4068C97B022A03D1DE
:10C390000A0701D4032010BD1823C27ADB431943D6
:10C3A0000A40C272E7F73CFC10BD00000C250020DB
:10C3B00010B5C17F012908D0042906D0022907D071
:10C3C000032901D101F026FC10BDA521817210BD09
:10C3D000C17B491CC173FFF77DFC10BD38B514C883
:10C3E0000A48D17F00230068022906D1D17B036966
:10C3F000491ECB40DB07DB0F8033014690313C30D8
:10C400006432009400F0D3F838BD00000C25002001
:10C41000FEB50468416802918668C568BA20287034
:10C4200000203060E17F1F4804291ED002291BD163
:10C430000068E77B01697A1ED140CB070299009121
:10C440000146DB0F224654323C319030803300F0FD
:10C45000AEF8214610222A310298E7F7F3F930604E
:10C46000142F01D2B4202870FEBD01A900910068EC
:10C47000234601462246643354323C31903000F06A
:10C4800071F9B920287001A8FEF7FEFD0649E3F70F
:10C49000A3FE20890A460105090D0220FEF7C0FD12
:10C4A000FEBD00000C25002040420F0010B5C17FEA
:10C4B000012908D0042906D0022909D0032901D175
:10C4C00001F0A8FB10BD01460020FFF72FFD10BDB5
:10C4D000C17B491CC173B521817210BD70B50D4679
:10C4E000064601460620F5F7ADF9040005D0002107
:10C4F0003046FBF7C1FB204670BD288900F0ACFF39
:10C5000002460021024B084600F078FDF3E70000E8
:10C51000307500007FB500240094019402940394C8
:10C520000D786C462570497861701178A17051784A
:10C53000E1701A466946F4F79DFC7FBD08B50B46CD
:10C5400005A2014612680548009200686A4620313B
:10C550008030FFF7DFFF08BD010000000425002048
:10C560001CB507A109680091034600210548019107
:10C57000006801AA69469030FFF7CCFF1CBD00009F
:10C5800001000000042500207FB5164604461D4624
:10C59000082202A8E7F74EF9082231466846E7F775
:10C5A00049F92A4669462046F4F764FC7FBDF0B598
:10C5B00099B00E461C4617460146012320226846C4
:10C5C0001E9D01F028FD01232022314608A801F01C
:10C5D00022FD10A8047001231022394611A801F091
:10C5E0001AFD15AB11AA4121684603F00AF8012390
:10C5F000102215A9284601F00EFD19B0F0BD00006B
:10C60000FFB5A3B00F4605461C46382225A1684653
:10C61000309EEEF799FA0123202229460EA801F058
:10C62000FAFC16AB2D4A20210EA802F0EAFF01A861
:10C63000012310223946013001F0EDFC05A8012349
:10C6400010220130259901F0E6FC08A8447101236D
:10C650000622801D2C9901F0DEFC08A82D9901739B
:10C66000012306220D302E9901F0D5FC1AAB16AA33
:10C670003521684602F0C5FF012310221AA92F9820
:10C6800001F0C9FC0121684601701EAB16AA3521D4
:10C6900002F0B7FF012310221EA9304601F0BBFCB7
:10C6A00027B0F0BD0062746C65000000000000005F
:10C6B000000000000000000000000000000000007A
:10C6C000000000000000000000000000000000006A
:10C6D000000000000000000100000000C54406103A
:10C6E000FFB599B00446012310226846229F259E7B
:10C6F000279D01F090FC0123102204A81B9901F052
:10C700008AFC0123102208A81C9901F084FC012353
:10C71000032239460CA801F07EFC08A82399C174B5
:10C72000012306220DA8249901F075FC08A886763D
:10C73000012306221B30269901F06DFC01231022F3
:10C74000214615A801F067FC11AB15AA41216846E6
:10C7500002F057FF0123102211A9284601F05BFCCB
:10C760001DB0F0BDF0B59DB00D461E461746014602
:10C77000012320226846229C01F04DFC0123202247
:10C78000294608A801F047FC01231022314610A8D1
:10C7900001F041FC01231022394614A801F03BFCB2
:10C7A00018AB14AA5021684602F02BFF0123042283
:10C7B0001BA9204601F02FFC1DB0F0BDF0B50546C9
:10C7C00091B019A000680D9000200E9017481446F3
:10C7D00000680E4605AB0EAA0DA99030FFF79AFE31
:10C7E00005A80F906F461022002101A8E7F726F850
:10C7F0000822314601A8E7F71DF809AA01A90F98F8
:10C80000F4F738FB022209A93846E7F713F868461F
:10C810000078297848402070684640786978484018
:10C82000607011B0F0BD000003000000042500207E
:10C8300010B586B0044601A8FFF792FEF4F78CF914
:10C8400069468870000A4870F4F786F969460870EE
:10C85000887840214006400E08436946887005AA42
:10C8600001A800F080F8032205A92046E6F7E2FFC0
:10C8700003226946E01CE6F7DDFF06B010BD38B5BF
:10C880000B460446C11C6A46184600F06CF80322A9
:10C8900021466846E6F7D6FF002800D0412038BD83
:10C8A000FFB593B014460FAA0BA9139800F076F8C1
:10C8B0001022002102A8E6F7C1FF002502AE06AF54
:10C8C0001DE0281D81B206AB10221498FBF738F941
:10C8D0000020315C3A5C51403154401CC0B21028F9
:10C8E000F7D306AA02A91398F4F7C4FA102206A9EE
:10C8F00002A8E6F79FFF1035103CADB2E4B2102C51
:10C90000DFD827D01022002106A8E6F797FF002CD9
:10C9100008D01020001BC3192D1DA9B2224614985F
:10C92000FBF70EF980200F21091B78540FAC002073
:10C93000395C225C5140325C51403154401CC0B2E1
:10C940001028F5D302A9169A1398F4F793FA002049
:10C9500017B0F0BD2D1D0BACA9B206AB1022149878
:10C96000FBF7EEF8E3E770B588B016460C460546CF
:10C97000102200216846E6F761FF0322214668463F
:10C98000E6F758FF04AA69462846F4F773FA03222B
:10C9900004A93046E6F74EFF08B070BDF0B589B087
:10C9A0000346002015460C4600900190029003902B
:10C9B00004AA69461846F4F75DFA6846C07F8727DF
:10C9C000000600286E46214604A80DDA00F025F87E
:10C9D000684607700020215C325C51402154401CA5
:10C9E000C0B20F28F7D301E000F017F8E07B29462A
:10C9F000000620460ED500F010F8684607700020AB
:10CA0000295C325C51402954401CC0B20F28F7D336
:10CA100009B0F0BD00F001F8FAE730B50278520035
:10CA20000A7001221446835C85185B061B0E8B542A
:10CA3000203DED7F2D0601D523438B54521CD2B2ED
:10CA40000F2AF0D930BD000010B50F4CFF22002195
:10CA5000206802F0E8F9206800218176C176012281
:10CA60004273072383731023C37302760175016138
:10CA700002738175C17519461C30F3F797FF0020CA
:10CA8000E7F7CAF810BD00000C2500207CB5083877
:10CA90000E4EC4B230687C21C06F4C430519288902
:10CAA00000230105090D0122022000F061FB022094
:10CAB000694600950871684600F000FF30687C22E6
:10CAC000C06F00210019E6F7B9FE7CBD0C250020DF
:10CAD000F8B507460D460026888800F019F90400CD
:10CAE00064D0012F02D0002F09D062E0E8884128ED
:10CAF0005ED833482946006802F0B0F95DE0A868C6
:10CB0000007B06280BD0D52107280AD0082819D089
:10CB1000092819D00A281CD00B281ED049E0D220A1
:10CB200006E0A07ADD2844D1A07F820702D5D32079
:10CB3000A0723EE0400701D5A1723AE0204600F025
:10CB400045FB36E0D420F3E7A07ADD2831D1A07F81
:10CB5000F0E7A07ADD28F1D02BE0207B8107890F58
:10CB6000012926D188430221084320731548392121
:10CB7000006849014118897B4227C9060ED5012169
:10CB8000C902083040181622C06C0023394601F053
:10CB900027FB010002D0384601F00EFBA07AF128F5
:10CBA00007D1207B04210843207302E0012F00D12C
:10CBB000012631462846FBF75FF80020F8BD00004B
:10CBC0000C2500200425002010B50C4600F0A0F82C
:10CBD000002807D0817A002904D0007FA04201D329
:10CBE000002010BD5F2010BD10B594B0044600F0C9
:10CBF0008FF800281AD041786A46C907C90F801CEF
:10CC0000FDF71CFC00280DD0204600F081F800281C
:10CC10000CD0817AF12907D1807EC10704D080072A
:10CC200002D5002014B010BD5E20FBE74020F9E7DC
:10CC3000FFB59C46224B00241B6820490646A033C2
:10CC400081B02746204609681D7B08E07C23CC6F15
:10CC50004343E4182389002B0DD0401CC0B2854209
:10CC6000F4D8854227D0002F25D003202070002A39
:10CC700003D0012002E00127F3E7002060700622C4
:10CC80006146A01CE6F7D6FD26811020A072204642
:10CC90006030029901750B994175062216300A9988
:10CCA000E6F7C8FD2046042200210C30E6F7C6FD59
:10CCB0000020C043606105B0F0BD00000C250020DD
:10CCC0000425002010B5412400F022F8002805D0EA
:10CCD0006030017D8022114301750024204610BD83
:10CCE00010B5002400F014F800280ED00089C1040B
:10CCF00007D50124810401D5032402E0410400D5B5
:10CD00000524000401D408200443204610BD00007F
:10CD100070B500281BD003050F48002100680D4A9C
:10CD20001B0DA0301268047B0FE008467C26704380
:10CD3000D56F0830285A0005000D984203D17C2297
:10CD40005143681870BD491CC9B28C42EDD800200F
:10CD500070BD00000C250020042500201CB5FFF745
:10CD6000D7FF040016D0208900F076FB02460A4B5C
:10CD70000021012000F042F920890005000D00F09B
:10CD80008DFB0220694600940871684600F096FD0C
:10CD9000FE20A0721CBD000030750000F8B50746EB
:10CDA0000E4600251046FFF7B3FF040071D0002E99
:10CDB0000BD120890121090308432081E17F022949
:10CDC0000DD003290BD0042909D020890105090DB4
:10CDD000002E10D07420005DC00723D03DE0E17A22
:10CDE000090702D50121890301E001214903084314
:10CDF00001052081090DA07ABC2806D0AD2806D0F7
:10CE0000AE2806D0F12807D037E0BF2002E0AF20DF
:10CE100000E0F020A07230E0032F2ED100231A464C
:10CE2000422028E0A07AF12817D12648392100684D
:10CE300049014118897B422589060ED50121C90285
:10CE4000083040181722C06C0023294601F0C8F9A9
:10CE5000010002D0284601F0AFF900200125A072A0
:10CE6000032F0AD10522062E00D104222089002397
:10CE70000105090D022000F07BF97420005DC00758
:10CE800008D0207B810700D0012500090001207314
:10CE90000CE016E0A07BC10608D5EF210840A07386
:10CEA000010603D54006400EA07301E0002D08D016
:10CEB000208900F0D1FA0246034B0021012000F046
:10CEC0009DF8F8BD0425002030750000F0B585B050
:10CED0000E4607461C46154602A804A9FCF7B0F802
:10CEE0006946097C02A80191009023462A463146F2
:10CEF0003846FFF79DFE05B0F0BDFFB585B015467D
:10CF00000E461C46062202A80F9F0E99E6F792FCD9
:10CF100002A8FBF758FE002806D0012069460874D5
:10CF2000A80706D53B4605E002A804A9FCF788F847
:10CF3000F6E723466946097C02A8019100902A463B
:10CF400031460598FFF774FE09B0F0BD70B515467F
:10CF50000E46FFF7DDFE040013D0607B012108437D
:10CF60006073A07ABC280CD0E07A000709D4204670
:10CF7000082231462A30E6F75DFC32342570280A53
:10CF8000607070BDF8B51B4EC00031680546803139
:10CF90000A68083D515D40234906490E51553268E3
:10CFA00019438032126800245155851F124F1AE030
:10CFB000306880210958C26F20467C235843009076
:10CFC000801C101849190622E6F73CFC002808D1FD
:10CFD0003068C16F00980818817AFB2901D11021AF
:10CFE0008172641CE4B23868A030007BA042DFD8B4
:10CFF000F8BD00000C250020042500207FB500248A
:10D00000002902D0012902D002E0082500E0002515
:10D01000A9186A4611730293012809D000280AD181
:10D020001046F4F7E9F96846F4F79AF9044602E085
:10D030001046F4F7E1F9204604B070BD70B505461E
:10D0400000F076FA002801D0462407E004480024C6
:10D0500000680C2229460C30E6F7ECFB204670BD38
:10D060000C25002030B50C4A002113680B4A1268C9
:10D07000A032147B0AE07C224A43DD6F0832AA5AB0
:10D08000002A01D0462030BD491CC9B28C42F2D8DA
:10D090001876002030BD00000C250020042500205B
:10D0A000F0B58BB00F46CE88FFF732FE050032D0C8
:10D0B00007A900F00FFA002802D05A200BB0F0BDEB
:10D0C000083EB1B26B460C223846FAF739FD684685
:10D0D0000178407802026846807803046846C07888
:10D0E00004061C43144368690C43411C01D0A04250
:10D0F0000CD2F2B203AB394607A8FFF7D1FB0822E6
:10D1000005A901A8E6F79EFB002801D00520D5E778
:10D1100000206C61D2E74020D0E7000070B50D46DA
:10D1200001230446C1061148006803D51822BF2117
:10D130000C4008E0392149014118897B090701D4D5
:10D14000002070BD15222107890E08180121C9028F
:10D150004018C06C214601F043F8010004D08D80D6
:10D16000204601F029F8EBE7072070BD04250020D8
:10D17000F8B51D460F4601230446C106124816465F
:10D18000006803D51622BF210C4008E0392149016F
:10D190004118897B890701D40020F8BD132221079B
:10D1A000890E08180121C9024018C06C214601F0FF
:10D1B00017F8010006D08F808E71CD71204600F0E7
:10D1C000FBFFE9E70720F8BD0425002010B5742116
:10D1D000095CCA07417F07D0002902D0D0218172A3
:10D1E00010BD00F043FA10BDC906FAD5817B8A064E
:10D1F000F7D5042211438173E6F7D8FC10BD000077
:10D2000030B50446A17E0020A5B0CA0779D08907B1
:10D2100077D55022002110A8E6F710FBFC2110A8BA
:10D220000170417860780622C007C00F014310A842
:10D230004170A11C3E30E6F7FDFA217F10A8C170B5
:10D24000607F404DC0066D4419D520464030827C39
:10D2500010A90A71C07C4871214611A808224A31E0
:10D260000230E6F7E7FA214610223A312846E6F77F
:10D27000E1FA10A948788021084310A94870E07AA3
:10D28000010707D510A98870214610222A312846A7
:10D29000E6F7D0FAA07F052108420BD021460222F2
:10D2A000203121A8E6F7C6FA10A9487810210843D2
:10D2B00010A94870607F80060CD5214617A810225F
:10D2C00054310230E6F7B6FA10A948782021084315
:10D2D00010A94870607F40060CD521461BA810227B
:10D2E00064310230E6F7A6FA10A9487840210843D5
:10D2F00010A948702089810404D510A9487802211A
:10D3000005E01DE0400405D510A948780421084334
:10D3100010A948702089000405D510A94878082173
:10D32000084310A948702069229060692390402228
:10D3300014A96846EDF708FC10AD0FCDFCF772FF9D
:10D3400025B030BD4E0000007CB50C468168054616
:10D35000087B0026821F042A7BD8A27AD02A01D01B
:10D3600047207CBD062808D0072809D008281DD0F2
:10D37000092826D00A2852D06CE023463A331AE016
:10D380004A7B214640318A74A8682346807BC87452
:10D390004A33082207212846FAF7D2FB607F102182
:10D3A000084360774007800F47D053E0607F8007D5
:10D3B00050D523465433102205212846FAF7C0FBE6
:10D3C00048E0607F800745D500200090062301904B
:10D3D0001A4669462846FAF749FC00281BD0A86877
:10D3E0000622407B6070A31C11462846FAF7A8FB72
:10D3F000607801280BD1E0798009032807D0012348
:10D4000000220821204600F078F9064622E0607FDD
:10D41000202108436077607F40070ED51AE0607FC7
:10D42000400717D523466433102205212846FAF712
:10D4300087FB607F4021084360777420005DC00750
:10D44000204603D000F012F904E002E000F096F864
:10D4500000E0452630467CBD30B502460D480068E8
:10D46000A030007B002A014612D00B4C130500208F
:10D470001B0D22680AE07C244443D56F08342C5BE2
:10D480002405240D9C4203D0401CC0B28142F2D836
:10D4900030BD0000042500200C250020F8B50C4EFE
:10D4A0000546306801F0AAFC2F0504463F0D0CE04C
:10D4B000A0882568B84207D12146306801F0EBFC0E
:10D4C00001212046FAF7D8FB2C46002CF0D1F8BDFC
:10D4D0000C25002010B50B46417F490607D50146B3
:10D4E000102264311846E6F7A5F9002010BD41204E
:10D4F00010BD0000024610B50B4800240068407DB6
:10D500001070002804D001280AD01F24204610BD26
:10D5100008460649062209687831E6F78BF9F5E7EF
:10D520000846FAF755FFF1E70C25002004250020F6
:10D5300030B5104A002013680F4A01461268A03225
:10D54000147B13E07C22DD6F4A43AA187425AD5C7E
:10D55000ED07957A06D0B02D06D3EAB2F02A03D8AB
:10D56000012030BDA02DF8D2491CC9B28C42E9D8A7
:10D5700030BD00000C25002004250020C17A0A07D8
:10D58000817F03D4CA0701D0D12102E08A0702D5E6
:10D59000D32181727047490701D5D521F9E774215C
:10D5A000095CC90704D0417F490701D0D021F0E7C9
:10D5B000F021EEE770B504460C4862780068D207A7
:10D5C0008030406800254178D20F801C8A420AD101
:10D5D0000622A11CE6F736F9002804D1207E01219D
:10D5E000084320760D46284670BD00000C2500201B
:10D5F00070B500241D461646002804D0FFF7DAFF58
:10D60000002802D003E0002901D042240BE00948A1
:10D61000002E0AD0012E08D0022EF6D100688030EC
:10D62000406818302860204670BD0068803040682F
:10D630000830F7E70C25002070B51C461546002978
:10D6400008D1008920220105090D0020FAF7B8FA57
:10D65000010009D00220C880886805738868447377
:10D660000620F4F7EFF870BD642070BD7CB5044669
:10D67000008905052D0DFFF7EFFE0246174B00212F
:10D680000120FFF7BBFC2046FFF7BAFDE07F002634
:10D69000032807D112482822006800218030406802
:10D6A000E6F7CCF82046042200210C30E6F7C6F855
:10D6B00068460094067100F001F9F120A072002381
:10D6C0001A4629460220FFF753FD2089010404D59C
:10D6D0000105090D0220FFF721FD7CBD307500001A
:10D6E0000C25002010B50A46897AFB2904D08068F1
:10D6F000417B104600F016F810BDF8B51D461446E3
:10D700000E460B46074605222146FFF795FF0446C5
:10D71000642801D1012D03D13146384600F002F8CA
:10D720002046F8BD7CB504460D460089FFF794FEFF
:10D730000246144B00210120FFF760FC2089000500
:10D74000000DFFF7ABFE02206946009408716846A1
:10D7500000F0B4F82046042200210C30E6F76EF801
:10D76000E07E2F210840E076204600F00DF8FB20F7
:10D77000A072208902220105090D2B461046FFF7F1
:10D78000F7FC7CBD30750000F8B500240646012783
:10D79000344D0CE080300168E000801C081806223F
:10D7A000B11CE6F74FF8002821D0641CE4B22868C9
:10D7B000417EA142EED8417E03293FD0491C4176EB
:10D7C0002868E70080300168B81C08180622B11CE0
:10D7D000E6F730F82968802080310968641C224B04
:10D7E000C855E2B201210020FFF708FCF8BD286807
:10D7F000E100803002688023505C184350542A684E
:10D8000080321268830705D5184EC30712D13843FA
:10D8100050540FE0C3070AD00223184350542A681B
:10D8200040088032126840005054114E02E03843E4
:10D83000104E5054641CE2B23346D3E700248030CB
:10D840000068E100415C4906BAD4641CE4B2032CD0
:10D85000F7D3012100243A4633460846FFF7CEFBB2
:10D86000AEE700000C25002088130000580F0200CE
:10D87000C8AF0000983A000070B50F4D064600246E
:10D880002868062280300168E000801C08183146B4
:10D89000E5F7D8FF002805D0641CE4B2032CEFD3D1
:10D8A000412070BD2868E10080300068405C0006BF
:10D8B000F6D5002070BD00000C25002010B50168D1
:10D8C0006031097DCA070168897A0DD0B02908D373
:10D8D000F02906D806490A68917E8B0701D0491EB7
:10D8E0009176E6F7A5F910BDA029F1D2F9E700007D
:10D8F0000C25002070B50546008920220105090D80
:10D900000020FAF75DF9040018D01120E080A0682B
:10D910000D2101730D481022036805212046E033D4
:10D92000FAF7FEF97420405DC00709D0BC262946ED
:10D930002046FEF7D3FD002804D004E0642070BD2B
:10D94000AB26F4E7AE72002070BD00000C2500206D
:10D95000F7B594B00D46002708A90F7204460F735F
:10D960001022394606A8E5F769FFE07F444E0228F9
:10D9700009D13068694600690876020A4A76020CC5
:10D980008A76000EC876012D0ED03068627E014680
:10D9900080314A72227E9207D20F8A720A7ACA7244
:10D9A000E17F032919D01EE03068017E803041728A
:10D9B000217EC907C90F8172E07F032813D1204659
:10D9C000FFF7F8FD00280ED00EAB01220021204603
:10D9D000FFF70EFE10220E9902E0102201461C31C4
:10D9E00006A8E5F727FF7420025D21462046D307ED
:10D9F00054316430002B02D0002D0AD001E0012DFB
:10DA000007D0D3072B4307D0D30710D0012D03D065
:10DA10000DE00D910C9001E00C910D90012D08D0BE
:10DA2000D00728430BD0D00701D0002D07D04727BF
:10DA300022E011A80BAB0FAA0AA9009004E00FA8DE
:10DA40000AAB11AA0BA90090204600F01BF808AA07
:10DA5000107B0FAA169B029211A903AC0BC430686D
:10DA600008AA127A014689310192009106ABD030A2
:10DA70000C9A0D99FEF734FE384617B0F0BD000041
:10DA80000C25002070B504466030407D049E1D4684
:10DA9000087013462146062276311846E5F7CAFE7D
:10DAA00060780622C007C00F2870A11C3046E5F739
:10DAB000C1FE70BD10B5124C2022216808463C30D2
:10DAC0009031E5F7BFFE002803D100F09BF8002855
:10DAD00009D020689022817E114202D18906890FE7
:10DAE00003D0382010BD1F2010BD9030F3F7C8F9C7
:10DAF0000028F9D1216810238A7E1A438A7610BD46
:10DB00000C25002010B50A4C2068807E41060DD5FA
:10DB1000902108420AD1F3F7FFF9002806D12168C5
:10DB2000BF22887E104080221043887610BD0000FE
:10DB30000C25002030B50446C07A0025000710D51A
:10DB4000208900F03FF8002801D0082509E0E07A9C
:10DB500001210843E072044804220068817E1143D9
:10DB60008176284630BD00000C25002010B50648FF
:10DB7000F9230068DB0020220249C018E5F75AFEAD
:10DB800010BD0000154506100425002010B5012821
:10DB900013D10A4C08222068817E1143817620220D
:10DBA00007493C30E5F746FE054920682022203130
:10DBB0005C30E5F73FFEFFF7D9FF10BD0C250020D4
:10DBC000D544061070B50D4A054613680C4A00206E
:10DBD00012680146A032147B0DE07C22DE6F4A43BE
:10DBE000B218D67AF60704D01289AA4201D00120D1
:10DBF00070BD491CC9B28C42EFD870BD0C25002005
:10DC00000425002002480068807E0007C00F70478E
:10DC10000C25002070B588B004460025FFF7CAFC2B
:10DC20001E4E012823D105AB012200212046FFF71B
:10DC3000DFFC06AB022200212046FFF7D9FC01A839
:10DC40000090316800239031059A0846FEF7AFFC3A
:10DC5000102201A90698E5F7F5FD002807D0042158
:10DC6000012300222046FFF748FD054610E0207EF4
:10DC7000C10707D0800705D43068102200211C306E
:10DC8000E5F7DCFD7420005DC00704D0B620A0726B
:10DC9000284608B070BDA920F9E700000C25002037
:10DCA00070B51E4E0D463368997E090601D53A249B
:10DCB00032E0402205219033F9F742FFFFF7FAFEE8
:10DCC000040004D0122C1CD01F2C1ED024E0E87AB3
:10DCD000C0210843E8723068114920229030E5F7EE
:10DCE000B1FD002818D10E49306820312022B03013
:10DCF000E5F7A8FD00280FD1E87A04210843E8726F
:10DD00000AE0012300220B2102E001230022082166
:10DD10002846FFF7F2FC0024204670BD0C250020A9
:10DD2000D544061070B50646008941250105090D48
:10DD300020220020F9F744FF040025D000214522CD
:10DD4000A068F9F7B7FF05001ED14120E080A06868
:10DD50000C2101730D4840220368052120463C3305
:10DD6000F9F7DEFF31462046FEF7B8FB05000BD180
:10DD7000F07A20210843F072FFF744FF002803D017
:10DD8000F07A04210843F072284670BD0C2500206B
:10DD900030B589B00C466B4610220521F9F7D0FE4C
:10DDA00004AA00212046FFF7D3FD050006D110226A
:10DDB00004A96846E5F746FD002806D001230022A5
:10DDC0000B212046FFF799FC17E07420005DC00787
:10DDD00003D02046FFF78EFD10E0207F10210A1AA5
:10DDE00021462A3140180021E5F728FDA07B0221B9
:10DDF0000843A0732046E5F7D9FE0546284609B03A
:10DE000030BD0000F0B5274D0446296800208A7E09
:10DE100093B09206920F032A38D1202207A8D0315E
:10DE2000E5F708FD2868CF22817E264611408176DD
:10DE30006036307D11AFC0072AD00FA805AB3A4637
:10DE400006A900902046FFF71DFE6A462968127E4B
:10DE50002046D0312A30039104900FA86B4685C329
:10DE60006A46137D224621466432543107A8FEF7E4
:10DE7000C7FB2A6801212046E032FFF769FD002830
:10DE800004D1317DC90708D0BB21A17213B0F0BD08
:10DE900006AB0FAA05A90097D4E72046FFF72AFD95
:10DEA000F4E700000C25002004480068817E0A0683
:10DEB00002D4402211438176704700000C250020D7
:10DEC00070B504680579E07A00072FD52089FFF73F
:10DED00079FEE17A49084900E172154C002804D125
:10DEE0002168FB238A7E1A408A762168002D05D09E
:10DEF000CA7E1032CA76002804D007E0C87E401CD3
:10DF0000C87603E0887ECF221040887620680321FF
:10DF1000C07E05090007000FE2F75EF940190328EB
:10DF200004D3FFF7C1FF21680020C87670BD000050
:10DF30000C25002070B5054600242046FFF742FE60
:10DF4000002801D0462404E0012D02D10120E5F78C
:10DF500063FE204670BD000070B51A4C027823683D
:10DF6000411C987EC00626D5002A05D016480021FF
:10DF70000068A030027B21E018462022D030E5F76F
:10DF800059FC20682022817E114313E07C20DD6F44
:10DF90004843281810D00589002D0DD0C57A2D06CC
:10DFA0000AD5012300220B21FFF7A7FB2068CF220F
:10DFB000817E1140817670BD491CC9B28A42E5D884
:10DFC00070BD00000C2500200425002070B50D4D0B
:10DFD0000178441C2868827E5206520E82760029FF
:10DFE00002D0FFF761FF70BDFFF70CFE002802D0E2
:10DFF000FFF7BCFD70BD2868402221463C30E5F7A4
:10E0000019FC70BD0C250020002101E000BF491C57
:10E010008142FBD3704770B5002407E00D5D002BF3
:10E0200007D0161B3618203EF577641C9442F5D3B2
:10E0300070BD0555F9E730B504460120002306E020
:10E04000D55CA54201D0002030BD5B1CDBB28B4209
:10E05000F6D330BDFEB572B63F4D082328680146A1
:10E060004030C2791A43C27162B6002001276C4663
:10E07000FF0282005218D219D26C52884300401C11
:10E08000C0B2E2520328F4D372B6C8190021866BDD
:10E09000816362B6F00702D00020E3F7D3FDB0073A
:10E0A00002D50120E3F7CEFD700702D50220E3F789
:10E0B000C9FD300702D50320E3F7C4FD002623E0A5
:10E0C0000D281AD2211D254A80001258204690475B
:10E0D000002812D072B62868F7224030C17911406A
:10E0E000C17162B630E03A2807D21C49231D800076
:10E0F000E8390A581946204690470298296840187E
:10E10000C019C06C2188018071006846415AB00076
:10E1100002902A688018C019C06C02889208920088
:10E120001418028808348A420ED0A27891070BD0C6
:10E130009107890F012901D104460834A07880088D
:10E14000C006E078CFD5BBE7761CF6B2032EDBD352
:10E15000F2F748FDFEBD0000042500202046061011
:10E1600070B5F2F759FD114D01242868E402001939
:10E17000006C402100F0B7FC29680919C864486C9C
:10E18000402100F0B0FC296809190865886CFF215E
:10E19000813100F0A8FC2B68082219194865044851
:10E1A00000211818E5F74AFB70BD00000425002087
:10E1B00038080000704700000A46400608D5D078AD
:10E1C0003A280AD2111D054B80001B5810461847EB
:10E1D000907880088000801C887070473845061051
:10E1E000FFB5044600262C4F83B09C460D4608061A
:10E1F00016D572B601AB6A466146204600F03DFC7A
:10E2000000280BD068468188009882789208920096
:10E21000827001806180012662B615E062B621E05D
:10E2200001AB6A466146204600F027FC002819D061
:10E23000680609D46846818800988278920892001E
:10E2400082700180618001260098AA0081784023B5
:10E250008907890F1A40114381700599C170002EFA
:10E260000ED115E00020009072B6A8060FD4012050
:10E270003968C0020818816B08221143816362B6B5
:10E2800072B63868F7224030C1791140C17162B668
:10E29000009807B0F0BD0000042500207047000082
:10E2A00010B507483922006852018018007C4007E9
:10E2B00004D5084649880088E3F7DAFD10BD000060
:10E2C0000425002010B50648392200685201801844
:10E2D000407CC00602D50888E3F712FE10BD00009E
:10E2E0000425002010B50748392200685201801823
:10E2F000007CC00605D50A4610888978121DE3F710
:10E30000C7FD10BD0425002010B50848392200685B
:10E3100052018018007C000706D50B46CA78188881
:10E3200089781B1DE3F7ACFD10BD0000042500201B
:10E3300008B509483922006852018018407C00075E
:10E3400008D50846C91D00918379828841880088D4
:10E35000E3F7CEFD08BD00000425002010B50748F6
:10E360003922006852018018007C000605D50A4653
:10E3700010888978D21CE3F7A3FD10BD0425002086
:10E3800010B508483922006852018018407C800787
:10E3900006D50B46CA78188889781B1DE3F7A0FDBF
:10E3A00010BD00000425002010B50848392200687F
:10E3B00052018018007C800606D50B46CA78188862
:10E3C00089781B1DE3F76CFD10BD000004250020BB
:10E3D00010B507483922006852018018407CC007F8
:10E3E00005D00A4610888978D21CE3F771FD10BD6C
:10E3F0000425002010B50748392200685201801812
:10E40000007C400605D50A4610888978D21CE3F7BF
:10E410004FFD10BD0425002010B5074839220068C3
:10E4200052018018407C400705D50A46108889783B
:10E43000D21CFFF7BFFE10BD0425002010B5064812
:10E440003922006852018018C07B000702D5088875
:10E45000E3F7E8FC10BD00000425002010B50648D5
:10E460003922006852018018807B000702D5088895
:10E47000E3F7B8FC10BD00000425002010B50548E6
:10E480003921006849014018807B800601D5E3F7F7
:10E49000B9FC10BD0425002010B5064839220068DB
:10E4A00052018018807B400603D50878491CFFF78D
:10E4B000F5FE10BD0425002010B50748392200687C
:10E4C00052018018C07B400604D508468978008830
:10E4D000E3F7BEFC10BD00000425002010B5054880
:10E4E0003921006849014018807BC00701D0E3F75B
:10E4F00069FC10BD0425002010B5074839220068CA
:10E5000052018018C07B800604D5084649680088FF
:10E51000E3F790FC10BD00000425002010B507486B
:10E520003922006852018018807B800705D5084693
:10E53000CA7889780088E3F7B9FA10BD042500206D
:10E5400010B506483922006852018018807B4007C8
:10E5500002D50888E3F73EFC10BD0000042500202A
:10E5600010B508483922006852018018807B0006E7
:10E5700006D50B468A7818784978DB1CE3F74AFC05
:10E5800010BD00000425002010B5054839210068A1
:10E5900049014018807BC00601D5E3F72BFC10BD74
:10E5A0000425002008B50948392200685201801866
:10E5B000007CC00708D0084608310091C3888288D3
:10E5C00041880088E3F7BEFA08BD0000042500205A
:10E5D00010B508483922006852018018807C8007F5
:10E5E00006D50B460A79188849885B1DE3F7B0FC0D
:10E5F00010BD00000425002010B50848392200682D
:10E6000052018018407C000606D508468B798A881E
:10E6100089780088E3F794FC10BD000004250020F1
:10E6200010B508483922006852018018407C8006E5
:10E6300006D50B460A79188849885B1DE3F768FC04
:10E6400010BD00000425002010B5084839220068DC
:10E6500052018018407C400606D50B460A7918887E
:10E6600049885B1DE3F75CFC10BD00000425002019
:10E6700008B50846C91D00918379828841880088C1
:10E68000E3F78EFC08BD000010B50748392200688A
:10E6900052018018807CC00704D008468978008821
:10E6A000E3F746FC10BD00000425002010B5064825
:10E6B0003922006852018018007C800702D5088842
:10E6C000E3F7CEFB10BD00000425002010B50A467C
:10E6D00010888978121DE3F74BFC10BD10B5084671
:10E6E0008A8849880088E3F783FA10BD10B5088846
:10E6F000E3F74EFC10BD10B5084649880088E3F7E3
:10E700003FFC10BD10B50B460A79188849885B1D7F
:10E71000E3F726FC10BD10B50A4610784978921C24
:10E72000E3F76EFC10BD000010B508483922006800
:10E7300052018018407EC00706D00A4600201056BD
:10E740004978921CE3F754FC10BD0000042500201A
:10E7500008B508460021009182888178008800234E
:10E76000E3F73EFC08BD00000EB50B4839220068F7
:10E7700052018018C07BC0070CD008468B894A899B
:10E780000989029301920091C38882888178008868
:10E79000E3F71EFC0EBD00000425002010B507485D
:10E7A0003922006852018018C07B800704D50846D2
:10E7B00049880088E3F7FCFB10BD00000425002019
:10E7C00010B507483922006852018018C07B400705
:10E7D00004D5088800221146E3F7F2FB10BD0000C3
:10E7E000042500207047000010B507480722006884
:10E7F00012028018807FC00605D508460A7949882C
:10E800000078E2F7B7FF10BD0425002010B50748D7
:10E810000722006812028018807F000605D508468E
:10E820000A7949880078E3F717FA10BD042500201B
:10E8300010B507483922006852018018C0780006D8
:10E8400004D5084649880078E3F734FA10BD000083
:10E850000425002010B5074802683920400110182F
:10E860004279920605D58079800702D50120E3F729
:10E8700031FA10BD04250020084610B50E4986B0B7
:10E880000A683921490151184A79920611D58979C6
:10E89000C9070ED0847C038AC2898189049401ACA3
:10E8A0000EC4811D00914379027941880078E2F716
:10E8B0008BFF06B010BD00000425002008B50A48F3
:10E8C0000268392040011018427992060BD58079F0
:10E8D000400708D5084609890091C3888288418885
:10E8E0000078E3F7FFF908BD0425002008B50A48C1
:10E8F0000268392040011018427992060BD58079C0
:10E90000400608D5084609890091C3888288418855
:10E910000088E3F737FA08BD0425002010B5074842
:10E9200002683920400110184279920605D5C07955
:10E93000400702D50120E3F73DFA10BD0425002071
:10E94000084610B5104988B00A68392149015118A4
:10E950004A79920616D5C979890713D5847F838BA6
:10E96000428B018B069403AC0EC4014612318A1F00
:10E97000831D0093019202914379027941880078C6
:10E98000E2F7C2FF08B010BD0425002010B508480A
:10E9900002683920400110184279920606D5C079E4
:10E9A000C00703D00878491CE3F7FCF910BD00004C
:10E9B0000425002010B508480268392040011018CD
:10E9C0004279920607D58079C00604D54A8908881D
:10E9D000891CE3F7CFF910BD0425002010B50848C5
:10E9E00002683920400110184279920606D58079D4
:10E9F000000603D50878491CE3F7CCF910BD0000E8
:10EA00000425002010B5094802683920400110187B
:10EA10004279920608D58079000705D50A46107814
:10EA20004988121DE3F79EF910BD0000042500205F
:10EA300010B50120E3F736F910BD000008B508480D
:10EA40000722006812028018C07F000707D5C88817
:10EA500000908B888A7809880020E3F71BF908BDAD
:10EA60000425002008B50846891D00918388C278D6
:10EA700081780088E3F726F908BDF0B54488491C81
:10EA8000A4B2E5B2A40809B21C808EB287883619F8
:10EA9000BE4204D9A6B2891B6D1C09B2EDB2A40016
:10EAA0002418083414601C88AD076418A400AD0F46
:10EAB0002C43A4B21C800388E31A9C07A40F012CEA
:10EAC00002D803D1002B01DD00230AE00123002935
:10EAD00007DA11688C78A408A400641C8C700830D4
:10EAE00010601846F0BD002202804280818070478D
:10EAF00070B5C57804460E462846F2F73AFE314610
:10EB00002846EFF709F90020E070A078BF210840FF
:10EB1000A070452070BD10B50446C078F2F729FEFC
:10EB20000120E070A078BF210840A070452010BDF2
:10EB300010B50446C078F2F71CFE0220E070A07801
:10EB4000BF210840A070452010BD10B50446C07814
:10EB5000EFF7E2F8002806D00520E070A078BF218A
:10EB60000840A070452010BD70B5C57804460E461B
:10EB70002846F2F7FEFD31462846EFF7CDF8032090
:10EB8000E070A078BF210840A070452070BD06212C
:10EB9000C1708178BF22114081704520704710B547
:10EBA0000446C078EFF7B8F8002806D00A20E070D5
:10EBB000A078BF210840A070452010BD70B5C57871
:10EBC00004460E462846F2F7D4FD31462846EFF7B4
:10EBD000A3F80920E070A078BF210840A07045206C
:10EBE00070BD10B504460846E5F72CF80820E07023
:10EBF000A078BF210840A070452010BD10B5C07896
:10EC0000F2F7B7FD002010BD10B504460846E5F741
:10EC100015F80720E070A078BF210840A0704520BB
:10EC200010BD00000648002102684B20400110186A
:10EC30000170417003218170C17000207047000095
:10EC40000425002070B50D4D044601232868D90223
:10EC5000401890261A46C06C3146FFF7C1FA0100F1
:10EC600003D030464C60FFF7A7FA4B2029684001DB
:10EC700009180878401C087070BD000004250020A9
:10EC800010B5044600202082A074A168A1616161D2
:10EC900020602046FAF712FB452801D0412010BD24
:10ECA000A0880321F8F7D0FB0446F8F74FFC0028B2
:10ECB00013D072B60A4801220168492040010918A0
:10ECC000487EA2401043487662B60020FBF7B2F8B7
:10ECD000002802D0002000F017F9002010BD00002D
:10ECE0000425002070B5C17C0E4D4906490EC17443
:10ECF000044601232868D902401890260022C06CDF
:10ED00003146FFF76DFA010003D030464C60FFF743
:10ED100053FA4B202968400109184878401C487074
:10ED200070BD00000425002010B5C2780D4C0868A5
:10ED30002168A0310979C90705D0F2F737F9002811
:10ED400006D0432010BD01461046F2F703FDF6E75A
:10ED500072B64B212268490152181178491E117070
:10ED600062B610BD0425002070B503464322DC784E
:10ED70000026086810E005680660C17CC90702D05B
:10ED8000F2F74AF903E001462046F2F7E3FC0200FD
:10ED900001D043220EE028460028ECD1002A09D1F8
:10EDA00072B6054801684B20400109184878401E9A
:10EDB000487062B6104670BD042500200648016800
:10EDC0004B204001081801788078814201D9012048
:10EDD00070470020704700000425002006480168A5
:10EDE0004B20400108184178C078814201D90120A8
:10EDF000704700207047000004250020006870471D
:10EE000010B50446007AFF280BD00846F8F7D2FE6A
:10EE1000E17A627A89184018217A884201D9012062
:10EE200010BD002010BD00230360436041720272D8
:10EE3000C3728372704710B504460068086020688A
:10EE4000002800D1616008462160F8F7B3FEE17A3E
:10EE50004018E072A07A401CA07210BD10B50446A4
:10EE600000200860206800280CD060680160084617
:10EE70006160F8F79FFEE17A4018E072A07A401CCA
:10EE8000A07210BD2160F2E70068002801D00020C8
:10EE900070470120704710B504460068884209D1C8
:10EEA0000268226000220260206800280BD16260A4
:10EEB00009E0104602688A42FBD10A680260626873
:10EEC0008A4200D160600846F8F774FEE17A081AB9
:10EED000E072A07A401EA07210BD10B50446006812
:10EEE0000860206802682260002202602068002812
:10EEF00000D162600868F8F75DFEE17A081AE072F6
:10EF0000A07A401EA07210BDF1B5FD4FFD223868F9
:10EF1000D2000146851896B0683012900920000290
:10EF20000818806E0F90F7480E180920C006006977
:10EF30000990002014900824F348FAF7E1FD0290AC
:10EF40000020139072B63868F7214030C2790A4029
:10EF5000C271129801210171129801684A07520F7B
:10EF60004271C9081298C900016062B6169800285B
:10EF700001D009980EE06420FAF7C2FD0146099815
:10EF80000918E248427ADE480068806A10180818BA
:10EF90000002000AF7F7D2FF686B05903A20405D47
:10EFA0000D90082841D2012014900D98602148430B
:10EFB0000F9940180390D648876AD448407AC00019
:10EFC000FAF700FE01460398403002885202891881
:10EFD000CD4A524289188F4200D239467165B82114
:10EFE00089590B794A79897912021A438907890B61
:10EFF0001143028B408BFF311018C3314018FAF7D0
:10F0000015FF07465F200001FAF77AFDB84204D9E0
:10F010005F200001FAF774FD00E0384605990918F1
:10F02000BA48407AC00008181390706DFAF768FD6E
:10F03000059940180190002007460390287D00287C
:10F0400009D10D98082806D3B0490020088009216D
:10F05000C906486060E168680790686C0490296898
:10F060000998401A00020412A84800884007400F7F
:10F07000F8F76CFA002801D0002007E0002CFBDB39
:10F080002046FAF79FFD0499884200DA0490012097
:10F0900080070824099000200B90297D3AE00D9A02
:10F0A000904234D0964A12682032927D1207120F95
:10F0B00082422CD0EB6A420010930C929F5A009728
:10F0C0006B6A9A5A079B92017B43D318049A9C4619
:10F0D000934212DACA0710D02A6B0C9B079FD25AB0
:10F0E000521C93B21A467A43009F9444FA1892B283
:10F0F00013460092109F0C9ABB52099A634694459E
:10F1000005D2CA0703D0009A099304460B92490816
:10F11000401CC0B20029C2D10998FAF7F1FC296855
:10F120004718A86A6100405A8001FAF7E9FCC01943
:10F1300003907648407A5822C10071480068125CFA
:10F14000002A744A126939D0BB1A029A52009B1ADB
:10F1500038E0002001E0806A4018181A0002000A16
:10F1600001460A900120C005814209D3082C7DD0B8
:10F170002046F9F73BFB64490998401804906864FD
:10F1800001210A98C905884281D2082C6ED00B98BB
:10F19000002835D0079948430490FAF7B1FC296854
:10F1A00040180002000A2860696C0498081A686414
:10F1B00009990498081A002109901BE0029BBA1AC9
:10F1C0005B08D31A169A002AC5D0C2E7EA6A48003B
:10F1D00007909446105A0B9A801A04E02B6B079AFA
:10F1E000401C9A5A10180028F8DB079B6246491CFD
:10F1F000D052C9B242480068A030007B8842E5D8AE
:10F200000D9808286CD20598C01B01020120090A3C
:10F21000C005814223D30298391A1398081A0202B2
:10F220000120120AC005824201D313980FE0019A0F
:10F23000891A0902090A814201D2019808E00120D5
:10F240004002FAF75DFC02994900791A081A019008
:10F250000599401A0002000AFAF7B4FC7065029999
:10F2600001984018C01B0102090A00E054E0012087
:10F27000C005814254D202994A0003995218059957
:10F28000511A0902090A81422AD20D986021484385
:10F290000F994218602060434018C17BD37B99428C
:10F2A00001D3102100E00021C90615D48179CA07D5
:10F2B00004D07221895B0289891A05E0890707D584
:10F2C00076218A5B0189511A491E0904090C07D06D
:10F2D0004079000604D423E05079902108421FD1E0
:10F2E000082C21D0084909984018686460200F99BB
:10F2F0006043401880784007400F01284BD013E04E
:10F30000042500205808000066020000C00000200C
:10F31000E0020020000000481498002804D003D028
:10F32000059F0D9C01980390039839020002000A82
:10F330000390090A012000918002FAF7E1FB029094
:10F3400001204002FAF7DCFB074600990398401AB7
:10F3500000020012002809DD0299000A884200D943
:10F3600001460291B84200D838460746082C7DD0A5
:10F37000804800884007400FA0424FD060200F997E
:10F3800060434018079080784007400F052812D04E
:10F39000022810D042E03146803103208A684002C2
:10F3A0008242C1D0C9688142BED0F1F7D5FB400589
:10F3B000400DC719B8E70798A101006A04906D488D
:10F3C0000818818B079880B2814227D004980028C2
:10F3D00024D004990798F2F79DFD674904980A68BC
:10F3E000007C09210902C0065118C00E496F801C1B
:10F3F00040180490079801692120800101420DD036
:10F40000E4F704FC01283BD01F2004994978084206
:10F4100004D0049840780499001D48705648554916
:10F4200000682030847448202043088030468030B3
:10F43000436B997ACA06D20E61010A439A72826BB3
:10F44000907AC006C00E084390720098306501F0B3
:10F45000A3FC012816D0484846490068497A203064
:10F46000007D401A316DC000081800E03AE000024B
:10F470000121000A490641180920C00641600EE03A
:10F48000FF20C2E70121306D090641180920C0069E
:10F490004160394800682030017D36484172082CAF
:10F4A00024D2602044430F98241872B61298A17891
:10F4B00000684907C008C000490F08432F490840A9
:10F4C0000099C90008431299086062B6A078400705
:10F4D000400F03280FD0E4F799FB01280FD00398C1
:10F4E000C01B19E000200921C906486021490020FD
:10F4F000088017B0F0BD02990398401A0CE0403420
:10F50000208B618B4018FF30C330FAF78FFC8742A5
:10F5100000D938460399081A0002000AE863A88B4C
:10F520008001FAF7EDFA2968002644181448FAF722
:10F53000E7FA201A0002000A28640F4C2E84206883
:10F540004030407E002807D0FAF7CAF820684030E3
:10F55000417E49084900417620684030407E0028BD
:10F56000C7D0FAF7E7F820684030417EFD2211400D
:10F570004176BEE7C000002004250020070000F807
:10F5800035020000F0B50F46B5B01546002130AA8F
:10F590000F23445C5E1A491C94551029F9DB102294
:10F5A000694630A802F006FA0026B400E019401CB3
:10F5B000E8F755FF395D000208430321891B8900E4
:10F5C0002CAC761C6050042EEFDB214610236A46DB
:10F5D000084602F0B9F800200326311A8900635C5E
:10F5E0008200AB54635A52191B0A53706358401C73
:10F5F0001B0C93706158090ED1700428EDDB35B0F7
:10F60000F0BD70B5BAB0054600200C460090202031
:10F610006946087210200A9038901E46039201A88D
:10F6200002F078F82246294601A801F0FBFE6A465E
:10F63000314601A802F038F83AB070BD7FB50546F2
:10F640009868012202739A681C46517398680222D6
:10F6500002A90E30E4F7EEF8A16805200D74E080F1
:10F660007FBD70B5064608881D460C46001D81B258
:10F67000134602223046F8F753FB21882B46891C9B
:10F680002180091D89B202223046F8F749FB208803
:10F69000801C208070BDFEB500240E4627460568FC
:10F6A00045E028680290A968022230460D31E4F74F
:10F6B000C1F83088B84209D087B23846EFF78CFFDE
:10F6C000014601AA3846F0F719FE019CA9680222FA
:10F6D00068460F31E4F7AEF8E888401F81B2222077
:10F6E000005D002806D001280BD0002811D0012889
:10F6F00014D01BE0E08B6A461288401E904206D36D
:10F7000007E0208C6A461288401E904206D20720ED
:10F71000FEBD684600880818E18B03E06846008853
:10F720000818218C884201D90D20FEBD029D002DB4
:10F73000B7D100203080FEBDF8B516460D4607460D
:10F740000024FDF7E5FA002806D03246294638465F
:10F7500000F030F8044604E020356879002802D033
:10F760000E242046F8BD2879C10701D1012E09D009
:10F77000810701D4022E03D04007F2D4042EF0D129
:10F780000324EEE70224ECE770B515460646FFF7C2
:10F79000D3FF0446082D0BD1052C09D13046FDF7C7
:10F7A000B7FA002804D000894004800F00D000245C
:10F7B000204670BD70B515460C460646FDF790FA1A
:10F7C00020346179012D09D00A0702D54207920F32
:10F7D0000FD0CA0625D5020709D522E0CA0702D0F4
:10F7E0004207920F05D08A0705D5020703D40820E7
:10F7F00070BD052070BD490707D5C00709D0E17964
:10F800003046FDF7E1F95F2805D02079C00704D024
:10F8100005E00F2070BD0C2070BD022070BD0020DF
:10F8200070BD890607D5C007F3D0E1793046FDF7F2
:10F83000CBF95F28EFD02079810701D4022D07D0C2
:10F84000410701D4042D03D00007E8D4082DE6D1E8
:10F85000032070BDFEB50646294814460068294AB3
:10F860008518C888032806D02346002202210420D8
:10F87000FFF7E4FE42E08968022268460D31E3F7B3
:10F88000D9FF326990052ED468460188172903D321
:10F890005C20405B172801D2172002E0814200D291
:10F8A000084670800120400202430220326101902C
:10F8B000134839210068490141183788097C768846
:10F8C000012349070FD5D902083040182422C06C03
:10F8D0000221FEF785FC002805D08780C6800146FE
:10F8E0000198FEF769FCA06803260673A068294604
:10F8F00002225C310D30E3F79DFFE6800020FEBD63
:10F900000425002064070000F7B590B000206A4687
:10F910000D9090826A4A6B4B12680446D218CB88CD
:10F92000022B08D0002218210420129BFFF786FE2C
:10F93000002013B0F0BD8B6800205E7B0A900B9016
:10F94000888830320192099000270198FFF756FA13
:10F95000054620E028680890A9880998814219D1B5
:10F96000A968022207A80D31E3F764FF002F01D137
:10F970006846878B6846808B87420BD12946019861
:10F98000FFF789FA002028600A98002811D00B9808
:10F9900005600B95089D002DDCD1002FD4D1129865
:10F9A00019218068017301211298012EC18002D0B3
:10F9B00081E00A95EDE702A90AA8FFF76CFE00288E
:10F9C00079D069460A891821129BFFF737FE002675
:10F9D00071E081680546022202A80D31E3F72AFF93
:10F9E000012E66D168460089EFF7F6FD01466846AC
:10F9F0000EAA0089F0F782FC0E9C10992046EFF7C2
:10FA00002DF90D9055E02F68012E3FD1002F06D023
:10FA1000B968022205A80D31E3F70CFF02E00020CF
:10FA200069468882A968022204A80F31E3F702FF21
:10FA3000E8880D99401F80B20090208CA26948434D
:10FA400069461018098A009A431809212846F8F7D0
:10FA500077F82220005D012804D16846018A0098C9
:10FA60000818E08368460189808A81420ED0208C84
:10FA70000D99A26948431018002101900091109837
:10FA8000E38B0188A28B022001F05EF80A990868D6
:10FA90000A90002008600A99002900D10B900121EA
:10FAA0002846F8F7E9F869460889898A884202D128
:10FAB0003D46002DA7D10A9800288AD139E70000D9
:10FAC0000425002064070000F7B578480F46006859
:10FAD000774988B04418F888072804D20022062104
:10FAE00004200A9B2AE0B968022268460D31E3F738
:10FAF000A1FEB968022201A80F31E3F79BFEB968A5
:10FB0000022204A81131E3F795FEF888C01F80B2E5
:10FB1000039068460288808882420CD8002A0AD066
:10FB20000898002142880A9800F0BAF9002808D005
:10FB300045200BB0F0BD062101200A9BFFF77EFD9A
:10FB4000ABE00A98072180680834017301216846F8
:10FB5000018105940088EFF73FFD05007CD086E029
:10FB60006846008A0522D202904202D0521C90427E
:10FB700026D168460088814278D329460B22083175
:10FB80003846039BF8F772F869466A8D098A8A42FB
:10FB90006CD10399022901D0102967D1002865D1C1
:10FBA0002A462846296A28322030814202D06B6AD0
:10FBB0001C3300E0134602A90A98FFF752FD55E0F6
:10FBC0002E462C6A2036B4424ED14FE06946A08BB7
:10FBD0000988884247D369468988884257D82320B4
:10FBE000005D01283FD120460899EFF737F8218CB6
:10FBF000A269414351180B223846039BF8F736F8A7
:10FC0000069008980122008821460005000DFFF7A4
:10FC100093FD01466A462089128A904223D1002929
:10FC200021D1E28B03998A421DD1069900291AD16C
:10FC300008996A4649881289891A042927D32246D5
:10FC40001C491C32884208D12068B04205D0008986
:10FC5000884202D02468F7E719E023461C3302A942
:10FC60000A98FFF7FEFC2468B442AFD12D680598CE
:10FC700085420CD06846298D8088814207D8089833
:10FC80006A4640881289801A042800D368E76846CB
:10FC90000089012803D90A99C880002049E76846ED
:10FCA000028806210A200A9B48E70000042500205C
:10FCB0006407000003280000FFB589B00024054652
:10FCC0000794D0881646052804D00022042108464F
:10FCD0000C9B20E0B168022208A80D31E3F7AAFDD1
:10FCE000B168022268460F31E3F7A4FD6846028C32
:10FCF000008882420CD8002A0AD00A980021428843
:10FD00000C9800F0CDF8002808D045200DB0F0BDCB
:10FD1000042101200C9BFFF791FCB9E06846008CA0
:10FD2000EFF75AFC060076D0083504950498864211
:10FD300072D06946308D098C884230D36946098873
:10FD400088422CD8002C0AD1012107910C9805215A
:10FD50008068022401730C980799806841730A989F
:10FD60004088001B042857D30798012854D1201D30
:10FD700081B23346283302220C98F7F7D1FFA01D39
:10FD800081B233462A330222A41C0C98F7F7C8FF2D
:10FD90006946A41C308D0988A4B2884274D03746C5
:10FDA000356A2037BD42C1D060E06946A88B098C16
:10FDB00088425AD369460988884265D8002C36D0D3
:10FDC0002320415D0798814260D10A984088001B3A
:10FDD000042802D30799012904D0122856D3079882
:10FDE000022853D1201D81B22B461C3302220C98CD
:10FDF000F7F796FFA41C0798A4B201280DD0201D88
:10FE000081B22B46083310220C98F7F789FF204661
:10FE1000103084B229E03DE036E0201D81B22B464F
:10FE2000083302220C98F7F77BFFA01CF1E7232090
:10FE3000415D07910C9805218068022201730C989E
:10FE40000799806841730C98294680681C310E30F0
:10FE5000E3F7F0FC079901290CD02B460833102258
:10FE600008210C98F7F75CFF14242D68BD429CD143
:10FE700036685BE70C98294680680222083110300A
:10FE8000E3F7D8FC0624F0E7002C03D00C98C480DC
:10FE900000203BE76846028C04210A200C9B3AE7CD
:10FEA00010B5121D806892B2F7F704FF10BD000074
:10FEB000F0B506465A480C4600685A498DB04718B6
:10FEC000E0881546052804D2134600221621042096
:10FED000A2E0A168022208A80D31E3F7ABFC684656
:10FEE000008C002873D0EFF777FB01006FD06846D5
:10FEF0000A8D008C824204D1024616212B46032033
:10FF00008AE001AAF0F7FAF9002860D130880222CD
:10FF10000005000D0199FFF70FFC002804D0694689
:10FF20000A8C2B46162177E0384630302146009067
:10FF3000FEF766FF012844D00198203080798007C1
:10FF400046D53069810343D4C00141D4A16802225F
:10FF500009A80F31E3F76EFC012130694904084319
:10FF60003061022007903088069001980321878B2A
:10FF70006846868CA0790A94401FC5B2E81D0843E4
:10FF8000401C83082648022100688C0208300019B2
:10FF90003522C06CFEF724F904000FD00698A0802B
:10FFA000E7802681A57223462A4609210B330A9849
:10FFB000F7F7C6FD21460798FEF7FEF869200DB059
:10FFC000F0BD6846028C16212B46092024E01EE075
:10FFD000E28800212846FFF763FF002801D0452072
:10FFE000EDE7384621462430FEF755FF21462846E6
:10FFF000F7F76AFD21460098FEF730FFA868172141
:020000041006E4
:100000000173E888002802D0E8806720D7E76846B7
:10001000028C2B4616210120FFF710FB0020CEE7B3
:10002000042500206407000070B50546C88888B024
:100030000C461646052804D0134600220C21042045
:100040001FE0A168022204A80D31E3F7F3FB684624
:10005000028A002A13D0A168022202A80F31E3F716
:10006000E9FB6846008AEFF7B7FA010076D06846E8
:100070000A8D008A824207D13346024620E0334689
:100080006FE0FFF7DBFA66E06A46F0F737F9002821
:1000900064D1288801220005000D0099FFF74CFB70
:1000A000002804D069460A8A33460C21E9E7009803
:1000B0006A88C18BD31E994205D86846028A3346A6
:1000C0000C210B20DDE76B461B89994205D268465F
:1000D000028A0C2133460720D3E72621095C490711
:1000E0000ED529690C030BD40122D20411432961D6
:1000F000828B2988022000F097FD692008B070BD2E
:1001000000213046FFF7CCFE002801D04520F5E75E
:10011000B0680D21017329460098EEF79FFD014656
:1001200000986A46C38B12899B1A9CB26B885B1E2F
:100130009BB29C4200D31C468369008C484318182C
:100140008318052122463046F7F7EAFD641C200497
:10015000000C03D0F0800020D0E7FFE76846028A59
:1001600033460C2101208CE7F7B5002092B00546FC
:10017000089073480C460068724916464718E08894
:10018000072806D0152804D0134600221021042089
:1001900045E0A168022205A80D31E3F74BFBA168F9
:1001A000022206A80F31E3F745FB6846828A008BDE
:1001B000824231D8002A2FD0102263490DA8E3F7DC
:1001C00039FBE1880CA8019007292BD003461022A7
:1001D00009212046F7F7B4FC022207A80837019945
:1001E000E3F728FB6846808B0521C902884202D0CC
:1001F000491C88427ED16846808AEFF7D7F904000F
:1002000079D01298002142883046FFF749FE002835
:100210007ED0452015B0F0BD334610210120FFF7F8
:100220000DFA7FE01022484909A8E3F703FBA16813
:10023000022211310198E3F7FDFACDE76946608D9E
:10024000898B884263D1002D0CD1B06811210173D4
:100250002C20005D012810D014200890B068089967
:100260004173022512984088401B042857D30898F0
:10027000062804D0142807D051E00620EDE72C20F2
:10028000005D012804D04AE02C20005D022846D100
:10029000281D234681B22833022230460493F7F703
:1002A0003FFDAD1C2046216A2030ADB2814206D010
:1002B000281D636A81B2022230461C3304E0281DE7
:1002C00081B202223046049BF7F72AFD0898AD1C44
:1002D000001F81B21298ADB24088401B80B28142AB
:1002E00000D208460390281D81B2234608333046C9
:1002F000039A02E018E01DE00AE0F7F711FD039809
:10030000281885B212984088401B042807D3246817
:10031000BC4204D06946208D098B88428ED9002DBD
:1003200008D0F580002075E76846828A10213346A0
:10033000084674E76846828A102133460A206EE731
:10034000042500206407000054460610F7B5FFB0EE
:1003500093B007460C46002080A903908883AD48DF
:10036000AD49006802264518E088072806D0152800
:1003700004D0002208210420949B4CE0A1680222B2
:1003800085A80D31E3F756FAA168022286A80F313D
:10039000E3F750FA80A8828A008B824238D8002A7C
:1003A00036D010229D498DA8E3F744FAE08807284B
:1003B00034D089AB102209212046F7F7C1FB3869F8
:1003C000000337D4398868460174090A417480A94A
:1003D0000A8B898A89A86C4607C404AC8DAB87AAAE
:1003E0002846A11CF7F7DCFC80A8808B002821D0D0
:1003F00001213A69C9040A433A614006020E39886C
:10040000A31C022000F0DCFB69207FB016B0F0BD19
:1004100008210120949BFFF711F9F2E010227F4997
:1004200089A8E3F707FAA16802228CA81131E3F743
:1004300001FAC4E77A8800219498FFF731FD00287B
:1004400001D04520E1E7083580A88895808AEFF73C
:10045000C3F8050090A8019074D0B8E029460222A4
:100460002A310198E3F7E6F9102289A98DA8E3F76C
:10047000E9F9002806D02846203000902C6A8442F2
:100480007ED1A3E00398002804D0042810D01228BD
:1004900006D0AAE02C20405D012806D0122003904F
:1004A0002C20405D022807D09FE00420039003E049
:1004B0002C20405D01287DD1301D81B22B46283390
:1004C00002229498F7F72CFC03982B46801E82B2E8
:1004D000B01D81B20833B61C9498F7F721FC03983D
:1004E0003018801E86B271E080A9A08B898A88426C
:1004F00068D380A9098B884277D82320005D012822
:1005000008D020460830102289A9E3F79BF900287B
:1005100008D057E02146022208310198E3F78AF912
:100520008DA8F0E7388801220005000D2146FFF76D
:1005300003F90399002915D1002804D0A28B0821C2
:10054000949B68E75FE0E18BFD2901D9FF2101E081
:10055000891CC9B203917988039A891E914201D2FC
:10056000C9B2039179888A1B03998A423DDB00282E
:100570003BD10398E18B801E0290814235D100E08F
:1005800021E0301D81B223461C3302229498F7F7F4
:10059000C7FB39462046EEF761FB218CA269414337
:1005A0000298531882B2B01D81B29498F7F7B8FB45
:1005B000039800E019E0301886B27888811B039810
:1005C000814212DB2468009884428DD12D6888987E
:1005D00085420AD080A9288D098B884205D8788861
:1005E0000399801B884200DB38E7022E0BD99498D0
:1005F00009218068017394980399806841739498E5
:10060000C680002001E780A8828A08210A20949BE6
:1006100001E700000425002064070000544606108E
:10062000F7B5FFB085B00546002469468C815F4868
:100630005F49006846188598C088411E042902D386
:10064000C043C00704D000220E210420869B44E052
:10065000286900031BD403A8009004AB3046869A97
:100660008599F7F766FB6846808900280FD001223C
:100670002969D20411434006020E2961298804AB7E
:10068000022000F09DFA69207FB008B0F0BD6A88B2
:1006900000218698FFF704FC002801D04520F3E7ED
:1006A0008598C088401E87B2012677E0301D81B250
:1006B00001AB02228598F7F743FA68468088002844
:1006C00032D0EEF789FF01002ED068460A8D80886F
:1006D000824224D1002C03D007E0FEF7AFFF63E095
:1006E00086980F228068012402736888A04253D044
:1006F0002C22525C012A05D0001B80B2102806D3A0
:10070000102004E0001B80B2022800D302200090D9
:10071000201D0B4680B208330146009A36E002AA3B
:10072000EFF7ECFD002805D0684682880E210120F5
:10073000869BD2E7288801220005000D0299FEF76A
:10074000FBFF002804D069468A880E21869BC4E7F7
:10075000002C04D186980F218068012401736888D9
:10076000A04219D0029A001BD18B80B2884200D3DC
:100770000846009029461046EEF770FA02998A69F9
:10078000098C41435318201D009A81B28698F7F7CF
:10079000C7FA0098201884B2B61CB6B2BE4285D300
:1007A000002C01D08698C48000206DE7042500202D
:1007B00064070000FEB5044600200290C888154674
:1007C000032804D0134600220A21042026E0896869
:1007D000022268460D31E3F72DF8684600880028AC
:1007E00019D0EEF7F9FE010073D068460A8D008833
:1007F0000B27052682421DD1A86807732C20405C78
:1008000001280ED00B460833102231462846F7F750
:1008100087FA112059E02B4602465DE0FEF70EFFF5
:1008200054E00B460833022231462846F7F778FA9F
:1008300003204AE001AAEFF761FD002849D1208892
:1008400001220005000D0199FEF776FF002804D073
:1008500069460A882B460A21E0E701992620405C78
:1008600040070ED5206902030BD40122D2041043A5
:1008700020618A8B21880220029B00F0D5F9692033
:10088000FEBD628800212846FFF70AFB002801D040
:100890004520FEBDA868214607730198EEF7DEF9F2
:1008A0006188491E8AB20199CC8BA24200D21446BB
:1008B0008A69098C41435318314622462846F7F786
:1008C0002FFA641C2004000C03D0E8800020FEBD39
:1008D000FFE7684602882B460A2101209EE7F0B513
:1008E000044688680F460146007B083185B05228CF
:1008F00010D00F250826F888A8425CD3022203A84E
:10090000491DE2F797FF68468089002853D0082EDA
:1009100003D00DE003250426EDE72069400107D44C
:10092000208839460005000DFCF7BAFB002842D1AB
:100930000121206989068843206168468089EEF795
:100940004BFE010037D068460A8D8089824232D042
:1009500002AAEFF7D3FC00282DD1208832460005EB
:10096000000D0299FEF710FF002824D1F888401BE3
:1009700085B20298014620310A468978002902D0C2
:10098000012902D004E0C18B00E0018CA94212D3FE
:100990009179890711D521694A030ED40122920465
:1009A00011432161E9B201970091828B21880323D1
:1009B000022000F061F905B0F0BD2146EEF74EF9D6
:1009C000064602982A468169008C70430B1807215D
:1009D0003846F7F7B5F80298014620318A78012A9F
:1009E00000D1C5838979C907E5D0018C826971433B
:1009F0005118002200920191C38B828B208801053F
:100A0000090D022000F0A0F8D5E7F0B50446C8882B
:100A100087B00F461646032804D21346002212213F
:100A2000042016E0B968022205A80D31E2F702FFA2
:100A30006846808A002814D0EEF7CEFD010010D061
:100A400068460A8D808A824206D1024633461221C8
:100A50000320FEF7F3FD74E002AAEFF74FFC002835
:100A600005D06846828A122133460120F1E72088AA
:100A700002220005000D0299FEF75EFE002804D058
:100A800069468A8A33461221E3E7F888C01E85B298
:100A90000298014620318A78002A02D0012A02D029
:100AA0000AE0C28B00E0028CAA4205D26846828A24
:100AB000122133460D20CCE78979890714D52169A5
:100AC0008A0311D4CA010FD40122520411432161B7
:100AD000E9B201970091828B21880323022000F064
:100AE000CBF8692007B0F0BD2146EEF7B7F80190CA
:100AF0000298028C8169019842438B182A4607218B
:100B00003846F7F71DF80298014620310A468978E1
:100B1000012900D1C583B16813230B739179012595
:100B2000C9070DD0018C019A8369514359180022DD
:100B300000920191C38B828B2188022000F004F87F
:100B4000F5800020CEE70000FFB50F460646D81D11
:100B5000032108431D46401C8308184881B00068E3
:100B6000F10603D52522BF210E4006E039214901B7
:100B70004118097CC9071CD022223107890E0818A8
:100B80000121C9024018C06C3146FDF729FB040061
:100B900012D0A7800399E1800A99218120466581BE
:100BA0000C302A460B99E2F745FE21463046FDF708
:100BB00003FB002005B0F0BD0720FBE70425002063
:100BC000FFB50F460546D01C03210843401C83088F
:100BD00081B01646E80603D53A22BF20054000E062
:100BE0003722104928070968800E40180121C902E0
:100BF0004018C06C2946FDF7F3FA04000FD0A78017
:100C00007108A1712046324608300499E2F712FEBD
:100C100021462846FDF7D0FA002005B0F0BD072098
:100C2000FBE7000004250020F8B51D46044602231A
:100C300016460F46C00603D53922BF20044000E007
:100C400036220C4920070968800E40180121C9028C
:100C50004018C06C2146FDF7C3FA010007D08F8011
:100C6000CE800D812046FDF7A7FA0020F8BD0720B1
:100C7000F8BD000004250020FFB581B00A9E05469E
:100C80000321701D0843401C83081746E80603D55E
:100C90003722BF20054000E03422114928070968A7
:100CA000800E40180121C9024018C06C2946FDF78A
:100CB00097FA040012D00298A080E7802672049967
:100CC00023463246091D09330B98F6F739FF2146B2
:100CD0002846FDF771FA002005B0F0BD0720FBE7BC
:100CE00004250020F8B5294D002029680A46403225
:100CF0001378D279934348D14A6E120E45D13E22E1
:100D0000525C002A41D1431E21488D6A467A1A4618
:100D10000024F600AD190926F606376900887D190A
:100D200007070120002F07DA1123DB01CB189C6A8B
:100D3000631B1B021B1228D407273F02C919C96D68
:100D4000CF0103D54A1B120212121ED401252D0712
:100D5000002B06DA002A0ADA75600E488560032047
:100D60000AE01120000604437460002A03DB2943D3
:100D70000846F0F7DDF902200449096840314A7855
:100D8000002A02D0002048700320F8BD042500206E
:100D9000C00000204000004830B413480922036816
:100DA0001120C0011818D206806A11690F4C411A2F
:100DB00009022588090A2D0702D430BC012070479A
:100DC000647A9B6AE400E3188B4209D20123DB05B5
:100DD000994205D259000843506030BC0120704749
:100DE00030BC00207047000004250020C000002017
:100DF000F0B5454C13252668ED0170198069002770
:100E0000416B4248AE368DB0814242D006216846E1
:100E1000EFF7CCFD69464879C0210843694648711F
:100E200020680622401980692430EFF795FD0746B7
:100E3000102105A8EFF7BAFD20681022401980693B
:100E400005A9001DEFF788FD0743102109A8EFF75A
:100E5000ADFD206810224019806909A91430EFF710
:100E60007BFD0146394313D1206829494019806927
:100E7000264F4018800881002648081839460490FB
:100E8000E2F7FCFC04980068B84201D1002700E0BA
:100E9000FB27226850198069A63224300190062071
:100EA000014600900020FDF7C6F8002802D1206816
:100EB000A6300190701D009A0199E2F7BBFC2268F0
:100EC0001026314600208032FDF7B5F8002807D003
:100ED00020683246411989698030091DE2F7AAFC71
:100EE0002268314600209032FDF7A5F8002807D08F
:100EF000206832464119896990301431E2F79AFC32
:100F000038460DB0F0BD000004250020AAAAAAAA08
:100F10003400FCEF00000410FEB55079156980071D
:100F2000566B1F461446800F0DD1A8050CD5012025
:100F300040028543000105436C483060607901211F
:100F4000084360711561FEBD280609D55120C00116
:100F50008543E80401D4402005436548256198E0B5
:100F6000E80439D5EFF715FE0090EFF712FE019077
:100F7000EFF70FFE0290012000038543032080025B
:100F8000054325616079012108436071606B394632
:100F90002E3110220C30EFF71BFE263702983870E6
:100FA000010A7970010CB970000EF8705148306078
:100FB000616B0822081DC91CEFF70AFE616B022253
:100FC00008461C300B31EFF703FE616B0C226846BC
:100FD0000D31EFF7FDFDFEBD680235D5EFF7D9FD08
:100FE0000190EFF7D6FD0090EFF7D3FD014601AA7F
:100FF00000203D1813782035AB72401CC0B2521C43
:101000000428F6D300983C4A000680183060009807
:101010000A06000A1043706001980A0A03061A4380
:10102000000AB260F0603548009A03681320C001DE
:101030001818426281626079012108436071206959
:10104000890588432061FEBD6805FCD4680716D574
:1010500021462031487C00280DD12948306027489E
:1010600000688030408C000430307060627901206C
:10107000024362714874042085432561FEBD280740
:10108000082700280BDAE079BD431E490006401806
:10109000256130606079012108435071FEBDE8068A
:1010A00010D5102085432561E2F7B0FD16494007B1
:1010B0004018306000207060B06060790121084302
:1010C0006071FEBD6803FCD51046E2F797FD00286D
:1010D00004D020464030017F39430177012080044D
:1010E000854325616089E2F78DFDFEBD03010600A1
:1010F00003010B0003170300130D04000425002057
:1011000003060C0B0302070003090909F8B51D4685
:10111000144606460027E2F779FD01280CD01F206F
:1011200071780840060036D00020E861FDF746FEE1
:10113000002803D0E86907E0FF20F1E7698932461B
:101140000120F6F73DFDE861002801D0102722E0DC
:10115000E07D80214840E0751049286908421AD096
:101160006079401E60716079FF2814D1A079401E1B
:10117000A071A079FF280ED1E079401EE071E079DE
:10118000FF2808D1207A401E2072207AFF2802D141
:10119000607A401E60723846F8BD000020280000CA
:1011A000FEB503462C4841270268092000021018AA
:1011B000816E602058430C18284811461018284E9C
:1011C0007F019D01D219AE199278C03100259A4253
:1011D0000CD1024640321746928E3F8F00978427EB
:1011E0003F58012301977B273F5C07E08A8CCF8C17
:1011F0000097CF6A0023019728277F5C0297A77981
:10120000FF0708D02789D21B1204120C03D12246F3
:10121000F7F712FA0546A079810710D522890099BF
:10122000891A491C0904090C09D1FD21084001ABA8
:10123000A0713146052221311846EFF7C9FC002D77
:1012400009D005480096016804482B460918224633
:101250000020F4F76FFCFEBD0425002058080000B4
:10126000CC000020F0B50D4689B000270921C90641
:101270000E9E14464F60827BC17B94460B02017C1C
:101280000A04417C09061143194362461143049143
:10129000827CC17C0B02017D090419431143059135
:1012A000027E417E090211430691827EC17E0902BF
:1012B00011430891027F417F0902114300910146C9
:1012C0001E3102912030C0783146C006C00E213157
:1012D0000790052203910298EFF77AFC22204755E8
:1012E00031200755E7730220E07006990C22514324
:1012F00061610099FF220901A1612071278108998C
:10130000A1812046403006990180A77127610777A7
:101310001B21418049322B460282C0331F8A1B2F7A
:1013200002D15F8A974201D0102707771F8B8780F1
:10133000C180018141818181C181598B4182828239
:10134000C2820283428301202080A06A0080A06ABA
:101350004480288C2F49401C80B2884202D94942DF
:10136000401880B260812884A06AC727C77205220E
:1013700003990298EFF72CFC0020F072218D318246
:10138000F0750498B0610598F061202107988855A0
:10139000E2F73CFC8021012800D1B1754220039086
:1013A00080350290686B0080686BC772A88E70826F
:1013B000C0206071B172A078174EC008C000401DF7
:1013C000A07016480088A16A400119308872696BC4
:1013D0000A208872F6F7A6FA696B0322C91D0398E2
:1013E000EFF748FC696B03223046091DEFF742FC1A
:1013F0000120FDF789FDA16A0322C91D0298EFF7BC
:1014000039FCA16A03220648091DEFF733FC09B035
:10141000F0BD0000FF0E00002C01B000C000002055
:10142000FA003000F7B592B00F46040004D0002F48
:1014300006D11498002803DD6120400115B0F0BDED
:101440001498002804DB102804DA2079800601D4DF
:101450009448F3E72079410701D4810702D59148E8
:10146000401CEBE740210843207120461430002542
:101470000F90143001901EE00026B0000490401937
:10148000C0190390E6F7EBFF00BA010A03980902BE
:10149000C07807AA01430498761C001940694140AE
:1014A0000498042E1150E8DB636A07A8019A0F998B
:1014B00000F07CFA059D284610300590149988426A
:1014C000DADB2079800620D400291EDD0026B0005A
:1014D00004904019C0190390E6F7C1FF00BA010A51
:1014E00003980902C07807AA01430498761C0019E2
:1014F000406941400498042E1150E8DB636A07A854
:10150000019A0F9900F052FACAE000200B900C905B
:101510000D900E900BA9636A0846019A00F046FAF6
:101520000B988721C00F48430B990C9A4900D20FA2
:1015300011430B910C990D9A4900D20F11430C9154
:101540000D990E9A4900D20F11430D910E99149ADC
:1015500049004140284610300E9190421CD100268F
:10156000B00002904019C0190490E6F778FF00BA65
:10157000010A04980902C0780BAB01430298761C5B
:10158000001942690298185842405140029807AA2F
:101590001150042EE4DB79E00B988722C00F5043F2
:1015A0000B9A0C9B5200DB0F1A430B920C9A0D9B6B
:1015B0005200DB0F1A430C920D9ACB0F52001A43C4
:1015C0000D924A00424014980E92401B0390C0179F
:1015D000820F0398002610188010029019E0B000C6
:1015E00010904019C0190490E6F739FF00BA010ABB
:1015F00004980902C0780BAB0143109800194269A6
:101600001098185842405140109807AA115002985B
:10161000761CB042E3DCB00001190BAA49691258EC
:10162000514007AA1150039B00211B1A42199C46E6
:1016300096460BE072465218BA5CCD0018235B1B2D
:101640009A4007AB1D586A401A50491C8C45F1DC82
:10165000002909D0CD00182107AA4D1B135880215D
:10166000A9404B40135005E007A90A580123DB07A6
:101670005A400A5007A90BAA05E0B00003195B699C
:1016800015586B400B50761C042EF6DB636A07A8D6
:10169000019A0F9900F08AF92079042108432071FA
:1016A0000020CBE61D0C0000F8B516460F460400DE
:1016B00009D0002E07D025468035E86D401E102841
:1016C00004D31348F8BD61204001F8BD20794006DD
:1016D00004D4002211462046FFF7A4FE20790221FF
:1016E00008432071002018210CE0C217920F121835
:1016F00092089200121983075269DB0ECB1ADA4066
:101700003A54401CEA6D8242EFDC00203260F8BDA2
:101710001F0C000010B5040007D002230022A168AE
:1017200000F00CFA010003D00CE06120400110BD74
:10173000102020610020024683001B19401C5A61C2
:101740000428F9DB084610BDFFB5D908490083B06D
:10175000891D02910368116854684B40416895687F
:1017600061408468C0686C40A446D4681E0E604026
:101770008B4CC5B2A65D655D3606354367460E02E5
:101780003F04360E3F0EA65DE75D36043F023E4342
:101790003543AE460F0EDDB2E75D665D3F063E4364
:1017A00065462F0205043F0E2D0EE75D655D3F0483
:1017B0002D022F433E43CDB20096665D65462F0E47
:1017C000E75D1D043F063E4307023F0E2D0EE75D19
:1017D000655D3F042D022F433E4301966546EDB201
:1017E000070E665DE75D0D043F063E431F023F0E98
:1017F000E75D2D0E645D3F0424022743029C3E43B7
:10180000641E10320294002C63DD664C704620404A
:10181000430070466449C00908401B2148434340C7
:10182000704658401821C841434070461021C841B5
:10183000434070460821C841434010685A4D434018
:101840000098594F204041000098C00928401B25AE
:1018500068434140009818254840E84141400098BD
:101860001025E841414000980825E8414140506872
:10187000019D41400198ED0920403D4040001B275B
:101880007D436840019F05467D401827FD41684023
:10189000019D1027FD416840019D0827FD416840DA
:1018A000956868408446304620403F4DF4092C40FE
:1018B00040001B256C436040044674401825EC41F1
:1018C000604010243546E54108246840E6417040F8
:1018D0004BE7334CC5B2665D1D0E645D240626439E
:1018E0000C02250E2E4C645D65462D042F0E2C4DEA
:1018F0002404ED5D2D022C432643294C0096DDB2D5
:10190000655D0E0EA45D2406254364462402260E62
:10191000234CA45D0604370E214E2404F65D3602E6
:1019200034432543AE461E4CCDB2645D65461C4E25
:101930002F0EF55D2D062C4305022F0EF55D1F04BD
:101940002E043D0E164F7F5D65463F023E433443F5
:10195000EEB2134DAF5D050E1148405D0006074322
:101960001802030E0E48C05C09040B0E0C4900045B
:10197000C95C93680902084307431068009E6340EE
:101980005168049C7040D268206075460498694094
:10199000416004987A4083600498C26007B0F0BD4B
:1019A000644606107F7F7F7F0101010100B5FFF7CC
:1019B000CBFE00BDF7B50298860800240DE0009824
:1019C000A7003D182846E6F74AFD00BA000AE97864
:1019D000000208430199641CC851B442EFDB01992D
:1019E000029A084600F002F8FEBD0000F0B5920829
:1019F000002303E09C0005590D515B1C9342F9DB69
:101A00004D4FF81FF938042A48D0062A6DD0082A0D
:101A100043D10023CA6915022D0E140E455D045DE5
:101A20002D062C4315042D0ED2B2455D825C2D048B
:101A3000120215432C439D007D590A686A405440A8
:101A400001225B1C0C62940065180C59EE69521C53
:101A500066402E62042AF6DBCA6A150ED4B2455DD2
:101A6000045D2D062C4315022D0E1204455D120E49
:101A7000825C2D04120215430A692C43544005224E
:101A80000C63940065180C59EE69521C66402E6276
:101A9000082AF6DB2031072BBCDDF0BD0022CB6825
:101AA0001D022D0E1C0E455D045D2D062C431D04EC
:101AB0002D0EDBB2455DC35C2D041B021D432C4380
:101AC00095007D590B686B405C400123521C0C61F2
:101AD0009C0065180C59EE685B1C66402E61042B57
:101AE000F6DB1031092ADADDF0BD0022CB681D02D9
:101AF0002D0E1C0E455D045D2D062C431D042D0E80
:101B0000DBB2455DC35C2D041B021D432C439500D5
:101B10007D590B686B405C400123521C0C619C009A
:101B200065180C59EE685B1C66402E61042BF6DBD1
:101B30001831092ADADDF0BD64470610F8B59E4673
:101B40008C46002807D0002905D059078C0F002AA1
:101B500004D1012C02D061204001F8BD416A102956
:101B600003D0182901D0202905D1012C05D0016905
:101B7000491E102901D31E48F8BDC2600179F9231E
:101B800019400171012C20D000210B468D002D1829
:101B9000491C6B610429F9DB0021182712E0CB17DF
:101BA0009B0F5B189B089B001D182B46143300935A
:101BB0008B07565CDB0EFB1A6D699E403543009B1C
:101BC000491C1D6003698B42E9DC0179C9070CD10E
:101BD000614681607146C90701D0032C05D10146D9
:101BE000426A28316046FFF7E5FE0020F8BD00009C
:101BF0001F0C0000669A0C200008A4AEEE115934A8
:101C0000207B7044669A0C200008A4AEEE11593473
:101C1000217B7044669A0C200008A4AEEE11593462
:101C2000227B7044669A0C200008A4AEEE11593451
:101C3000237B7044669A0C200008A4AEEE11593440
:101C4000247B7044669A0C200008A4AEEE1159342F
:101C5000257B704404030100FFFFFFFFFFFFFFFF30
:101C6000FFFFFFFF00000000000000000000000078
:101C700001000000FFFFFFFF512563FCC2CAB9F35A
:101C8000849E17A7ADFAE6BCFFFFFFFFFFFFFFFF33
:101C900000000000FFFFFFFF000301004000000004
:101CA00006000000023F00023E30023C20023B4C96
:101CB000023A400239B202345B02350B00000000E8
:101CC00046400610494006104C4006100D0A202DD3
:101CD0002D2D2D201B5B346D426C6520536D617280
:101CE00074206C6F636B20312E312E301B5B306D96
:101CF000202D2D2D2D200D0A0000000041707000B8
:101D00005465726D000000004C6967687400000043
:101D1000426C65004170703A204E564D206D656DE5
:101D20006F7279207772697474656E207769746850
:101D30002064656661756C742076616C75657321CD
:101D40000D0A00004170703A20746865206C6F6362
:101D50006B206973206C6F6B65642C2063616E2748
:101D600074206F70656E2E0D0A0000004170703A8D
:101D7000206F70656E2074686520446F6F722E0D41
:101D80000A0000004170703A20756E6C6F636B2022
:101D9000746865206C6F636B2E0D0A004170703A99
:101DA0002043616E277420756E6C6F636B206966CB
:101DB00020756E636F6E6E6563746564206465760E
:101DC0006963652E0D0A00004170703A20626C65EF
:101DD00020726164696F206572726F7220210D0A32
:101DE000000000004170703A2064657669636520E8
:101DF000646973636F6E6E65637465642E0D0A00AB
:101E00004170703A2064657669636520636F6E6E19
:101E100065637465642E0D0A000000004170703A1D
:101E200020646F6F72206973206F70656E2E0D0ACB
:101E3000000000004170703A20646F6F7220697377
:101E400020636C6F73652E0D0A0000004170703ABC
:101E5000204E564D206D656D6F72792077726974D2
:101E600074656E210D0A0000426C653A2046616976
:101E70006C656420746F207365742050494E3A205D
:101E800025733A2025730D0A00000000426C653A64
:101E9000204661696C656420746F206765742062F8
:101EA0006F6E646564206465766963653A202573A6
:101EB0000D0A0000426C653A2075706461746520FB
:101EC000636861722076616C7565206572726F72ED
:101ED0003A2025730D0A0000426C653A2053657460
:101EE00020646576696365206E616D652065727238
:101EF0006F723A2025730D0A00000000426C653AAB
:101F000020737461636B20696E69743A2025730DC8
:101F10000A000000426C653A20696E6974206465AD
:101F200076696365206572726F723A2025730D0AB7
:101F300000000000426C653A20696E697469616C4A
:101F4000697365642077697468207375636365736A
:101F5000730D0A00426C653A2061646420736572F7
:101F600076696365206572726F723A2025730D0A77
:101F700000000000426C653A207570646174652051
:101F800077686974656C697374206572726F723AF0
:101F90002025730D0A000000426C653A20646973C5
:101FA000636F76657261626C6520696E20626F6E28
:101FB00064206D6F64652E0D0A000000426C653A66
:101FC00020646973636F76657261626C652E0D0AB9
:101FD00000000000426C653A206D616B6520646909
:101FE00073636F76657261626C65206572726F7281
:101FF0003A2025730D0A0000426C653A20636C6537
:1020000061722073656375726974792064617461AB
:102010002062617365206572726F723A2025730DBC
:102020000A000000426C653A20736563757269743A
:10203000792064617461206261736520636C6561FD
:102040007265640D0A000000426C653A20736C6191
:102050007665207365637572697479207265717530
:10206000657374206572726F723A2025730D0A00D1
:102070006863695F646973636F6E6E656374696FCB
:102080006E5F636F6D706C6574655F6576656E74A9
:102090000D0A0000095374617475733A307825781D
:1020A0000D0A000009436F6E6E656374696F6E5FA1
:1020B00048616E646C653A307825780D0A0000003E
:1020C00009526561736F6E3A307825780D0A000009
:1020D0004D61737465720000536C61766500000099
:1020E0005075626C6963204465766963652041645C
:1020F000647265737300000052616E646F6D2044FA
:1021000065766963652041646472657373000000DD
:102110006863695F6C655F636F6E6E656374696F3A
:102120006E5F636F6D706C6574655F6576656E7408
:102130000D0A000009526F6C653A25730D0A000004
:1021400009506565725F416464726573735F5479A9
:1021500070653A25730D0A0009506565725F416428
:1021600064726573733A30782578257825782578F8
:10217000257825780D0A000009436F6E6E5F496E61
:1021800074657276616C3A2575206D730D0A0000D6
:1021900009436F6E6E5F4C6174656E63793A307897
:1021A00025780D0A00000000095375706572766984
:1021B00073696F6E5F54696D656F75743A2575202C
:1021C0006D730D0A00000000094D61737465725F44
:1021D000436C6F636B5F41636375726163793A252A
:1021E000730D0A006863695F6C655F656E68616E98
:1021F0006365645F636F6E6E656374696F6E5F6362
:102200006F6D706C6574655F6576656E740D0A0040
:1022100009506565725F416464726573735F5479D8
:1022200070653A5075626C696320446576696365D0
:1022300020416464726573730D0A0000095065657E
:10224000725F416464726573735F547970653A526A
:10225000616E646F6D2044657669636520416464D6
:10226000726573730D0A000009506565725F416401
:1022700064726573735F547970653A5075626C6906
:1022800063204964656E7469747920416464726581
:1022900073730D0A0000000009506565725F4164A8
:1022A00064726573735F547970653A52616E646FDE
:1022B0006D202853746174696329204964656E74C4
:1022C00069747920416464726573730D0A000000BB
:1022D000094C6F63616C5F5265736F6C7661626C01
:1022E000655F507269766174655F4164647265739D
:1022F000733A3078257825782578257825782578DB
:102300000D0A000009506565725F5265736F6C7647
:1023100061626C655F507269766174655F41646487
:10232000726573733A307825782578257825782575
:102330007825780D0A0000006163695F6761705F4E
:1023400070616972696E675F636F6D706C657465EB
:102350005F6576656E740D0A0000000009205374F5
:10236000617475733A25730D0A00000009205265E7
:1023700061736F6E3A25730D0A0000006163695F37
:10238000676174745F6174747269627574655F6D9E
:102390006F6469666965645F6576656E740D0A00D1
:1023A00009417474725F48616E646C653A307825D7
:1023B000780D0A00094F66667365743A25750D0A33
:1023C0000000000009417474725F446174615F4CE5
:1023D000656E6774683A25750D0A00006163695F70
:1023E000676174745F726561645F7065726D697452
:1023F0005F7265715F6576656E740D0A000000009E
:10240000094174747269627574655F48616E646CC9
:10241000653A307825780D0A000000006863695F2E
:1024200068617264776172655F6572726F725F6511
:1024300076656E740D0A00006863695F656E63728D
:10244000797074696F6E5F6368616E67655F6576EA
:10245000656E740D0A0000004C696E6B204C657649
:10246000656C20456E6372797074696F6E20697354
:10247000204F4E2077697468204145532D43434DCA
:102480000000000009456E6372797074696F6E5FB9
:10249000456E61626C65643A25730D0A00000000A8
:1024A0006863695F726561645F72656D6F74655FB3
:1024B00076657273696F6E5F696E666F726D617457
:1024C000696F6E5F636F6D706C6574655F6576656F
:1024D0006E740D0A000000006863695F6E756D62BE
:1024E00065725F6F665F636F6D706C657465645F66
:1024F0007061636B6574735F6576656E740D0A0059
:102500006863695F656E6372797074696F6E5F6B23
:1025100065795F726566726573685F636F6D706C15
:102520006574655F6576656E740D0A006863695F42
:1025300072785F61636C5F646174615F6576656E1C
:10254000740D0A006863695F6C655F61647665722B
:10255000746973696E675F7265706F72745F6576B8
:10256000656E740D0A0000006863695F6C655F63E7
:102570006F6E6E656374696F6E5F757064617465AC
:102580005F636F6D706C6574655F6576656E740D05
:102590000A0000006863695F6C655F726561645F73
:1025A00072656D6F74655F757365645F6665617490
:1025B000757265735F636F6D706C6574655F65766A
:1025C000656E740D0A0000006863695F6C655F6C7E
:1025D0006F6E675F7465726D5F6B65795F72657151
:1025E000756573745F6576656E740D0A0000000092
:1025F0006863695F6C655F646174615F6C656E6779
:1026000074685F6368616E67655F6576656E740D9B
:102610000A0000006863695F6C655F726561645FF2
:102620006C6F63616C5F703235365F7075626C69B8
:10263000635F6B65795F636F6D706C6574655F6513
:1026400076656E740D0A00006863695F6C655F678C
:10265000656E65726174655F64686B65795F636FF1
:102660006D706C6574655F6576656E740D0A00004B
:102670006863695F6C655F6469726563745F6164F8
:10268000766572746973696E675F7265706F727474
:102690005F6576656E740D0A000000006163695F16
:1026A0006761705F6C696D697465645F64697363A9
:1026B0006F76657261626C655F6576656E740D0A32
:1026C000000000006163695F6761705F7061737330
:1026D0005F6B65795F7265715F6576656E740D0A13
:1026E000000000006163695F6761705F6175746815
:1026F0006F72697A6174696F6E5F7265715F65761A
:10270000656E740D0A0000006163695F6761705F48
:10271000736C6176655F73656375726974795F69FF
:102720006E697469617465645F6576656E740D0ABF
:10273000000000006163695F6761705F626F6E64D3
:102740005F6C6F73745F6576656E740D0A000000D0
:102750006163695F6761705F70726F635F636F6D04
:10276000706C6574655F6576656E740D0A000000B7
:102770006163695F6761705F616464725F6E6F74EB
:102780005F7265736F6C7665645F6576656E740DF8
:102790000A0000006163695F6761705F6E756D6557
:1027A0007269635F636F6D70617269736F6E5F767C
:1027B000616C75655F6576656E740D0A00000000DA
:1027C000094E756D657269635F56616C75653A2572
:1027D000750D0A006163695F6761705F6B65797091
:1027E000726573735F6E6F74696669636174696F34
:1027F0006E5F6576656E740D0A0000006163695F47
:10280000676174745F70726F635F74696D656F7513
:10281000745F6576656E740D0A0000006163695F20
:102820006174745F65786368616E67655F6D747508
:102830005F726573705F6576656E740D0A000000E7
:102840006163695F6174745F66696E645F696E6617
:102850006F5F726573705F6576656E740D0A000058
:102860006163695F6174745F66696E645F62795FFA
:10287000747970655F76616C75655F726573705FA2
:102880006576656E740D0A006163695F6174745FDB
:10289000726561645F62795F747970655F72657398
:1028A000705F6576656E740D0A0000006163695F94
:1028B0006174745F726561645F726573705F657681
:1028C000656E740D0A0000006163695F6174745F76
:1028D000726561645F626C6F625F726573705F6581
:1028E00076656E740D0A00006163695F6174745FE0
:1028F000726561645F6D756C7469706C655F72653B
:1029000073705F6576656E740D0A00006163695FC0
:102910006174745F726561645F62795F67726F751D
:10292000705F747970655F726573705F6576656EF0
:10293000740D0A006163695F6174745F7072657021
:102940006172655F77726974655F726573705F65E8
:1029500076656E740D0A00006163695F6174745F6F
:10296000657865635F77726974655F726573705FC0
:102970006576656E740D0A006163695F67617474E2
:102980005F696E6469636174696F6E5F6576656EB9
:10299000740D0A006163695F676174745F6E6F74C0
:1029A000696669636174696F6E5F6576656E740DE3
:1029B0000A0000006163695F676174745F70726F21
:1029C000635F636F6D706C6574655F6576656E746B
:1029D0000D0A00006163695F676174745F657272FC
:1029E0006F725F726573705F6576656E740D0A0055
:1029F0006163695F676174745F646973635F726563
:102A000061645F636861725F62795F757569645F55
:102A1000726573705F6576656E740D0A0000000064
:102A20006163695F676174745F77726974655F7011
:102A300065726D69745F7265715F6576656E740D40
:102A40000A0000006163695F676174745F726561A9
:102A5000645F6D756C74695F7065726D69745F72C7
:102A600065715F6576656E740D0A00006163695F6C
:102A7000676174745F74785F706F6F6C5F617661AB
:102A8000696C61626C655F6576656E740D0A000045
:102A90006163695F676174745F7365727665725FA5
:102AA000636F6E6669726D6174696F6E5F6576657E
:102AB0006E740D0A000000006163695F67617474E1
:102AC0005F707265706172655F77726974655F705F
:102AD00065726D69745F7265715F6576656E740DA0
:102AE0000A0000006163695F6C326361705F636F4D
:102AF0006E6E656374696F6E5F7570646174655F37
:102B0000726573705F6576656E740D0A0000000073
:102B10006163695F6C326361705F70726F635F7471
:102B2000696D656F75745F6576656E740D0A00007A
:102B30006163695F6C326361705F636F6E6E656362
:102B400074696F6E5F7570646174655F7265715FE3
:102B50006576656E740D0A006163695F6C3263614E
:102B6000705F636F6D6D616E645F72656A656374DB
:102B70005F6576656E740D0A000000006163695F31
:102B800068616C5F7363616E5F7265715F726570BF
:102B90006F72745F6576656E740D0A006163695FBC
:102BA00068616C5F66775F6572726F725F6576658C
:102BB0006E740D0A00000000504153534B45595F9D
:102BC000454E5452595F4641494C4544000000006F
:102BD0004F4F425F4E4F545F415641494C41424C2A
:102BE00045000000415554485F5245515F43414EF6
:102BF0004E4F545F42455F4D45540000434F4E4693
:102C000049524D5F56414C55455F4641494C4544FC
:102C10000000000050414952494E475F4E4F545FFB
:102C2000535550504F52544544000000494E53559F
:102C300046465F454E4352595054494F4E5F4B45AF
:102C4000595F53495A450000434D445F4E4F545F0E
:102C5000535550504F52544544000000554E535068
:102C6000454349464945445F524541534F4E000054
:102C7000564552595F4541524C595F4E4558545F35
:102C8000415454454D505400534D5F494E56414CAC
:102C900049445F504152414D53000000534D505F35
:102CA00053435F44484B45595F434845434B5F4658
:102CB00041494C4544000000534D505F53435F4E23
:102CC000554D434F4D50415249534F4E5F46414938
:102CD0004C454400537563636573730054696D65B7
:102CE0006F75740050616972696E67204661696C26
:102CF00065640000456E6372797074696F6E20665A
:102D000061696C65642C204C544B206D6973736948
:102D10006E67206F6E206C6F63616C2064657669EE
:102D200063650000456E6372797074696F6E20662A
:102D300061696C65642C204C544B206D6973736918
:102D40006E67206F6E2070656572206465766963BA
:102D500065000000456E6372797074696F6E206E55
:102D60006F7420737570706F72746564206279205F
:102D700072656D6F74652064657669636500000037
:102D80003530302070706D003235302070706D003D
:102D90003135302070706D003130302070706D0032
:102DA00037352070706D000035302070706D000078
:102DB00033302070706D000032302070706D000074
:102DC0007375636365737300756E6B6E6F776E20DA
:102DD00068636920636F6D6D616E6400756E6B6E04
:102DE0006F776E20636F6E6E657874696F6E2069A1
:102DF00064000000686172647761726520666169D1
:102E00006C75726500000000556E6B6E6F77206503
:102E100072726F720000000061757468656E74698B
:102E2000636174696F6E206661696C75726500001C
:102E30006B6579206D697373696E67006D656D6F81
:102E40007279206361706163697479206578636564
:102E50006564656400000000636F6E6E656374698D
:102E60006F6E2074696D656F75740000636F6D6DB2
:102E7000616E6420646973616C6C6F7765640000D7
:102E8000756E737570706F727465642066656174B9
:102E900075726500696E76616C696420686369208B
:102EA000636D6420706172616D7300007465726D92
:102EB000696E617465642072656D6F7465207573E9
:102EC000657200007465726D696E61746564206C72
:102ED0006F63616C5F686F7374000000756E73756B
:102EE000707020726D742066656174757265000083
:102EF000756E7370656369666965640070726F638F
:102F000065647572652074696D656F757400000085
:102F1000696E7374616E7420706173736564000010
:102F2000706172616D65746572206F7574206F6673
:102F30002072616E67650000686F7374206275733C
:102F4000792070616972696E67000000636F6E744A
:102F5000726F6C6C6572206275737900646972655A
:102F600063746564206164766572746973696E6701
:102F70002074696D656F757400000000636F6E6E7C
:102F8000656374696F6E20656E642077697468206C
:102F90006D6963206661696C75726500636F6E6E42
:102FA000656374696F6E206661696C656420746F17
:102FB0002065737461626C6973680000756E6B6E76
:102FC0006F776E20636F6E6E656374696F6E2069D4
:102FD00064000000696E76616C69642070617261E2
:102FE0006D730000627573790000000070656E6497
:102FF000696E67006E6F7420616C6C6F776564003A
:103000006572726F720000006F7574206F66206DBC
:10301000656D6F7279000000696E76616C6964207D
:103020006369640064657669636520696E20626C1B
:1030300061636B6C697374006373726B206E6F7481
:1030400020666F756E64000069726B206E6F74206D
:10305000666F756E64000000646576696365206E56
:103060006F7420666F756E640000000073656320E6
:1030700064622066756C6C00646576696365206EB9
:103080006F7420626F6E646564000000696E737512
:103090006666696369656E7420656E63206B657929
:1030A00073697A6500000000696E76616C6964205E
:1030B00068616E646C6500006F7574206F662068CF
:1030C000616E646C65000000696E76616C696420F5
:1030D0006F7065726174696F6E0000006368617281
:1030E000616320616C7265616479206578697374CD
:1030F00073000000696E73756666696369656E7456
:10310000207265736F757263657300007361746913
:10311000736679207065726D697373696F6E20656F
:1031200072726F72000000006164647265737320D4
:103130006E6F74207265736F6C76656400000000BA
:103140006E6F2076616C696420736C6F7400000090
:103150007363616E2077696E646F772073686F7236
:10316000740000006E657720696E74657276616C1C
:10317000206661696C656400696E74657276616C65
:1031800020746F6F206C6172676500006C656E67FC
:103190007468206661696C656400000070726F6617
:1031A000696C6520616C726561647920696E69740F
:1031B00069616C697A6564006E756C6C207061720F
:1031C000616D0000466C6173682072656164206601
:1031D00061696C6564000000466C617368207772F9
:1031E000697465206661696C65640000466C617392
:1031F00068206572617365206661696C65640000B2
:1032000074696D656F7574004E6F762032342032AC
:1032100030323400312E312E300000002573202D45
:103220002025730D0A0000001B5B316D252D313404
:10323000733A201B5B306D00456E61626C65640003
:1032400044697361626C656400000000656E6162D0
:103250006C6500003100000064697361626C650098
:10326000496E76616C696420617267756D656E7414
:103270002E205573652027656E61626C6527206F6F
:1032800072202764697361626C65270D0A00000073
:103290004572726F723A20496E76616C6964206E75
:1032A000756D626572206F6620617267756D656EFF
:1032B0007473210D0A000000566572626F73653ADF
:1032C0002025730D0A000000496E76616C69642048
:1032D000617267756D656E742E20446576696365ED
:1032E000206E616D65206D757374206265203120DC
:1032F000746F202564206368617261637465727302
:10330000206C6F6E672E0D0A000000004465766920
:103310006365206E616D653A20272573270D0A00CD
:10332000257500004572726F723A20496E7075748F
:10333000206D7573742062652061206E756D626505
:1033400072210D0A000000004572726F723A20501F
:10335000696E206D75737420626520302D3939399E
:103360003939390D0A00000050696E3A202530368F
:10337000750D0A004272696768746E6573733A204E
:1033800025752E257525250D0A00000025752E258D
:10339000750000004572726F723A20496E76616C5A
:1033A000696420696E70757420666F726D61742136
:1033B0000D0A00004572726F723A204272696768A6
:1033C000746E657373207468726573686F6C6420C3
:1033D0006D75737420626520302E30252520746F42
:1033E000203130302E3025250D0A000042726967E9
:1033F00068746E657373207468726573686F6C644B
:103400003A2025752E257525250D0A004E6F20645E
:10341000657669636520626F6E646564210D0A00DC
:1034200020202020202020416464726573732020B6
:103430002020547970650D0A000000003078253096
:103440003278253032782530327825303278253080
:103450003278253032782020202000005075626CB0
:103460006963000052616E646F6D0000436C6561BA
:1034700072696E6720626F6E646564206465766948
:103480006365732E0D0A00005265736574696E677B
:1034900020636F6E66696720616E6420636C65618E
:1034A00072696E6720626F6E646564206465766918
:1034B0006365732E0D0A00001B5B316D1B5B33329D
:1034C0006D62736C3E1B5B306D0000001B5B440043
:1034D0001B5B43001B5B337E000000001B5B3F3225
:1034E000356C1B5B730000001B5B4B0025730000F9
:1034F0001B5B751B5B3F3235680000001B5B3F3276
:10350000356C1B5B440000001B5B731B5B4B0000B6
:103510001B5B324A1B6300001B5B316D1B5B33324C
:103520006D62736C3E1B5B306D2573000D0A257355
:10353000000000000D0A1B5B316D1B5B33326D62B6
:10354000736C3E1B5B306D25730000001B5B2520F8
:10355000754400001B5B75001B5B431B5B3F3235F2
:103560006800000076657273696F6E0068656C7044
:1035700000000000766572626F7365006E616D65B4
:103580000000000070696E00627269006272692D4D
:1035900074680000636F6E6669670000626F6E6436
:1035A00065640000626F6E6465642D636C656172B2
:1035B000000000007265736574000000746F700095
:1035C0002725732720756E6B6E6F776E20636F6D86
:1035D0006D616E642120506C656173652075736543
:1035E000202768656C70272E0D0A00001B5B316D6B
:1035F00000000000202539732000000020205275B3
:103600006E6E696E67202020000000002020526549
:103610006164792020202020000000002020426CDE
:103620006F636B656420202000000000202053752C
:103630007370656E6465642000000000202044659E
:103640006C65746564202020000000002020556E09
:103650006B6E6F776E202020000000002020252D4B
:10366000387520002020252D313075200000000005
:10367000202025752E257525250000001B5B306D4B
:103680000D0A1B5B4B000000205461736B204E61E0
:103690006D65202020537461746520202020202037
:1036A000205072696F7269747920202053746163AD
:1036B0006B2046726565202020435055205573616C
:1036C00067650D0A000000001B5B324A0000000025
:1036D0001B5B3F32356C1B5B4800000020274374A6
:1036E000726C202B20432720746F20717569742E13
:1036F000000000001B5B3F323568000044697370B6
:103700006C61792076657273696F6E20696E666F81
:10371000726D6174696F6E732E000000446973707E
:103720006C61792068656C702E00000052656164E0
:103730002F777269746520766572626F7365206D8C
:103740006F64652E203120746F20656E61626C6538
:103750002C2030202864656661756C742920746F94
:103760002064697361626C652E00000052656164BB
:103770002F777269746520646576696365206E6170
:103780006D65202864656661756C742069732027F7
:10379000426C6520536D617274204C6F636B2729F6
:1037A0002E000000526561642F77726974652050A5
:1037B000494E20636F6465202864656661756C748A
:1037C00020697320323135343236292E0000000052
:1037D0005265616420616D6269656E742062726910
:1037E0006768746E6573732E000000005265616433
:1037F0002F7772697465206461792F6E69676874C8
:10380000207468726573686F6C64202864656661F3
:10381000756C7420697320353025292E0000000056
:1038200053686F7720616C6C20636F6E6669677593
:10383000726174696F6E2E00446973706C617920D7
:10384000746865206C697374206F6620706169729A
:10385000656420646576696365732E0052656D6FDB
:10386000766520616C6C20706169726564206465A6
:10387000766963657320286F7220686F6C642074AA
:10388000686520626F6E6420627574746F6E206666
:103890006F72206D6F7265207468616E20332073C3
:1038A00065636F6E6473292E0000000052657365B6
:1038B0007420636F6E66696775726174696F6E20DC
:1038C000746F2064656661756C742E0053686F7741
:1038D000207461736B732073746174652E00000033
:1038E0004170703A205265626F6F74696E67202E66
:1038F0002E2E0D0A00000000000000008249030087
:1039000000004842426C6520536D617274204C6F18
:10391000636B0000700E0410780E0410800E04100B
:10392000040E0410680E0410B82B0610D02B0610DD
:10393000E42B0610FC2B0610142C06102C2C061061
:10394000482C06105C2C0610702C0610882C0610D3
:103950009C2C0610B82C0610D42C0610DC2C06105B
:10396000E42C0610F42C0610242D0610542D0610FD
:10397000802D0610882D0610902D0610982D06100B
:10398000A02D0610A82D0610B02D0610B82D06107B
:10399000C02D0610C82D0610DC2D0610F42D0610C3
:1039A000082E0610182E0610302E06103C2E06107B
:1039B000582E0610082E0610082E0610082E061087
:1039C0006C2E0610082E0610082E0610082E061063
:1039D000082E0610802E0610942E0610AC2E06100F
:1039E000082E0610082E0610C42E0610082E0610EB
:1039F000082E0610082E0610DC2E0610082E0610C3
:103A0000082E0610082E0610082E0610F02E06109E
:103A1000082E0610082E0610FC2E0610082E061082
:103A2000082E0610082E0610082E0610082E061066
:103A3000102F0610082E0610082E0610082E06104D
:103A4000082E0610082E0610082E0610082E061046
:103A5000202F0610082E0610082E0610082E06101D
:103A6000082E0610082E0610082E0610082E061026
:103A7000382F0610082E06104C2F0610082E0610A0
:103A80005C2F06107C2F06109C2F0610082E0610A7
:103A9000BC2F0610F8310610D42F0610E42F0610A4
:103AA000082E0610EC2F0610F42F0610003006101A
:103AB00008300610082E0610082E0610082E0610D4
:103AC000082E0610082E0610082E0610082E0610C6
:103AD00018300610082E0610082E0610082E0610A4
:103AE000082E0610082E0610082E0610082E0610A6
:103AF000082E061024300610383006104830061004
:103B0000583006106C300610783006108C300610D5
:103B1000A8300610B8300610C8300610DC30061089
:103B2000F43006100C310610082E0610082E061070
:103B3000082E0610082E0610082E0610082E061055
:103B4000082E0610082E0610082E0610082E061045
:103B500028310610082E0610082E0610082E061012
:103B6000082E0610082E0610082E0610082E061025
:103B7000082E0610082E0610082E0610082E061015
:103B8000082E0610082E0610082E0610082E061005
:103B9000082E0610082E061040310610503106106F
:103BA00064310610783106108C310610082E06108C
:103BB000082E0610082E0610082E0610082E0610D5
:103BC000082E0610082E0610082E0610082E0610C5
:103BD000082E0610082E0610082E0610082E0610B5
:103BE000082E0610082E0610082E0610082E0610A5
:103BF000082E0610082E0610082E0610082E061095
:103C0000082E0610082E0610082E0610082E061084
:103C1000082E0610082E0610082E0610082E061074
:103C2000082E0610082E0610082E0610082E061064
:103C3000082E0610082E0610082E0610082E061054
:103C4000082E0610082E0610082E0610082E061044
:103C5000082E0610082E0610082E0610082E061034
:103C6000082E0610082E0610082E0610082E061024
:103C7000082E0610082E0610082E0610082E061014
:103C8000082E0610082E0610082E0610082E061004
:103C9000082E0610082E0610082E0610082E0610F4
:103CA000082E0610082E0610082E0610082E0610E4
:103CB000082E0610082E0610082E0610082E0610D4
:103CC000082E0610082E0610082E0610082E0610C4
:103CD000082E0610082E0610082E0610082E0610B4
:103CE000082E0610082E0610082E0610082E0610A4
:103CF000082E0610082E0610082E0610082E061094
:103D0000082E0610082E0610082E0610082E061083
:103D1000082E0610082E0610082E0610082E061073
:103D2000082E0610082E0610082E0610082E061063
:103D3000082E0610082E0610082E0610082E061053
:103D4000082E0610082E0610082E0610082E061043
:103D50009C310610B8310610082E0610082E0610E9
:103D6000082E0610082E0610082E0610082E061023
:103D7000082E0610082E0610C4310610D831061081
:103D8000EC310610082E0610082E06100032061020
:103D900000F00710000400000004000000F8071005
:103DA000D82A0020A423000016000300A60001006A
:103DB000020E170044230020FFFFFFFF64000300F2
:103DC000480100007A2D0410222D0410E82B041065
:103DD000E02B04106A2D0410142C0410E02B0410A6
:103DE000E02B0410E02B0410E02B0410E02B041057
:103DF000E02B0410E02B0410E02B0410E02B041047
:103E0000E02B0410E02B0410E02B0410E02B041036
:103E1000F42B04103E3004102E3004103630041001
:103E2000BE2F04102630041064350610DD25041062
:103E3000FC3606106C350610F92504101C370610E8
:103E4000743506102D2604102C3706107C3506100C
:103E5000C92604106C370610843506104927041053
:103E6000A437061088350610B5270410D037061081
:103E70008C35061009280410EC370610943506100E
:103E8000E1290410203806109C350610F92804108A
:103E900038380610A43506109D2904105C38061029
:103EA000B4350610BD290410AC380610BC35061018
:103EB00025320410CC3806105A4104107A410410FF
:103EC00032410410FA4004102C410410F440041054
:103ED00086410410EE4004104E410410030000001F
:103EE000047A041088790410247B04100E7A0410DC
:103EF0006A7A0410CC7A04100E7A04100E7A041038
:103F000000202020202020202020282828282820A9
:103F100020202020202020202020202020202020A1
:103F20002088101010101010101010101010101009
:103F300010040404040404040404041010101010F9
:103F400010104141414141410101010101010101C3
:103F50000101010101010101010101011010101015
:103F60001010424242424242020202020202020295
:103F700002020202020202020202020210101010E9
:103F80002000000000000000000000000000000011
:103F90000000000000000000000000000000000021
:103FA0000000000000000000000000000000000011
:103FB0000000000000000000000000000000000001
:103FC00000000000000000000000000000000000F1
:103FD00000000000000000000000000000000000E1
:103FE00000000000000000000000000000000000D1
:103FF00000000000000000000000000000000000C1
:1040000000232D302B2000686C4C00656667454608
:104010004700303132333435363738394142434442
:1040200045460030313233343536373839616263D2
:1040300064656600412D46612D6638393031323372
:10404000343536375D002B2D0030300078580000B5
:10405000D1F71737D1F717B78071313F807131BF72
:104060000000003F000000BF000FC93F000F4940A3
:1040700000CB9640000FC9400053FB4000CB1641D7
:1040800000ED2F41000F49410031624100537B4157
:10409000003A8A4100CB9641005CA34100EDAF415C
:1040A000007EBC41000FC94100A0D5410031E24172
:1040B00000C2EE410053FB4100F20342003A0A42C3
:1040C0000083104200CB164200141D42005C2342C4
:1040D00000A5294200ED2F4200363642007E3C42C8
:1040E00000C74242000F4942A2000000F900000050
:1040F000830000006E0000004E000000440000003D
:104100001500000029000000FC000000270000004E
:1041100057000000D1000000F5000000340000004E
:10412000DD000000C0000000DB00000062000000B5
:1041300095000000990000003C00000043000000D2
:104140009000000041000000FE000000510000004F
:1041500063000000AB000000DE000000BB000000B8
:10416000C500000061000000B7000000240000004E
:104170006E0000003A000000420000004D00000008
:10418000D2000000E000000006000000490000002E
:104190002E000000EA00000009000000D10000002D
:1041A000920000001C000000FE0000001D00000046
:1041B000EB0000001C000000B1000000290000001E
:1041C000A70000003E000000E800000082000000A0
:1041D00035000000F50000002E000000BB000000CC
:1041E0004400000084000000E90000009C00000082
:1041F0007000000026000000B40000005F00000016
:104200007E00000041000000390000009100000025
:10421000D6000000390000008300000053000000B9
:1042200039000000F40000009C0000008400000041
:104230005F0000008B000000BD000000F9000000DE
:10424000280000003B0000001F000000F8000000F4
:1042500097000000FF000000DE00000005000000E5
:10426000980000000F000000EF0000002F00000089
:10427000110000008B0000005A0000000A0000003E
:104280006D0000001F0000006D00000036000000FF
:104290007E000000CF00000027000000CB000000DF
:1042A00009000000B70000004F00000046000000B9
:1042B0003F000000660000009E0000005F0000005C
:1042C000EA0000002D00000075000000270000003B
:1042D000BA000000C7000000EB000000E50000008D
:1042E000F10000007B0000003D000000070000001E
:1042F00039000000F70000008A00000052000000B2
:1043000092000000EA0000006B000000FB000000CB
:104310005F000000B10000001F0000008D000000E1
:104320005D000000080000005600000003000000CF
:104330003000000046000000FC0000007B00000090
:104340006B000000AB000000F0000000CF00000098
:10435000BC000000200000009A000000F4000000F3
:10436000360000001D000000A9000000E30000006E
:1043700091000000610000005E000000E600000007
:104380001B0000000800000065000000990000000C
:10439000850000005F00000014000000A000000085
:1043A00068000000400000008D000000FF000000D9
:1043B000D8000000800000004D00000073000000E5
:1043C0002700000031000000060000000600000089
:1043D0001500000056000000CA0000007300000035
:1043E000A8000000C900000060000000E20000001A
:1043F0007B000000C00000008C0000006B0000008B
:104400006042A20D0000803F0000C93F0000F0396B
:104410000000DA370000A2330000842E0000502B89
:104420000000C2270000D0220000C41F0000C61BED
:10443000000044170400000007000000090000000D
:104440000C0802170D01010209090101060209FF0A
:10445000FFFFFFFF0909FFFFFFFF000096C298D88A
:104460004539A1F4A033EB2D817D0377F240A4639D
:10447000E5E6BCF847422CE1F2D1176BF551BF37A6
:104480006840B6CBCE5E316B5733CE2B169E0F7C79
:104490004AEBE78E9B7F1AFEE242E34F0D020701D3
:1044A0009E0069004F003500200015000101020147
:1044B00002010002010002020201020101010101E8
:1044C00002000201006C888391AAF5A53860370BC1
:1044D000DB5A6083BEE69D350E480103CCDBFDF45C
:1044E000AC1191F4EFB9A5F9E9A7832C5E2CBE9726
:1044F000F2D203B0208BD28915D08E1C742430EDFB
:104500008FC24563765C15525ABF9A32636DEB2AAF
:1045100065499C80DCBD1A3CCDA6B8995899B74036
:10452000EB7B60FF4A503F10D2E3B3C974385FC5DC
:10453000A3D4F6493F000000E9E705100DE8051097
:1045400031E8051079E80510B5E9051055E80510C2
:10455000EDE80510DDE905108DE9051041E90510CC
:104560001DE90510E5E705103DEA0510BDE8051059
:1045700005EA051029E7051031EA051065EA05107E
:10458000DDE405101DE5051041E505105DE40510AD
:1045900089E505107DE4051099E4051061E5051035
:1045A0003DE40510F9E40510B9E405109DE7051098
:1045B000C1E7051069E7051051E7051017E7051079
:1045C000A5E50510ADE60510A1E2051009E305100B
:1045D000E5E20510A9E30510F5E305105DE305101C
:1045E000D1E3051081E3051019E4051031E305104E
:1045F000C5E2051021E6051049E6051089E605101B
:10460000F9E50510D1E5051005E7051071E605107F
:10461000DDE60510CDE60510F7E60510EDE6051020
:1046200069ED051029ED0510F1EA051017EB0510ED
:1046300031EB051069EB0510FDEB05104BEB051098
:104640008FEB051009EC0510E3EB0510BDEB051031
:104650009FEB0510FB349B5F800000800010000082
:1046600000000000637C777BF26B6FC53001672B25
:10467000FED7AB76CA82C97DFA5947F0ADD4A2AF56
:104680009CA472C0B7FD9326363FF7CC34A5E5F164
:1046900071D8311504C723C31896059A071280E212
:1046A000EB27B27509832C1A1B6E5AA0523BD6B366
:1046B00029E32F8453D100ED20FCB15B6ACBBE39D6
:1046C0004A4C58CFD0EFAAFB434D338545F9027FC2
:1046D000503C9FA851A3408F929D38F5BCB6DA217B
:1046E00010FFF3D2CD0C13EC5F974417C4A77E3DA7
:1046F000645D197360814FDC222A908846EEB814FD
:10470000DE5E0BDBE0323A0A4906245CC2D3AC62BF
:104710009195E479E7C8376D8DD54EA96C56F4EACA
:10472000657AAE08BA78252E1CA6B4C6E8DD741FDB
:104730004BBD8B8A703EB5664803F60E613557B99E
:1047400086C11D9EE1F8981169D98E949B1E87E958
:10475000CE5528DF8CA1890DBFE6426841992D0F07
:10476000B054BB160000000100000002000000046D
:1047700000000008000000100000002000000040C1
:0C478000000000800000001B000000365C
:04478C00F8B5C04676
:04479000F8B5C04672
:08479400E03BFE7F0100000084
:10479C0000000000000000000000041000000000F9
:1047AC0000000000000000000000000000000000FD
:0C47BC00000000000000000000000000F1
:1047C80000000000000000000000000000000000E1
:1047D80000000000000000000000000000000000D1
:1047E80000000000000000008D3A0510252005108B
:1047F800D12A05108D3A05108D3A05108D3A05100D
:10480800253A0510ED3905100000000000000000F1
:1048180000000000000000001F020000000000006F
:104828000000000000000000000000000000000080
:104838000000000000000000000000000000000070
:104848000000000000000000000000000000000060
:104858000000000000000000000000000000000050
:104868000000000000000000000000000000000040
:104878000000000000000000000000000000000030
:104888000000000000000000000000000000000020
:104898000000000000000000000000000000000010
:1048A8000000000000000000000000000000000000
:1048B80000000000000000000000000000000000F0
:1048C80000000000000000000000000000000000E0
:1048D80000000000000000000000000000000000D0
:1048E80000000000000000000000000000000000C0
:1048F80000000000000000000000000000000000B0
:10490800000000000000000000000000000000009F
:10491800000000000000000000000000000000008F
:10492800000000000000000000000000000000007F
:10493800000000000000000000000000000000006F
:10494800000000000000000000000000000000005F
:10495800000000000000000000000000000000004F
:10496800000000000000000000000000000000003F
:10497800000000000000000000000000000000002F
:10498800000000000000000000000000000000001F
:10499800000000000000000000000000000000000F
:1049A80000000000000000000000000000000000FF
:1049B80000000000000000000000000000000000EF
:1049C80000000000000000000000000000000000DF
:1049D80000000000000000000000000000000000CF
:1049E80000000000000000000000000000000000BF
:1049F80000000000000000000000000000000000AF
:104A0800000000000000000000000000000000009E
:104A1800000000000000000000000000000000008E
:104A2800000000000000000000000000000000007E
:104A3800000000000000000000000000000000006E
:104A4800000000000000000000000000000000005E
:104A5800000000000000000000000000000000004E
:104A6800000000000000000000000000000000003E
:104A7800000000000000000000000000000000002E
:104A8800000000000000000000000000000000001E
:104A9800000000000000000000000000000000000E
:104AA80000000000000000000000000000000000FE
:104AB80000000000000000000000000000000000EE
:104AC80000000000000000000000000000000000DE
:104AD80000000000000000000000000000000000CE
:104AE80000000000000000000000000000000000BE
:104AF80000000000000000000000000000000000AE
:104B0800000000000000000000000000000000009D
:104B1800000000000000000000000000000000008D
:104B2800000000000000000000000000000000007D
:104B3800000000000000000000000000000000006D
:104B4800000000000000000000000000000000005D
:104B5800000000000000000000000000000000004D
:104B6800000000000000000000000000000000003D
:104B7800000000000000000000000000000000002D
:104B8800000000000000000000000000000000001D
:104B9800000000000000000000000000000000000D
:104BA80000000000000000000000000000000000FD
:104BB80000000000000000000000000000000000ED
:104BC80000000000000000000000000000000000DD
:104BD80000000000000000000000000000000000CD
:104BE80000000000000000000000000000000000BD
:104BF80000000000000000000000000000000000AD
:104C0800000000000000000000000000000000009C
:104C1800000000000000000000000000000000008C
:104C2800000000000000000000000000000000007C
:104C3800000000000000000000000000000000006C
:104C4800000000000000000000000000000000005C
:104C5800000000000000000000000000000000004C
:104C6800000000000000000000000000000000003C
:104C7800000000000000000000000000000000002C
:104C8800000000000000000000000000000000001C
:104C9800000000000000000000000000000000000C
:104CA80000000000000000000000000000000000FC
:104CB80000000000000000000000000000000000EC
:104CC80000000000000000000000000000000000DC
:104CD80000000000000000000000000000000000CC
:104CE80000000000000000000000000000000000BC
:104CF80000000000000000000000000000000000AC
:104D0800000000000000000000000000000000009B
:104D1800000000000000000000000000000000008B
:104D2800000000000000000000000000000000007B
:104D3800000000000000000000000000000000006B
:104D4800000000000000000000000000000000005B
:104D5800000000000000000000000000000000004B
:104D6800000000000000000000000000000000003B
:104D7800000000000000000000000000000000002B
:104D8800000000000000000001010000AAAAAAAA71
:104D98008C2A00200000000070230020D823002067
:104DA8004024002000000000000000000000000077
:104DB80000000000000000000000000000000000EB
:104DC80000000000000000000000000000000000DB
:104DD80000000000000000000000000000000000CB
:0400000510047DB9AD
:00000001FF
